portable	UNKNOWN STEP	﻿2026-10-01T08:01:10.3022567Z Current runner version: '2.337.0'
portable	UNKNOWN STEP	2026-10-01T08:01:10.3039232Z ##[group]Runner Image Provisioner
portable	UNKNOWN STEP	2026-10-01T08:01:10.3039761Z Hosted Compute Agent
portable	UNKNOWN STEP	2026-10-01T08:01:10.3040209Z Version: 20260901.588
portable	UNKNOWN STEP	2026-10-01T08:01:10.3040645Z Commit: f88ec8081b781fac6c440065ac7ff9e710ce3d0b
portable	UNKNOWN STEP	2026-10-01T08:01:10.3041098Z Build Date: 2026-09-01T19:56:44Z
portable	UNKNOWN STEP	2026-10-01T08:01:10.3041515Z Worker ID: {ae9ed60a-3fff-4878-9eb0-1743dd30cd63}
portable	UNKNOWN STEP	2026-10-01T08:01:10.3041945Z Azure Region: centralus
portable	UNKNOWN STEP	2026-10-01T08:01:10.3042343Z ##[endgroup]
portable	UNKNOWN STEP	2026-10-01T08:01:10.3043229Z ##[group]Operating System
portable	UNKNOWN STEP	2026-10-01T08:01:10.3043578Z Ubuntu
portable	UNKNOWN STEP	2026-10-01T08:01:10.3044049Z 24.04.5
portable	UNKNOWN STEP	2026-10-01T08:01:10.3044358Z LTS
portable	UNKNOWN STEP	2026-10-01T08:01:10.3044690Z ##[endgroup]
portable	UNKNOWN STEP	2026-10-01T08:01:10.3045091Z ##[group]Runner Image
portable	UNKNOWN STEP	2026-10-01T08:01:10.3045438Z Image: ubuntu-24.04
portable	UNKNOWN STEP	2026-10-01T08:01:10.3045823Z Version: 20260927.320.1
portable	UNKNOWN STEP	2026-10-01T08:01:10.3046600Z Included Software: https://github.com/actions/runner-images/blob/ubuntu24/20260927.320/images/ubuntu/Ubuntu2404-Readme.md
portable	UNKNOWN STEP	2026-10-01T08:01:10.3047542Z Image Release: https://github.com/actions/runner-images/releases/tag/ubuntu24%2F20260927.320
portable	UNKNOWN STEP	2026-10-01T08:01:10.3048090Z ##[endgroup]
portable	UNKNOWN STEP	2026-10-01T08:01:10.3048770Z ##[group]GITHUB_TOKEN Permissions
portable	UNKNOWN STEP	2026-10-01T08:01:10.3049891Z Contents: read
portable	UNKNOWN STEP	2026-10-01T08:01:10.3050327Z Metadata: read
portable	UNKNOWN STEP	2026-10-01T08:01:10.3050662Z ##[endgroup]
portable	UNKNOWN STEP	2026-10-01T08:01:10.3051923Z Secret source: Actions
portable	UNKNOWN STEP	2026-10-01T08:01:10.3052486Z Cache mode: write
portable	UNKNOWN STEP	2026-10-01T08:01:10.3052919Z Prepare workflow directory
portable	UNKNOWN STEP	2026-10-01T08:01:10.3251038Z Prepare all required actions
portable	UNKNOWN STEP	2026-10-01T08:01:10.3284202Z Getting action download info
portable	UNKNOWN STEP	2026-10-01T08:01:10.5581198Z Download action repository 'actions/checkout@v5' (SHA:fbc6f3992d24b796d5a048ff273f7fcc4a7b6c09)
portable	UNKNOWN STEP	2026-10-01T08:01:10.6484963Z Download action repository 'dtolnay/rust-toolchain@stable' (SHA:6bed0761d98439e5a578e2877258200ad565ba87)
portable	UNKNOWN STEP	2026-10-01T08:01:10.8878881Z Complete job name: portable
portable	UNKNOWN STEP	2026-10-01T08:01:10.9351012Z ##[group]Run actions/checkout@v5
portable	UNKNOWN STEP	2026-10-01T08:01:10.9351430Z with:
portable	UNKNOWN STEP	2026-10-01T08:01:10.9351669Z   repository: eddix/gpui-rhai
portable	UNKNOWN STEP	2026-10-01T08:01:10.9353783Z   token: ***
portable	UNKNOWN STEP	2026-10-01T08:01:10.9354139Z   ssh-strict: true
portable	UNKNOWN STEP	2026-10-01T08:01:10.9354372Z   ssh-user: git
portable	UNKNOWN STEP	2026-10-01T08:01:10.9354614Z   persist-credentials: true
portable	UNKNOWN STEP	2026-10-01T08:01:10.9354876Z   clean: true
portable	UNKNOWN STEP	2026-10-01T08:01:10.9355115Z   sparse-checkout-cone-mode: true
portable	UNKNOWN STEP	2026-10-01T08:01:10.9355394Z   fetch-depth: 1
portable	UNKNOWN STEP	2026-10-01T08:01:10.9355630Z   fetch-tags: false
portable	UNKNOWN STEP	2026-10-01T08:01:10.9355868Z   show-progress: true
portable	UNKNOWN STEP	2026-10-01T08:01:10.9356110Z   lfs: false
portable	UNKNOWN STEP	2026-10-01T08:01:10.9356332Z   submodules: false
portable	UNKNOWN STEP	2026-10-01T08:01:10.9356576Z   set-safe-directory: true
portable	UNKNOWN STEP	2026-10-01T08:01:10.9356849Z   allow-unsafe-pr-checkout: false
portable	UNKNOWN STEP	2026-10-01T08:01:10.9357199Z ##[endgroup]
portable	UNKNOWN STEP	2026-10-01T08:01:10.9998136Z Syncing repository: eddix/gpui-rhai
portable	UNKNOWN STEP	2026-10-01T08:01:10.9999241Z ##[group]Getting Git version info
portable	UNKNOWN STEP	2026-10-01T08:01:10.9999704Z Working directory is '/home/runner/work/gpui-rhai/gpui-rhai'
portable	UNKNOWN STEP	2026-10-01T08:01:11.0000271Z [command]/usr/bin/git version
portable	UNKNOWN STEP	2026-10-01T08:01:11.0072161Z git version 2.55.0
portable	UNKNOWN STEP	2026-10-01T08:01:11.0090776Z ##[endgroup]
portable	UNKNOWN STEP	2026-10-01T08:01:11.0095827Z Temporarily overriding HOME='/home/runner/work/_temp/af08237f-fcbe-4f93-bf0c-7d40590ae6f0' before making global git config changes
portable	UNKNOWN STEP	2026-10-01T08:01:11.0097390Z Adding repository directory to the temporary git global config as a safe directory
portable	UNKNOWN STEP	2026-10-01T08:01:11.0099575Z [command]/usr/bin/git config --global --add safe.directory /home/runner/work/gpui-rhai/gpui-rhai
portable	UNKNOWN STEP	2026-10-01T08:01:11.0144467Z Deleting the contents of '/home/runner/work/gpui-rhai/gpui-rhai'
portable	UNKNOWN STEP	2026-10-01T08:01:11.0148482Z ##[group]Initializing the repository
portable	UNKNOWN STEP	2026-10-01T08:01:11.0149107Z [command]/usr/bin/git init /home/runner/work/gpui-rhai/gpui-rhai
portable	UNKNOWN STEP	2026-10-01T08:01:11.0253393Z hint: Using 'master' as the name for the initial branch. This default branch name
portable	UNKNOWN STEP	2026-10-01T08:01:11.0254553Z hint: will change to "main" in Git 3.0. To configure the initial branch name
portable	UNKNOWN STEP	2026-10-01T08:01:11.0255198Z hint: to use in all of your new repositories, which will suppress this warning,
portable	UNKNOWN STEP	2026-10-01T08:01:11.0256074Z hint: call:
portable	UNKNOWN STEP	2026-10-01T08:01:11.0256420Z hint:
portable	UNKNOWN STEP	2026-10-01T08:01:11.0256853Z hint: 	git config --global init.defaultBranch <name>
portable	UNKNOWN STEP	2026-10-01T08:01:11.0257393Z hint:
portable	UNKNOWN STEP	2026-10-01T08:01:11.0257881Z hint: Names commonly chosen instead of 'master' are 'main', 'trunk' and
portable	UNKNOWN STEP	2026-10-01T08:01:11.0258681Z hint: 'development'. The just-created branch can be renamed via this command:
portable	UNKNOWN STEP	2026-10-01T08:01:11.0259337Z hint:
portable	UNKNOWN STEP	2026-10-01T08:01:11.0259701Z hint: 	git branch -m <name>
portable	UNKNOWN STEP	2026-10-01T08:01:11.0260104Z hint:
portable	UNKNOWN STEP	2026-10-01T08:01:11.0260629Z hint: Disable this message with "git config set advice.defaultBranchName false"
portable	UNKNOWN STEP	2026-10-01T08:01:11.0261509Z Initialized empty Git repository in /home/runner/work/gpui-rhai/gpui-rhai/.git/
portable	UNKNOWN STEP	2026-10-01T08:01:11.0266846Z [command]/usr/bin/git remote add origin https://github.com/eddix/gpui-rhai
portable	UNKNOWN STEP	2026-10-01T08:01:11.0310065Z ##[endgroup]
portable	UNKNOWN STEP	2026-10-01T08:01:11.0310784Z ##[group]Disabling automatic garbage collection
portable	UNKNOWN STEP	2026-10-01T08:01:11.0312916Z [command]/usr/bin/git config --local gc.auto 0
portable	UNKNOWN STEP	2026-10-01T08:01:11.0340986Z ##[endgroup]
portable	UNKNOWN STEP	2026-10-01T08:01:11.0341766Z ##[group]Setting up auth
portable	UNKNOWN STEP	2026-10-01T08:01:11.0346626Z [command]/usr/bin/git config --local --name-only --get-regexp core\.sshCommand
portable	UNKNOWN STEP	2026-10-01T08:01:11.0376966Z [command]/usr/bin/git submodule foreach --recursive sh -c "git config --local --name-only --get-regexp 'core\.sshCommand' && git config --local --unset-all 'core.sshCommand' || :"
portable	UNKNOWN STEP	2026-10-01T08:01:11.0675096Z [command]/usr/bin/git config --local --name-only --get-regexp http\.https\:\/\/github\.com\/\.extraheader
portable	UNKNOWN STEP	2026-10-01T08:01:11.0703359Z [command]/usr/bin/git submodule foreach --recursive sh -c "git config --local --name-only --get-regexp 'http\.https\:\/\/github\.com\/\.extraheader' && git config --local --unset-all 'http.https://github.com/.extraheader' || :"
portable	UNKNOWN STEP	2026-10-01T08:01:11.1602375Z [command]/usr/bin/git config --local --name-only --get-regexp ^includeIf\.gitdir:
portable	UNKNOWN STEP	2026-10-01T08:01:11.1604380Z [command]/usr/bin/git submodule foreach --recursive git config --local --show-origin --name-only --get-regexp remote.origin.url
portable	UNKNOWN STEP	2026-10-01T08:01:11.1664043Z [command]/usr/bin/git config --local http.https://github.com/.extraheader AUTHORIZATION: basic ***
portable	UNKNOWN STEP	2026-10-01T08:01:11.2110500Z ##[endgroup]
portable	UNKNOWN STEP	2026-10-01T08:01:11.2118166Z ##[group]Fetching the repository
portable	UNKNOWN STEP	2026-10-01T08:01:11.2119305Z [command]/usr/bin/git -c protocol.version=2 fetch --no-tags --prune --no-recurse-submodules --depth=1 origin +e134fb9bd964fe2e773108f04a3b9792291a385f:refs/remotes/pull/97/merge
portable	UNKNOWN STEP	2026-10-01T08:01:12.4544963Z From https://github.com/eddix/gpui-rhai
portable	UNKNOWN STEP	2026-10-01T08:01:12.4546112Z  * [new ref]         e134fb9bd964fe2e773108f04a3b9792291a385f -> pull/97/merge
portable	UNKNOWN STEP	2026-10-01T08:01:12.4548842Z ##[endgroup]
portable	UNKNOWN STEP	2026-10-01T08:01:12.4549502Z ##[group]Determining the checkout info
portable	UNKNOWN STEP	2026-10-01T08:01:12.4550675Z ##[endgroup]
portable	UNKNOWN STEP	2026-10-01T08:01:12.4555841Z [command]/usr/bin/git sparse-checkout disable
portable	UNKNOWN STEP	2026-10-01T08:01:12.4703188Z [command]/usr/bin/git config --local --unset-all extensions.worktreeConfig
portable	UNKNOWN STEP	2026-10-01T08:01:12.4797134Z ##[group]Checking out the ref
portable	UNKNOWN STEP	2026-10-01T08:01:12.4798209Z [command]/usr/bin/git checkout --progress --force refs/remotes/pull/97/merge
portable	UNKNOWN STEP	2026-10-01T08:01:12.5984253Z Note: switching to 'refs/remotes/pull/97/merge'.
portable	UNKNOWN STEP	2026-10-01T08:01:12.5984924Z 
portable	UNKNOWN STEP	2026-10-01T08:01:12.5985351Z You are in 'detached HEAD' state. You can look around, make experimental
portable	UNKNOWN STEP	2026-10-01T08:01:12.5986404Z changes and commit them, and you can discard any commits you make in this
portable	UNKNOWN STEP	2026-10-01T08:01:12.5987476Z state without impacting any branches by switching back to a branch.
portable	UNKNOWN STEP	2026-10-01T08:01:12.5988124Z 
portable	UNKNOWN STEP	2026-10-01T08:01:12.5988550Z If you want to create a new branch to retain commits you create, you may
portable	UNKNOWN STEP	2026-10-01T08:01:12.5989511Z do so (now or later) by using -c with the switch command. Example:
portable	UNKNOWN STEP	2026-10-01T08:01:12.5990078Z 
portable	UNKNOWN STEP	2026-10-01T08:01:12.5990350Z   git switch -c <new-branch-name>
portable	UNKNOWN STEP	2026-10-01T08:01:12.5990739Z 
portable	UNKNOWN STEP	2026-10-01T08:01:12.5990962Z Or undo this operation with:
portable	UNKNOWN STEP	2026-10-01T08:01:12.5991540Z 
portable	UNKNOWN STEP	2026-10-01T08:01:12.5991733Z   git switch -
portable	UNKNOWN STEP	2026-10-01T08:01:12.5992037Z 
portable	UNKNOWN STEP	2026-10-01T08:01:12.5992550Z Turn off this advice by setting config variable advice.detachedHead to false
portable	UNKNOWN STEP	2026-10-01T08:01:12.5993264Z 
portable	UNKNOWN STEP	2026-10-01T08:01:12.5994136Z HEAD is now at e134fb9 Merge 31df838797767811ee29fa2385ec17a298bdf53d into 815bb82b8103c88ef6ba50620128780c9d64b216
portable	UNKNOWN STEP	2026-10-01T08:01:12.6009268Z ##[endgroup]
portable	UNKNOWN STEP	2026-10-01T08:01:12.6049085Z [command]/usr/bin/git log -1 --format=%H
portable	UNKNOWN STEP	2026-10-01T08:01:12.6070662Z e134fb9bd964fe2e773108f04a3b9792291a385f
portable	UNKNOWN STEP	2026-10-01T08:01:12.6465535Z ##[group]Run dtolnay/rust-toolchain@stable
portable	UNKNOWN STEP	2026-10-01T08:01:12.6466197Z with:
portable	UNKNOWN STEP	2026-10-01T08:01:12.6466676Z   toolchain: 1.95.0
portable	UNKNOWN STEP	2026-10-01T08:01:12.6467210Z   components: clippy,rustfmt
portable	UNKNOWN STEP	2026-10-01T08:01:12.6467782Z ##[endgroup]
portable	UNKNOWN STEP	2026-10-01T08:01:12.6521975Z ##[start-action display=Parse toolchain version;id=__dtolnay_rust-toolchain.parse]
portable	UNKNOWN STEP	2026-10-01T08:01:12.6570886Z ##[group]Run if [[ -z $toolchain ]]; then
portable	UNKNOWN STEP	2026-10-01T08:01:12.6571653Z ^[[36;1mif [[ -z $toolchain ]]; then^[[0m
portable	UNKNOWN STEP	2026-10-01T08:01:12.6572698Z ^[[36;1m  # GitHub does not enforce `required: true` inputs itself. https://github.com/actions/runner/issues/1070^[[0m
portable	UNKNOWN STEP	2026-10-01T08:01:12.6573791Z ^[[36;1m  echo "'toolchain' is a required input" >&2^[[0m
portable	UNKNOWN STEP	2026-10-01T08:01:12.6574608Z ^[[36;1m  exit 1^[[0m
portable	UNKNOWN STEP	2026-10-01T08:01:12.6575308Z ^[[36;1melif [[ $toolchain =~ ^stable' '[0-9]+' '(year|month|week|day)s?' 'ago$ ]]; then^[[0m
portable	UNKNOWN STEP	2026-10-01T08:01:12.6576156Z ^[[36;1m  if [[ Linux == macOS ]]; then^[[0m
portable	UNKNOWN STEP	2026-10-01T08:01:12.6577235Z ^[[36;1m    echo "toolchain=1.$((($(date -v-$(sed 's/stable \([0-9]*\) \(.\).*/\1\2/' <<< $toolchain) +%s)/60/60/24-16569)/7/6))" >> $GITHUB_OUTPUT^[[0m
portable	UNKNOWN STEP	2026-10-01T08:01:12.6578271Z ^[[36;1m  else^[[0m
portable	UNKNOWN STEP	2026-10-01T08:01:12.6579090Z ^[[36;1m    echo "toolchain=1.$((($(date --date "${toolchain#stable }" +%s)/60/60/24-16569)/7/6))" >> $GITHUB_OUTPUT^[[0m
portable	UNKNOWN STEP	2026-10-01T08:01:12.6580024Z ^[[36;1m  fi^[[0m
portable	UNKNOWN STEP	2026-10-01T08:01:12.6580656Z ^[[36;1melif [[ $toolchain =~ ^stable' 'minus' '[0-9]+' 'releases?$ ]]; then^[[0m
portable	UNKNOWN STEP	2026-10-01T08:01:12.6581721Z ^[[36;1m  echo "toolchain=1.$((($(date +%s)/60/60/24-16569)/7/6-${toolchain//[^0-9]/}))" >> $GITHUB_OUTPUT^[[0m
portable	UNKNOWN STEP	2026-10-01T08:01:12.6582668Z ^[[36;1melif [[ $toolchain =~ ^1\.[0-9]+$ ]]; then^[[0m
portable	UNKNOWN STEP	2026-10-01T08:01:12.6583736Z ^[[36;1m  echo "toolchain=1.$((i=${toolchain#1.}, c=($(date +%s)/60/60/24-16569)/7/6, i+9*i*(10*i<=c)+90*i*(100*i<=c)))" >> $GITHUB_OUTPUT^[[0m
portable	UNKNOWN STEP	2026-10-01T08:01:12.6584854Z ^[[36;1melse^[[0m
portable	UNKNOWN STEP	2026-10-01T08:01:12.6585394Z ^[[36;1m  echo "toolchain=$toolchain" >> $GITHUB_OUTPUT^[[0m
portable	UNKNOWN STEP	2026-10-01T08:01:12.6586061Z ^[[36;1mfi^[[0m
portable	UNKNOWN STEP	2026-10-01T08:01:12.6886930Z shell: /usr/bin/bash --noprofile --norc -e -o pipefail {0}
portable	UNKNOWN STEP	2026-10-01T08:01:12.6887648Z env:
portable	UNKNOWN STEP	2026-10-01T08:01:12.6888083Z   toolchain: 1.95.0
portable	UNKNOWN STEP	2026-10-01T08:01:12.6888551Z ##[endgroup]
portable	UNKNOWN STEP	2026-10-01T08:01:12.7028721Z ##[end-action id=__dtolnay_rust-toolchain.parse;outcome=success;conclusion=success;duration_ms=50]
portable	UNKNOWN STEP	2026-10-01T08:01:12.7038290Z ##[start-action display=Construct rustup command line;id=__dtolnay_rust-toolchain.flags]
portable	UNKNOWN STEP	2026-10-01T08:01:12.7070495Z ##[group]Run echo "targets=$(for t in ${targets//,/ }; do echo -n ' --target' $t; done)" >> $GITHUB_OUTPUT
portable	UNKNOWN STEP	2026-10-01T08:01:12.7071739Z ^[[36;1mecho "targets=$(for t in ${targets//,/ }; do echo -n ' --target' $t; done)" >> $GITHUB_OUTPUT^[[0m
portable	UNKNOWN STEP	2026-10-01T08:01:12.7072993Z ^[[36;1mecho "components=$(for c in ${components//,/ }; do echo -n ' --component' $c; done)" >> $GITHUB_OUTPUT^[[0m
portable	UNKNOWN STEP	2026-10-01T08:01:12.7074109Z ^[[36;1mecho "downgrade=" >> $GITHUB_OUTPUT^[[0m
portable	UNKNOWN STEP	2026-10-01T08:01:12.7121690Z shell: /usr/bin/bash --noprofile --norc -e -o pipefail {0}
portable	UNKNOWN STEP	2026-10-01T08:01:12.7122352Z env:
portable	UNKNOWN STEP	2026-10-01T08:01:12.7122745Z   targets: 
portable	UNKNOWN STEP	2026-10-01T08:01:12.7123180Z   components: clippy,rustfmt
portable	UNKNOWN STEP	2026-10-01T08:01:12.7123677Z ##[endgroup]
portable	UNKNOWN STEP	2026-10-01T08:01:12.7212198Z ##[end-action id=__dtolnay_rust-toolchain.flags;outcome=success;conclusion=success;duration_ms=17]
portable	UNKNOWN STEP	2026-10-01T08:01:12.7216810Z ##[start-action display=Set $CARGO_HOME;id=__dtolnay_rust-toolchain.__run]
portable	UNKNOWN STEP	2026-10-01T08:01:12.7504245Z ##[group]Run echo CARGO_HOME=${CARGO_HOME:-"$HOME/.cargo"} >> $GITHUB_ENV
portable	UNKNOWN STEP	2026-10-01T08:01:12.7505196Z ^[[36;1mecho CARGO_HOME=${CARGO_HOME:-"$HOME/.cargo"} >> $GITHUB_ENV^[[0m
portable	UNKNOWN STEP	2026-10-01T08:01:12.7551650Z shell: /usr/bin/bash --noprofile --norc -e -o pipefail {0}
portable	UNKNOWN STEP	2026-10-01T08:01:12.7552338Z ##[endgroup]
portable	UNKNOWN STEP	2026-10-01T08:01:12.7709931Z ##[end-action id=__dtolnay_rust-toolchain.__run;outcome=success;conclusion=success;duration_ms=49]
portable	UNKNOWN STEP	2026-10-01T08:01:12.7713542Z ##[start-action display=Install rustup if needed;id=__dtolnay_rust-toolchain.__run_2]
portable	UNKNOWN STEP	2026-10-01T08:01:12.7744293Z ##[group]Run if ! command -v rustup &>/dev/null; then
portable	UNKNOWN STEP	2026-10-01T08:01:12.7745015Z ^[[36;1mif ! command -v rustup &>/dev/null; then^[[0m
portable	UNKNOWN STEP	2026-10-01T08:01:12.7746436Z ^[[36;1m  curl --proto '=https' --tlsv1.2 --retry 10 --retry-connrefused --location --silent --show-error --fail https://sh.rustup.rs | sh -s -- --default-toolchain none -y^[[0m
portable	UNKNOWN STEP	2026-10-01T08:01:12.7747841Z ^[[36;1m  echo "$CARGO_HOME/bin" >> $GITHUB_PATH^[[0m
portable	UNKNOWN STEP	2026-10-01T08:01:12.7748525Z ^[[36;1mfi^[[0m
portable	UNKNOWN STEP	2026-10-01T08:01:12.7794360Z shell: /usr/bin/bash --noprofile --norc -e -o pipefail {0}
portable	UNKNOWN STEP	2026-10-01T08:01:12.7795019Z env:
portable	UNKNOWN STEP	2026-10-01T08:01:12.7795448Z   CARGO_HOME: /home/runner/.cargo
portable	UNKNOWN STEP	2026-10-01T08:01:12.7795971Z ##[endgroup]
portable	UNKNOWN STEP	2026-10-01T08:01:12.8319617Z ##[end-action id=__dtolnay_rust-toolchain.__run_2;outcome=success;conclusion=success;duration_ms=60]
portable	UNKNOWN STEP	2026-10-01T08:01:12.8323096Z ##[start-action display=Install rustup if needed on windows;id=__dtolnay_rust-toolchain.__run_3]
portable	UNKNOWN STEP	2026-10-01T08:01:12.8330783Z ##[end-action id=__dtolnay_rust-toolchain.__run_3;outcome=skipped;conclusion=skipped;duration_ms=0]
portable	UNKNOWN STEP	2026-10-01T08:01:12.8339759Z ##[start-action display=rustup toolchain install 1.95.0;id=__dtolnay_rust-toolchain.__run_4]
portable	UNKNOWN STEP	2026-10-01T08:01:12.8609729Z ##[group]Run rustup toolchain install 1.95.0 --component clippy --component rustfmt --profile minimal --no-self-update
portable	UNKNOWN STEP	2026-10-01T08:01:12.8611180Z ^[[36;1mrustup toolchain install 1.95.0 --component clippy --component rustfmt --profile minimal --no-self-update^[[0m
portable	UNKNOWN STEP	2026-10-01T08:01:12.8657164Z shell: /usr/bin/bash --noprofile --norc -e -o pipefail {0}
portable	UNKNOWN STEP	2026-10-01T08:01:12.8657803Z env:
portable	UNKNOWN STEP	2026-10-01T08:01:12.8658206Z   CARGO_HOME: /home/runner/.cargo
portable	UNKNOWN STEP	2026-10-01T08:01:12.8658736Z   RUSTUP_PERMIT_COPY_RENAME: 1
portable	UNKNOWN STEP	2026-10-01T08:01:12.8659221Z ##[endgroup]
portable	UNKNOWN STEP	2026-10-01T08:01:13.0481567Z info: syncing channel updates for 1.95.0-x86_64-unknown-linux-gnu
portable	UNKNOWN STEP	2026-10-01T08:01:13.4404187Z info: latest update on 2026-04-16 for version 1.95.0 (59807616e 2026-04-14)
portable	UNKNOWN STEP	2026-10-01T08:01:20.1963414Z info: downloading 5 components
portable	UNKNOWN STEP	2026-10-01T08:01:20.1963740Z 
portable	UNKNOWN STEP	2026-10-01T08:01:20.2023600Z   1.95.0-x86_64-unknown-linux-gnu installed - rustc 1.95.0 (59807616e 2026-04-14)
portable	UNKNOWN STEP	2026-10-01T08:01:20.2024116Z 
portable	UNKNOWN STEP	2026-10-01T08:01:20.2084172Z ##[end-action id=__dtolnay_rust-toolchain.__run_4;outcome=success;conclusion=success;duration_ms=7374]
portable	UNKNOWN STEP	2026-10-01T08:01:20.2090917Z ##[start-action display=rustup default 1.95.0;id=__dtolnay_rust-toolchain.__run_5]
portable	UNKNOWN STEP	2026-10-01T08:01:20.2133496Z ##[group]Run rustup default 1.95.0
portable	UNKNOWN STEP	2026-10-01T08:01:20.2133711Z ^[[36;1mrustup default 1.95.0^[[0m
portable	UNKNOWN STEP	2026-10-01T08:01:20.2189858Z shell: /usr/bin/bash --noprofile --norc -e -o pipefail {0}
portable	UNKNOWN STEP	2026-10-01T08:01:20.2190079Z env:
portable	UNKNOWN STEP	2026-10-01T08:01:20.2190227Z   CARGO_HOME: /home/runner/.cargo
portable	UNKNOWN STEP	2026-10-01T08:01:20.2190399Z ##[endgroup]
portable	UNKNOWN STEP	2026-10-01T08:01:20.2289851Z info: using existing install for 1.95.0-x86_64-unknown-linux-gnu
portable	UNKNOWN STEP	2026-10-01T08:01:20.2296045Z info: default toolchain set to 1.95.0-x86_64-unknown-linux-gnu
portable	UNKNOWN STEP	2026-10-01T08:01:20.2296307Z 
portable	UNKNOWN STEP	2026-10-01T08:01:20.2352111Z   1.95.0-x86_64-unknown-linux-gnu unchanged - rustc 1.95.0 (59807616e 2026-04-14)
portable	UNKNOWN STEP	2026-10-01T08:01:20.2352367Z 
portable	UNKNOWN STEP	2026-10-01T08:01:20.2353081Z info: note that the toolchain '1.95.0-x86_64-unknown-linux-gnu' is currently in use (overridden by '/home/runner/work/gpui-rhai/gpui-rhai/rust-toolchain.toml')
portable	UNKNOWN STEP	2026-10-01T08:01:20.2366643Z ##[end-action id=__dtolnay_rust-toolchain.__run_5;outcome=success;conclusion=success;duration_ms=27]
portable	UNKNOWN STEP	2026-10-01T08:01:20.2368674Z ##[start-action display=Create cachekey;id=__dtolnay_rust-toolchain.rustc-version]
portable	UNKNOWN STEP	2026-10-01T08:01:20.2389031Z ##[group]Run DATE=$(rustc +1.95.0 --version --verbose | sed -ne 's/^commit-date: \(20[0-9][0-9]\)-\([01][0-9]\)-\([0-3][0-9]\)$/\1\2\3/p')
portable	UNKNOWN STEP	2026-10-01T08:01:20.2389519Z ^[[36;1mDATE=$(rustc +1.95.0 --version --verbose | sed -ne 's/^commit-date: \(20[0-9][0-9]\)-\([01][0-9]\)-\([0-3][0-9]\)$/\1\2\3/p')^[[0m
portable	UNKNOWN STEP	2026-10-01T08:01:20.2389916Z ^[[36;1mHASH=$(rustc +1.95.0 --version --verbose | sed -ne 's/^commit-hash: //p')^[[0m
portable	UNKNOWN STEP	2026-10-01T08:01:20.2390351Z ^[[36;1mecho "cachekey=$(echo $DATE$HASH | head -c12)" >> $GITHUB_OUTPUT^[[0m
portable	UNKNOWN STEP	2026-10-01T08:01:20.2439608Z shell: /usr/bin/bash --noprofile --norc -e -o pipefail {0}
portable	UNKNOWN STEP	2026-10-01T08:01:20.2439825Z env:
portable	UNKNOWN STEP	2026-10-01T08:01:20.2439978Z   CARGO_HOME: /home/runner/.cargo
portable	UNKNOWN STEP	2026-10-01T08:01:20.2440154Z ##[endgroup]
portable	UNKNOWN STEP	2026-10-01T08:01:20.2712284Z ##[end-action id=__dtolnay_rust-toolchain.rustc-version;outcome=success;conclusion=success;duration_ms=34]
portable	UNKNOWN STEP	2026-10-01T08:01:20.2714705Z ##[start-action display=Disable incremental compilation;id=__dtolnay_rust-toolchain.__run_6]
portable	UNKNOWN STEP	2026-10-01T08:01:20.2754961Z ##[group]Run if [ -z "${CARGO_INCREMENTAL+set}" ]; then
portable	UNKNOWN STEP	2026-10-01T08:01:20.2755225Z ^[[36;1mif [ -z "${CARGO_INCREMENTAL+set}" ]; then^[[0m
portable	UNKNOWN STEP	2026-10-01T08:01:20.2755446Z ^[[36;1m  echo CARGO_INCREMENTAL=0 >> $GITHUB_ENV^[[0m
portable	UNKNOWN STEP	2026-10-01T08:01:20.2755637Z ^[[36;1mfi^[[0m
portable	UNKNOWN STEP	2026-10-01T08:01:20.2811872Z shell: /usr/bin/bash --noprofile --norc -e -o pipefail {0}
portable	UNKNOWN STEP	2026-10-01T08:01:20.2812089Z env:
portable	UNKNOWN STEP	2026-10-01T08:01:20.2812249Z   CARGO_HOME: /home/runner/.cargo
portable	UNKNOWN STEP	2026-10-01T08:01:20.2812422Z ##[endgroup]
portable	UNKNOWN STEP	2026-10-01T08:01:20.2884612Z ##[end-action id=__dtolnay_rust-toolchain.__run_6;outcome=success;conclusion=success;duration_ms=16]
portable	UNKNOWN STEP	2026-10-01T08:01:20.2886779Z ##[start-action display=Enable colors in Cargo output;id=__dtolnay_rust-toolchain.__run_7]
portable	UNKNOWN STEP	2026-10-01T08:01:20.2910078Z ##[group]Run if [ -z "${CARGO_TERM_COLOR+set}" ]; then
portable	UNKNOWN STEP	2026-10-01T08:01:20.2910321Z ^[[36;1mif [ -z "${CARGO_TERM_COLOR+set}" ]; then^[[0m
portable	UNKNOWN STEP	2026-10-01T08:01:20.2910545Z ^[[36;1m  echo CARGO_TERM_COLOR=always >> $GITHUB_ENV^[[0m
portable	UNKNOWN STEP	2026-10-01T08:01:20.2910738Z ^[[36;1mfi^[[0m
portable	UNKNOWN STEP	2026-10-01T08:01:20.2962832Z shell: /usr/bin/bash --noprofile --norc -e -o pipefail {0}
portable	UNKNOWN STEP	2026-10-01T08:01:20.2963052Z env:
portable	UNKNOWN STEP	2026-10-01T08:01:20.2963197Z   CARGO_HOME: /home/runner/.cargo
portable	UNKNOWN STEP	2026-10-01T08:01:20.2963374Z   CARGO_INCREMENTAL: 0
portable	UNKNOWN STEP	2026-10-01T08:01:20.2963525Z ##[endgroup]
portable	UNKNOWN STEP	2026-10-01T08:01:20.3032880Z ##[end-action id=__dtolnay_rust-toolchain.__run_7;outcome=success;conclusion=success;duration_ms=14]
portable	UNKNOWN STEP	2026-10-01T08:01:20.3034589Z ##[start-action display=Enable Cargo sparse registry;id=__dtolnay_rust-toolchain.__run_8]
portable	UNKNOWN STEP	2026-10-01T08:01:20.3053839Z ##[group]Run # implemented in 1.66, stabilized in 1.68, made default in 1.70
portable	UNKNOWN STEP	2026-10-01T08:01:20.3054245Z ^[[36;1m# implemented in 1.66, stabilized in 1.68, made default in 1.70^[[0m
portable	UNKNOWN STEP	2026-10-01T08:01:20.3054661Z ^[[36;1mif [ -z "${CARGO_REGISTRIES_CRATES_IO_PROTOCOL+set}" -o -f "/home/runner/work/_temp"/.implicit_cargo_registries_crates_io_protocol ]; then^[[0m
portable	UNKNOWN STEP	2026-10-01T08:01:20.3055096Z ^[[36;1m  if rustc +1.95.0 --version --verbose | grep -q '^release: 1\.6[89]\.'; then^[[0m
portable	UNKNOWN STEP	2026-10-01T08:01:20.3055441Z ^[[36;1m    touch "/home/runner/work/_temp"/.implicit_cargo_registries_crates_io_protocol || true^[[0m
portable	UNKNOWN STEP	2026-10-01T08:01:20.3055766Z ^[[36;1m    echo CARGO_REGISTRIES_CRATES_IO_PROTOCOL=sparse >> $GITHUB_ENV^[[0m
portable	UNKNOWN STEP	2026-10-01T08:01:20.3056067Z ^[[36;1m  elif rustc +1.95.0 --version --verbose | grep -q '^release: 1\.6[67]\.'; then^[[0m
portable	UNKNOWN STEP	2026-10-01T08:01:20.3056406Z ^[[36;1m    touch "/home/runner/work/_temp"/.implicit_cargo_registries_crates_io_protocol || true^[[0m
portable	UNKNOWN STEP	2026-10-01T08:01:20.3056716Z ^[[36;1m    echo CARGO_REGISTRIES_CRATES_IO_PROTOCOL=git >> $GITHUB_ENV^[[0m
portable	UNKNOWN STEP	2026-10-01T08:01:20.3056938Z ^[[36;1m  fi^[[0m
portable	UNKNOWN STEP	2026-10-01T08:01:20.3057078Z ^[[36;1mfi^[[0m
portable	UNKNOWN STEP	2026-10-01T08:01:20.3105966Z shell: /usr/bin/bash --noprofile --norc -e -o pipefail {0}
portable	UNKNOWN STEP	2026-10-01T08:01:20.3106182Z env:
portable	UNKNOWN STEP	2026-10-01T08:01:20.3106329Z   CARGO_HOME: /home/runner/.cargo
portable	UNKNOWN STEP	2026-10-01T08:01:20.3106630Z   CARGO_INCREMENTAL: 0
portable	UNKNOWN STEP	2026-10-01T08:01:20.3106787Z   CARGO_TERM_COLOR: always
portable	UNKNOWN STEP	2026-10-01T08:01:20.3106947Z ##[endgroup]
portable	UNKNOWN STEP	2026-10-01T08:01:20.3447209Z ##[end-action id=__dtolnay_rust-toolchain.__run_8;outcome=success;conclusion=success;duration_ms=41]
portable	UNKNOWN STEP	2026-10-01T08:01:20.3449449Z ##[start-action display=Work around spurious network errors in curl 8.0;id=__dtolnay_rust-toolchain.__run_9]
portable	UNKNOWN STEP	2026-10-01T08:01:20.3501475Z ##[group]Run # https://rust-lang.zulipchat.com/#narrow/stream/246057-t-cargo/topic/timeout.20investigation
portable	UNKNOWN STEP	2026-10-01T08:01:20.3502124Z ^[[36;1m# https://rust-lang.zulipchat.com/#narrow/stream/246057-t-cargo/topic/timeout.20investigation^[[0m
portable	UNKNOWN STEP	2026-10-01T08:01:20.3502497Z ^[[36;1mif rustc +1.95.0 --version --verbose | grep -q '^release: 1\.7[01]\.'; then^[[0m
portable	UNKNOWN STEP	2026-10-01T08:01:20.3502780Z ^[[36;1m  echo CARGO_HTTP_MULTIPLEXING=false >> $GITHUB_ENV^[[0m
portable	UNKNOWN STEP	2026-10-01T08:01:20.3502987Z ^[[36;1mfi^[[0m
portable	UNKNOWN STEP	2026-10-01T08:01:20.3561523Z shell: /usr/bin/bash --noprofile --norc -e -o pipefail {0}
portable	UNKNOWN STEP	2026-10-01T08:01:20.3561749Z env:
portable	UNKNOWN STEP	2026-10-01T08:01:20.3561915Z   CARGO_HOME: /home/runner/.cargo
portable	UNKNOWN STEP	2026-10-01T08:01:20.3562092Z   CARGO_INCREMENTAL: 0
portable	UNKNOWN STEP	2026-10-01T08:01:20.3562250Z   CARGO_TERM_COLOR: always
portable	UNKNOWN STEP	2026-10-01T08:01:20.3562409Z ##[endgroup]
portable	UNKNOWN STEP	2026-10-01T08:01:20.4332642Z ##[end-action id=__dtolnay_rust-toolchain.__run_9;outcome=success;conclusion=success;duration_ms=88]
portable	UNKNOWN STEP	2026-10-01T08:01:20.4338651Z ##[start-action display=rustc +1.95.0 --version --verbose;id=__dtolnay_rust-toolchain.__run_10]
portable	UNKNOWN STEP	2026-10-01T08:01:20.4383329Z ##[group]Run rustc +1.95.0 --version --verbose
portable	UNKNOWN STEP	2026-10-01T08:01:20.4383684Z ^[[36;1mrustc +1.95.0 --version --verbose^[[0m
portable	UNKNOWN STEP	2026-10-01T08:01:20.4458323Z shell: /usr/bin/bash --noprofile --norc -e -o pipefail {0}
portable	UNKNOWN STEP	2026-10-01T08:01:20.4458639Z env:
portable	UNKNOWN STEP	2026-10-01T08:01:20.4458826Z   CARGO_HOME: /home/runner/.cargo
portable	UNKNOWN STEP	2026-10-01T08:01:20.4459112Z   CARGO_INCREMENTAL: 0
portable	UNKNOWN STEP	2026-10-01T08:01:20.4459329Z   CARGO_TERM_COLOR: always
portable	UNKNOWN STEP	2026-10-01T08:01:20.4460489Z ##[endgroup]
portable	UNKNOWN STEP	2026-10-01T08:01:20.5219001Z rustc 1.95.0 (59807616e 2026-04-14)
portable	UNKNOWN STEP	2026-10-01T08:01:20.5219440Z binary: rustc
portable	UNKNOWN STEP	2026-10-01T08:01:20.5219725Z commit-hash: 59807616e1fa2540724bfbac14d7976d7e4a3860
portable	UNKNOWN STEP	2026-10-01T08:01:20.5220030Z commit-date: 2026-04-14
portable	UNKNOWN STEP	2026-10-01T08:01:20.5220201Z host: x86_64-unknown-linux-gnu
portable	UNKNOWN STEP	2026-10-01T08:01:20.5220435Z release: 1.95.0
portable	UNKNOWN STEP	2026-10-01T08:01:20.5220813Z LLVM version: 22.1.2
portable	UNKNOWN STEP	2026-10-01T08:01:20.5232807Z ##[end-action id=__dtolnay_rust-toolchain.__run_10;outcome=success;conclusion=success;duration_ms=89]
portable	UNKNOWN STEP	2026-10-01T08:01:20.5272791Z ##[group]Run sudo apt-get update
portable	UNKNOWN STEP	2026-10-01T08:01:20.5272990Z ^[[36;1msudo apt-get update^[[0m
portable	UNKNOWN STEP	2026-10-01T08:01:20.5273179Z ^[[36;1msudo apt-get install --yes --no-install-recommends \^[[0m
portable	UNKNOWN STEP	2026-10-01T08:01:20.5273377Z ^[[36;1m  libxcb1-dev \^[[0m
portable	UNKNOWN STEP	2026-10-01T08:01:20.5273518Z ^[[36;1m  libfontconfig1-dev \^[[0m
portable	UNKNOWN STEP	2026-10-01T08:01:20.5273666Z ^[[36;1m  libvulkan1 \^[[0m
portable	UNKNOWN STEP	2026-10-01T08:01:20.5273799Z ^[[36;1m  libwayland-dev \^[[0m
portable	UNKNOWN STEP	2026-10-01T08:01:20.5274128Z ^[[36;1m  libx11-xcb-dev \^[[0m
portable	UNKNOWN STEP	2026-10-01T08:01:20.5274280Z ^[[36;1m  libxkbcommon-dev \^[[0m
portable	UNKNOWN STEP	2026-10-01T08:01:20.5274425Z ^[[36;1m  libxkbcommon-x11-dev \^[[0m
portable	UNKNOWN STEP	2026-10-01T08:01:20.5274583Z ^[[36;1m  mesa-vulkan-drivers \^[[0m
portable	UNKNOWN STEP	2026-10-01T08:01:20.5274730Z ^[[36;1m  weston \^[[0m
portable	UNKNOWN STEP	2026-10-01T08:01:20.5274850Z ^[[36;1m  xvfb^[[0m
portable	UNKNOWN STEP	2026-10-01T08:01:20.5324381Z shell: /usr/bin/bash -e {0}
portable	UNKNOWN STEP	2026-10-01T08:01:20.5324529Z env:
portable	UNKNOWN STEP	2026-10-01T08:01:20.5324652Z   CARGO_HOME: /home/runner/.cargo
portable	UNKNOWN STEP	2026-10-01T08:01:20.5324798Z   CARGO_INCREMENTAL: 0
portable	UNKNOWN STEP	2026-10-01T08:01:20.5324953Z   CARGO_TERM_COLOR: always
portable	UNKNOWN STEP	2026-10-01T08:01:20.5325086Z ##[endgroup]
portable	UNKNOWN STEP	2026-10-01T08:01:20.6014700Z Get:1 file:/etc/apt/apt-mirrors.txt Mirrorlist [144 B]
portable	UNKNOWN STEP	2026-10-01T08:01:20.6336469Z Get:6 https://packages.microsoft.com/ubuntu/24.04/prod noble InRelease [3600 B]
portable	UNKNOWN STEP	2026-10-01T08:01:20.6405427Z Hit:2 http://azure.archive.ubuntu.com/ubuntu noble InRelease
portable	UNKNOWN STEP	2026-10-01T08:01:20.6436604Z Get:3 http://azure.archive.ubuntu.com/ubuntu noble-updates InRelease [126 kB]
portable	UNKNOWN STEP	2026-10-01T08:01:20.6464640Z Get:4 http://azure.archive.ubuntu.com/ubuntu noble-backports InRelease [126 kB]
portable	UNKNOWN STEP	2026-10-01T08:01:20.6514653Z Get:5 http://azure.archive.ubuntu.com/ubuntu noble-security InRelease [126 kB]
portable	UNKNOWN STEP	2026-10-01T08:01:20.6869256Z Get:7 https://packages.microsoft.com/ubuntu/24.04/prod noble/main amd64 Packages [509 kB]
portable	UNKNOWN STEP	2026-10-01T08:01:20.7027007Z Get:8 https://packages.microsoft.com/ubuntu/24.04/prod noble/main arm64 Packages [456 kB]
portable	UNKNOWN STEP	2026-10-01T08:01:20.7664791Z Get:9 http://azure.archive.ubuntu.com/ubuntu noble-updates/main amd64 Packages [1342 kB]
portable	UNKNOWN STEP	2026-10-01T08:01:20.7715098Z Get:10 http://azure.archive.ubuntu.com/ubuntu noble-updates/main Translation-en [302 kB]
portable	UNKNOWN STEP	2026-10-01T08:01:20.7742904Z Get:11 http://azure.archive.ubuntu.com/ubuntu noble-updates/main amd64 Components [181 kB]
portable	UNKNOWN STEP	2026-10-01T08:01:20.7748073Z Get:12 http://azure.archive.ubuntu.com/ubuntu noble-updates/universe amd64 Packages [1699 kB]
portable	UNKNOWN STEP	2026-10-01T08:01:20.7844647Z Get:13 http://azure.archive.ubuntu.com/ubuntu noble-updates/universe Translation-en [341 kB]
portable	UNKNOWN STEP	2026-10-01T08:01:20.7895463Z Get:14 http://azure.archive.ubuntu.com/ubuntu noble-updates/universe amd64 Components [388 kB]
portable	UNKNOWN STEP	2026-10-01T08:01:20.7923160Z Get:15 http://azure.archive.ubuntu.com/ubuntu noble-updates/restricted amd64 Packages [1697 kB]
portable	UNKNOWN STEP	2026-10-01T08:01:20.7988279Z Get:16 http://azure.archive.ubuntu.com/ubuntu noble-updates/restricted Translation-en [388 kB]
portable	UNKNOWN STEP	2026-10-01T08:01:20.8424876Z Get:17 http://azure.archive.ubuntu.com/ubuntu noble-updates/multiverse amd64 Components [940 B]
portable	UNKNOWN STEP	2026-10-01T08:01:20.8425773Z Get:18 http://azure.archive.ubuntu.com/ubuntu noble-backports/main amd64 Components [5760 B]
portable	UNKNOWN STEP	2026-10-01T08:01:20.8843572Z Get:19 http://azure.archive.ubuntu.com/ubuntu noble-backports/universe amd64 Components [12.6 kB]
portable	UNKNOWN STEP	2026-10-01T08:01:20.9425872Z Get:20 http://azure.archive.ubuntu.com/ubuntu noble-security/main amd64 Packages [1066 kB]
portable	UNKNOWN STEP	2026-10-01T08:01:21.0119690Z Get:21 http://azure.archive.ubuntu.com/ubuntu noble-security/main Translation-en [220 kB]
portable	UNKNOWN STEP	2026-10-01T08:01:21.0922115Z Get:22 http://azure.archive.ubuntu.com/ubuntu noble-security/main amd64 Components [46.4 kB]
portable	UNKNOWN STEP	2026-10-01T08:01:21.1466247Z Get:23 http://azure.archive.ubuntu.com/ubuntu noble-security/universe amd64 Packages [1216 kB]
portable	UNKNOWN STEP	2026-10-01T08:01:21.1840098Z Get:24 http://azure.archive.ubuntu.com/ubuntu noble-security/universe Translation-en [244 kB]
portable	UNKNOWN STEP	2026-10-01T08:01:21.1850510Z Get:25 http://azure.archive.ubuntu.com/ubuntu noble-security/universe amd64 Components [76.3 kB]
portable	UNKNOWN STEP	2026-10-01T08:01:21.1880133Z Get:26 http://azure.archive.ubuntu.com/ubuntu noble-security/restricted amd64 Packages [1566 kB]
portable	UNKNOWN STEP	2026-10-01T08:01:21.1936398Z Get:27 http://azure.archive.ubuntu.com/ubuntu noble-security/restricted Translation-en [361 kB]
portable	UNKNOWN STEP	2026-10-01T08:01:27.0748807Z Fetched 12.5 MB in 1s (12.0 MB/s)
portable	UNKNOWN STEP	2026-10-01T08:01:27.5530904Z Reading package lists...
portable	UNKNOWN STEP	2026-10-01T08:01:27.5769593Z Reading package lists...
portable	UNKNOWN STEP	2026-10-01T08:01:27.7005141Z Building dependency tree...
portable	UNKNOWN STEP	2026-10-01T08:01:27.7010488Z Reading state information...
portable	UNKNOWN STEP	2026-10-01T08:01:27.8068190Z libvulkan1 is already the newest version (1.3.275.0-1build1).
portable	UNKNOWN STEP	2026-10-01T08:01:27.8068717Z libvulkan1 set to manually installed.
portable	UNKNOWN STEP	2026-10-01T08:01:27.8068996Z xvfb is already the newest version (2:21.1.12-1ubuntu1.8).
portable	UNKNOWN STEP	2026-10-01T08:01:27.8069250Z The following additional packages will be installed:
portable	UNKNOWN STEP	2026-10-01T08:01:27.8069489Z   libaml0t64 libass9 libasyncns0 libavcodec60 libavfilter9 libavformat60
portable	UNKNOWN STEP	2026-10-01T08:01:27.8069752Z   libavutil58 libblas3 libbluray2 libbrotli-dev libbs2b0 libbz2-dev
portable	UNKNOWN STEP	2026-10-01T08:01:27.8070014Z   libchromaprint1 libcjson1 libcodec2-1.2 libdav1d7 libegl-mesa0 libegl1
portable	UNKNOWN STEP	2026-10-01T08:01:27.8070271Z   libflac12t64 libflite1 libfontconfig-dev libfreerdp-server2-2t64
portable	UNKNOWN STEP	2026-10-01T08:01:27.8070520Z   libfreerdp2-2t64 libfreetype-dev libgbm1 libgl1-mesa-dri libgles2
portable	UNKNOWN STEP	2026-10-01T08:01:27.8070775Z   libglx-mesa0 libgme0 libgsm1 libgstreamer-plugins-base1.0-0 libhwy1t64
portable	UNKNOWN STEP	2026-10-01T08:01:27.8071047Z   libinput-bin libinput10 libjxl0.7 liblapack3 liblilv-0-0 libmbedcrypto7t64
portable	UNKNOWN STEP	2026-10-01T08:01:27.8071433Z   libmp3lame0 libmpg123-0t64 libmtdev1t64 libmysofa1 libneatvnc0
portable	UNKNOWN STEP	2026-10-01T08:01:27.8071950Z   libopenmpt0t64 libopus0 liborc-0.4-0t64 libpipewire-0.3-0t64 libplacebo338
portable	UNKNOWN STEP	2026-10-01T08:01:27.8072233Z   libpng-dev libpocketsphinx3 libpostproc57 libpthread-stubs0-dev libpulse0
portable	UNKNOWN STEP	2026-10-01T08:01:27.8072504Z   librav1e0 librist4 librsvg2-2 librubberband2 libsamplerate0 libseat1
portable	UNKNOWN STEP	2026-10-01T08:01:27.8072762Z   libserd-0-0 libshine3 libsndfile1 libsord-0-0 libsoxr0 libspa-0.2-modules
portable	UNKNOWN STEP	2026-10-01T08:01:27.8073071Z   libspeex1 libsphinxbase3t64 libsratom-0-0 libsrt1.5-gnutls libssh-gcrypt-4
portable	UNKNOWN STEP	2026-10-01T08:01:27.8073333Z   libsvtav1enc1d1 libswresample4 libswscale7 libtheora0 libturbojpeg
portable	UNKNOWN STEP	2026-10-01T08:01:27.8073599Z   libtwolame0 libudfread0 libunibreak5 libva-drm2 libva-x11-2 libva2 libvdpau1
portable	UNKNOWN STEP	2026-10-01T08:01:27.8073865Z   libvidstab1.1 libvorbisenc2 libvpl2 libvpx9 libwacom-common libwacom9
portable	UNKNOWN STEP	2026-10-01T08:01:27.8074266Z   libwayland-bin libwayland-server0 libwebrtc-audio-processing1 libweston-13-0
portable	UNKNOWN STEP	2026-10-01T08:01:27.8074530Z   libwinpr2-2t64 libx11-dev libx264-164 libx265-199 libxau-dev
portable	UNKNOWN STEP	2026-10-01T08:01:27.8074785Z   libxcb-composite0 libxcb-xkb-dev libxcb-xkb1 libxdmcp-dev libxkbcommon-x11-0
portable	UNKNOWN STEP	2026-10-01T08:01:27.8075068Z   libxvidcore4 libzimg2 libzix-0-0 libzvbi-common libzvbi0t64 mesa-libgallium
portable	UNKNOWN STEP	2026-10-01T08:01:27.8075341Z   ocl-icd-libopencl1 uuid-dev x11proto-dev xorg-sgml-doctools xtrans-dev
portable	UNKNOWN STEP	2026-10-01T08:01:27.8075552Z Suggested packages:
portable	UNKNOWN STEP	2026-10-01T08:01:27.8075728Z   libcuda1 libnvcuvid1 libnvidia-encode1 libbluray-bdj freerdp2-x11
portable	UNKNOWN STEP	2026-10-01T08:01:27.8076016Z   freetype2-doc libvisual-0.4-plugins opus-tools pipewire pulseaudio
portable	UNKNOWN STEP	2026-10-01T08:01:27.8076269Z   librsvg2-bin serdi sordi speex libwacom-bin libwayland-doc libx11-doc
portable	UNKNOWN STEP	2026-10-01T08:01:27.8076489Z   libxcb-doc opencl-icd wayland-utils
portable	UNKNOWN STEP	2026-10-01T08:01:27.8076641Z Recommended packages:
portable	UNKNOWN STEP	2026-10-01T08:01:27.8076824Z   libaacs0 bzip2-doc gstreamer1.0-plugins-base libpipewire-0.3-common
portable	UNKNOWN STEP	2026-10-01T08:01:27.8077095Z   libpng-tools pocketsphinx-en-us librsvg2-common va-driver-all | va-driver
portable	UNKNOWN STEP	2026-10-01T08:01:27.8077322Z   vdpau-driver-all | vdpau-driver
portable	UNKNOWN STEP	2026-10-01T08:01:27.8425356Z The following NEW packages will be installed:
portable	UNKNOWN STEP	2026-10-01T08:01:27.8425742Z   libaml0t64 libass9 libasyncns0 libavcodec60 libavfilter9 libavformat60
portable	UNKNOWN STEP	2026-10-01T08:01:27.8426137Z   libavutil58 libblas3 libbluray2 libbrotli-dev libbs2b0 libbz2-dev
portable	UNKNOWN STEP	2026-10-01T08:01:27.8426559Z   libchromaprint1 libcjson1 libcodec2-1.2 libdav1d7 libegl-mesa0 libegl1
portable	UNKNOWN STEP	2026-10-01T08:01:27.8427228Z   libflac12t64 libflite1 libfontconfig-dev libfontconfig1-dev
portable	UNKNOWN STEP	2026-10-01T08:01:27.8427513Z   libfreerdp-server2-2t64 libfreerdp2-2t64 libfreetype-dev libgles2 libgme0
portable	UNKNOWN STEP	2026-10-01T08:01:27.8427906Z   libgsm1 libgstreamer-plugins-base1.0-0 libhwy1t64 libinput-bin libinput10
portable	UNKNOWN STEP	2026-10-01T08:01:27.8428303Z   libjxl0.7 liblapack3 liblilv-0-0 libmbedcrypto7t64 libmp3lame0
portable	UNKNOWN STEP	2026-10-01T08:01:27.8428641Z   libmpg123-0t64 libmtdev1t64 libmysofa1 libneatvnc0 libopenmpt0t64 libopus0
portable	UNKNOWN STEP	2026-10-01T08:01:27.8428902Z   liborc-0.4-0t64 libpipewire-0.3-0t64 libplacebo338 libpng-dev
portable	UNKNOWN STEP	2026-10-01T08:01:27.8429165Z   libpocketsphinx3 libpostproc57 libpthread-stubs0-dev libpulse0 librav1e0
portable	UNKNOWN STEP	2026-10-01T08:01:27.8429442Z   librist4 librsvg2-2 librubberband2 libsamplerate0 libseat1 libserd-0-0
portable	UNKNOWN STEP	2026-10-01T08:01:27.8429704Z   libshine3 libsndfile1 libsord-0-0 libsoxr0 libspa-0.2-modules libspeex1
portable	UNKNOWN STEP	2026-10-01T08:01:27.8429989Z   libsphinxbase3t64 libsratom-0-0 libsrt1.5-gnutls libssh-gcrypt-4
portable	UNKNOWN STEP	2026-10-01T08:01:27.8430384Z   libsvtav1enc1d1 libswresample4 libswscale7 libtheora0 libturbojpeg
portable	UNKNOWN STEP	2026-10-01T08:01:27.8430795Z   libtwolame0 libudfread0 libunibreak5 libva-drm2 libva-x11-2 libva2 libvdpau1
portable	UNKNOWN STEP	2026-10-01T08:01:27.8431066Z   libvidstab1.1 libvorbisenc2 libvpl2 libvpx9 libwacom-common libwacom9
portable	UNKNOWN STEP	2026-10-01T08:01:27.8431340Z   libwayland-bin libwayland-dev libwayland-server0 libwebrtc-audio-processing1
portable	UNKNOWN STEP	2026-10-01T08:01:27.8431610Z   libweston-13-0 libwinpr2-2t64 libx11-dev libx11-xcb-dev libx264-164
portable	UNKNOWN STEP	2026-10-01T08:01:27.8431862Z   libx265-199 libxau-dev libxcb-composite0 libxcb-xkb-dev libxcb-xkb1
portable	UNKNOWN STEP	2026-10-01T08:01:27.8432227Z   libxcb1-dev libxdmcp-dev libxkbcommon-dev libxkbcommon-x11-0
portable	UNKNOWN STEP	2026-10-01T08:01:27.8432512Z   libxkbcommon-x11-dev libxvidcore4 libzimg2 libzix-0-0 libzvbi-common
portable	UNKNOWN STEP	2026-10-01T08:01:27.8432901Z   libzvbi0t64 mesa-vulkan-drivers ocl-icd-libopencl1 uuid-dev weston
portable	UNKNOWN STEP	2026-10-01T08:01:27.8433232Z   x11proto-dev xorg-sgml-doctools xtrans-dev
portable	UNKNOWN STEP	2026-10-01T08:01:27.8433415Z The following packages will be upgraded:
portable	UNKNOWN STEP	2026-10-01T08:01:27.8433602Z   libgbm1 libgl1-mesa-dri libglx-mesa0 mesa-libgallium
portable	UNKNOWN STEP	2026-10-01T08:01:27.8667954Z 4 upgraded, 117 newly installed, 0 to remove and 19 not upgraded.
portable	UNKNOWN STEP	2026-10-01T08:01:27.8668300Z Need to get 95.7 MB of archives.
portable	UNKNOWN STEP	2026-10-01T08:01:27.8668587Z After this operation, 295 MB of additional disk space will be used.
portable	UNKNOWN STEP	2026-10-01T08:01:27.8668921Z Get:1 file:/etc/apt/apt-mirrors.txt Mirrorlist [144 B]
portable	UNKNOWN STEP	2026-10-01T08:01:27.9145959Z Get:2 http://azure.archive.ubuntu.com/ubuntu noble/universe amd64 libaml0t64 amd64 0.3.0-1.1build1 [11.6 kB]
portable	UNKNOWN STEP	2026-10-01T08:01:27.9727403Z Get:3 http://azure.archive.ubuntu.com/ubuntu noble/universe amd64 libunibreak5 amd64 5.1-2build1 [25.0 kB]
portable	UNKNOWN STEP	2026-10-01T08:01:28.0321637Z Get:4 http://azure.archive.ubuntu.com/ubuntu noble/universe amd64 libass9 amd64 1:0.17.1-2build1 [104 kB]
portable	UNKNOWN STEP	2026-10-01T08:01:28.0623789Z Get:5 http://azure.archive.ubuntu.com/ubuntu noble/main amd64 libasyncns0 amd64 0.8-6build4 [11.3 kB]
portable	UNKNOWN STEP	2026-10-01T08:01:28.0927396Z Get:6 http://azure.archive.ubuntu.com/ubuntu noble-updates/universe amd64 libva2 amd64 2.20.0-2ubuntu0.2 [66.4 kB]
portable	UNKNOWN STEP	2026-10-01T08:01:28.1328455Z Get:7 http://azure.archive.ubuntu.com/ubuntu noble-updates/universe amd64 libva-drm2 amd64 2.20.0-2ubuntu0.2 [7124 B]
portable	UNKNOWN STEP	2026-10-01T08:01:28.1724782Z Get:8 http://azure.archive.ubuntu.com/ubuntu noble-updates/universe amd64 libva-x11-2 amd64 2.20.0-2ubuntu0.2 [12.0 kB]
portable	UNKNOWN STEP	2026-10-01T08:01:28.2485911Z Get:9 http://azure.archive.ubuntu.com/ubuntu noble/main amd64 libvdpau1 amd64 1.5-2build1 [27.8 kB]
portable	UNKNOWN STEP	2026-10-01T08:01:28.3360637Z Get:10 http://azure.archive.ubuntu.com/ubuntu noble/universe amd64 libvpl2 amd64 2023.3.0-1build1 [99.8 kB]
portable	UNKNOWN STEP	2026-10-01T08:01:28.3978355Z Get:11 http://azure.archive.ubuntu.com/ubuntu noble/universe amd64 ocl-icd-libopencl1 amd64 2.3.2-1build1 [38.5 kB]
portable	UNKNOWN STEP	2026-10-01T08:01:28.4988962Z Get:12 http://azure.archive.ubuntu.com/ubuntu noble/universe amd64 libavutil58 amd64 7:6.1.1-3ubuntu5 [401 kB]
portable	UNKNOWN STEP	2026-10-01T08:01:28.6163700Z Get:13 http://azure.archive.ubuntu.com/ubuntu noble/universe amd64 libcodec2-1.2 amd64 1.2.0-2build1 [8998 kB]
portable	UNKNOWN STEP	2026-10-01T08:01:28.7366283Z Get:14 http://azure.archive.ubuntu.com/ubuntu noble/universe amd64 libdav1d7 amd64 1.4.1-1build1 [604 kB]
portable	UNKNOWN STEP	2026-10-01T08:01:28.8556958Z Get:15 http://azure.archive.ubuntu.com/ubuntu noble/universe amd64 libgsm1 amd64 1.0.22-1build1 [27.8 kB]
portable	UNKNOWN STEP	2026-10-01T08:01:28.9759294Z Get:16 http://azure.archive.ubuntu.com/ubuntu noble/universe amd64 libhwy1t64 amd64 1.0.7-8.1build1 [584 kB]
portable	UNKNOWN STEP	2026-10-01T08:01:29.0967178Z Get:17 http://azure.archive.ubuntu.com/ubuntu noble-updates/universe amd64 libjxl0.7 amd64 0.7.0-10.2ubuntu6.1 [1001 kB]
portable	UNKNOWN STEP	2026-10-01T08:01:29.2063303Z Get:18 http://azure.archive.ubuntu.com/ubuntu noble/main amd64 libmp3lame0 amd64 3.100-6build1 [142 kB]
portable	UNKNOWN STEP	2026-10-01T08:01:29.3256789Z Get:19 http://azure.archive.ubuntu.com/ubuntu noble/main amd64 libopus0 amd64 1.4-1build1 [208 kB]
portable	UNKNOWN STEP	2026-10-01T08:01:29.4455456Z Get:20 http://azure.archive.ubuntu.com/ubuntu noble/universe amd64 librav1e0 amd64 0.7.1-2 [1022 kB]
portable	UNKNOWN STEP	2026-10-01T08:01:29.5278385Z Get:21 http://azure.archive.ubuntu.com/ubuntu noble/main amd64 librsvg2-2 amd64 2.58.0+dfsg-1build1 [2135 kB]
portable	UNKNOWN STEP	2026-10-01T08:01:29.5793384Z Get:22 http://azure.archive.ubuntu.com/ubuntu noble/universe amd64 libshine3 amd64 3.1.1-2build1 [23.2 kB]
portable	UNKNOWN STEP	2026-10-01T08:01:29.6105325Z Get:23 http://azure.archive.ubuntu.com/ubuntu noble-updates/main amd64 libspeex1 amd64 1.2.1-2ubuntu2.24.04.1 [59.6 kB]
portable	UNKNOWN STEP	2026-10-01T08:01:29.6419188Z Get:24 http://azure.archive.ubuntu.com/ubuntu noble/universe amd64 libsvtav1enc1d1 amd64 1.7.0+dfsg-2build1 [2425 kB]
portable	UNKNOWN STEP	2026-10-01T08:01:29.6964087Z Get:25 http://azure.archive.ubuntu.com/ubuntu noble/universe amd64 libsoxr0 amd64 0.1.3-4build3 [80.0 kB]
portable	UNKNOWN STEP	2026-10-01T08:01:29.7279407Z Get:26 http://azure.archive.ubuntu.com/ubuntu noble/universe amd64 libswresample4 amd64 7:6.1.1-3ubuntu5 [63.8 kB]
portable	UNKNOWN STEP	2026-10-01T08:01:29.7595795Z Get:27 http://azure.archive.ubuntu.com/ubuntu noble/main amd64 libtheora0 amd64 1.1.1+dfsg.1-16.1build3 [211 kB]
portable	UNKNOWN STEP	2026-10-01T08:01:29.7923246Z Get:28 http://azure.archive.ubuntu.com/ubuntu noble/main amd64 libtwolame0 amd64 0.4.0-2build3 [52.3 kB]
portable	UNKNOWN STEP	2026-10-01T08:01:29.8236357Z Get:29 http://azure.archive.ubuntu.com/ubuntu noble/main amd64 libvorbisenc2 amd64 1.3.7-1build3 [80.8 kB]
portable	UNKNOWN STEP	2026-10-01T08:01:29.8556268Z Get:30 http://azure.archive.ubuntu.com/ubuntu noble-updates/main amd64 libvpx9 amd64 1.14.0-1ubuntu2.3 [1143 kB]
portable	UNKNOWN STEP	2026-10-01T08:01:29.8973182Z Get:31 http://azure.archive.ubuntu.com/ubuntu noble/universe amd64 libx264-164 amd64 2:0.164.3108+git31e19f9-1 [604 kB]
portable	UNKNOWN STEP	2026-10-01T08:01:29.9338405Z Get:32 http://azure.archive.ubuntu.com/ubuntu noble/universe amd64 libx265-199 amd64 3.5-2build1 [1226 kB]
portable	UNKNOWN STEP	2026-10-01T08:01:29.9764672Z Get:33 http://azure.archive.ubuntu.com/ubuntu noble/universe amd64 libxvidcore4 amd64 2:1.3.7-1build1 [219 kB]
portable	UNKNOWN STEP	2026-10-01T08:01:30.0146863Z Get:34 http://azure.archive.ubuntu.com/ubuntu noble/universe amd64 libzvbi-common all 0.2.42-2 [42.4 kB]
portable	UNKNOWN STEP	2026-10-01T08:01:30.0489305Z Get:35 http://azure.archive.ubuntu.com/ubuntu noble/universe amd64 libzvbi0t64 amd64 0.2.42-2 [261 kB]
portable	UNKNOWN STEP	2026-10-01T08:01:30.0822329Z Get:36 http://azure.archive.ubuntu.com/ubuntu noble/universe amd64 libavcodec60 amd64 7:6.1.1-3ubuntu5 [5851 kB]
portable	UNKNOWN STEP	2026-10-01T08:01:30.1706867Z Get:37 http://azure.archive.ubuntu.com/ubuntu noble/universe amd64 libudfread0 amd64 1.1.2-1build1 [19.0 kB]
portable	UNKNOWN STEP	2026-10-01T08:01:30.2035682Z Get:38 http://azure.archive.ubuntu.com/ubuntu noble/universe amd64 libbluray2 amd64 1:1.3.4-1build1 [159 kB]
portable	UNKNOWN STEP	2026-10-01T08:01:30.2800928Z Get:39 http://azure.archive.ubuntu.com/ubuntu noble/universe amd64 libchromaprint1 amd64 1.5.1-5 [30.5 kB]
portable	UNKNOWN STEP	2026-10-01T08:01:30.3113622Z Get:40 http://azure.archive.ubuntu.com/ubuntu noble/universe amd64 libgme0 amd64 0.6.3-7build1 [134 kB]
portable	UNKNOWN STEP	2026-10-01T08:01:30.3436637Z Get:41 http://azure.archive.ubuntu.com/ubuntu noble-updates/main amd64 libmpg123-0t64 amd64 1.32.5-1ubuntu1.1 [169 kB]
portable	UNKNOWN STEP	2026-10-01T08:01:30.3759760Z Get:42 http://azure.archive.ubuntu.com/ubuntu noble/universe amd64 libopenmpt0t64 amd64 0.7.3-1.1build3 [647 kB]
portable	UNKNOWN STEP	2026-10-01T08:01:30.4132841Z Get:43 http://azure.archive.ubuntu.com/ubuntu noble/universe amd64 libcjson1 amd64 1.7.17-1 [24.8 kB]
portable	UNKNOWN STEP	2026-10-01T08:01:30.4448282Z Get:44 http://azure.archive.ubuntu.com/ubuntu noble/universe amd64 libmbedcrypto7t64 amd64 2.28.8-1 [209 kB]
portable	UNKNOWN STEP	2026-10-01T08:01:30.4779676Z Get:45 http://azure.archive.ubuntu.com/ubuntu noble/universe amd64 librist4 amd64 0.2.10+dfsg-2 [74.9 kB]
portable	UNKNOWN STEP	2026-10-01T08:01:30.5096661Z Get:46 http://azure.archive.ubuntu.com/ubuntu noble/universe amd64 libsrt1.5-gnutls amd64 1.5.3-1build2 [316 kB]
portable	UNKNOWN STEP	2026-10-01T08:01:30.5437577Z Get:47 http://azure.archive.ubuntu.com/ubuntu noble-updates/main amd64 libssh-gcrypt-4 amd64 0.10.6-2ubuntu0.5 [226 kB]
portable	UNKNOWN STEP	2026-10-01T08:01:30.5768181Z Get:48 http://azure.archive.ubuntu.com/ubuntu noble/universe amd64 libavformat60 amd64 7:6.1.1-3ubuntu5 [1153 kB]
portable	UNKNOWN STEP	2026-10-01T08:01:30.6189093Z Get:49 http://azure.archive.ubuntu.com/ubuntu noble/universe amd64 libbs2b0 amd64 3.1.0+dfsg-7build1 [10.6 kB]
portable	UNKNOWN STEP	2026-10-01T08:01:30.6502494Z Get:50 http://azure.archive.ubuntu.com/ubuntu noble/universe amd64 libflite1 amd64 2.2-6build3 [13.6 MB]
portable	UNKNOWN STEP	2026-10-01T08:01:30.8130805Z Get:51 http://azure.archive.ubuntu.com/ubuntu noble/universe amd64 libserd-0-0 amd64 0.32.2-1 [43.6 kB]
portable	UNKNOWN STEP	2026-10-01T08:01:30.8455911Z Get:52 http://azure.archive.ubuntu.com/ubuntu noble/universe amd64 libzix-0-0 amd64 0.4.2-2build1 [23.6 kB]
portable	UNKNOWN STEP	2026-10-01T08:01:30.8776055Z Get:53 http://azure.archive.ubuntu.com/ubuntu noble/universe amd64 libsord-0-0 amd64 0.16.16-2build1 [15.8 kB]
portable	UNKNOWN STEP	2026-10-01T08:01:30.9088503Z Get:54 http://azure.archive.ubuntu.com/ubuntu noble/universe amd64 libsratom-0-0 amd64 0.6.16-1build1 [17.3 kB]
portable	UNKNOWN STEP	2026-10-01T08:01:30.9401350Z Get:55 http://azure.archive.ubuntu.com/ubuntu noble/universe amd64 liblilv-0-0 amd64 0.24.22-1build1 [41.0 kB]
portable	UNKNOWN STEP	2026-10-01T08:01:30.9715788Z Get:56 http://azure.archive.ubuntu.com/ubuntu noble/universe amd64 libmysofa1 amd64 1.3.2+dfsg-2ubuntu2 [1158 kB]
portable	UNKNOWN STEP	2026-10-01T08:01:31.0101816Z Get:57 http://azure.archive.ubuntu.com/ubuntu noble/universe amd64 libplacebo338 amd64 6.338.2-2build1 [2654 kB]
portable	UNKNOWN STEP	2026-10-01T08:01:31.1002673Z Get:58 http://azure.archive.ubuntu.com/ubuntu noble-updates/main amd64 libblas3 amd64 3.12.0-3build1.1 [238 kB]
portable	UNKNOWN STEP	2026-10-01T08:01:31.1335537Z Get:59 http://azure.archive.ubuntu.com/ubuntu noble-updates/main amd64 liblapack3 amd64 3.12.0-3build1.1 [2646 kB]
portable	UNKNOWN STEP	2026-10-01T08:01:31.1909124Z Get:60 http://azure.archive.ubuntu.com/ubuntu noble/main amd64 libflac12t64 amd64 1.4.3+ds-2.1ubuntu2 [197 kB]
portable	UNKNOWN STEP	2026-10-01T08:01:31.2267380Z Get:61 http://azure.archive.ubuntu.com/ubuntu noble-updates/main amd64 libsndfile1 amd64 1.2.2-1ubuntu5.24.04.1 [209 kB]
portable	UNKNOWN STEP	2026-10-01T08:01:31.2965533Z Get:62 http://azure.archive.ubuntu.com/ubuntu noble-updates/main amd64 libpulse0 amd64 1:16.1+dfsg1-2ubuntu10.1 [292 kB]
portable	UNKNOWN STEP	2026-10-01T08:01:31.4867828Z Get:63 http://azure.archive.ubuntu.com/ubuntu noble/universe amd64 libsphinxbase3t64 amd64 0.8+5prealpha+1-17build2 [126 kB]
portable	UNKNOWN STEP	2026-10-01T08:01:31.5238587Z Get:64 http://azure.archive.ubuntu.com/ubuntu noble/universe amd64 libpocketsphinx3 amd64 0.8.0+real5prealpha+1-15ubuntu5 [133 kB]
portable	UNKNOWN STEP	2026-10-01T08:01:31.5535486Z Get:65 http://azure.archive.ubuntu.com/ubuntu noble/universe amd64 libpostproc57 amd64 7:6.1.1-3ubuntu5 [49.9 kB]
portable	UNKNOWN STEP	2026-10-01T08:01:31.7040599Z Get:66 http://azure.archive.ubuntu.com/ubuntu noble/main amd64 libsamplerate0 amd64 0.2.2-4build1 [1344 kB]
portable	UNKNOWN STEP	2026-10-01T08:01:31.7406053Z Get:67 http://azure.archive.ubuntu.com/ubuntu noble/universe amd64 librubberband2 amd64 3.3.0+dfsg-2build1 [130 kB]
portable	UNKNOWN STEP	2026-10-01T08:01:31.7725661Z Get:68 http://azure.archive.ubuntu.com/ubuntu noble/universe amd64 libswscale7 amd64 7:6.1.1-3ubuntu5 [193 kB]
portable	UNKNOWN STEP	2026-10-01T08:01:31.8046351Z Get:69 http://azure.archive.ubuntu.com/ubuntu noble/universe amd64 libvidstab1.1 amd64 1.1.0-2build1 [38.5 kB]
portable	UNKNOWN STEP	2026-10-01T08:01:31.8362148Z Get:70 http://azure.archive.ubuntu.com/ubuntu noble/universe amd64 libzimg2 amd64 3.0.5+ds1-1build1 [254 kB]
portable	UNKNOWN STEP	2026-10-01T08:01:31.8696799Z Get:71 http://azure.archive.ubuntu.com/ubuntu noble/universe amd64 libavfilter9 amd64 7:6.1.1-3ubuntu5 [4235 kB]
portable	UNKNOWN STEP	2026-10-01T08:01:31.9377227Z Get:72 http://azure.archive.ubuntu.com/ubuntu noble/main amd64 libbrotli-dev amd64 1.1.0-2build2 [353 kB]
portable	UNKNOWN STEP	2026-10-01T08:01:31.9719512Z Get:73 http://azure.archive.ubuntu.com/ubuntu noble-updates/main amd64 libbz2-dev amd64 1.0.8-5.1ubuntu0.1 [33.6 kB]
portable	UNKNOWN STEP	2026-10-01T08:01:32.0034435Z Get:74 http://azure.archive.ubuntu.com/ubuntu noble-updates/main amd64 libgl1-mesa-dri amd64 25.2.8-0ubuntu0.24.04.3 [37.9 kB]
portable	UNKNOWN STEP	2026-10-01T08:01:32.0349795Z Get:75 http://azure.archive.ubuntu.com/ubuntu noble/main amd64 libwayland-server0 amd64 1.22.0-2.1build1 [33.9 kB]
portable	UNKNOWN STEP	2026-10-01T08:01:32.0664666Z Get:76 http://azure.archive.ubuntu.com/ubuntu noble-updates/main amd64 libglx-mesa0 amd64 25.2.8-0ubuntu0.24.04.3 [110 kB]
portable	UNKNOWN STEP	2026-10-01T08:01:32.1440747Z Get:77 http://azure.archive.ubuntu.com/ubuntu noble-updates/main amd64 libgbm1 amd64 25.2.8-0ubuntu0.24.04.3 [34.3 kB]
portable	UNKNOWN STEP	2026-10-01T08:01:32.1755896Z Get:78 http://azure.archive.ubuntu.com/ubuntu noble-updates/main amd64 mesa-libgallium amd64 25.2.8-0ubuntu0.24.04.3 [10.8 MB]
portable	UNKNOWN STEP	2026-10-01T08:01:32.3165538Z Get:79 http://azure.archive.ubuntu.com/ubuntu noble-updates/main amd64 libegl-mesa0 amd64 25.2.8-0ubuntu0.24.04.3 [121 kB]
portable	UNKNOWN STEP	2026-10-01T08:01:32.3509977Z Get:80 http://azure.archive.ubuntu.com/ubuntu noble-updates/main amd64 libpng-dev amd64 1.6.43-5ubuntu0.6 [265 kB]
portable	UNKNOWN STEP	2026-10-01T08:01:32.3859482Z Get:81 http://azure.archive.ubuntu.com/ubuntu noble-updates/main amd64 libfreetype-dev amd64 2.13.2+dfsg-1ubuntu0.1 [575 kB]
portable	UNKNOWN STEP	2026-10-01T08:01:32.4169621Z Get:82 http://azure.archive.ubuntu.com/ubuntu noble-updates/main amd64 uuid-dev amd64 2.39.3-9ubuntu6.6 [33.5 kB]
portable	UNKNOWN STEP	2026-10-01T08:01:32.4449904Z Get:83 http://azure.archive.ubuntu.com/ubuntu noble/main amd64 libfontconfig-dev amd64 2.15.0-1.1ubuntu2 [161 kB]
portable	UNKNOWN STEP	2026-10-01T08:01:32.4731159Z Get:84 http://azure.archive.ubuntu.com/ubuntu noble/main amd64 libfontconfig1-dev amd64 2.15.0-1.1ubuntu2 [1840 B]
portable	UNKNOWN STEP	2026-10-01T08:01:32.5004547Z Get:85 http://azure.archive.ubuntu.com/ubuntu noble/universe amd64 libwinpr2-2t64 amd64 2.11.5+dfsg1-1build2 [350 kB]
portable	UNKNOWN STEP	2026-10-01T08:01:32.5299213Z Get:86 http://azure.archive.ubuntu.com/ubuntu noble/universe amd64 libfreerdp2-2t64 amd64 2.11.5+dfsg1-1build2 [559 kB]
portable	UNKNOWN STEP	2026-10-01T08:01:32.5614242Z Get:87 http://azure.archive.ubuntu.com/ubuntu noble/universe amd64 libfreerdp-server2-2t64 amd64 2.11.5+dfsg1-1build2 [108 kB]
portable	UNKNOWN STEP	2026-10-01T08:01:32.5891303Z Get:88 http://azure.archive.ubuntu.com/ubuntu noble-updates/main amd64 liborc-0.4-0t64 amd64 1:0.4.38-1ubuntu0.1 [207 kB]
portable	UNKNOWN STEP	2026-10-01T08:01:32.6176286Z Get:89 http://azure.archive.ubuntu.com/ubuntu noble-updates/main amd64 libgstreamer-plugins-base1.0-0 amd64 1.24.2-1ubuntu0.5 [862 kB]
portable	UNKNOWN STEP	2026-10-01T08:01:32.6513766Z Get:90 http://azure.archive.ubuntu.com/ubuntu noble/main amd64 libwacom-common all 2.10.0-2 [63.4 kB]
portable	UNKNOWN STEP	2026-10-01T08:01:32.6788985Z Get:91 http://azure.archive.ubuntu.com/ubuntu noble/main amd64 libwacom9 amd64 2.10.0-2 [23.9 kB]
portable	UNKNOWN STEP	2026-10-01T08:01:32.7061956Z Get:92 http://azure.archive.ubuntu.com/ubuntu noble-updates/main amd64 libinput-bin amd64 1.25.0-1ubuntu3.7 [23.6 kB]
portable	UNKNOWN STEP	2026-10-01T08:01:32.7334522Z Get:93 http://azure.archive.ubuntu.com/ubuntu noble/main amd64 libmtdev1t64 amd64 1.1.6-1.1build1 [14.4 kB]
portable	UNKNOWN STEP	2026-10-01T08:01:32.7607874Z Get:94 http://azure.archive.ubuntu.com/ubuntu noble-updates/main amd64 libinput10 amd64 1.25.0-1ubuntu3.7 [133 kB]
portable	UNKNOWN STEP	2026-10-01T08:01:32.8320970Z Get:95 http://azure.archive.ubuntu.com/ubuntu noble/universe amd64 libturbojpeg amd64 1:2.1.5-2ubuntu2 [192 kB]
portable	UNKNOWN STEP	2026-10-01T08:01:32.8611289Z Get:96 http://azure.archive.ubuntu.com/ubuntu noble/universe amd64 libneatvnc0 amd64 0.7.1+dfsg-2build3 [55.7 kB]
portable	UNKNOWN STEP	2026-10-01T08:01:32.8885807Z Get:97 http://azure.archive.ubuntu.com/ubuntu noble/main amd64 libwebrtc-audio-processing1 amd64 0.3.1-0ubuntu6 [290 kB]
portable	UNKNOWN STEP	2026-10-01T08:01:32.9243038Z Get:98 http://azure.archive.ubuntu.com/ubuntu noble-updates/main amd64 libspa-0.2-modules amd64 1.0.5-1ubuntu3.3 [628 kB]
portable	UNKNOWN STEP	2026-10-01T08:01:32.9643157Z Get:99 http://azure.archive.ubuntu.com/ubuntu noble-updates/main amd64 libpipewire-0.3-0t64 amd64 1.0.5-1ubuntu3.3 [252 kB]
portable	UNKNOWN STEP	2026-10-01T08:01:33.0004172Z Get:100 http://azure.archive.ubuntu.com/ubuntu noble/main amd64 libpthread-stubs0-dev amd64 0.4-1build3 [4746 B]
portable	UNKNOWN STEP	2026-10-01T08:01:33.0342591Z Get:101 http://azure.archive.ubuntu.com/ubuntu noble/universe amd64 libseat1 amd64 0.8.0-1 [28.3 kB]
portable	UNKNOWN STEP	2026-10-01T08:01:33.0683310Z Get:102 http://azure.archive.ubuntu.com/ubuntu noble/main amd64 libegl1 amd64 1.7.0-1build1 [28.7 kB]
portable	UNKNOWN STEP	2026-10-01T08:01:33.1065100Z Get:103 http://azure.archive.ubuntu.com/ubuntu noble/main amd64 libgles2 amd64 1.7.0-1build1 [17.1 kB]
portable	UNKNOWN STEP	2026-10-01T08:01:33.1345832Z Get:104 http://azure.archive.ubuntu.com/ubuntu noble/main amd64 libxcb-composite0 amd64 1.15-1ubuntu2 [5304 B]
portable	UNKNOWN STEP	2026-10-01T08:01:33.1622193Z Get:105 http://azure.archive.ubuntu.com/ubuntu noble/main amd64 libxcb-xkb1 amd64 1.15-1ubuntu2 [32.3 kB]
portable	UNKNOWN STEP	2026-10-01T08:01:33.1900288Z Get:106 http://azure.archive.ubuntu.com/ubuntu noble/universe amd64 libweston-13-0 amd64 13.0.0-4build3 [415 kB]
portable	UNKNOWN STEP	2026-10-01T08:01:33.2206723Z Get:107 http://azure.archive.ubuntu.com/ubuntu noble/main amd64 xorg-sgml-doctools all 1:1.11-1.1 [10.9 kB]
portable	UNKNOWN STEP	2026-10-01T08:01:33.2482799Z Get:108 http://azure.archive.ubuntu.com/ubuntu noble/main amd64 x11proto-dev all 2023.2-1 [602 kB]
portable	UNKNOWN STEP	2026-10-01T08:01:33.2806472Z Get:109 http://azure.archive.ubuntu.com/ubuntu noble/main amd64 libxau-dev amd64 1:1.0.9-1build6 [9570 B]
portable	UNKNOWN STEP	2026-10-01T08:01:33.3082372Z Get:110 http://azure.archive.ubuntu.com/ubuntu noble/main amd64 libxdmcp-dev amd64 1:1.1.3-0ubuntu6 [26.5 kB]
portable	UNKNOWN STEP	2026-10-01T08:01:33.3359832Z Get:111 http://azure.archive.ubuntu.com/ubuntu noble/main amd64 xtrans-dev all 1.4.0-1 [68.9 kB]
portable	UNKNOWN STEP	2026-10-01T08:01:33.3639386Z Get:112 http://azure.archive.ubuntu.com/ubuntu noble/main amd64 libxcb1-dev amd64 1.15-1ubuntu2 [85.8 kB]
portable	UNKNOWN STEP	2026-10-01T08:01:33.3917731Z Get:113 http://azure.archive.ubuntu.com/ubuntu noble/main amd64 libx11-dev amd64 2:1.8.7-1build1 [732 kB]
portable	UNKNOWN STEP	2026-10-01T08:01:33.4253168Z Get:114 http://azure.archive.ubuntu.com/ubuntu noble/main amd64 libx11-xcb-dev amd64 2:1.8.7-1build1 [9950 B]
portable	UNKNOWN STEP	2026-10-01T08:01:33.4580445Z Get:115 http://azure.archive.ubuntu.com/ubuntu noble/main amd64 libxcb-xkb-dev amd64 1.15-1ubuntu2 [42.5 kB]
portable	UNKNOWN STEP	2026-10-01T08:01:33.4858352Z Get:116 http://azure.archive.ubuntu.com/ubuntu noble/main amd64 libxkbcommon-dev amd64 1.6.0-1build1 [56.3 kB]
portable	UNKNOWN STEP	2026-10-01T08:01:33.5136576Z Get:117 http://azure.archive.ubuntu.com/ubuntu noble/main amd64 libxkbcommon-x11-0 amd64 1.6.0-1build1 [14.5 kB]
portable	UNKNOWN STEP	2026-10-01T08:01:33.5415777Z Get:118 http://azure.archive.ubuntu.com/ubuntu noble-updates/main amd64 mesa-vulkan-drivers amd64 25.2.8-0ubuntu0.24.04.3 [17.5 MB]
portable	UNKNOWN STEP	2026-10-01T08:01:33.7230388Z Get:119 http://azure.archive.ubuntu.com/ubuntu noble/universe amd64 weston amd64 13.0.0-4build3 [953 kB]
portable	UNKNOWN STEP	2026-10-01T08:01:33.7583235Z Get:120 http://azure.archive.ubuntu.com/ubuntu noble/main amd64 libwayland-bin amd64 1.22.0-2.1build1 [20.6 kB]
portable	UNKNOWN STEP	2026-10-01T08:01:33.8266904Z Get:121 http://azure.archive.ubuntu.com/ubuntu noble/main amd64 libwayland-dev amd64 1.22.0-2.1build1 [71.3 kB]
portable	UNKNOWN STEP	2026-10-01T08:01:33.8546341Z Get:122 http://azure.archive.ubuntu.com/ubuntu noble/main amd64 libxkbcommon-x11-dev amd64 1.6.0-1build1 [5586 B]
portable	UNKNOWN STEP	2026-10-01T08:01:34.1147484Z Fetched 95.7 MB in 6s (16.0 MB/s)
portable	UNKNOWN STEP	2026-10-01T08:01:34.1516486Z Selecting previously unselected package libaml0t64:amd64.
portable	UNKNOWN STEP	2026-10-01T08:01:34.1772649Z (Reading database ... 
portable	UNKNOWN STEP	2026-10-01T08:01:34.1773000Z (Reading database ... 5%
portable	UNKNOWN STEP	2026-10-01T08:01:34.1773232Z (Reading database ... 10%
portable	UNKNOWN STEP	2026-10-01T08:01:34.1773442Z (Reading database ... 15%
portable	UNKNOWN STEP	2026-10-01T08:01:34.1773643Z (Reading database ... 20%
portable	UNKNOWN STEP	2026-10-01T08:01:34.1773857Z (Reading database ... 25%
portable	UNKNOWN STEP	2026-10-01T08:01:34.1774201Z (Reading database ... 30%
portable	UNKNOWN STEP	2026-10-01T08:01:34.1774328Z (Reading database ... 35%
portable	UNKNOWN STEP	2026-10-01T08:01:34.1774454Z (Reading database ... 40%
portable	UNKNOWN STEP	2026-10-01T08:01:34.1774580Z (Reading database ... 45%
portable	UNKNOWN STEP	2026-10-01T08:01:34.1774705Z (Reading database ... 50%
portable	UNKNOWN STEP	2026-10-01T08:01:34.1814573Z (Reading database ... 55%
portable	UNKNOWN STEP	2026-10-01T08:01:34.2668292Z (Reading database ... 60%
portable	UNKNOWN STEP	2026-10-01T08:01:34.4767640Z (Reading database ... 65%
portable	UNKNOWN STEP	2026-10-01T08:01:34.7163483Z (Reading database ... 70%
portable	UNKNOWN STEP	2026-10-01T08:01:34.8610679Z (Reading database ... 75%
portable	UNKNOWN STEP	2026-10-01T08:01:34.9776620Z (Reading database ... 80%
portable	UNKNOWN STEP	2026-10-01T08:01:35.1165499Z (Reading database ... 85%
portable	UNKNOWN STEP	2026-10-01T08:01:35.2301128Z (Reading database ... 90%
portable	UNKNOWN STEP	2026-10-01T08:01:35.3268877Z (Reading database ... 95%
portable	UNKNOWN STEP	2026-10-01T08:01:35.3269115Z (Reading database ... 100%
portable	UNKNOWN STEP	2026-10-01T08:01:35.3269416Z (Reading database ... 202296 files and directories currently installed.)
portable	UNKNOWN STEP	2026-10-01T08:01:35.3302229Z Preparing to unpack .../000-libaml0t64_0.3.0-1.1build1_amd64.deb ...
portable	UNKNOWN STEP	2026-10-01T08:01:35.3328664Z Unpacking libaml0t64:amd64 (0.3.0-1.1build1) ...
portable	UNKNOWN STEP	2026-10-01T08:01:35.3548691Z Selecting previously unselected package libunibreak5:amd64.
portable	UNKNOWN STEP	2026-10-01T08:01:35.3640657Z Preparing to unpack .../001-libunibreak5_5.1-2build1_amd64.deb ...
portable	UNKNOWN STEP	2026-10-01T08:01:35.3647367Z Unpacking libunibreak5:amd64 (5.1-2build1) ...
portable	UNKNOWN STEP	2026-10-01T08:01:35.3826760Z Selecting previously unselected package libass9:amd64.
portable	UNKNOWN STEP	2026-10-01T08:01:35.3917789Z Preparing to unpack .../002-libass9_1%3a0.17.1-2build1_amd64.deb ...
portable	UNKNOWN STEP	2026-10-01T08:01:35.4025968Z Unpacking libass9:amd64 (1:0.17.1-2build1) ...
portable	UNKNOWN STEP	2026-10-01T08:01:35.4331499Z Selecting previously unselected package libasyncns0:amd64.
portable	UNKNOWN STEP	2026-10-01T08:01:35.4421070Z Preparing to unpack .../003-libasyncns0_0.8-6build4_amd64.deb ...
portable	UNKNOWN STEP	2026-10-01T08:01:35.4428055Z Unpacking libasyncns0:amd64 (0.8-6build4) ...
portable	UNKNOWN STEP	2026-10-01T08:01:35.4604931Z Selecting previously unselected package libva2:amd64.
portable	UNKNOWN STEP	2026-10-01T08:01:35.4695094Z Preparing to unpack .../004-libva2_2.20.0-2ubuntu0.2_amd64.deb ...
portable	UNKNOWN STEP	2026-10-01T08:01:35.4702196Z Unpacking libva2:amd64 (2.20.0-2ubuntu0.2) ...
portable	UNKNOWN STEP	2026-10-01T08:01:35.4878246Z Selecting previously unselected package libva-drm2:amd64.
portable	UNKNOWN STEP	2026-10-01T08:01:35.4968677Z Preparing to unpack .../005-libva-drm2_2.20.0-2ubuntu0.2_amd64.deb ...
portable	UNKNOWN STEP	2026-10-01T08:01:35.4975158Z Unpacking libva-drm2:amd64 (2.20.0-2ubuntu0.2) ...
portable	UNKNOWN STEP	2026-10-01T08:01:35.5145029Z Selecting previously unselected package libva-x11-2:amd64.
portable	UNKNOWN STEP	2026-10-01T08:01:35.5234156Z Preparing to unpack .../006-libva-x11-2_2.20.0-2ubuntu0.2_amd64.deb ...
portable	UNKNOWN STEP	2026-10-01T08:01:35.5241080Z Unpacking libva-x11-2:amd64 (2.20.0-2ubuntu0.2) ...
portable	UNKNOWN STEP	2026-10-01T08:01:35.5411979Z Selecting previously unselected package libvdpau1:amd64.
portable	UNKNOWN STEP	2026-10-01T08:01:35.5500701Z Preparing to unpack .../007-libvdpau1_1.5-2build1_amd64.deb ...
portable	UNKNOWN STEP	2026-10-01T08:01:35.5508814Z Unpacking libvdpau1:amd64 (1.5-2build1) ...
portable	UNKNOWN STEP	2026-10-01T08:01:35.5802722Z Selecting previously unselected package libvpl2.
portable	UNKNOWN STEP	2026-10-01T08:01:35.5891876Z Preparing to unpack .../008-libvpl2_2023.3.0-1build1_amd64.deb ...
portable	UNKNOWN STEP	2026-10-01T08:01:35.5898813Z Unpacking libvpl2 (2023.3.0-1build1) ...
portable	UNKNOWN STEP	2026-10-01T08:01:35.6075614Z Selecting previously unselected package ocl-icd-libopencl1:amd64.
portable	UNKNOWN STEP	2026-10-01T08:01:35.6165817Z Preparing to unpack .../009-ocl-icd-libopencl1_2.3.2-1build1_amd64.deb ...
portable	UNKNOWN STEP	2026-10-01T08:01:35.6172871Z Unpacking ocl-icd-libopencl1:amd64 (2.3.2-1build1) ...
portable	UNKNOWN STEP	2026-10-01T08:01:35.6365355Z Selecting previously unselected package libavutil58:amd64.
portable	UNKNOWN STEP	2026-10-01T08:01:35.6455200Z Preparing to unpack .../010-libavutil58_7%3a6.1.1-3ubuntu5_amd64.deb ...
portable	UNKNOWN STEP	2026-10-01T08:01:35.6461344Z Unpacking libavutil58:amd64 (7:6.1.1-3ubuntu5) ...
portable	UNKNOWN STEP	2026-10-01T08:01:35.6653151Z Selecting previously unselected package libcodec2-1.2:amd64.
portable	UNKNOWN STEP	2026-10-01T08:01:35.6743675Z Preparing to unpack .../011-libcodec2-1.2_1.2.0-2build1_amd64.deb ...
portable	UNKNOWN STEP	2026-10-01T08:01:35.6750123Z Unpacking libcodec2-1.2:amd64 (1.2.0-2build1) ...
portable	UNKNOWN STEP	2026-10-01T08:01:35.8232543Z Selecting previously unselected package libdav1d7:amd64.
portable	UNKNOWN STEP	2026-10-01T08:01:35.8330277Z Preparing to unpack .../012-libdav1d7_1.4.1-1build1_amd64.deb ...
portable	UNKNOWN STEP	2026-10-01T08:01:35.8336725Z Unpacking libdav1d7:amd64 (1.4.1-1build1) ...
portable	UNKNOWN STEP	2026-10-01T08:01:35.8585047Z Selecting previously unselected package libgsm1:amd64.
portable	UNKNOWN STEP	2026-10-01T08:01:35.8680549Z Preparing to unpack .../013-libgsm1_1.0.22-1build1_amd64.deb ...
portable	UNKNOWN STEP	2026-10-01T08:01:35.8687258Z Unpacking libgsm1:amd64 (1.0.22-1build1) ...
portable	UNKNOWN STEP	2026-10-01T08:01:35.8856054Z Selecting previously unselected package libhwy1t64:amd64.
portable	UNKNOWN STEP	2026-10-01T08:01:35.8946771Z Preparing to unpack .../014-libhwy1t64_1.0.7-8.1build1_amd64.deb ...
portable	UNKNOWN STEP	2026-10-01T08:01:35.8952495Z Unpacking libhwy1t64:amd64 (1.0.7-8.1build1) ...
portable	UNKNOWN STEP	2026-10-01T08:01:35.9242944Z Selecting previously unselected package libjxl0.7:amd64.
portable	UNKNOWN STEP	2026-10-01T08:01:35.9336012Z Preparing to unpack .../015-libjxl0.7_0.7.0-10.2ubuntu6.1_amd64.deb ...
portable	UNKNOWN STEP	2026-10-01T08:01:35.9342479Z Unpacking libjxl0.7:amd64 (0.7.0-10.2ubuntu6.1) ...
portable	UNKNOWN STEP	2026-10-01T08:01:35.9882445Z Selecting previously unselected package libmp3lame0:amd64.
portable	UNKNOWN STEP	2026-10-01T08:01:35.9979081Z Preparing to unpack .../016-libmp3lame0_3.100-6build1_amd64.deb ...
portable	UNKNOWN STEP	2026-10-01T08:01:35.9985499Z Unpacking libmp3lame0:amd64 (3.100-6build1) ...
portable	UNKNOWN STEP	2026-10-01T08:01:36.0167076Z Selecting previously unselected package libopus0:amd64.
portable	UNKNOWN STEP	2026-10-01T08:01:36.0263046Z Preparing to unpack .../017-libopus0_1.4-1build1_amd64.deb ...
portable	UNKNOWN STEP	2026-10-01T08:01:36.0269662Z Unpacking libopus0:amd64 (1.4-1build1) ...
portable	UNKNOWN STEP	2026-10-01T08:01:36.0444017Z Selecting previously unselected package librav1e0:amd64.
portable	UNKNOWN STEP	2026-10-01T08:01:36.0540293Z Preparing to unpack .../018-librav1e0_0.7.1-2_amd64.deb ...
portable	UNKNOWN STEP	2026-10-01T08:01:36.0545453Z Unpacking librav1e0:amd64 (0.7.1-2) ...
portable	UNKNOWN STEP	2026-10-01T08:01:36.0818061Z Selecting previously unselected package librsvg2-2:amd64.
portable	UNKNOWN STEP	2026-10-01T08:01:36.0913247Z Preparing to unpack .../019-librsvg2-2_2.58.0+dfsg-1build1_amd64.deb ...
portable	UNKNOWN STEP	2026-10-01T08:01:36.0918343Z Unpacking librsvg2-2:amd64 (2.58.0+dfsg-1build1) ...
portable	UNKNOWN STEP	2026-10-01T08:01:36.1795039Z Selecting previously unselected package libshine3:amd64.
portable	UNKNOWN STEP	2026-10-01T08:01:36.1891071Z Preparing to unpack .../020-libshine3_3.1.1-2build1_amd64.deb ...
portable	UNKNOWN STEP	2026-10-01T08:01:36.1896595Z Unpacking libshine3:amd64 (3.1.1-2build1) ...
portable	UNKNOWN STEP	2026-10-01T08:01:36.2053699Z Selecting previously unselected package libspeex1:amd64.
portable	UNKNOWN STEP	2026-10-01T08:01:36.2147007Z Preparing to unpack .../021-libspeex1_1.2.1-2ubuntu2.24.04.1_amd64.deb ...
portable	UNKNOWN STEP	2026-10-01T08:01:36.2153019Z Unpacking libspeex1:amd64 (1.2.1-2ubuntu2.24.04.1) ...
portable	UNKNOWN STEP	2026-10-01T08:01:36.2313859Z Selecting previously unselected package libsvtav1enc1d1:amd64.
portable	UNKNOWN STEP	2026-10-01T08:01:36.2405956Z Preparing to unpack .../022-libsvtav1enc1d1_1.7.0+dfsg-2build1_amd64.deb ...
portable	UNKNOWN STEP	2026-10-01T08:01:36.2411537Z Unpacking libsvtav1enc1d1:amd64 (1.7.0+dfsg-2build1) ...
portable	UNKNOWN STEP	2026-10-01T08:01:36.3019095Z Selecting previously unselected package libsoxr0:amd64.
portable	UNKNOWN STEP	2026-10-01T08:01:36.3115633Z Preparing to unpack .../023-libsoxr0_0.1.3-4build3_amd64.deb ...
portable	UNKNOWN STEP	2026-10-01T08:01:36.3186153Z Unpacking libsoxr0:amd64 (0.1.3-4build3) ...
portable	UNKNOWN STEP	2026-10-01T08:01:36.3357152Z Selecting previously unselected package libswresample4:amd64.
portable	UNKNOWN STEP	2026-10-01T08:01:36.3451467Z Preparing to unpack .../024-libswresample4_7%3a6.1.1-3ubuntu5_amd64.deb ...
portable	UNKNOWN STEP	2026-10-01T08:01:36.3456935Z Unpacking libswresample4:amd64 (7:6.1.1-3ubuntu5) ...
portable	UNKNOWN STEP	2026-10-01T08:01:36.3626304Z Selecting previously unselected package libtheora0:amd64.
portable	UNKNOWN STEP	2026-10-01T08:01:36.3719291Z Preparing to unpack .../025-libtheora0_1.1.1+dfsg.1-16.1build3_amd64.deb ...
portable	UNKNOWN STEP	2026-10-01T08:01:36.3725696Z Unpacking libtheora0:amd64 (1.1.1+dfsg.1-16.1build3) ...
portable	UNKNOWN STEP	2026-10-01T08:01:36.3905541Z Selecting previously unselected package libtwolame0:amd64.
portable	UNKNOWN STEP	2026-10-01T08:01:36.3998874Z Preparing to unpack .../026-libtwolame0_0.4.0-2build3_amd64.deb ...
portable	UNKNOWN STEP	2026-10-01T08:01:36.4004818Z Unpacking libtwolame0:amd64 (0.4.0-2build3) ...
portable	UNKNOWN STEP	2026-10-01T08:01:36.4177536Z Selecting previously unselected package libvorbisenc2:amd64.
portable	UNKNOWN STEP	2026-10-01T08:01:36.4272878Z Preparing to unpack .../027-libvorbisenc2_1.3.7-1build3_amd64.deb ...
portable	UNKNOWN STEP	2026-10-01T08:01:36.4278332Z Unpacking libvorbisenc2:amd64 (1.3.7-1build3) ...
portable	UNKNOWN STEP	2026-10-01T08:01:36.4463688Z Selecting previously unselected package libvpx9:amd64.
portable	UNKNOWN STEP	2026-10-01T08:01:36.4558793Z Preparing to unpack .../028-libvpx9_1.14.0-1ubuntu2.3_amd64.deb ...
portable	UNKNOWN STEP	2026-10-01T08:01:36.4565383Z Unpacking libvpx9:amd64 (1.14.0-1ubuntu2.3) ...
portable	UNKNOWN STEP	2026-10-01T08:01:36.5010753Z Selecting previously unselected package libx264-164:amd64.
portable	UNKNOWN STEP	2026-10-01T08:01:36.5104243Z Preparing to unpack .../029-libx264-164_2%3a0.164.3108+git31e19f9-1_amd64.deb ...
portable	UNKNOWN STEP	2026-10-01T08:01:36.5110174Z Unpacking libx264-164:amd64 (2:0.164.3108+git31e19f9-1) ...
portable	UNKNOWN STEP	2026-10-01T08:01:36.5378029Z Selecting previously unselected package libx265-199:amd64.
portable	UNKNOWN STEP	2026-10-01T08:01:36.5468942Z Preparing to unpack .../030-libx265-199_3.5-2build1_amd64.deb ...
portable	UNKNOWN STEP	2026-10-01T08:01:36.5474851Z Unpacking libx265-199:amd64 (3.5-2build1) ...
portable	UNKNOWN STEP	2026-10-01T08:01:36.6831544Z Selecting previously unselected package libxvidcore4:amd64.
portable	UNKNOWN STEP	2026-10-01T08:01:36.6930641Z Preparing to unpack .../031-libxvidcore4_2%3a1.3.7-1build1_amd64.deb ...
portable	UNKNOWN STEP	2026-10-01T08:01:36.6937162Z Unpacking libxvidcore4:amd64 (2:1.3.7-1build1) ...
portable	UNKNOWN STEP	2026-10-01T08:01:36.7116912Z Selecting previously unselected package libzvbi-common.
portable	UNKNOWN STEP	2026-10-01T08:01:36.7213700Z Preparing to unpack .../032-libzvbi-common_0.2.42-2_all.deb ...
portable	UNKNOWN STEP	2026-10-01T08:01:36.7219050Z Unpacking libzvbi-common (0.2.42-2) ...
portable	UNKNOWN STEP	2026-10-01T08:01:36.7446085Z Selecting previously unselected package libzvbi0t64:amd64.
portable	UNKNOWN STEP	2026-10-01T08:01:36.7536094Z Preparing to unpack .../033-libzvbi0t64_0.2.42-2_amd64.deb ...
portable	UNKNOWN STEP	2026-10-01T08:01:36.7542192Z Unpacking libzvbi0t64:amd64 (0.2.42-2) ...
portable	UNKNOWN STEP	2026-10-01T08:01:36.7732785Z Selecting previously unselected package libavcodec60:amd64.
portable	UNKNOWN STEP	2026-10-01T08:01:36.7821759Z Preparing to unpack .../034-libavcodec60_7%3a6.1.1-3ubuntu5_amd64.deb ...
portable	UNKNOWN STEP	2026-10-01T08:01:36.7828752Z Unpacking libavcodec60:amd64 (7:6.1.1-3ubuntu5) ...
portable	UNKNOWN STEP	2026-10-01T08:01:36.9214644Z Selecting previously unselected package libudfread0:amd64.
portable	UNKNOWN STEP	2026-10-01T08:01:36.9310515Z Preparing to unpack .../035-libudfread0_1.1.2-1build1_amd64.deb ...
portable	UNKNOWN STEP	2026-10-01T08:01:36.9316731Z Unpacking libudfread0:amd64 (1.1.2-1build1) ...
portable	UNKNOWN STEP	2026-10-01T08:01:36.9484250Z Selecting previously unselected package libbluray2:amd64.
portable	UNKNOWN STEP	2026-10-01T08:01:36.9579878Z Preparing to unpack .../036-libbluray2_1%3a1.3.4-1build1_amd64.deb ...
portable	UNKNOWN STEP	2026-10-01T08:01:36.9586945Z Unpacking libbluray2:amd64 (1:1.3.4-1build1) ...
portable	UNKNOWN STEP	2026-10-01T08:01:36.9763805Z Selecting previously unselected package libchromaprint1:amd64.
portable	UNKNOWN STEP	2026-10-01T08:01:36.9857050Z Preparing to unpack .../037-libchromaprint1_1.5.1-5_amd64.deb ...
portable	UNKNOWN STEP	2026-10-01T08:01:36.9863061Z Unpacking libchromaprint1:amd64 (1.5.1-5) ...
portable	UNKNOWN STEP	2026-10-01T08:01:37.0115577Z Selecting previously unselected package libgme0:amd64.
portable	UNKNOWN STEP	2026-10-01T08:01:37.0206063Z Preparing to unpack .../038-libgme0_0.6.3-7build1_amd64.deb ...
portable	UNKNOWN STEP	2026-10-01T08:01:37.0212575Z Unpacking libgme0:amd64 (0.6.3-7build1) ...
portable	UNKNOWN STEP	2026-10-01T08:01:37.0389180Z Selecting previously unselected package libmpg123-0t64:amd64.
portable	UNKNOWN STEP	2026-10-01T08:01:37.0481321Z Preparing to unpack .../039-libmpg123-0t64_1.32.5-1ubuntu1.1_amd64.deb ...
portable	UNKNOWN STEP	2026-10-01T08:01:37.0487330Z Unpacking libmpg123-0t64:amd64 (1.32.5-1ubuntu1.1) ...
portable	UNKNOWN STEP	2026-10-01T08:01:37.0666705Z Selecting previously unselected package libopenmpt0t64:amd64.
portable	UNKNOWN STEP	2026-10-01T08:01:37.0758081Z Preparing to unpack .../040-libopenmpt0t64_0.7.3-1.1build3_amd64.deb ...
portable	UNKNOWN STEP	2026-10-01T08:01:37.0764564Z Unpacking libopenmpt0t64:amd64 (0.7.3-1.1build3) ...
portable	UNKNOWN STEP	2026-10-01T08:01:37.0976610Z Selecting previously unselected package libcjson1:amd64.
portable	UNKNOWN STEP	2026-10-01T08:01:37.1069677Z Preparing to unpack .../041-libcjson1_1.7.17-1_amd64.deb ...
portable	UNKNOWN STEP	2026-10-01T08:01:37.1075679Z Unpacking libcjson1:amd64 (1.7.17-1) ...
portable	UNKNOWN STEP	2026-10-01T08:01:37.1241798Z Selecting previously unselected package libmbedcrypto7t64:amd64.
portable	UNKNOWN STEP	2026-10-01T08:01:37.1333286Z Preparing to unpack .../042-libmbedcrypto7t64_2.28.8-1_amd64.deb ...
portable	UNKNOWN STEP	2026-10-01T08:01:37.1339474Z Unpacking libmbedcrypto7t64:amd64 (2.28.8-1) ...
portable	UNKNOWN STEP	2026-10-01T08:01:37.1591745Z Selecting previously unselected package librist4:amd64.
portable	UNKNOWN STEP	2026-10-01T08:01:37.1682081Z Preparing to unpack .../043-librist4_0.2.10+dfsg-2_amd64.deb ...
portable	UNKNOWN STEP	2026-10-01T08:01:37.1687974Z Unpacking librist4:amd64 (0.2.10+dfsg-2) ...
portable	UNKNOWN STEP	2026-10-01T08:01:37.5170650Z Selecting previously unselected package libsrt1.5-gnutls:amd64.
portable	UNKNOWN STEP	2026-10-01T08:01:37.5264734Z Preparing to unpack .../044-libsrt1.5-gnutls_1.5.3-1build2_amd64.deb ...
portable	UNKNOWN STEP	2026-10-01T08:01:37.7068312Z Unpacking libsrt1.5-gnutls:amd64 (1.5.3-1build2) ...
portable	UNKNOWN STEP	2026-10-01T08:01:38.0381753Z Selecting previously unselected package libssh-gcrypt-4:amd64.
portable	UNKNOWN STEP	2026-10-01T08:01:38.0477354Z Preparing to unpack .../045-libssh-gcrypt-4_0.10.6-2ubuntu0.5_amd64.deb ...
portable	UNKNOWN STEP	2026-10-01T08:01:38.0483751Z Unpacking libssh-gcrypt-4:amd64 (0.10.6-2ubuntu0.5) ...
portable	UNKNOWN STEP	2026-10-01T08:01:38.0667889Z Selecting previously unselected package libavformat60:amd64.
portable	UNKNOWN STEP	2026-10-01T08:01:38.0761734Z Preparing to unpack .../046-libavformat60_7%3a6.1.1-3ubuntu5_amd64.deb ...
portable	UNKNOWN STEP	2026-10-01T08:01:38.0767581Z Unpacking libavformat60:amd64 (7:6.1.1-3ubuntu5) ...
portable	UNKNOWN STEP	2026-10-01T08:01:38.1094219Z Selecting previously unselected package libbs2b0:amd64.
portable	UNKNOWN STEP	2026-10-01T08:01:38.1187161Z Preparing to unpack .../047-libbs2b0_3.1.0+dfsg-7build1_amd64.deb ...
portable	UNKNOWN STEP	2026-10-01T08:01:38.1266999Z Unpacking libbs2b0:amd64 (3.1.0+dfsg-7build1) ...
portable	UNKNOWN STEP	2026-10-01T08:01:38.1443045Z Selecting previously unselected package libflite1:amd64.
portable	UNKNOWN STEP	2026-10-01T08:01:38.1535195Z Preparing to unpack .../048-libflite1_2.2-6build3_amd64.deb ...
portable	UNKNOWN STEP	2026-10-01T08:01:38.1541155Z Unpacking libflite1:amd64 (2.2-6build3) ...
portable	UNKNOWN STEP	2026-10-01T08:01:38.3228963Z Selecting previously unselected package libserd-0-0:amd64.
portable	UNKNOWN STEP	2026-10-01T08:01:38.3329732Z Preparing to unpack .../049-libserd-0-0_0.32.2-1_amd64.deb ...
portable	UNKNOWN STEP	2026-10-01T08:01:38.3335705Z Unpacking libserd-0-0:amd64 (0.32.2-1) ...
portable	UNKNOWN STEP	2026-10-01T08:01:38.3505504Z Selecting previously unselected package libzix-0-0:amd64.
portable	UNKNOWN STEP	2026-10-01T08:01:38.3600096Z Preparing to unpack .../050-libzix-0-0_0.4.2-2build1_amd64.deb ...
portable	UNKNOWN STEP	2026-10-01T08:01:38.3606106Z Unpacking libzix-0-0:amd64 (0.4.2-2build1) ...
portable	UNKNOWN STEP	2026-10-01T08:01:38.3771924Z Selecting previously unselected package libsord-0-0:amd64.
portable	UNKNOWN STEP	2026-10-01T08:01:38.3862801Z Preparing to unpack .../051-libsord-0-0_0.16.16-2build1_amd64.deb ...
portable	UNKNOWN STEP	2026-10-01T08:01:38.3868684Z Unpacking libsord-0-0:amd64 (0.16.16-2build1) ...
portable	UNKNOWN STEP	2026-10-01T08:01:38.4032705Z Selecting previously unselected package libsratom-0-0:amd64.
portable	UNKNOWN STEP	2026-10-01T08:01:38.4122583Z Preparing to unpack .../052-libsratom-0-0_0.6.16-1build1_amd64.deb ...
portable	UNKNOWN STEP	2026-10-01T08:01:38.4128527Z Unpacking libsratom-0-0:amd64 (0.6.16-1build1) ...
portable	UNKNOWN STEP	2026-10-01T08:01:38.4289089Z Selecting previously unselected package liblilv-0-0:amd64.
portable	UNKNOWN STEP	2026-10-01T08:01:38.4379432Z Preparing to unpack .../053-liblilv-0-0_0.24.22-1build1_amd64.deb ...
portable	UNKNOWN STEP	2026-10-01T08:01:38.4385554Z Unpacking liblilv-0-0:amd64 (0.24.22-1build1) ...
portable	UNKNOWN STEP	2026-10-01T08:01:38.4664216Z Selecting previously unselected package libmysofa1:amd64.
portable	UNKNOWN STEP	2026-10-01T08:01:38.4756755Z Preparing to unpack .../054-libmysofa1_1.3.2+dfsg-2ubuntu2_amd64.deb ...
portable	UNKNOWN STEP	2026-10-01T08:01:38.4763039Z Unpacking libmysofa1:amd64 (1.3.2+dfsg-2ubuntu2) ...
portable	UNKNOWN STEP	2026-10-01T08:01:38.4955406Z Selecting previously unselected package libplacebo338:amd64.
portable	UNKNOWN STEP	2026-10-01T08:01:38.5047148Z Preparing to unpack .../055-libplacebo338_6.338.2-2build1_amd64.deb ...
portable	UNKNOWN STEP	2026-10-01T08:01:38.5053465Z Unpacking libplacebo338:amd64 (6.338.2-2build1) ...
portable	UNKNOWN STEP	2026-10-01T08:01:38.5805859Z Selecting previously unselected package libblas3:amd64.
portable	UNKNOWN STEP	2026-10-01T08:01:38.5903425Z Preparing to unpack .../056-libblas3_3.12.0-3build1.1_amd64.deb ...
portable	UNKNOWN STEP	2026-10-01T08:01:38.5929752Z Unpacking libblas3:amd64 (3.12.0-3build1.1) ...
portable	UNKNOWN STEP	2026-10-01T08:01:38.6122707Z Selecting previously unselected package liblapack3:amd64.
portable	UNKNOWN STEP	2026-10-01T08:01:38.6217956Z Preparing to unpack .../057-liblapack3_3.12.0-3build1.1_amd64.deb ...
portable	UNKNOWN STEP	2026-10-01T08:01:38.6283401Z Unpacking liblapack3:amd64 (3.12.0-3build1.1) ...
portable	UNKNOWN STEP	2026-10-01T08:01:38.6895579Z Selecting previously unselected package libflac12t64:amd64.
portable	UNKNOWN STEP	2026-10-01T08:01:38.6990707Z Preparing to unpack .../058-libflac12t64_1.4.3+ds-2.1ubuntu2_amd64.deb ...
portable	UNKNOWN STEP	2026-10-01T08:01:38.6996685Z Unpacking libflac12t64:amd64 (1.4.3+ds-2.1ubuntu2) ...
portable	UNKNOWN STEP	2026-10-01T08:01:38.7176379Z Selecting previously unselected package libsndfile1:amd64.
portable	UNKNOWN STEP	2026-10-01T08:01:38.7271211Z Preparing to unpack .../059-libsndfile1_1.2.2-1ubuntu5.24.04.1_amd64.deb ...
portable	UNKNOWN STEP	2026-10-01T08:01:38.7277702Z Unpacking libsndfile1:amd64 (1.2.2-1ubuntu5.24.04.1) ...
portable	UNKNOWN STEP	2026-10-01T08:01:38.7470658Z Selecting previously unselected package libpulse0:amd64.
portable	UNKNOWN STEP	2026-10-01T08:01:38.7564510Z Preparing to unpack .../060-libpulse0_1%3a16.1+dfsg1-2ubuntu10.1_amd64.deb ...
portable	UNKNOWN STEP	2026-10-01T08:01:38.7619190Z Unpacking libpulse0:amd64 (1:16.1+dfsg1-2ubuntu10.1) ...
portable	UNKNOWN STEP	2026-10-01T08:01:38.7962001Z Selecting previously unselected package libsphinxbase3t64:amd64.
portable	UNKNOWN STEP	2026-10-01T08:01:38.8055920Z Preparing to unpack .../061-libsphinxbase3t64_0.8+5prealpha+1-17build2_amd64.deb ...
portable	UNKNOWN STEP	2026-10-01T08:01:38.8062494Z Unpacking libsphinxbase3t64:amd64 (0.8+5prealpha+1-17build2) ...
portable	UNKNOWN STEP	2026-10-01T08:01:38.8238720Z Selecting previously unselected package libpocketsphinx3:amd64.
portable	UNKNOWN STEP	2026-10-01T08:01:38.8331850Z Preparing to unpack .../062-libpocketsphinx3_0.8.0+real5prealpha+1-15ubuntu5_amd64.deb ...
portable	UNKNOWN STEP	2026-10-01T08:01:38.8338058Z Unpacking libpocketsphinx3:amd64 (0.8.0+real5prealpha+1-15ubuntu5) ...
portable	UNKNOWN STEP	2026-10-01T08:01:38.8511759Z Selecting previously unselected package libpostproc57:amd64.
portable	UNKNOWN STEP	2026-10-01T08:01:38.8604379Z Preparing to unpack .../063-libpostproc57_7%3a6.1.1-3ubuntu5_amd64.deb ...
portable	UNKNOWN STEP	2026-10-01T08:01:38.8610608Z Unpacking libpostproc57:amd64 (7:6.1.1-3ubuntu5) ...
portable	UNKNOWN STEP	2026-10-01T08:01:38.8778781Z Selecting previously unselected package libsamplerate0:amd64.
portable	UNKNOWN STEP	2026-10-01T08:01:38.8869644Z Preparing to unpack .../064-libsamplerate0_0.2.2-4build1_amd64.deb ...
portable	UNKNOWN STEP	2026-10-01T08:01:38.8876035Z Unpacking libsamplerate0:amd64 (0.2.2-4build1) ...
portable	UNKNOWN STEP	2026-10-01T08:01:38.9073709Z Selecting previously unselected package librubberband2:amd64.
portable	UNKNOWN STEP	2026-10-01T08:01:38.9166213Z Preparing to unpack .../065-librubberband2_3.3.0+dfsg-2build1_amd64.deb ...
portable	UNKNOWN STEP	2026-10-01T08:01:38.9173282Z Unpacking librubberband2:amd64 (3.3.0+dfsg-2build1) ...
portable	UNKNOWN STEP	2026-10-01T08:01:38.9345832Z Selecting previously unselected package libswscale7:amd64.
portable	UNKNOWN STEP	2026-10-01T08:01:38.9438305Z Preparing to unpack .../066-libswscale7_7%3a6.1.1-3ubuntu5_amd64.deb ...
portable	UNKNOWN STEP	2026-10-01T08:01:38.9464269Z Unpacking libswscale7:amd64 (7:6.1.1-3ubuntu5) ...
portable	UNKNOWN STEP	2026-10-01T08:01:38.9683200Z Selecting previously unselected package libvidstab1.1:amd64.
portable	UNKNOWN STEP	2026-10-01T08:01:38.9774060Z Preparing to unpack .../067-libvidstab1.1_1.1.0-2build1_amd64.deb ...
portable	UNKNOWN STEP	2026-10-01T08:01:38.9780692Z Unpacking libvidstab1.1:amd64 (1.1.0-2build1) ...
portable	UNKNOWN STEP	2026-10-01T08:01:38.9940757Z Selecting previously unselected package libzimg2:amd64.
portable	UNKNOWN STEP	2026-10-01T08:01:39.0030648Z Preparing to unpack .../068-libzimg2_3.0.5+ds1-1build1_amd64.deb ...
portable	UNKNOWN STEP	2026-10-01T08:01:39.0036017Z Unpacking libzimg2:amd64 (3.0.5+ds1-1build1) ...
portable	UNKNOWN STEP	2026-10-01T08:01:39.0220714Z Selecting previously unselected package libavfilter9:amd64.
portable	UNKNOWN STEP	2026-10-01T08:01:39.0310097Z Preparing to unpack .../069-libavfilter9_7%3a6.1.1-3ubuntu5_amd64.deb ...
portable	UNKNOWN STEP	2026-10-01T08:01:39.0315757Z Unpacking libavfilter9:amd64 (7:6.1.1-3ubuntu5) ...
portable	UNKNOWN STEP	2026-10-01T08:01:39.1647222Z Selecting previously unselected package libbrotli-dev:amd64.
portable	UNKNOWN STEP	2026-10-01T08:01:39.1743603Z Preparing to unpack .../070-libbrotli-dev_1.1.0-2build2_amd64.deb ...
portable	UNKNOWN STEP	2026-10-01T08:01:39.1749831Z Unpacking libbrotli-dev:amd64 (1.1.0-2build2) ...
portable	UNKNOWN STEP	2026-10-01T08:01:39.1969881Z Selecting previously unselected package libbz2-dev:amd64.
portable	UNKNOWN STEP	2026-10-01T08:01:39.2066254Z Preparing to unpack .../071-libbz2-dev_1.0.8-5.1ubuntu0.1_amd64.deb ...
portable	UNKNOWN STEP	2026-10-01T08:01:39.2072426Z Unpacking libbz2-dev:amd64 (1.0.8-5.1ubuntu0.1) ...
portable	UNKNOWN STEP	2026-10-01T08:01:39.2333412Z Preparing to unpack .../072-libgl1-mesa-dri_25.2.8-0ubuntu0.24.04.3_amd64.deb ...
portable	UNKNOWN STEP	2026-10-01T08:01:39.2447118Z Unpacking libgl1-mesa-dri:amd64 (25.2.8-0ubuntu0.24.04.3) over (25.2.8-0ubuntu0.24.04.2) ...
portable	UNKNOWN STEP	2026-10-01T08:01:39.2764606Z Selecting previously unselected package libwayland-server0:amd64.
portable	UNKNOWN STEP	2026-10-01T08:01:39.2856144Z Preparing to unpack .../073-libwayland-server0_1.22.0-2.1build1_amd64.deb ...
portable	UNKNOWN STEP	2026-10-01T08:01:39.2862280Z Unpacking libwayland-server0:amd64 (1.22.0-2.1build1) ...
portable	UNKNOWN STEP	2026-10-01T08:01:39.3245728Z Preparing to unpack .../074-libglx-mesa0_25.2.8-0ubuntu0.24.04.3_amd64.deb ...
portable	UNKNOWN STEP	2026-10-01T08:01:39.3464921Z Unpacking libglx-mesa0:amd64 (25.2.8-0ubuntu0.24.04.3) over (25.2.8-0ubuntu0.24.04.2) ...
portable	UNKNOWN STEP	2026-10-01T08:01:39.3749023Z Preparing to unpack .../075-libgbm1_25.2.8-0ubuntu0.24.04.3_amd64.deb ...
portable	UNKNOWN STEP	2026-10-01T08:01:39.3767342Z Unpacking libgbm1:amd64 (25.2.8-0ubuntu0.24.04.3) over (25.2.8-0ubuntu0.24.04.2) ...
portable	UNKNOWN STEP	2026-10-01T08:01:39.4052127Z Preparing to unpack .../076-mesa-libgallium_25.2.8-0ubuntu0.24.04.3_amd64.deb ...
portable	UNKNOWN STEP	2026-10-01T08:01:39.4070727Z Unpacking mesa-libgallium:amd64 (25.2.8-0ubuntu0.24.04.3) over (25.2.8-0ubuntu0.24.04.2) ...
portable	UNKNOWN STEP	2026-10-01T08:01:39.7406765Z Selecting previously unselected package libegl-mesa0:amd64.
portable	UNKNOWN STEP	2026-10-01T08:01:39.7507178Z Preparing to unpack .../077-libegl-mesa0_25.2.8-0ubuntu0.24.04.3_amd64.deb ...
portable	UNKNOWN STEP	2026-10-01T08:01:39.9057288Z Unpacking libegl-mesa0:amd64 (25.2.8-0ubuntu0.24.04.3) ...
portable	UNKNOWN STEP	2026-10-01T08:01:40.1858838Z Selecting previously unselected package libpng-dev:amd64.
portable	UNKNOWN STEP	2026-10-01T08:01:40.1955075Z Preparing to unpack .../078-libpng-dev_1.6.43-5ubuntu0.6_amd64.deb ...
portable	UNKNOWN STEP	2026-10-01T08:01:40.1961534Z Unpacking libpng-dev:amd64 (1.6.43-5ubuntu0.6) ...
portable	UNKNOWN STEP	2026-10-01T08:01:40.2549466Z Selecting previously unselected package libfreetype-dev:amd64.
portable	UNKNOWN STEP	2026-10-01T08:01:40.2643333Z Preparing to unpack .../079-libfreetype-dev_2.13.2+dfsg-1ubuntu0.1_amd64.deb ...
portable	UNKNOWN STEP	2026-10-01T08:01:40.2649141Z Unpacking libfreetype-dev:amd64 (2.13.2+dfsg-1ubuntu0.1) ...
portable	UNKNOWN STEP	2026-10-01T08:01:40.2889639Z Selecting previously unselected package uuid-dev:amd64.
portable	UNKNOWN STEP	2026-10-01T08:01:40.2982636Z Preparing to unpack .../080-uuid-dev_2.39.3-9ubuntu6.6_amd64.deb ...
portable	UNKNOWN STEP	2026-10-01T08:01:40.2988454Z Unpacking uuid-dev:amd64 (2.39.3-9ubuntu6.6) ...
portable	UNKNOWN STEP	2026-10-01T08:01:40.3253023Z Selecting previously unselected package libfontconfig-dev:amd64.
portable	UNKNOWN STEP	2026-10-01T08:01:40.3344564Z Preparing to unpack .../081-libfontconfig-dev_2.15.0-1.1ubuntu2_amd64.deb ...
portable	UNKNOWN STEP	2026-10-01T08:01:40.3350036Z Unpacking libfontconfig-dev:amd64 (2.15.0-1.1ubuntu2) ...
portable	UNKNOWN STEP	2026-10-01T08:01:40.3535841Z Selecting previously unselected package libfontconfig1-dev:amd64.
portable	UNKNOWN STEP	2026-10-01T08:01:40.3627458Z Preparing to unpack .../082-libfontconfig1-dev_2.15.0-1.1ubuntu2_amd64.deb ...
portable	UNKNOWN STEP	2026-10-01T08:01:40.3632798Z Unpacking libfontconfig1-dev:amd64 (2.15.0-1.1ubuntu2) ...
portable	UNKNOWN STEP	2026-10-01T08:01:40.3792136Z Selecting previously unselected package libwinpr2-2t64:amd64.
portable	UNKNOWN STEP	2026-10-01T08:01:40.3882164Z Preparing to unpack .../083-libwinpr2-2t64_2.11.5+dfsg1-1build2_amd64.deb ...
portable	UNKNOWN STEP	2026-10-01T08:01:40.3888278Z Unpacking libwinpr2-2t64:amd64 (2.11.5+dfsg1-1build2) ...
portable	UNKNOWN STEP	2026-10-01T08:01:40.4086127Z Selecting previously unselected package libfreerdp2-2t64:amd64.
portable	UNKNOWN STEP	2026-10-01T08:01:40.4175898Z Preparing to unpack .../084-libfreerdp2-2t64_2.11.5+dfsg1-1build2_amd64.deb ...
portable	UNKNOWN STEP	2026-10-01T08:01:40.4181474Z Unpacking libfreerdp2-2t64:amd64 (2.11.5+dfsg1-1build2) ...
portable	UNKNOWN STEP	2026-10-01T08:01:40.4387732Z Selecting previously unselected package libfreerdp-server2-2t64:amd64.
portable	UNKNOWN STEP	2026-10-01T08:01:40.4478850Z Preparing to unpack .../085-libfreerdp-server2-2t64_2.11.5+dfsg1-1build2_amd64.deb ...
portable	UNKNOWN STEP	2026-10-01T08:01:40.4485443Z Unpacking libfreerdp-server2-2t64:amd64 (2.11.5+dfsg1-1build2) ...
portable	UNKNOWN STEP	2026-10-01T08:01:40.4662197Z Selecting previously unselected package liborc-0.4-0t64:amd64.
portable	UNKNOWN STEP	2026-10-01T08:01:40.4753331Z Preparing to unpack .../086-liborc-0.4-0t64_1%3a0.4.38-1ubuntu0.1_amd64.deb ...
portable	UNKNOWN STEP	2026-10-01T08:01:40.4848404Z Unpacking liborc-0.4-0t64:amd64 (1:0.4.38-1ubuntu0.1) ...
portable	UNKNOWN STEP	2026-10-01T08:01:40.5037257Z Selecting previously unselected package libgstreamer-plugins-base1.0-0:amd64.
portable	UNKNOWN STEP	2026-10-01T08:01:40.5125919Z Preparing to unpack .../087-libgstreamer-plugins-base1.0-0_1.24.2-1ubuntu0.5_amd64.deb ...
portable	UNKNOWN STEP	2026-10-01T08:01:40.5131446Z Unpacking libgstreamer-plugins-base1.0-0:amd64 (1.24.2-1ubuntu0.5) ...
portable	UNKNOWN STEP	2026-10-01T08:01:40.5368576Z Selecting previously unselected package libwacom-common.
portable	UNKNOWN STEP	2026-10-01T08:01:40.5459218Z Preparing to unpack .../088-libwacom-common_2.10.0-2_all.deb ...
portable	UNKNOWN STEP	2026-10-01T08:01:40.5464281Z Unpacking libwacom-common (2.10.0-2) ...
portable	UNKNOWN STEP	2026-10-01T08:01:40.6078144Z Selecting previously unselected package libwacom9:amd64.
portable	UNKNOWN STEP	2026-10-01T08:01:40.6168877Z Preparing to unpack .../089-libwacom9_2.10.0-2_amd64.deb ...
portable	UNKNOWN STEP	2026-10-01T08:01:40.6174149Z Unpacking libwacom9:amd64 (2.10.0-2) ...
portable	UNKNOWN STEP	2026-10-01T08:01:40.6470189Z Selecting previously unselected package libinput-bin.
portable	UNKNOWN STEP	2026-10-01T08:01:40.6558766Z Preparing to unpack .../090-libinput-bin_1.25.0-1ubuntu3.7_amd64.deb ...
portable	UNKNOWN STEP	2026-10-01T08:01:40.6565996Z Unpacking libinput-bin (1.25.0-1ubuntu3.7) ...
portable	UNKNOWN STEP	2026-10-01T08:01:40.6771637Z Selecting previously unselected package libmtdev1t64:amd64.
portable	UNKNOWN STEP	2026-10-01T08:01:40.6859879Z Preparing to unpack .../091-libmtdev1t64_1.1.6-1.1build1_amd64.deb ...
portable	UNKNOWN STEP	2026-10-01T08:01:40.6865090Z Unpacking libmtdev1t64:amd64 (1.1.6-1.1build1) ...
portable	UNKNOWN STEP	2026-10-01T08:01:40.7069304Z Selecting previously unselected package libinput10:amd64.
portable	UNKNOWN STEP	2026-10-01T08:01:40.7158067Z Preparing to unpack .../092-libinput10_1.25.0-1ubuntu3.7_amd64.deb ...
portable	UNKNOWN STEP	2026-10-01T08:01:40.7163679Z Unpacking libinput10:amd64 (1.25.0-1ubuntu3.7) ...
portable	UNKNOWN STEP	2026-10-01T08:01:40.7353877Z Selecting previously unselected package libturbojpeg:amd64.
portable	UNKNOWN STEP	2026-10-01T08:01:40.7444191Z Preparing to unpack .../093-libturbojpeg_1%3a2.1.5-2ubuntu2_amd64.deb ...
portable	UNKNOWN STEP	2026-10-01T08:01:40.7450799Z Unpacking libturbojpeg:amd64 (1:2.1.5-2ubuntu2) ...
portable	UNKNOWN STEP	2026-10-01T08:01:40.7630145Z Selecting previously unselected package libneatvnc0:amd64.
portable	UNKNOWN STEP	2026-10-01T08:01:40.7717931Z Preparing to unpack .../094-libneatvnc0_0.7.1+dfsg-2build3_amd64.deb ...
portable	UNKNOWN STEP	2026-10-01T08:01:40.7723435Z Unpacking libneatvnc0:amd64 (0.7.1+dfsg-2build3) ...
portable	UNKNOWN STEP	2026-10-01T08:01:40.7885542Z Selecting previously unselected package libwebrtc-audio-processing1:amd64.
portable	UNKNOWN STEP	2026-10-01T08:01:40.7976464Z Preparing to unpack .../095-libwebrtc-audio-processing1_0.3.1-0ubuntu6_amd64.deb ...
portable	UNKNOWN STEP	2026-10-01T08:01:40.8065185Z Unpacking libwebrtc-audio-processing1:amd64 (0.3.1-0ubuntu6) ...
portable	UNKNOWN STEP	2026-10-01T08:01:40.8232448Z Selecting previously unselected package libspa-0.2-modules:amd64.
portable	UNKNOWN STEP	2026-10-01T08:01:40.8321467Z Preparing to unpack .../096-libspa-0.2-modules_1.0.5-1ubuntu3.3_amd64.deb ...
portable	UNKNOWN STEP	2026-10-01T08:01:40.8328123Z Unpacking libspa-0.2-modules:amd64 (1.0.5-1ubuntu3.3) ...
portable	UNKNOWN STEP	2026-10-01T08:01:40.8592932Z Selecting previously unselected package libpipewire-0.3-0t64:amd64.
portable	UNKNOWN STEP	2026-10-01T08:01:40.8682535Z Preparing to unpack .../097-libpipewire-0.3-0t64_1.0.5-1ubuntu3.3_amd64.deb ...
portable	UNKNOWN STEP	2026-10-01T08:01:40.8688338Z Unpacking libpipewire-0.3-0t64:amd64 (1.0.5-1ubuntu3.3) ...
portable	UNKNOWN STEP	2026-10-01T08:01:40.8864443Z Selecting previously unselected package libpthread-stubs0-dev:amd64.
portable	UNKNOWN STEP	2026-10-01T08:01:40.8953760Z Preparing to unpack .../098-libpthread-stubs0-dev_0.4-1build3_amd64.deb ...
portable	UNKNOWN STEP	2026-10-01T08:01:40.8959268Z Unpacking libpthread-stubs0-dev:amd64 (0.4-1build3) ...
portable	UNKNOWN STEP	2026-10-01T08:01:40.9116518Z Selecting previously unselected package libseat1:amd64.
portable	UNKNOWN STEP	2026-10-01T08:01:40.9205902Z Preparing to unpack .../099-libseat1_0.8.0-1_amd64.deb ...
portable	UNKNOWN STEP	2026-10-01T08:01:40.9211789Z Unpacking libseat1:amd64 (0.8.0-1) ...
portable	UNKNOWN STEP	2026-10-01T08:01:40.9374706Z Selecting previously unselected package libegl1:amd64.
portable	UNKNOWN STEP	2026-10-01T08:01:40.9463182Z Preparing to unpack .../100-libegl1_1.7.0-1build1_amd64.deb ...
portable	UNKNOWN STEP	2026-10-01T08:01:40.9468956Z Unpacking libegl1:amd64 (1.7.0-1build1) ...
portable	UNKNOWN STEP	2026-10-01T08:01:40.9794369Z Selecting previously unselected package libgles2:amd64.
portable	UNKNOWN STEP	2026-10-01T08:01:40.9885268Z Preparing to unpack .../101-libgles2_1.7.0-1build1_amd64.deb ...
portable	UNKNOWN STEP	2026-10-01T08:01:40.9891066Z Unpacking libgles2:amd64 (1.7.0-1build1) ...
portable	UNKNOWN STEP	2026-10-01T08:01:41.0061789Z Selecting previously unselected package libxcb-composite0:amd64.
portable	UNKNOWN STEP	2026-10-01T08:01:41.0151654Z Preparing to unpack .../102-libxcb-composite0_1.15-1ubuntu2_amd64.deb ...
portable	UNKNOWN STEP	2026-10-01T08:01:41.0157167Z Unpacking libxcb-composite0:amd64 (1.15-1ubuntu2) ...
portable	UNKNOWN STEP	2026-10-01T08:01:41.0322101Z Selecting previously unselected package libxcb-xkb1:amd64.
portable	UNKNOWN STEP	2026-10-01T08:01:41.0412579Z Preparing to unpack .../103-libxcb-xkb1_1.15-1ubuntu2_amd64.deb ...
portable	UNKNOWN STEP	2026-10-01T08:01:41.0418553Z Unpacking libxcb-xkb1:amd64 (1.15-1ubuntu2) ...
portable	UNKNOWN STEP	2026-10-01T08:01:41.0610139Z Selecting previously unselected package libweston-13-0:amd64.
portable	UNKNOWN STEP	2026-10-01T08:01:41.0700665Z Preparing to unpack .../104-libweston-13-0_13.0.0-4build3_amd64.deb ...
portable	UNKNOWN STEP	2026-10-01T08:01:41.0706610Z Unpacking libweston-13-0:amd64 (13.0.0-4build3) ...
portable	UNKNOWN STEP	2026-10-01T08:01:41.0903132Z Selecting previously unselected package xorg-sgml-doctools.
portable	UNKNOWN STEP	2026-10-01T08:01:41.0993690Z Preparing to unpack .../105-xorg-sgml-doctools_1%3a1.11-1.1_all.deb ...
portable	UNKNOWN STEP	2026-10-01T08:01:41.0998762Z Unpacking xorg-sgml-doctools (1:1.11-1.1) ...
portable	UNKNOWN STEP	2026-10-01T08:01:41.1293760Z Selecting previously unselected package x11proto-dev.
portable	UNKNOWN STEP	2026-10-01T08:01:41.1384181Z Preparing to unpack .../106-x11proto-dev_2023.2-1_all.deb ...
portable	UNKNOWN STEP	2026-10-01T08:01:41.1389571Z Unpacking x11proto-dev (2023.2-1) ...
portable	UNKNOWN STEP	2026-10-01T08:01:41.1732114Z Selecting previously unselected package libxau-dev:amd64.
portable	UNKNOWN STEP	2026-10-01T08:01:41.1821799Z Preparing to unpack .../107-libxau-dev_1%3a1.0.9-1build6_amd64.deb ...
portable	UNKNOWN STEP	2026-10-01T08:01:41.1827220Z Unpacking libxau-dev:amd64 (1:1.0.9-1build6) ...
portable	UNKNOWN STEP	2026-10-01T08:01:41.1987158Z Selecting previously unselected package libxdmcp-dev:amd64.
portable	UNKNOWN STEP	2026-10-01T08:01:41.2077965Z Preparing to unpack .../108-libxdmcp-dev_1%3a1.1.3-0ubuntu6_amd64.deb ...
portable	UNKNOWN STEP	2026-10-01T08:01:41.2083111Z Unpacking libxdmcp-dev:amd64 (1:1.1.3-0ubuntu6) ...
portable	UNKNOWN STEP	2026-10-01T08:01:41.2242237Z Selecting previously unselected package xtrans-dev.
portable	UNKNOWN STEP	2026-10-01T08:01:41.2332454Z Preparing to unpack .../109-xtrans-dev_1.4.0-1_all.deb ...
portable	UNKNOWN STEP	2026-10-01T08:01:41.2337494Z Unpacking xtrans-dev (1.4.0-1) ...
portable	UNKNOWN STEP	2026-10-01T08:01:41.2523305Z Selecting previously unselected package libxcb1-dev:amd64.
portable	UNKNOWN STEP	2026-10-01T08:01:41.2613648Z Preparing to unpack .../110-libxcb1-dev_1.15-1ubuntu2_amd64.deb ...
portable	UNKNOWN STEP	2026-10-01T08:01:41.2618525Z Unpacking libxcb1-dev:amd64 (1.15-1ubuntu2) ...
portable	UNKNOWN STEP	2026-10-01T08:01:41.2916949Z Selecting previously unselected package libx11-dev:amd64.
portable	UNKNOWN STEP	2026-10-01T08:01:41.3007581Z Preparing to unpack .../111-libx11-dev_2%3a1.8.7-1build1_amd64.deb ...
portable	UNKNOWN STEP	2026-10-01T08:01:41.3012914Z Unpacking libx11-dev:amd64 (2:1.8.7-1build1) ...
portable	UNKNOWN STEP	2026-10-01T08:01:41.3253006Z Selecting previously unselected package libx11-xcb-dev:amd64.
portable	UNKNOWN STEP	2026-10-01T08:01:41.3345083Z Preparing to unpack .../112-libx11-xcb-dev_2%3a1.8.7-1build1_amd64.deb ...
portable	UNKNOWN STEP	2026-10-01T08:01:41.3350630Z Unpacking libx11-xcb-dev:amd64 (2:1.8.7-1build1) ...
portable	UNKNOWN STEP	2026-10-01T08:01:41.3511373Z Selecting previously unselected package libxcb-xkb-dev:amd64.
portable	UNKNOWN STEP	2026-10-01T08:01:41.3602936Z Preparing to unpack .../113-libxcb-xkb-dev_1.15-1ubuntu2_amd64.deb ...
portable	UNKNOWN STEP	2026-10-01T08:01:41.3608319Z Unpacking libxcb-xkb-dev:amd64 (1.15-1ubuntu2) ...
portable	UNKNOWN STEP	2026-10-01T08:01:41.3777375Z Selecting previously unselected package libxkbcommon-dev:amd64.
portable	UNKNOWN STEP	2026-10-01T08:01:41.3867310Z Preparing to unpack .../114-libxkbcommon-dev_1.6.0-1build1_amd64.deb ...
portable	UNKNOWN STEP	2026-10-01T08:01:41.3872538Z Unpacking libxkbcommon-dev:amd64 (1.6.0-1build1) ...
portable	UNKNOWN STEP	2026-10-01T08:01:41.4053848Z Selecting previously unselected package libxkbcommon-x11-0:amd64.
portable	UNKNOWN STEP	2026-10-01T08:01:41.4145163Z Preparing to unpack .../115-libxkbcommon-x11-0_1.6.0-1build1_amd64.deb ...
portable	UNKNOWN STEP	2026-10-01T08:01:41.4150848Z Unpacking libxkbcommon-x11-0:amd64 (1.6.0-1build1) ...
portable	UNKNOWN STEP	2026-10-01T08:01:41.4337037Z Selecting previously unselected package mesa-vulkan-drivers:amd64.
portable	UNKNOWN STEP	2026-10-01T08:01:41.4427441Z Preparing to unpack .../116-mesa-vulkan-drivers_25.2.8-0ubuntu0.24.04.3_amd64.deb ...
portable	UNKNOWN STEP	2026-10-01T08:01:41.4433712Z Unpacking mesa-vulkan-drivers:amd64 (25.2.8-0ubuntu0.24.04.3) ...
portable	UNKNOWN STEP	2026-10-01T08:01:42.0068106Z Selecting previously unselected package weston.
portable	UNKNOWN STEP	2026-10-01T08:01:42.0166200Z Preparing to unpack .../117-weston_13.0.0-4build3_amd64.deb ...
portable	UNKNOWN STEP	2026-10-01T08:01:42.0172035Z Unpacking weston (13.0.0-4build3) ...
portable	UNKNOWN STEP	2026-10-01T08:01:42.0853120Z Selecting previously unselected package libwayland-bin.
portable	UNKNOWN STEP	2026-10-01T08:01:42.0950098Z Preparing to unpack .../118-libwayland-bin_1.22.0-2.1build1_amd64.deb ...
portable	UNKNOWN STEP	2026-10-01T08:01:42.0955202Z Unpacking libwayland-bin (1.22.0-2.1build1) ...
portable	UNKNOWN STEP	2026-10-01T08:01:42.1118734Z Selecting previously unselected package libwayland-dev:amd64.
portable	UNKNOWN STEP	2026-10-01T08:01:42.1211825Z Preparing to unpack .../119-libwayland-dev_1.22.0-2.1build1_amd64.deb ...
portable	UNKNOWN STEP	2026-10-01T08:01:42.1217388Z Unpacking libwayland-dev:amd64 (1.22.0-2.1build1) ...
portable	UNKNOWN STEP	2026-10-01T08:01:42.1401371Z Selecting previously unselected package libxkbcommon-x11-dev:amd64.
portable	UNKNOWN STEP	2026-10-01T08:01:42.1494136Z Preparing to unpack .../120-libxkbcommon-x11-dev_1.6.0-1build1_amd64.deb ...
portable	UNKNOWN STEP	2026-10-01T08:01:42.1499519Z Unpacking libxkbcommon-x11-dev:amd64 (1.6.0-1build1) ...
portable	UNKNOWN STEP	2026-10-01T08:01:42.1958152Z Setting up libgme0:amd64 (0.6.3-7build1) ...
portable	UNKNOWN STEP	2026-10-01T08:01:42.1977469Z Setting up libchromaprint1:amd64 (1.5.1-5) ...
portable	UNKNOWN STEP	2026-10-01T08:01:42.1992405Z Setting up libssh-gcrypt-4:amd64 (0.10.6-2ubuntu0.5) ...
portable	UNKNOWN STEP	2026-10-01T08:01:42.2009959Z Setting up libhwy1t64:amd64 (1.0.7-8.1build1) ...
portable	UNKNOWN STEP	2026-10-01T08:01:42.2023882Z Setting up mesa-vulkan-drivers:amd64 (25.2.8-0ubuntu0.24.04.3) ...
portable	UNKNOWN STEP	2026-10-01T08:01:42.2040095Z Setting up libudfread0:amd64 (1.1.2-1build1) ...
portable	UNKNOWN STEP	2026-10-01T08:01:42.2054989Z Setting up libwayland-server0:amd64 (1.22.0-2.1build1) ...
portable	UNKNOWN STEP	2026-10-01T08:01:42.2068355Z Setting up mesa-libgallium:amd64 (25.2.8-0ubuntu0.24.04.3) ...
portable	UNKNOWN STEP	2026-10-01T08:01:42.2085012Z Setting up libspeex1:amd64 (1.2.1-2ubuntu2.24.04.1) ...
portable	UNKNOWN STEP	2026-10-01T08:01:42.2099431Z Setting up libshine3:amd64 (3.1.1-2build1) ...
portable	UNKNOWN STEP	2026-10-01T08:01:42.2120150Z Setting up libvpl2 (2023.3.0-1build1) ...
portable	UNKNOWN STEP	2026-10-01T08:01:42.2140953Z Setting up libx264-164:amd64 (2:0.164.3108+git31e19f9-1) ...
portable	UNKNOWN STEP	2026-10-01T08:01:42.2156923Z Setting up libtwolame0:amd64 (0.4.0-2build3) ...
portable	UNKNOWN STEP	2026-10-01T08:01:42.2333846Z Setting up libmbedcrypto7t64:amd64 (2.28.8-1) ...
portable	UNKNOWN STEP	2026-10-01T08:01:42.2350549Z Setting up libgbm1:amd64 (25.2.8-0ubuntu0.24.04.3) ...
portable	UNKNOWN STEP	2026-10-01T08:01:42.2364597Z Setting up libgsm1:amd64 (1.0.22-1build1) ...
portable	UNKNOWN STEP	2026-10-01T08:01:42.2377688Z Setting up libaml0t64:amd64 (0.3.0-1.1build1) ...
portable	UNKNOWN STEP	2026-10-01T08:01:42.2393613Z Setting up libsoxr0:amd64 (0.1.3-4build3) ...
portable	UNKNOWN STEP	2026-10-01T08:01:42.2408419Z Setting up libzix-0-0:amd64 (0.4.2-2build1) ...
portable	UNKNOWN STEP	2026-10-01T08:01:42.2426964Z Setting up libcodec2-1.2:amd64 (1.2.0-2build1) ...
portable	UNKNOWN STEP	2026-10-01T08:01:42.2440948Z Setting up libwinpr2-2t64:amd64 (2.11.5+dfsg1-1build2) ...
portable	UNKNOWN STEP	2026-10-01T08:01:42.2454808Z Setting up libxkbcommon-dev:amd64 (1.6.0-1build1) ...
portable	UNKNOWN STEP	2026-10-01T08:01:42.2471207Z Setting up libgl1-mesa-dri:amd64 (25.2.8-0ubuntu0.24.04.3) ...
portable	UNKNOWN STEP	2026-10-01T08:01:42.2527147Z Setting up libpng-dev:amd64 (1.6.43-5ubuntu0.6) ...
portable	UNKNOWN STEP	2026-10-01T08:01:42.2540706Z Setting up libmysofa1:amd64 (1.3.2+dfsg-2ubuntu2) ...
portable	UNKNOWN STEP	2026-10-01T08:01:42.2559684Z Setting up libwebrtc-audio-processing1:amd64 (0.3.1-0ubuntu6) ...
portable	UNKNOWN STEP	2026-10-01T08:01:42.2574324Z Setting up libsvtav1enc1d1:amd64 (1.7.0+dfsg-2build1) ...
portable	UNKNOWN STEP	2026-10-01T08:01:42.2590981Z Setting up libmpg123-0t64:amd64 (1.32.5-1ubuntu1.1) ...
portable	UNKNOWN STEP	2026-10-01T08:01:42.2605410Z Setting up libcjson1:amd64 (1.7.17-1) ...
portable	UNKNOWN STEP	2026-10-01T08:01:42.2620746Z Setting up libxvidcore4:amd64 (2:1.3.7-1build1) ...
portable	UNKNOWN STEP	2026-10-01T08:01:42.2637382Z Setting up libpthread-stubs0-dev:amd64 (0.4-1build3) ...
portable	UNKNOWN STEP	2026-10-01T08:01:42.2652111Z Setting up librav1e0:amd64 (0.7.1-2) ...
portable	UNKNOWN STEP	2026-10-01T08:01:42.2667692Z Setting up liborc-0.4-0t64:amd64 (1:0.4.38-1ubuntu0.1) ...
portable	UNKNOWN STEP	2026-10-01T08:01:42.2681478Z Setting up libxcb-xkb1:amd64 (1.15-1ubuntu2) ...
portable	UNKNOWN STEP	2026-10-01T08:01:42.2695523Z Setting up librist4:amd64 (0.2.10+dfsg-2) ...
portable	UNKNOWN STEP	2026-10-01T08:01:42.2712677Z Setting up librsvg2-2:amd64 (2.58.0+dfsg-1build1) ...
portable	UNKNOWN STEP	2026-10-01T08:01:42.2728685Z Setting up xtrans-dev (1.4.0-1) ...
portable	UNKNOWN STEP	2026-10-01T08:01:42.2742783Z Setting up libwayland-bin (1.22.0-2.1build1) ...
portable	UNKNOWN STEP	2026-10-01T08:01:42.2762145Z Setting up libblas3:amd64 (3.12.0-3build1.1) ...
portable	UNKNOWN STEP	2026-10-01T08:01:42.2806111Z update-alternatives: using /usr/lib/x86_64-linux-gnu/blas/libblas.so.3 to provide /usr/lib/x86_64-linux-gnu/libblas.so.3 (libblas.so.3-x86_64-linux-gnu) in auto mode
portable	UNKNOWN STEP	2026-10-01T08:01:42.2819889Z Setting up libegl-mesa0:amd64 (25.2.8-0ubuntu0.24.04.3) ...
portable	UNKNOWN STEP	2026-10-01T08:01:42.2836453Z Setting up libplacebo338:amd64 (6.338.2-2build1) ...
portable	UNKNOWN STEP	2026-10-01T08:01:42.2850833Z Setting up libgles2:amd64 (1.7.0-1build1) ...
portable	UNKNOWN STEP	2026-10-01T08:01:42.2868403Z Setting up libva2:amd64 (2.20.0-2ubuntu0.2) ...
portable	UNKNOWN STEP	2026-10-01T08:01:42.2883589Z Setting up libspa-0.2-modules:amd64 (1.0.5-1ubuntu3.3) ...
portable	UNKNOWN STEP	2026-10-01T08:01:42.2898723Z Setting up uuid-dev:amd64 (2.39.3-9ubuntu6.6) ...
portable	UNKNOWN STEP	2026-10-01T08:01:42.2915896Z Setting up libopus0:amd64 (1.4-1build1) ...
portable	UNKNOWN STEP	2026-10-01T08:01:42.2933717Z Setting up libxkbcommon-x11-0:amd64 (1.6.0-1build1) ...
portable	UNKNOWN STEP	2026-10-01T08:01:42.2948102Z Setting up libunibreak5:amd64 (5.1-2build1) ...
portable	UNKNOWN STEP	2026-10-01T08:01:42.2964535Z Setting up libjxl0.7:amd64 (0.7.0-10.2ubuntu6.1) ...
portable	UNKNOWN STEP	2026-10-01T08:01:42.2979222Z Setting up libx265-199:amd64 (3.5-2build1) ...
portable	UNKNOWN STEP	2026-10-01T08:01:42.2994388Z Setting up libturbojpeg:amd64 (1:2.1.5-2ubuntu2) ...
portable	UNKNOWN STEP	2026-10-01T08:01:42.3014248Z Setting up libvidstab1.1:amd64 (1.1.0-2build1) ...
portable	UNKNOWN STEP	2026-10-01T08:01:42.3028799Z Setting up libvpx9:amd64 (1.14.0-1ubuntu2.3) ...
portable	UNKNOWN STEP	2026-10-01T08:01:42.3043588Z Setting up libsrt1.5-gnutls:amd64 (1.5.3-1build2) ...
portable	UNKNOWN STEP	2026-10-01T08:01:42.3062456Z Setting up libxcb-composite0:amd64 (1.15-1ubuntu2) ...
portable	UNKNOWN STEP	2026-10-01T08:01:42.3077098Z Setting up libflite1:amd64 (2.2-6build3) ...
portable	UNKNOWN STEP	2026-10-01T08:01:42.3093750Z Setting up libdav1d7:amd64 (1.4.1-1build1) ...
portable	UNKNOWN STEP	2026-10-01T08:01:42.3108242Z Setting up libmtdev1t64:amd64 (1.1.6-1.1build1) ...
portable	UNKNOWN STEP	2026-10-01T08:01:42.3122656Z Setting up libva-drm2:amd64 (2.20.0-2ubuntu0.2) ...
portable	UNKNOWN STEP	2026-10-01T08:01:42.3139106Z Setting up ocl-icd-libopencl1:amd64 (2.3.2-1build1) ...
portable	UNKNOWN STEP	2026-10-01T08:01:42.3155612Z Setting up libasyncns0:amd64 (0.8-6build4) ...
portable	UNKNOWN STEP	2026-10-01T08:01:42.3171859Z Setting up libvdpau1:amd64 (1.5-2build1) ...
portable	UNKNOWN STEP	2026-10-01T08:01:42.3194987Z Setting up libbs2b0:amd64 (3.1.0+dfsg-7build1) ...
portable	UNKNOWN STEP	2026-10-01T08:01:42.3210191Z Setting up libtheora0:amd64 (1.1.1+dfsg.1-16.1build3) ...
portable	UNKNOWN STEP	2026-10-01T08:01:42.3231444Z Setting up libegl1:amd64 (1.7.0-1build1) ...
portable	UNKNOWN STEP	2026-10-01T08:01:42.3247026Z Setting up libfreerdp2-2t64:amd64 (2.11.5+dfsg1-1build2) ...
portable	UNKNOWN STEP	2026-10-01T08:01:42.3263366Z Setting up libzimg2:amd64 (3.0.5+ds1-1build1) ...
portable	UNKNOWN STEP	2026-10-01T08:01:42.3277859Z Setting up xorg-sgml-doctools (1:1.11-1.1) ...
portable	UNKNOWN STEP	2026-10-01T08:01:42.3292522Z Setting up libflac12t64:amd64 (1.4.3+ds-2.1ubuntu2) ...
portable	UNKNOWN STEP	2026-10-01T08:01:42.3312701Z Setting up libseat1:amd64 (0.8.0-1) ...
portable	UNKNOWN STEP	2026-10-01T08:01:42.3327378Z Setting up libbluray2:amd64 (1:1.3.4-1build1) ...
portable	UNKNOWN STEP	2026-10-01T08:01:42.3344829Z Setting up libsamplerate0:amd64 (0.2.2-4build1) ...
portable	UNKNOWN STEP	2026-10-01T08:01:42.3360467Z Setting up libva-x11-2:amd64 (2.20.0-2ubuntu0.2) ...
portable	UNKNOWN STEP	2026-10-01T08:01:42.3377008Z Setting up libpipewire-0.3-0t64:amd64 (1.0.5-1ubuntu3.3) ...
portable	UNKNOWN STEP	2026-10-01T08:01:42.3391364Z Setting up libopenmpt0t64:amd64 (0.7.3-1.1build3) ...
portable	UNKNOWN STEP	2026-10-01T08:01:42.3407242Z Setting up libbrotli-dev:amd64 (1.1.0-2build2) ...
portable	UNKNOWN STEP	2026-10-01T08:01:42.3423059Z Setting up libzvbi-common (0.2.42-2) ...
portable	UNKNOWN STEP	2026-10-01T08:01:42.3437863Z Setting up libmp3lame0:amd64 (3.100-6build1) ...
portable	UNKNOWN STEP	2026-10-01T08:01:42.3453872Z Setting up libvorbisenc2:amd64 (1.3.7-1build3) ...
portable	UNKNOWN STEP	2026-10-01T08:01:42.3468111Z Setting up libserd-0-0:amd64 (0.32.2-1) ...
portable	UNKNOWN STEP	2026-10-01T08:01:42.3482336Z Setting up libwacom-common (2.10.0-2) ...
portable	UNKNOWN STEP	2026-10-01T08:01:42.3496678Z Setting up libbz2-dev:amd64 (1.0.8-5.1ubuntu0.1) ...
portable	UNKNOWN STEP	2026-10-01T08:01:42.3512500Z Setting up liblapack3:amd64 (3.12.0-3build1.1) ...
portable	UNKNOWN STEP	2026-10-01T08:01:42.3558970Z update-alternatives: using /usr/lib/x86_64-linux-gnu/lapack/liblapack.so.3 to provide /usr/lib/x86_64-linux-gnu/liblapack.so.3 (liblapack.so.3-x86_64-linux-gnu) in auto mode
portable	UNKNOWN STEP	2026-10-01T08:01:42.3572126Z Setting up libglx-mesa0:amd64 (25.2.8-0ubuntu0.24.04.3) ...
portable	UNKNOWN STEP	2026-10-01T08:01:42.3948367Z Setting up libzvbi0t64:amd64 (0.2.42-2) ...
portable	UNKNOWN STEP	2026-10-01T08:01:42.3962180Z Setting up libwacom9:amd64 (2.10.0-2) ...
portable	UNKNOWN STEP	2026-10-01T08:01:42.3978596Z Setting up libgstreamer-plugins-base1.0-0:amd64 (1.24.2-1ubuntu0.5) ...
portable	UNKNOWN STEP	2026-10-01T08:01:42.3992775Z Setting up libavutil58:amd64 (7:6.1.1-3ubuntu5) ...
portable	UNKNOWN STEP	2026-10-01T08:01:42.4006763Z Setting up libwayland-dev:amd64 (1.22.0-2.1build1) ...
portable	UNKNOWN STEP	2026-10-01T08:01:42.4020628Z Setting up libinput-bin (1.25.0-1ubuntu3.7) ...
portable	UNKNOWN STEP	2026-10-01T08:01:42.4036226Z Setting up libfreetype-dev:amd64 (2.13.2+dfsg-1ubuntu0.1) ...
portable	UNKNOWN STEP	2026-10-01T08:01:42.4054332Z Setting up libass9:amd64 (1:0.17.1-2build1) ...
portable	UNKNOWN STEP	2026-10-01T08:01:42.4069136Z Setting up libswresample4:amd64 (7:6.1.1-3ubuntu5) ...
portable	UNKNOWN STEP	2026-10-01T08:01:42.4085999Z Setting up libfreerdp-server2-2t64:amd64 (2.11.5+dfsg1-1build2) ...
portable	UNKNOWN STEP	2026-10-01T08:01:42.4100247Z Setting up libavcodec60:amd64 (7:6.1.1-3ubuntu5) ...
portable	UNKNOWN STEP	2026-10-01T08:01:42.4118534Z Setting up librubberband2:amd64 (3.3.0+dfsg-2build1) ...
portable	UNKNOWN STEP	2026-10-01T08:01:42.4133785Z Setting up libsord-0-0:amd64 (0.16.16-2build1) ...
portable	UNKNOWN STEP	2026-10-01T08:01:42.4148120Z Setting up libpostproc57:amd64 (7:6.1.1-3ubuntu5) ...
portable	UNKNOWN STEP	2026-10-01T08:01:42.4165269Z Setting up libsratom-0-0:amd64 (0.6.16-1build1) ...
portable	UNKNOWN STEP	2026-10-01T08:01:42.4182308Z Setting up libsndfile1:amd64 (1.2.2-1ubuntu5.24.04.1) ...
portable	UNKNOWN STEP	2026-10-01T08:01:42.4197995Z Setting up liblilv-0-0:amd64 (0.24.22-1build1) ...
portable	UNKNOWN STEP	2026-10-01T08:01:42.4218111Z Setting up libswscale7:amd64 (7:6.1.1-3ubuntu5) ...
portable	UNKNOWN STEP	2026-10-01T08:01:42.4233515Z Setting up libinput10:amd64 (1.25.0-1ubuntu3.7) ...
portable	UNKNOWN STEP	2026-10-01T08:01:42.4252135Z Setting up libpulse0:amd64 (1:16.1+dfsg1-2ubuntu10.1) ...
portable	UNKNOWN STEP	2026-10-01T08:01:42.4305599Z Setting up libfontconfig-dev:amd64 (2.15.0-1.1ubuntu2) ...
portable	UNKNOWN STEP	2026-10-01T08:01:42.4322391Z Setting up libavformat60:amd64 (7:6.1.1-3ubuntu5) ...
portable	UNKNOWN STEP	2026-10-01T08:01:42.4336316Z Setting up libsphinxbase3t64:amd64 (0.8+5prealpha+1-17build2) ...
portable	UNKNOWN STEP	2026-10-01T08:01:42.4353151Z Setting up libfontconfig1-dev:amd64 (2.15.0-1.1ubuntu2) ...
portable	UNKNOWN STEP	2026-10-01T08:01:42.4370268Z Setting up libpocketsphinx3:amd64 (0.8.0+real5prealpha+1-15ubuntu5) ...
portable	UNKNOWN STEP	2026-10-01T08:01:42.4384373Z Setting up libavfilter9:amd64 (7:6.1.1-3ubuntu5) ...
portable	UNKNOWN STEP	2026-10-01T08:01:42.4401697Z Setting up libneatvnc0:amd64 (0.7.1+dfsg-2build3) ...
portable	UNKNOWN STEP	2026-10-01T08:01:42.4419628Z Setting up libweston-13-0:amd64 (13.0.0-4build3) ...
portable	UNKNOWN STEP	2026-10-01T08:01:42.4440061Z Setting up weston (13.0.0-4build3) ...
portable	UNKNOWN STEP	2026-10-01T08:01:42.4472910Z Processing triggers for libc-bin (2.39-0ubuntu8.9) ...
portable	UNKNOWN STEP	2026-10-01T08:01:42.6426700Z Processing triggers for man-db (2.12.0-4build2) ...
portable	UNKNOWN STEP	2026-10-01T08:01:42.6444041Z Not building database; man-db/auto-update is not 'true'.
portable	UNKNOWN STEP	2026-10-01T08:01:42.6454500Z Processing triggers for udev (255.4-1ubuntu8.17) ...
portable	UNKNOWN STEP	2026-10-01T08:01:43.4291985Z Processing triggers for sgml-base (1.31) ...
portable	UNKNOWN STEP	2026-10-01T08:01:43.4487451Z Setting up x11proto-dev (2023.2-1) ...
portable	UNKNOWN STEP	2026-10-01T08:01:43.4503667Z Setting up libxau-dev:amd64 (1:1.0.9-1build6) ...
portable	UNKNOWN STEP	2026-10-01T08:01:43.4521506Z Setting up libxdmcp-dev:amd64 (1:1.1.3-0ubuntu6) ...
portable	UNKNOWN STEP	2026-10-01T08:01:43.4540619Z Setting up libxcb1-dev:amd64 (1.15-1ubuntu2) ...
portable	UNKNOWN STEP	2026-10-01T08:01:43.4555655Z Setting up libxcb-xkb-dev:amd64 (1.15-1ubuntu2) ...
portable	UNKNOWN STEP	2026-10-01T08:01:43.4574220Z Setting up libx11-dev:amd64 (2:1.8.7-1build1) ...
portable	UNKNOWN STEP	2026-10-01T08:01:43.4589195Z Setting up libxkbcommon-x11-dev:amd64 (1.6.0-1build1) ...
portable	UNKNOWN STEP	2026-10-01T08:01:43.4603720Z Setting up libx11-xcb-dev:amd64 (2:1.8.7-1build1) ...
portable	UNKNOWN STEP	2026-10-01T08:01:43.9155009Z 
portable	UNKNOWN STEP	2026-10-01T08:01:43.9155504Z Running kernel seems to be up-to-date.
portable	UNKNOWN STEP	2026-10-01T08:01:43.9155795Z 
portable	UNKNOWN STEP	2026-10-01T08:01:43.9156841Z No services need to be restarted.
portable	UNKNOWN STEP	2026-10-01T08:01:43.9157044Z 
portable	UNKNOWN STEP	2026-10-01T08:01:43.9157323Z No containers need to be restarted.
portable	UNKNOWN STEP	2026-10-01T08:01:43.9157520Z 
portable	UNKNOWN STEP	2026-10-01T08:01:43.9157635Z No user sessions are running outdated binaries.
portable	UNKNOWN STEP	2026-10-01T08:01:43.9157839Z 
portable	UNKNOWN STEP	2026-10-01T08:01:43.9158010Z No VM guests are running outdated hypervisor (qemu) binaries on this host.
portable	UNKNOWN STEP	2026-10-01T08:01:44.5089461Z ##[group]Run if cargo tree --workspace | grep -q 'gpui-component'; then
portable	UNKNOWN STEP	2026-10-01T08:01:44.5089779Z ^[[36;1mif cargo tree --workspace | grep -q 'gpui-component'; then^[[0m
portable	UNKNOWN STEP	2026-10-01T08:01:44.5090033Z ^[[36;1m  echo 'gpui-component must not appear in the dependency graph'^[[0m
portable	UNKNOWN STEP	2026-10-01T08:01:44.5090234Z ^[[36;1m  exit 1^[[0m
portable	UNKNOWN STEP	2026-10-01T08:01:44.5090347Z ^[[36;1mfi^[[0m
portable	UNKNOWN STEP	2026-10-01T08:01:44.5142203Z shell: /usr/bin/bash -e {0}
portable	UNKNOWN STEP	2026-10-01T08:01:44.5142343Z env:
portable	UNKNOWN STEP	2026-10-01T08:01:44.5142463Z   CARGO_HOME: /home/runner/.cargo
portable	UNKNOWN STEP	2026-10-01T08:01:44.5142611Z   CARGO_INCREMENTAL: 0
portable	UNKNOWN STEP	2026-10-01T08:01:44.5142756Z   CARGO_TERM_COLOR: always
portable	UNKNOWN STEP	2026-10-01T08:01:44.5142889Z ##[endgroup]
portable	UNKNOWN STEP	2026-10-01T08:01:44.5631199Z ^[[1m^[[92m    Updating^[[0m crates.io index
portable	UNKNOWN STEP	2026-10-01T08:01:45.5073140Z ^[[1m^[[92m Downloading^[[0m crates ...
portable	UNKNOWN STEP	2026-10-01T08:01:45.6137105Z ^[[1m^[[92m  Downloaded^[[0m adler2 v2.0.1
portable	UNKNOWN STEP	2026-10-01T08:01:45.6243200Z ^[[1m^[[92m  Downloaded^[[0m addr2line v0.25.1
portable	UNKNOWN STEP	2026-10-01T08:01:45.6284462Z ^[[1m^[[92m  Downloaded^[[0m accesskit v0.24.1
portable	UNKNOWN STEP	2026-10-01T08:01:45.6365206Z ^[[1m^[[92m  Downloaded^[[0m dirs v5.0.1
portable	UNKNOWN STEP	2026-10-01T08:01:45.6390176Z ^[[1m^[[92m  Downloaded^[[0m atomic-waker v1.1.2
portable	UNKNOWN STEP	2026-10-01T08:01:45.6412150Z ^[[1m^[[92m  Downloaded^[[0m bit-set v0.8.0
portable	UNKNOWN STEP	2026-10-01T08:01:45.6435286Z ^[[1m^[[92m  Downloaded^[[0m accesskit_unix v0.22.1
portable	UNKNOWN STEP	2026-10-01T08:01:45.6466350Z ^[[1m^[[92m  Downloaded^[[0m defmt-parser v1.0.0
portable	UNKNOWN STEP	2026-10-01T08:01:45.6487856Z ^[[1m^[[92m  Downloaded^[[0m crypto-common v0.1.7
portable	UNKNOWN STEP	2026-10-01T08:01:45.6508556Z ^[[1m^[[92m  Downloaded^[[0m atomic v0.5.3
portable	UNKNOWN STEP	2026-10-01T08:01:45.6530167Z ^[[1m^[[92m  Downloaded^[[0m defmt-macros v1.1.1
portable	UNKNOWN STEP	2026-10-01T08:01:45.6576884Z ^[[1m^[[92m  Downloaded^[[0m digest v0.10.7
portable	UNKNOWN STEP	2026-10-01T08:01:45.6605662Z ^[[1m^[[92m  Downloaded^[[0m core_maths v0.1.1
portable	UNKNOWN STEP	2026-10-01T08:01:45.6623752Z ^[[1m^[[92m  Downloaded^[[0m async-channel v2.5.0
portable	UNKNOWN STEP	2026-10-01T08:01:45.6646457Z ^[[1m^[[92m  Downloaded^[[0m accesskit_atspi_common v0.19.1
portable	UNKNOWN STEP	2026-10-01T08:01:45.6679794Z ^[[1m^[[92m  Downloaded^[[0m bitflags v1.3.2
portable	UNKNOWN STEP	2026-10-01T08:01:45.6718090Z ^[[1m^[[92m  Downloaded^[[0m float-cmp v0.9.0
portable	UNKNOWN STEP	2026-10-01T08:01:45.6740100Z ^[[1m^[[92m  Downloaded^[[0m crunchy v0.2.4
portable	UNKNOWN STEP	2026-10-01T08:01:45.6764211Z ^[[1m^[[92m  Downloaded^[[0m derive_more-impl v2.1.1
portable	UNKNOWN STEP	2026-10-01T08:01:45.6821442Z ^[[1m^[[92m  Downloaded^[[0m equivalent v1.0.2
portable	UNKNOWN STEP	2026-10-01T08:01:45.6843573Z ^[[1m^[[92m  Downloaded^[[0m equator v0.4.2
portable	UNKNOWN STEP	2026-10-01T08:01:45.6866019Z ^[[1m^[[92m  Downloaded^[[0m cfg-if v1.0.4
portable	UNKNOWN STEP	2026-10-01T08:01:45.6886954Z ^[[1m^[[92m  Downloaded^[[0m downcast-rs v1.2.1
portable	UNKNOWN STEP	2026-10-01T08:01:45.6917574Z ^[[1m^[[92m  Downloaded^[[0m futures-task v0.3.34
portable	UNKNOWN STEP	2026-10-01T08:01:45.6946237Z ^[[1m^[[92m  Downloaded^[[0m heck v0.5.0
portable	UNKNOWN STEP	2026-10-01T08:01:45.6967273Z ^[[1m^[[92m  Downloaded^[[0m as-slice v0.2.1
portable	UNKNOWN STEP	2026-10-01T08:01:45.6987368Z ^[[1m^[[92m  Downloaded^[[0m enumn v0.1.14
portable	UNKNOWN STEP	2026-10-01T08:01:45.7012671Z ^[[1m^[[92m  Downloaded^[[0m filedescriptor v0.8.3
portable	UNKNOWN STEP	2026-10-01T08:01:45.7040574Z ^[[1m^[[92m  Downloaded^[[0m hexf-parse v0.2.1
portable	UNKNOWN STEP	2026-10-01T08:01:45.7057428Z ^[[1m^[[92m  Downloaded^[[0m byteorder v1.5.0
portable	UNKNOWN STEP	2026-10-01T08:01:45.7081464Z ^[[1m^[[92m  Downloaded^[[0m blocking v1.7.0
portable	UNKNOWN STEP	2026-10-01T08:01:45.7103702Z ^[[1m^[[92m  Downloaded^[[0m gpu-descriptor v0.3.2
portable	UNKNOWN STEP	2026-10-01T08:01:45.7132194Z ^[[1m^[[92m  Downloaded^[[0m futures-sink v0.3.34
portable	UNKNOWN STEP	2026-10-01T08:01:45.7149516Z ^[[1m^[[92m  Downloaded^[[0m cipher v0.4.4
portable	UNKNOWN STEP	2026-10-01T08:01:45.7171471Z ^[[1m^[[92m  Downloaded^[[0m font-types v0.12.5
portable	UNKNOWN STEP	2026-10-01T08:01:45.7201774Z ^[[1m^[[92m  Downloaded^[[0m idna_adapter v1.2.2
portable	UNKNOWN STEP	2026-10-01T08:01:45.7227332Z ^[[1m^[[92m  Downloaded^[[0m itoa v1.0.18
portable	UNKNOWN STEP	2026-10-01T08:01:45.7249276Z ^[[1m^[[92m  Downloaded^[[0m arrayvec v0.7.8
portable	UNKNOWN STEP	2026-10-01T08:01:45.7278569Z ^[[1m^[[92m  Downloaded^[[0m is_terminal_polyfill v1.70.2
portable	UNKNOWN STEP	2026-10-01T08:01:45.7299912Z ^[[1m^[[92m  Downloaded^[[0m hex v0.4.3
portable	UNKNOWN STEP	2026-10-01T08:01:45.7329357Z ^[[1m^[[92m  Downloaded^[[0m lazy_static v1.5.0
portable	UNKNOWN STEP	2026-10-01T08:01:45.7356218Z ^[[1m^[[92m  Downloaded^[[0m ctor v1.0.13
portable	UNKNOWN STEP	2026-10-01T08:01:45.7388446Z ^[[1m^[[92m  Downloaded^[[0m imagesize v0.13.0
portable	UNKNOWN STEP	2026-10-01T08:01:45.7428905Z ^[[1m^[[92m  Downloaded^[[0m crossbeam-epoch v0.9.20
portable	UNKNOWN STEP	2026-10-01T08:01:45.7462168Z ^[[1m^[[92m  Downloaded^[[0m khronos-egl v6.0.0
portable	UNKNOWN STEP	2026-10-01T08:01:45.7488516Z ^[[1m^[[92m  Downloaded^[[0m gpui-pre-util v0.3.7
portable	UNKNOWN STEP	2026-10-01T08:01:45.7515835Z ^[[1m^[[92m  Downloaded^[[0m gpui-pre-shared-string v0.3.7
portable	UNKNOWN STEP	2026-10-01T08:01:45.7531190Z ^[[1m^[[92m  Downloaded^[[0m md-5 v0.10.6
portable	UNKNOWN STEP	2026-10-01T08:01:45.7555115Z ^[[1m^[[92m  Downloaded^[[0m lyon v1.0.19
portable	UNKNOWN STEP	2026-10-01T08:01:45.7575791Z ^[[1m^[[92m  Downloaded^[[0m loop9 v0.1.5
portable	UNKNOWN STEP	2026-10-01T08:01:45.7611970Z ^[[1m^[[92m  Downloaded^[[0m noop_proc_macro v0.3.0
portable	UNKNOWN STEP	2026-10-01T08:01:45.7630374Z ^[[1m^[[92m  Downloaded^[[0m num-iter v0.1.46
portable	UNKNOWN STEP	2026-10-01T08:01:45.7651825Z ^[[1m^[[92m  Downloaded^[[0m num_cpus v1.17.0
portable	UNKNOWN STEP	2026-10-01T08:01:45.7707701Z ^[[1m^[[92m  Downloaded^[[0m phf_shared v0.13.1
portable	UNKNOWN STEP	2026-10-01T08:01:45.7726299Z ^[[1m^[[92m  Downloaded^[[0m futures-executor v0.3.34
portable	UNKNOWN STEP	2026-10-01T08:01:45.7747255Z ^[[1m^[[92m  Downloaded^[[0m no_std_io2 v0.9.4
portable	UNKNOWN STEP	2026-10-01T08:01:45.7768755Z ^[[1m^[[92m  Downloaded^[[0m log v0.4.34
portable	UNKNOWN STEP	2026-10-01T08:01:45.7818412Z ^[[1m^[[92m  Downloaded^[[0m rand_chacha v0.3.1
portable	UNKNOWN STEP	2026-10-01T08:01:45.7837972Z ^[[1m^[[92m  Downloaded^[[0m proc-macro-crate v3.5.0
portable	UNKNOWN STEP	2026-10-01T08:01:45.7854391Z ^[[1m^[[92m  Downloaded^[[0m presser v0.3.1
portable	UNKNOWN STEP	2026-10-01T08:01:45.7874240Z ^[[1m^[[92m  Downloaded^[[0m gpui-pre-ztracing v0.3.7
portable	UNKNOWN STEP	2026-10-01T08:01:45.7914112Z ^[[1m^[[92m  Downloaded^[[0m rand_core v0.9.5
portable	UNKNOWN STEP	2026-10-01T08:01:45.7936581Z ^[[1m^[[92m  Downloaded^[[0m ravif v0.13.0
portable	UNKNOWN STEP	2026-10-01T08:01:45.7950868Z ^[[1m^[[92m  Downloaded^[[0m rangemap v1.8.0
portable	UNKNOWN STEP	2026-10-01T08:01:45.8012774Z ^[[1m^[[92m  Downloaded^[[0m ref-cast-impl v1.0.27
portable	UNKNOWN STEP	2026-10-01T08:01:45.8030262Z ^[[1m^[[92m  Downloaded^[[0m num-bigint-dig v0.9.1
portable	UNKNOWN STEP	2026-10-01T08:01:45.8104460Z ^[[1m^[[92m  Downloaded^[[0m scoped-tls v1.0.1
portable	UNKNOWN STEP	2026-10-01T08:01:45.8124204Z ^[[1m^[[92m  Downloaded^[[0m simd_helpers v0.1.0
portable	UNKNOWN STEP	2026-10-01T08:01:45.8136529Z ^[[1m^[[92m  Downloaded^[[0m sha2 v0.10.9
portable	UNKNOWN STEP	2026-10-01T08:01:45.8213207Z ^[[1m^[[92m  Downloaded^[[0m sval_serde v2.21.1
portable	UNKNOWN STEP	2026-10-01T08:01:45.8244713Z ^[[1m^[[92m  Downloaded^[[0m sval_ref v2.21.1
portable	UNKNOWN STEP	2026-10-01T08:01:45.8255468Z ^[[1m^[[92m  Downloaded^[[0m rayon-core v1.13.0
portable	UNKNOWN STEP	2026-10-01T08:01:45.8328774Z ^[[1m^[[92m  Downloaded^[[0m termcolor v1.4.1
portable	UNKNOWN STEP	2026-10-01T08:01:45.8352896Z ^[[1m^[[92m  Downloaded^[[0m thiserror v2.0.20
portable	UNKNOWN STEP	2026-10-01T08:01:45.8452427Z ^[[1m^[[92m  Downloaded^[[0m thin-vec v0.2.19
portable	UNKNOWN STEP	2026-10-01T08:01:45.8476824Z ^[[1m^[[92m  Downloaded^[[0m tracing-attributes v0.1.31
portable	UNKNOWN STEP	2026-10-01T08:01:45.8499313Z ^[[1m^[[92m  Downloaded^[[0m rustybuzz v0.20.1
portable	UNKNOWN STEP	2026-10-01T08:01:45.8614316Z ^[[1m^[[92m  Downloaded^[[0m subtle v2.6.1
portable	UNKNOWN STEP	2026-10-01T08:01:45.8636037Z ^[[1m^[[92m  Downloaded^[[0m utf8parse v0.2.2
portable	UNKNOWN STEP	2026-10-01T08:01:45.8645544Z ^[[1m^[[92m  Downloaded^[[0m value-bag v1.13.2
portable	UNKNOWN STEP	2026-10-01T08:01:45.8669231Z ^[[1m^[[92m  Downloaded^[[0m v_frame v0.3.9
portable	UNKNOWN STEP	2026-10-01T08:01:45.8708713Z ^[[1m^[[92m  Downloaded^[[0m unicode-properties v0.1.4
portable	UNKNOWN STEP	2026-10-01T08:01:45.8737501Z ^[[1m^[[92m  Downloaded^[[0m value-bag-serde1 v1.13.2
portable	UNKNOWN STEP	2026-10-01T08:01:45.8746114Z ^[[1m^[[92m  Downloaded^[[0m uuid v1.26.0
portable	UNKNOWN STEP	2026-10-01T08:01:45.8812642Z ^[[1m^[[92m  Downloaded^[[0m yoke v0.8.3
portable	UNKNOWN STEP	2026-10-01T08:01:45.8836876Z ^[[1m^[[92m  Downloaded^[[0m yaml-rust v0.4.5
portable	UNKNOWN STEP	2026-10-01T08:01:45.8871578Z ^[[1m^[[92m  Downloaded^[[0m sysinfo v0.31.4
portable	UNKNOWN STEP	2026-10-01T08:01:45.8986663Z ^[[1m^[[92m  Downloaded^[[0m zerofrom-derive v0.1.7
portable	UNKNOWN STEP	2026-10-01T08:01:45.9002332Z ^[[1m^[[92m  Downloaded^[[0m zeroize_derive v1.5.0
portable	UNKNOWN STEP	2026-10-01T08:01:45.9016951Z ^[[1m^[[92m  Downloaded^[[0m zvariant_utils v4.2.0
portable	UNKNOWN STEP	2026-10-01T08:01:45.9038019Z ^[[1m^[[92m  Downloaded^[[0m ttf-parser v0.25.1
portable	UNKNOWN STEP	2026-10-01T08:01:45.9132481Z ^[[1m^[[92m  Downloaded^[[0m yeslogic-fontconfig-sys v6.0.1
portable	UNKNOWN STEP	2026-10-01T08:01:45.9142411Z ^[[1m^[[92m  Downloaded^[[0m x11rb v0.13.2
portable	UNKNOWN STEP	2026-10-01T08:01:45.9218729Z ^[[1m^[[92m  Downloaded^[[0m zbus-lockstep-macros v0.5.2
portable	UNKNOWN STEP	2026-10-01T08:01:45.9231768Z ^[[1m^[[92m  Downloaded^[[0m winnow v0.7.15
portable	UNKNOWN STEP	2026-10-01T08:01:45.9318335Z ^[[1m^[[92m  Downloaded^[[0m zmij v1.0.23
portable	UNKNOWN STEP	2026-10-01T08:01:45.9334281Z ^[[1m^[[92m  Downloaded^[[0m xcb v1.7.1
portable	UNKNOWN STEP	2026-10-01T08:01:45.9407168Z ^[[1m^[[92m  Downloaded^[[0m zune-core v0.5.3
portable	UNKNOWN STEP	2026-10-01T08:01:45.9427283Z ^[[1m^[[92m  Downloaded^[[0m x11 v2.21.0
portable	UNKNOWN STEP	2026-10-01T08:01:45.9452509Z ^[[1m^[[92m  Downloaded^[[0m zerocopy-derive v0.8.56
portable	UNKNOWN STEP	2026-10-01T08:01:45.9531847Z ^[[1m^[[92m  Downloaded^[[0m zune-inflate v0.2.54
portable	UNKNOWN STEP	2026-10-01T08:01:45.9547466Z ^[[1m^[[92m  Downloaded^[[0m gpui-pre-linux v0.3.7
portable	UNKNOWN STEP	2026-10-01T08:01:45.9582777Z ^[[1m^[[92m  Downloaded^[[0m hashbrown v0.17.1
portable	UNKNOWN STEP	2026-10-01T08:01:45.9627730Z ^[[1m^[[92m  Downloaded^[[0m futures-util v0.3.34
portable	UNKNOWN STEP	2026-10-01T08:01:45.9734517Z ^[[1m^[[92m  Downloaded^[[0m zerocopy v0.8.56
portable	UNKNOWN STEP	2026-10-01T08:01:45.9907293Z ^[[1m^[[92m  Downloaded^[[0m rayon v1.12.0
portable	UNKNOWN STEP	2026-10-01T08:01:45.9985666Z ^[[1m^[[92m  Downloaded^[[0m typenum v1.20.1
portable	UNKNOWN STEP	2026-10-01T08:01:46.0016404Z ^[[1m^[[92m  Downloaded^[[0m zune-jpeg v0.5.15
portable	UNKNOWN STEP	2026-10-01T08:01:46.0047709Z ^[[1m^[[92m  Downloaded^[[0m harfrust v0.5.2
portable	UNKNOWN STEP	2026-10-01T08:01:46.0116881Z ^[[1m^[[92m  Downloaded^[[0m quick-xml v0.41.0
portable	UNKNOWN STEP	2026-10-01T08:01:46.0166119Z ^[[1m^[[92m  Downloaded^[[0m zerovec v0.11.8
portable	UNKNOWN STEP	2026-10-01T08:01:46.0214483Z ^[[1m^[[92m  Downloaded^[[0m zbus v5.19.0
portable	UNKNOWN STEP	2026-10-01T08:01:46.0291417Z ^[[1m^[[92m  Downloaded^[[0m wgpu v29.0.4
portable	UNKNOWN STEP	2026-10-01T08:01:46.0407453Z ^[[1m^[[92m  Downloaded^[[0m object v0.37.3
portable	UNKNOWN STEP	2026-10-01T08:01:46.0493401Z ^[[1m^[[92m  Downloaded^[[0m gimli v0.32.3
portable	UNKNOWN STEP	2026-10-01T08:01:46.0547144Z ^[[1m^[[92m  Downloaded^[[0m exr v1.74.2
portable	UNKNOWN STEP	2026-10-01T08:01:46.0628295Z ^[[1m^[[92m  Downloaded^[[0m pulp v0.22.3
portable	UNKNOWN STEP	2026-10-01T08:01:46.0667607Z ^[[1m^[[92m  Downloaded^[[0m moxcms v0.8.1
portable	UNKNOWN STEP	2026-10-01T08:01:46.0746244Z ^[[1m^[[92m  Downloaded^[[0m lyon_tessellation v1.0.20
portable	UNKNOWN STEP	2026-10-01T08:01:46.0777492Z ^[[1m^[[92m  Downloaded^[[0m wgpu-core v29.0.4
portable	UNKNOWN STEP	2026-10-01T08:01:46.0849787Z ^[[1m^[[92m  Downloaded^[[0m hashbrown v0.16.1
portable	UNKNOWN STEP	2026-10-01T08:01:46.0889739Z ^[[1m^[[92m  Downloaded^[[0m glow v0.17.0
portable	UNKNOWN STEP	2026-10-01T08:01:46.0927591Z ^[[1m^[[92m  Downloaded^[[0m rhai v1.26.0
portable	UNKNOWN STEP	2026-10-01T08:01:46.1038204Z ^[[1m^[[92m  Downloaded^[[0m icu_normalizer v2.3.0
portable	UNKNOWN STEP	2026-10-01T08:01:46.1108641Z ^[[1m^[[92m  Downloaded^[[0m hashbrown v0.15.5
portable	UNKNOWN STEP	2026-10-01T08:01:46.1147076Z ^[[1m^[[92m  Downloaded^[[0m hashbrown v0.14.5
portable	UNKNOWN STEP	2026-10-01T08:01:46.1183404Z ^[[1m^[[92m  Downloaded^[[0m zed-font-kit v0.14.1-zed
portable	UNKNOWN STEP	2026-10-01T08:01:46.1214138Z ^[[1m^[[92m  Downloaded^[[0m wgpu-hal v29.0.4
portable	UNKNOWN STEP	2026-10-01T08:01:46.1297314Z ^[[1m^[[92m  Downloaded^[[0m jiff-core v0.1.0
portable	UNKNOWN STEP	2026-10-01T08:01:46.1324879Z ^[[1m^[[92m  Downloaded^[[0m zbus_xml v5.2.1
portable	UNKNOWN STEP	2026-10-01T08:01:46.1345874Z ^[[1m^[[92m  Downloaded^[[0m zbus_macros v5.19.0
portable	UNKNOWN STEP	2026-10-01T08:01:46.1358460Z ^[[1m^[[92m  Downloaded^[[0m weezl v0.1.12
portable	UNKNOWN STEP	2026-10-01T08:01:46.1377970Z ^[[1m^[[92m  Downloaded^[[0m unicode-bidi v0.3.18
portable	UNKNOWN STEP	2026-10-01T08:01:46.1397018Z ^[[1m^[[92m  Downloaded^[[0m tinyvec v1.12.0
portable	UNKNOWN STEP	2026-10-01T08:01:46.1417339Z ^[[1m^[[92m  Downloaded^[[0m sval v2.21.1
portable	UNKNOWN STEP	2026-10-01T08:01:46.1443605Z ^[[1m^[[92m  Downloaded^[[0m rand v0.9.5
portable	UNKNOWN STEP	2026-10-01T08:01:46.1473151Z ^[[1m^[[92m  Downloaded^[[0m resvg v0.46.0
portable	UNKNOWN STEP	2026-10-01T08:01:46.1495324Z ^[[1m^[[92m  Downloaded^[[0m resvg v0.45.1
portable	UNKNOWN STEP	2026-10-01T08:01:46.1517363Z ^[[1m^[[92m  Downloaded^[[0m rand v0.8.8
portable	UNKNOWN STEP	2026-10-01T08:01:46.1549248Z ^[[1m^[[92m  Downloaded^[[0m libc v0.2.189
portable	UNKNOWN STEP	2026-10-01T08:01:46.1879430Z ^[[1m^[[92m  Downloaded^[[0m gpui-pre-wgpu v0.3.7
portable	UNKNOWN STEP	2026-10-01T08:01:46.1897995Z ^[[1m^[[92m  Downloaded^[[0m fontdb v0.23.0
portable	UNKNOWN STEP	2026-10-01T08:01:46.1916432Z ^[[1m^[[92m  Downloaded^[[0m pxfm v0.1.30
portable	UNKNOWN STEP	2026-10-01T08:01:46.2102298Z ^[[1m^[[92m  Downloaded^[[0m zerovec-derive v0.11.6
portable	UNKNOWN STEP	2026-10-01T08:01:46.2115778Z ^[[1m^[[92m  Downloaded^[[0m zcheapstr v1.1.0
portable	UNKNOWN STEP	2026-10-01T08:01:46.2129050Z ^[[1m^[[92m  Downloaded^[[0m zbus_names v4.3.4
portable	UNKNOWN STEP	2026-10-01T08:01:46.2141712Z ^[[1m^[[92m  Downloaded^[[0m yazi v0.2.1
portable	UNKNOWN STEP	2026-10-01T08:01:46.2152074Z ^[[1m^[[92m  Downloaded^[[0m x11rb-protocol v0.13.2
portable	UNKNOWN STEP	2026-10-01T08:01:46.2244999Z ^[[1m^[[92m  Downloaded^[[0m winnow v1.0.4
portable	UNKNOWN STEP	2026-10-01T08:01:46.2319055Z ^[[1m^[[92m  Downloaded^[[0m wgpu-types v29.0.4
portable	UNKNOWN STEP	2026-10-01T08:01:46.2348048Z ^[[1m^[[92m  Downloaded^[[0m wayland-scanner v0.31.11
portable	UNKNOWN STEP	2026-10-01T08:01:46.2364010Z ^[[1m^[[92m  Downloaded^[[0m tracing-core v0.1.36
portable	UNKNOWN STEP	2026-10-01T08:01:46.2384788Z ^[[1m^[[92m  Downloaded^[[0m toml v1.1.4+spec-1.1.0
portable	UNKNOWN STEP	2026-10-01T08:01:46.2415712Z ^[[1m^[[92m  Downloaded^[[0m web-time v1.1.0
portable	UNKNOWN STEP	2026-10-01T08:01:46.2428522Z ^[[1m^[[92m  Downloaded^[[0m wayland-protocols-wlr v0.3.12
portable	UNKNOWN STEP	2026-10-01T08:01:46.2444923Z ^[[1m^[[92m  Downloaded^[[0m qoi v0.4.1
portable	UNKNOWN STEP	2026-10-01T08:01:46.2470734Z ^[[1m^[[92m  Downloaded^[[0m zbus-lockstep v0.5.2
portable	UNKNOWN STEP	2026-10-01T08:01:46.2478656Z ^[[1m^[[92m  Downloaded^[[0m toml v0.8.23
portable	UNKNOWN STEP	2026-10-01T08:01:46.2496845Z ^[[1m^[[92m  Downloaded^[[0m sharded-slab v0.1.7
portable	UNKNOWN STEP	2026-10-01T08:01:46.2521894Z ^[[1m^[[92m  Downloaded^[[0m wayland-protocols v0.32.13
portable	UNKNOWN STEP	2026-10-01T08:01:46.2586715Z ^[[1m^[[92m  Downloaded^[[0m icu_properties v2.3.0
portable	UNKNOWN STEP	2026-10-01T08:01:46.2610851Z ^[[1m^[[92m  Downloaded^[[0m icu_collections v2.3.0
portable	UNKNOWN STEP	2026-10-01T08:01:46.2658765Z ^[[1m^[[92m  Downloaded^[[0m fancy-regex v0.16.2
portable	UNKNOWN STEP	2026-10-01T08:01:46.2686304Z ^[[1m^[[92m  Downloaded^[[0m xkeysym v0.2.1
portable	UNKNOWN STEP	2026-10-01T08:01:46.2707541Z ^[[1m^[[92m  Downloaded^[[0m wayland-sys v0.31.11
portable	UNKNOWN STEP	2026-10-01T08:01:46.2717369Z ^[[1m^[[92m  Downloaded^[[0m wayland-protocols-plasma v0.3.12
portable	UNKNOWN STEP	2026-10-01T08:01:46.2752316Z ^[[1m^[[92m  Downloaded^[[0m wayland-client v0.31.15
portable	UNKNOWN STEP	2026-10-01T08:01:46.2767808Z ^[[1m^[[92m  Downloaded^[[0m wayland-backend v0.3.17
portable	UNKNOWN STEP	2026-10-01T08:01:46.2798369Z ^[[1m^[[92m  Downloaded^[[0m encoding_rs v0.8.35
portable	UNKNOWN STEP	2026-10-01T08:01:46.2942737Z ^[[1m^[[92m  Downloaded^[[0m wasm-bindgen-macro-support v0.2.127
portable	UNKNOWN STEP	2026-10-01T08:01:46.2958828Z ^[[1m^[[92m  Downloaded^[[0m wasm-bindgen v0.2.127
portable	UNKNOWN STEP	2026-10-01T08:01:46.2978888Z ^[[1m^[[92m  Downloaded^[[0m waker-fn v1.2.0
portable	UNKNOWN STEP	2026-10-01T08:01:46.2986058Z ^[[1m^[[92m  Downloaded^[[0m version_check v0.9.5
portable	UNKNOWN STEP	2026-10-01T08:01:46.2995956Z ^[[1m^[[92m  Downloaded^[[0m value-bag-sval2 v1.13.2
portable	UNKNOWN STEP	2026-10-01T08:01:46.3002588Z ^[[1m^[[92m  Downloaded^[[0m usvg v0.46.0
portable	UNKNOWN STEP	2026-10-01T08:01:46.3034481Z ^[[1m^[[92m  Downloaded^[[0m usvg v0.45.1
portable	UNKNOWN STEP	2026-10-01T08:01:46.3066710Z ^[[1m^[[92m  Downloaded^[[0m url v2.5.8
portable	UNKNOWN STEP	2026-10-01T08:01:46.3086058Z ^[[1m^[[92m  Downloaded^[[0m unicode-width v0.2.2
portable	UNKNOWN STEP	2026-10-01T08:01:46.3127230Z ^[[1m^[[92m  Downloaded^[[0m unicode-segmentation v1.13.3
portable	UNKNOWN STEP	2026-10-01T08:01:46.3149104Z ^[[1m^[[92m  Downloaded^[[0m tracing-subscriber v0.3.23
portable	UNKNOWN STEP	2026-10-01T08:01:46.3216139Z ^[[1m^[[92m  Downloaded^[[0m tracing-log v0.2.0
portable	UNKNOWN STEP	2026-10-01T08:01:46.3226645Z ^[[1m^[[92m  Downloaded^[[0m svgtypes v0.15.3
portable	UNKNOWN STEP	2026-10-01T08:01:46.3245134Z ^[[1m^[[92m  Downloaded^[[0m sval_buffer v2.21.1
portable	UNKNOWN STEP	2026-10-01T08:01:46.3259497Z ^[[1m^[[92m  Downloaded^[[0m oo7 v0.6.0
portable	UNKNOWN STEP	2026-10-01T08:01:46.3293667Z ^[[1m^[[92m  Downloaded^[[0m icu_normalizer_data v2.3.0
portable	UNKNOWN STEP	2026-10-01T08:01:46.3310129Z ^[[1m^[[92m  Downloaded^[[0m zvariant_derive v5.15.0
portable	UNKNOWN STEP	2026-10-01T08:01:46.3319175Z ^[[1m^[[92m  Downloaded^[[0m zeroize v1.9.0
portable	UNKNOWN STEP	2026-10-01T08:01:46.3331165Z ^[[1m^[[92m  Downloaded^[[0m tracing v0.1.44
portable	UNKNOWN STEP	2026-10-01T08:01:46.3447127Z ^[[1m^[[92m  Downloaded^[[0m toml_edit v0.25.13+spec-1.1.0
portable	UNKNOWN STEP	2026-10-01T08:01:46.3476594Z ^[[1m^[[92m  Downloaded^[[0m toml_edit v0.22.27
portable	UNKNOWN STEP	2026-10-01T08:01:46.3509102Z ^[[1m^[[92m  Downloaded^[[0m tiny-skia v0.11.4
portable	UNKNOWN STEP	2026-10-01T08:01:46.3610197Z ^[[1m^[[92m  Downloaded^[[0m tiff v0.11.3
portable	UNKNOWN STEP	2026-10-01T08:01:46.3642894Z ^[[1m^[[92m  Downloaded^[[0m taffy v0.13.0
portable	UNKNOWN STEP	2026-10-01T08:01:46.3693368Z ^[[1m^[[92m  Downloaded^[[0m syntect v5.3.0
portable	UNKNOWN STEP	2026-10-01T08:01:46.3761774Z ^[[1m^[[92m  Downloaded^[[0m futures-concurrency v7.7.1
portable	UNKNOWN STEP	2026-10-01T08:01:46.3824972Z ^[[1m^[[92m  Downloaded^[[0m flate2 v1.1.9
portable	UNKNOWN STEP	2026-10-01T08:01:46.3862419Z ^[[1m^[[92m  Downloaded^[[0m zerofrom v0.1.8
portable	UNKNOWN STEP	2026-10-01T08:01:46.3870197Z ^[[1m^[[92m  Downloaded^[[0m zeno v0.3.3
portable	UNKNOWN STEP	2026-10-01T08:01:46.3887699Z ^[[1m^[[92m  Downloaded^[[0m zed-xim v0.4.0-zed
portable	UNKNOWN STEP	2026-10-01T08:01:46.3906229Z ^[[1m^[[92m  Downloaded^[[0m yoke-derive v0.8.2
portable	UNKNOWN STEP	2026-10-01T08:01:46.3915184Z ^[[1m^[[92m  Downloaded^[[0m zerotrie v0.2.5
portable	UNKNOWN STEP	2026-10-01T08:01:46.3944544Z ^[[1m^[[92m  Downloaded^[[0m zvariant v5.15.0
portable	UNKNOWN STEP	2026-10-01T08:01:46.3998474Z ^[[1m^[[92m  Downloaded^[[0m zed-scap v0.0.8-zed
portable	UNKNOWN STEP	2026-10-01T08:01:46.4110254Z ^[[1m^[[92m  Downloaded^[[0m thiserror-impl v2.0.20
portable	UNKNOWN STEP	2026-10-01T08:01:46.4121658Z ^[[1m^[[92m  Downloaded^[[0m thiserror-impl v1.0.69
portable	UNKNOWN STEP	2026-10-01T08:01:46.4131636Z ^[[1m^[[92m  Downloaded^[[0m synstructure v0.13.2
portable	UNKNOWN STEP	2026-10-01T08:01:46.4139478Z ^[[1m^[[92m  Downloaded^[[0m syn v3.0.4
portable	UNKNOWN STEP	2026-10-01T08:01:46.4219564Z ^[[1m^[[92m  Downloaded^[[0m syn v2.0.119
portable	UNKNOWN STEP	2026-10-01T08:01:46.4300933Z ^[[1m^[[92m  Downloaded^[[0m signal-hook-registry v1.4.8
portable	UNKNOWN STEP	2026-10-01T08:01:46.4310459Z ^[[1m^[[92m  Downloaded^[[0m polling v3.11.0
portable	UNKNOWN STEP	2026-10-01T08:01:46.4334413Z ^[[1m^[[92m  Downloaded^[[0m miniz_oxide v0.8.9
portable	UNKNOWN STEP	2026-10-01T08:01:46.4353771Z ^[[1m^[[92m  Downloaded^[[0m link-section v0.19.3
portable	UNKNOWN STEP	2026-10-01T08:01:46.4390454Z ^[[1m^[[92m  Downloaded^[[0m swash v0.2.10
portable	UNKNOWN STEP	2026-10-01T08:01:46.4447699Z ^[[1m^[[92m  Downloaded^[[0m linux-raw-sys v0.12.1
portable	UNKNOWN STEP	2026-10-01T08:01:46.4914825Z ^[[1m^[[92m  Downloaded^[[0m y4m v0.8.0
portable	UNKNOWN STEP	2026-10-01T08:01:46.4924282Z ^[[1m^[[92m  Downloaded^[[0m xkbcommon v0.8.0
portable	UNKNOWN STEP	2026-10-01T08:01:46.4941040Z ^[[1m^[[92m  Downloaded^[[0m xim-parser v0.2.2
portable	UNKNOWN STEP	2026-10-01T08:01:46.4949197Z ^[[1m^[[92m  Downloaded^[[0m xim-ctext v0.3.0
portable	UNKNOWN STEP	2026-10-01T08:01:46.4955053Z ^[[1m^[[92m  Downloaded^[[0m xcursor v0.3.11
portable	UNKNOWN STEP	2026-10-01T08:01:46.4961475Z ^[[1m^[[92m  Downloaded^[[0m x11-clipboard v0.9.3
portable	UNKNOWN STEP	2026-10-01T08:01:46.4973559Z ^[[1m^[[92m  Downloaded^[[0m writeable v0.6.4
portable	UNKNOWN STEP	2026-10-01T08:01:46.4989492Z ^[[1m^[[92m  Downloaded^[[0m wgpu-naga-bridge v29.0.4
portable	UNKNOWN STEP	2026-10-01T08:01:46.4995961Z ^[[1m^[[92m  Downloaded^[[0m wgpu-core-deps-windows-linux-android v29.0.4
portable	UNKNOWN STEP	2026-10-01T08:01:46.5002800Z ^[[1m^[[92m  Downloaded^[[0m walkdir v2.5.0
portable	UNKNOWN STEP	2026-10-01T08:01:46.5016591Z ^[[1m^[[92m  Downloaded^[[0m flume v0.12.0
portable	UNKNOWN STEP	2026-10-01T08:01:46.5042892Z ^[[1m^[[92m  Downloaded^[[0m euclid v0.22.14
portable	UNKNOWN STEP	2026-10-01T08:01:46.5066995Z ^[[1m^[[92m  Downloaded^[[0m xmlwriter v0.1.0
portable	UNKNOWN STEP	2026-10-01T08:01:46.5074880Z ^[[1m^[[92m  Downloaded^[[0m wayland-cursor v0.31.14
portable	UNKNOWN STEP	2026-10-01T08:01:46.5081281Z ^[[1m^[[92m  Downloaded^[[0m wasm-bindgen-shared v0.2.127
portable	UNKNOWN STEP	2026-10-01T08:01:46.5089610Z ^[[1m^[[92m  Downloaded^[[0m wasm-bindgen-macro v0.2.127
portable	UNKNOWN STEP	2026-10-01T08:01:46.5096580Z ^[[1m^[[92m  Downloaded^[[0m tinyvec_macros v0.1.1
portable	UNKNOWN STEP	2026-10-01T08:01:46.5102911Z ^[[1m^[[92m  Downloaded^[[0m thread_local v1.1.10
portable	UNKNOWN STEP	2026-10-01T08:01:46.5112759Z ^[[1m^[[92m  Downloaded^[[0m simplecss v0.2.2
portable	UNKNOWN STEP	2026-10-01T08:01:46.5126545Z ^[[1m^[[92m  Downloaded^[[0m shlex v2.0.1
portable	UNKNOWN STEP	2026-10-01T08:01:46.5136234Z ^[[1m^[[92m  Downloaded^[[0m half v2.7.1
portable	UNKNOWN STEP	2026-10-01T08:01:46.5156080Z ^[[1m^[[92m  Downloaded^[[0m cosmic-text v0.19.0
portable	UNKNOWN STEP	2026-10-01T08:01:46.5385912Z ^[[1m^[[92m  Downloaded^[[0m unicode-vo v0.1.0
portable	UNKNOWN STEP	2026-10-01T08:01:46.5392684Z ^[[1m^[[92m  Downloaded^[[0m unicode-script v0.5.8
portable	UNKNOWN STEP	2026-10-01T08:01:46.5405978Z ^[[1m^[[92m  Downloaded^[[0m svg_fmt v0.4.5
portable	UNKNOWN STEP	2026-10-01T08:01:46.5412694Z ^[[1m^[[92m  Downloaded^[[0m smol v2.0.2
portable	UNKNOWN STEP	2026-10-01T08:01:46.5440875Z ^[[1m^[[92m  Downloaded^[[0m rustc-demangle v0.1.28
portable	UNKNOWN STEP	2026-10-01T08:01:46.5453706Z ^[[1m^[[92m  Downloaded^[[0m rgb v0.8.53
portable	UNKNOWN STEP	2026-10-01T08:01:46.5472674Z ^[[1m^[[92m  Downloaded^[[0m unicode-bidi-mirroring v0.4.0
portable	UNKNOWN STEP	2026-10-01T08:01:46.5479551Z ^[[1m^[[92m  Downloaded^[[0m raw-window-handle v0.6.2
portable	UNKNOWN STEP	2026-10-01T08:01:46.5493381Z ^[[1m^[[92m  Downloaded^[[0m libbz2-rs-sys v0.2.5
portable	UNKNOWN STEP	2026-10-01T08:01:46.5507310Z ^[[1m^[[92m  Downloaded^[[0m utf8_iter v1.0.4
portable	UNKNOWN STEP	2026-10-01T08:01:46.5515198Z ^[[1m^[[92m  Downloaded^[[0m unicode-ident v1.0.24
portable	UNKNOWN STEP	2026-10-01T08:01:46.5535688Z ^[[1m^[[92m  Downloaded^[[0m rav1e v0.8.1
portable	UNKNOWN STEP	2026-10-01T08:01:46.5785105Z ^[[1m^[[92m  Downloaded^[[0m unicode-xid v0.2.6
portable	UNKNOWN STEP	2026-10-01T08:01:46.5795589Z ^[[1m^[[92m  Downloaded^[[0m unicode-linebreak v0.1.5
portable	UNKNOWN STEP	2026-10-01T08:01:46.5802790Z ^[[1m^[[92m  Downloaded^[[0m unicode-ccc v0.4.0
portable	UNKNOWN STEP	2026-10-01T08:01:46.5809758Z ^[[1m^[[92m  Downloaded^[[0m typeid v1.0.3
portable	UNKNOWN STEP	2026-10-01T08:01:46.5819523Z ^[[1m^[[92m  Downloaded^[[0m skrifa v0.44.0
portable	UNKNOWN STEP	2026-10-01T08:01:46.5893660Z ^[[1m^[[92m  Downloaded^[[0m skrifa v0.40.0
portable	UNKNOWN STEP	2026-10-01T08:01:46.5964999Z ^[[1m^[[92m  Downloaded^[[0m similar v3.2.0
portable	UNKNOWN STEP	2026-10-01T08:01:46.5993585Z ^[[1m^[[92m  Downloaded^[[0m serde_json v1.0.151
portable	UNKNOWN STEP	2026-10-01T08:01:46.6050781Z ^[[1m^[[92m  Downloaded^[[0m rustix v1.1.4
portable	UNKNOWN STEP	2026-10-01T08:01:46.6260869Z ^[[1m^[[92m  Downloaded^[[0m regex-automata v0.4.18
portable	UNKNOWN STEP	2026-10-01T08:01:46.6367640Z ^[[1m^[[92m  Downloaded^[[0m siphasher v1.0.3
portable	UNKNOWN STEP	2026-10-01T08:01:46.6378398Z ^[[1m^[[92m  Downloaded^[[0m serde v1.0.229
portable	UNKNOWN STEP	2026-10-01T08:01:46.6404571Z ^[[1m^[[92m  Downloaded^[[0m quote v1.0.47
portable	UNKNOWN STEP	2026-10-01T08:01:46.6425389Z ^[[1m^[[92m  Downloaded^[[0m parking_lot_core v0.9.12
portable	UNKNOWN STEP	2026-10-01T08:01:46.6441389Z ^[[1m^[[92m  Downloaded^[[0m open v5.4.4
portable	UNKNOWN STEP	2026-10-01T08:01:46.6454170Z ^[[1m^[[92m  Downloaded^[[0m once_cell v1.21.4
portable	UNKNOWN STEP	2026-10-01T08:01:46.6473570Z ^[[1m^[[92m  Downloaded^[[0m regex-syntax v0.8.11
portable	UNKNOWN STEP	2026-10-01T08:01:46.6523451Z ^[[1m^[[92m  Downloaded^[[0m toml_writer v1.1.2+spec-1.1.0
portable	UNKNOWN STEP	2026-10-01T08:01:46.6533583Z ^[[1m^[[92m  Downloaded^[[0m toml_write v0.1.2
portable	UNKNOWN STEP	2026-10-01T08:01:46.6543429Z ^[[1m^[[92m  Downloaded^[[0m toml_parser v1.1.3+spec-1.1.0
portable	UNKNOWN STEP	2026-10-01T08:01:46.6560067Z ^[[1m^[[92m  Downloaded^[[0m toml_datetime v1.1.1+spec-1.1.0
portable	UNKNOWN STEP	2026-10-01T08:01:46.6569297Z ^[[1m^[[92m  Downloaded^[[0m toml_datetime v0.6.11
portable	UNKNOWN STEP	2026-10-01T08:01:46.6577413Z ^[[1m^[[92m  Downloaded^[[0m tinystr v0.8.4
portable	UNKNOWN STEP	2026-10-01T08:01:46.6592689Z ^[[1m^[[92m  Downloaded^[[0m tiny-skia-path v0.11.4
portable	UNKNOWN STEP	2026-10-01T08:01:46.6606887Z ^[[1m^[[92m  Downloaded^[[0m tiny-keccak v2.0.2
portable	UNKNOWN STEP	2026-10-01T08:01:46.6626117Z ^[[1m^[[92m  Downloaded^[[0m schemars v1.2.2
portable	UNKNOWN STEP	2026-10-01T08:01:46.6760309Z ^[[1m^[[92m  Downloaded^[[0m read-fonts v0.41.0
portable	UNKNOWN STEP	2026-10-01T08:01:46.6902116Z ^[[1m^[[92m  Downloaded^[[0m gpu-allocator v0.28.0
portable	UNKNOWN STEP	2026-10-01T08:01:46.6923554Z ^[[1m^[[92m  Downloaded^[[0m scopeguard v1.2.0
portable	UNKNOWN STEP	2026-10-01T08:01:46.6932578Z ^[[1m^[[92m  Downloaded^[[0m read-fonts v0.37.0
portable	UNKNOWN STEP	2026-10-01T08:01:46.7046359Z ^[[1m^[[92m  Downloaded^[[0m parking_lot v0.12.5
portable	UNKNOWN STEP	2026-10-01T08:01:46.7064765Z ^[[1m^[[92m  Downloaded^[[0m naga v29.0.4
portable	UNKNOWN STEP	2026-10-01T08:01:46.7215856Z ^[[1m^[[92m  Downloaded^[[0m gpui-pre-platform v0.3.7
portable	UNKNOWN STEP	2026-10-01T08:01:46.7226926Z ^[[1m^[[92m  Downloaded^[[0m getrandom v0.3.4
portable	UNKNOWN STEP	2026-10-01T08:01:46.7252310Z ^[[1m^[[92m  Downloaded^[[0m futures-lite v2.6.1
portable	UNKNOWN STEP	2026-10-01T08:01:46.7265150Z ^[[1m^[[92m  Downloaded^[[0m futures v0.3.34
portable	UNKNOWN STEP	2026-10-01T08:01:46.7301987Z ^[[1m^[[92m  Downloaded^[[0m thiserror v1.0.69
portable	UNKNOWN STEP	2026-10-01T08:01:46.7344347Z ^[[1m^[[92m  Downloaded^[[0m tempfile v3.27.0
portable	UNKNOWN STEP	2026-10-01T08:01:46.7362988Z ^[[1m^[[92m  Downloaded^[[0m sys-locale v0.3.2
portable	UNKNOWN STEP	2026-10-01T08:01:46.7372902Z ^[[1m^[[92m  Downloaded^[[0m svgtypes v0.16.1
portable	UNKNOWN STEP	2026-10-01T08:01:46.7391525Z ^[[1m^[[92m  Downloaded^[[0m regex v1.13.1
portable	UNKNOWN STEP	2026-10-01T08:01:46.7430381Z ^[[1m^[[92m  Downloaded^[[0m postage v0.5.0
portable	UNKNOWN STEP	2026-10-01T08:01:46.7498348Z ^[[1m^[[92m  Downloaded^[[0m jiff v0.2.35
portable	UNKNOWN STEP	2026-10-01T08:01:46.7609677Z ^[[1m^[[92m  Downloaded^[[0m rustc_version v0.4.1
portable	UNKNOWN STEP	2026-10-01T08:01:46.7619320Z ^[[1m^[[92m  Downloaded^[[0m rustc-hash v2.1.3
portable	UNKNOWN STEP	2026-10-01T08:01:46.7628954Z ^[[1m^[[92m  Downloaded^[[0m rustc-hash v1.1.0
portable	UNKNOWN STEP	2026-10-01T08:01:46.7635744Z ^[[1m^[[92m  Downloaded^[[0m renderdoc-sys v1.1.0
portable	UNKNOWN STEP	2026-10-01T08:01:46.7642804Z ^[[1m^[[92m  Downloaded^[[0m pulp-wasm-simd-flag v0.1.1
portable	UNKNOWN STEP	2026-10-01T08:01:46.7647687Z ^[[1m^[[92m  Downloaded^[[0m profiling-procmacros v1.0.18
portable	UNKNOWN STEP	2026-10-01T08:01:46.7654227Z ^[[1m^[[92m  Downloaded^[[0m memmap2 v0.9.11
portable	UNKNOWN STEP	2026-10-01T08:01:46.7667003Z ^[[1m^[[92m  Downloaded^[[0m sval_nested v2.21.1
portable	UNKNOWN STEP	2026-10-01T08:01:46.7676698Z ^[[1m^[[92m  Downloaded^[[0m sval_fmt v2.21.1
portable	UNKNOWN STEP	2026-10-01T08:01:46.7685958Z ^[[1m^[[92m  Downloaded^[[0m sval_dynamic v2.21.1
portable	UNKNOWN STEP	2026-10-01T08:01:46.7692902Z ^[[1m^[[92m  Downloaded^[[0m strum_macros v0.28.0
portable	UNKNOWN STEP	2026-10-01T08:01:46.7713308Z ^[[1m^[[92m  Downloaded^[[0m static_assertions v1.1.0
portable	UNKNOWN STEP	2026-10-01T08:01:46.7724343Z ^[[1m^[[92m  Downloaded^[[0m freetype-sys v0.20.1
portable	UNKNOWN STEP	2026-10-01T08:01:46.8428247Z ^[[1m^[[92m  Downloaded^[[0m spirv v0.4.0+sdk-1.4.341.0
portable	UNKNOWN STEP	2026-10-01T08:01:46.8437314Z ^[[1m^[[92m  Downloaded^[[0m spin v0.10.1
portable	UNKNOWN STEP	2026-10-01T08:01:46.8455019Z ^[[1m^[[92m  Downloaded^[[0m spin v0.9.9
portable	UNKNOWN STEP	2026-10-01T08:01:46.8472584Z ^[[1m^[[92m  Downloaded^[[0m smol_str v0.3.6
portable	UNKNOWN STEP	2026-10-01T08:01:46.8484531Z ^[[1m^[[92m  Downloaded^[[0m smartstring v1.0.1
portable	UNKNOWN STEP	2026-10-01T08:01:46.8500749Z ^[[1m^[[92m  Downloaded^[[0m smallvec v1.15.2
portable	UNKNOWN STEP	2026-10-01T08:01:46.8511360Z ^[[1m^[[92m  Downloaded^[[0m slotmap v1.1.1
portable	UNKNOWN STEP	2026-10-01T08:01:46.8527361Z ^[[1m^[[92m  Downloaded^[[0m serde_derive v1.0.229
portable	UNKNOWN STEP	2026-10-01T08:01:46.8549745Z ^[[1m^[[92m  Downloaded^[[0m serde_core v1.0.229
portable	UNKNOWN STEP	2026-10-01T08:01:46.8569558Z ^[[1m^[[92m  Downloaded^[[0m raw-cpuid v11.6.0
portable	UNKNOWN STEP	2026-10-01T08:01:46.8594307Z ^[[1m^[[92m  Downloaded^[[0m portable-atomic v1.15.0
portable	UNKNOWN STEP	2026-10-01T08:01:46.8648574Z ^[[1m^[[92m  Downloaded^[[0m png v0.18.1
portable	UNKNOWN STEP	2026-10-01T08:01:46.8678715Z ^[[1m^[[92m  Downloaded^[[0m fontconfig-parser v0.5.8
portable	UNKNOWN STEP	2026-10-01T08:01:46.8721019Z ^[[1m^[[92m  Downloaded^[[0m event-listener v5.4.2
portable	UNKNOWN STEP	2026-10-01T08:01:46.8733678Z ^[[1m^[[92m  Downloaded^[[0m av-scenechange v0.14.1
portable	UNKNOWN STEP	2026-10-01T08:01:46.8815154Z ^[[1m^[[92m  Downloaded^[[0m ash v0.38.0+1.3.281
portable	UNKNOWN STEP	2026-10-01T08:01:46.8932183Z ^[[1m^[[92m  Downloaded^[[0m sval_json v2.21.1
portable	UNKNOWN STEP	2026-10-01T08:01:46.8941814Z ^[[1m^[[92m  Downloaded^[[0m strum v0.28.0
portable	UNKNOWN STEP	2026-10-01T08:01:46.8948460Z ^[[1m^[[92m  Downloaded^[[0m strsim v0.11.1
portable	UNKNOWN STEP	2026-10-01T08:01:46.8957769Z ^[[1m^[[92m  Downloaded^[[0m strict-num v0.1.1
portable	UNKNOWN STEP	2026-10-01T08:01:46.8965226Z ^[[1m^[[92m  Downloaded^[[0m stable_deref_trait v1.2.1
portable	UNKNOWN STEP	2026-10-01T08:01:46.8971476Z ^[[1m^[[92m  Downloaded^[[0m slab v0.4.12
portable	UNKNOWN STEP	2026-10-01T08:01:46.8980955Z ^[[1m^[[92m  Downloaded^[[0m simd-adler32 v0.3.10
portable	UNKNOWN STEP	2026-10-01T08:01:46.8994765Z ^[[1m^[[92m  Downloaded^[[0m serde_bytes v0.11.19
portable	UNKNOWN STEP	2026-10-01T08:01:46.9006573Z ^[[1m^[[92m  Downloaded^[[0m semver v1.0.28
portable	UNKNOWN STEP	2026-10-01T08:01:46.9023753Z ^[[1m^[[92m  Downloaded^[[0m quick-error v2.0.1
portable	UNKNOWN STEP	2026-10-01T08:01:46.9033117Z ^[[1m^[[92m  Downloaded^[[0m phf v0.13.1
portable	UNKNOWN STEP	2026-10-01T08:01:46.9042313Z ^[[1m^[[92m  Downloaded^[[0m paste v1.0.15
portable	UNKNOWN STEP	2026-10-01T08:01:46.9066679Z ^[[1m^[[92m  Downloaded^[[0m iana-time-zone v0.1.65
portable	UNKNOWN STEP	2026-10-01T08:01:46.9088605Z ^[[1m^[[92m  Downloaded^[[0m gpui-pre-scheduler v0.3.7
portable	UNKNOWN STEP	2026-10-01T08:01:46.9098020Z ^[[1m^[[92m  Downloaded^[[0m getrandom v0.4.3
portable	UNKNOWN STEP	2026-10-01T08:01:46.9127442Z ^[[1m^[[92m  Downloaded^[[0m find-msvc-tools v0.1.11
portable	UNKNOWN STEP	2026-10-01T08:01:46.9139753Z ^[[1m^[[92m  Downloaded^[[0m sha1_smol v1.0.1
portable	UNKNOWN STEP	2026-10-01T08:01:46.9149857Z ^[[1m^[[92m  Downloaded^[[0m serde_urlencoded v0.7.1
portable	UNKNOWN STEP	2026-10-01T08:01:46.9162513Z ^[[1m^[[92m  Downloaded^[[0m serde_spanned v1.1.1
portable	UNKNOWN STEP	2026-10-01T08:01:46.9170944Z ^[[1m^[[92m  Downloaded^[[0m serde_spanned v0.6.9
portable	UNKNOWN STEP	2026-10-01T08:01:46.9178687Z ^[[1m^[[92m  Downloaded^[[0m serde_repr v0.1.21
portable	UNKNOWN STEP	2026-10-01T08:01:46.9194261Z ^[[1m^[[92m  Downloaded^[[0m serde_fmt v1.1.0
portable	UNKNOWN STEP	2026-10-01T08:01:46.9201519Z ^[[1m^[[92m  Downloaded^[[0m serde_derive_internals v0.30.0
portable	UNKNOWN STEP	2026-10-01T08:01:46.9213052Z ^[[1m^[[92m  Downloaded^[[0m self_cell v1.3.0
portable	UNKNOWN STEP	2026-10-01T08:01:46.9220869Z ^[[1m^[[92m  Downloaded^[[0m seahash v4.1.0
portable	UNKNOWN STEP	2026-10-01T08:01:46.9232852Z ^[[1m^[[92m  Downloaded^[[0m ryu v1.0.23
portable	UNKNOWN STEP	2026-10-01T08:01:46.9257602Z ^[[1m^[[92m  Downloaded^[[0m rustversion v1.0.23
portable	UNKNOWN STEP	2026-10-01T08:01:46.9278968Z ^[[1m^[[92m  Downloaded^[[0m roxmltree v0.21.1
portable	UNKNOWN STEP	2026-10-01T08:01:46.9382712Z ^[[1m^[[92m  Downloaded^[[0m roxmltree v0.20.0
portable	UNKNOWN STEP	2026-10-01T08:01:46.9482666Z ^[[1m^[[92m  Downloaded^[[0m rhai_codegen v3.2.0
portable	UNKNOWN STEP	2026-10-01T08:01:46.9552025Z ^[[1m^[[92m  Downloaded^[[0m png v0.17.16
portable	UNKNOWN STEP	2026-10-01T08:01:46.9580524Z ^[[1m^[[92m  Downloaded^[[0m image v0.25.10
portable	UNKNOWN STEP	2026-10-01T08:01:46.9649196Z ^[[1m^[[92m  Downloaded^[[0m gif v0.14.2
portable	UNKNOWN STEP	2026-10-01T08:01:46.9662042Z ^[[1m^[[92m  Downloaded^[[0m futures-channel v0.3.34
portable	UNKNOWN STEP	2026-10-01T08:01:46.9675987Z ^[[1m^[[92m  Downloaded^[[0m foldhash v0.2.0
portable	UNKNOWN STEP	2026-10-01T08:01:46.9685229Z ^[[1m^[[92m  Downloaded^[[0m bstr v1.13.1
portable	UNKNOWN STEP	2026-10-01T08:01:46.9743465Z ^[[1m^[[92m  Downloaded^[[0m schemars_derive v1.2.2
portable	UNKNOWN STEP	2026-10-01T08:01:46.9758223Z ^[[1m^[[92m  Downloaded^[[0m same-file v1.0.6
portable	UNKNOWN STEP	2026-10-01T08:01:46.9768403Z ^[[1m^[[92m  Downloaded^[[0m nu-ansi-term v0.50.3
portable	UNKNOWN STEP	2026-10-01T08:01:46.9787004Z ^[[1m^[[92m  Downloaded^[[0m getrandom v0.2.17
portable	UNKNOWN STEP	2026-10-01T08:01:46.9808673Z ^[[1m^[[92m  Downloaded^[[0m num-bigint v0.4.8
portable	UNKNOWN STEP	2026-10-01T08:01:46.9843598Z ^[[1m^[[92m  Downloaded^[[0m nom v8.0.0
portable	UNKNOWN STEP	2026-10-01T08:01:46.9882967Z ^[[1m^[[92m  Downloaded^[[0m memchr v2.8.3
portable	UNKNOWN STEP	2026-10-01T08:01:46.9924020Z ^[[1m^[[92m  Downloaded^[[0m libm v0.2.16
portable	UNKNOWN STEP	2026-10-01T08:01:47.0006018Z ^[[1m^[[92m  Downloaded^[[0m kurbo v0.13.1
portable	UNKNOWN STEP	2026-10-01T08:01:47.0044021Z ^[[1m^[[92m  Downloaded^[[0m kurbo v0.11.3
portable	UNKNOWN STEP	2026-10-01T08:01:47.0076089Z ^[[1m^[[92m  Downloaded^[[0m itertools v0.14.0
portable	UNKNOWN STEP	2026-10-01T08:01:47.0127713Z ^[[1m^[[92m  Downloaded^[[0m imgref v1.12.3
portable	UNKNOWN STEP	2026-10-01T08:01:47.0136195Z ^[[1m^[[92m  Downloaded^[[0m derive_more v2.1.1
portable	UNKNOWN STEP	2026-10-01T08:01:47.0234066Z ^[[1m^[[92m  Downloaded^[[0m chrono v0.4.45
portable	UNKNOWN STEP	2026-10-01T08:01:47.0283267Z ^[[1m^[[92m  Downloaded^[[0m ref-cast v1.0.27
portable	UNKNOWN STEP	2026-10-01T08:01:47.0305707Z ^[[1m^[[92m  Downloaded^[[0m reborrow v0.5.5
portable	UNKNOWN STEP	2026-10-01T08:01:47.0311119Z ^[[1m^[[92m  Downloaded^[[0m percent-encoding v2.3.2
portable	UNKNOWN STEP	2026-10-01T08:01:47.0317611Z ^[[1m^[[92m  Downloaded^[[0m pathfinder_geometry v0.5.1
portable	UNKNOWN STEP	2026-10-01T08:01:47.0326129Z ^[[1m^[[92m  Downloaded^[[0m pastey v0.1.1
portable	UNKNOWN STEP	2026-10-01T08:01:47.0339030Z ^[[1m^[[92m  Downloaded^[[0m notify-rust v4.18.0
portable	UNKNOWN STEP	2026-10-01T08:01:47.0363222Z ^[[1m^[[92m  Downloaded^[[0m libloading v0.8.9
portable	UNKNOWN STEP	2026-10-01T08:01:47.0381123Z ^[[1m^[[92m  Downloaded^[[0m hkdf v0.12.4
portable	UNKNOWN STEP	2026-10-01T08:01:47.0398439Z ^[[1m^[[92m  Downloaded^[[0m proc-macro2 v1.0.107
portable	UNKNOWN STEP	2026-10-01T08:01:47.0420305Z ^[[1m^[[92m  Downloaded^[[0m pin-project v1.1.13
portable	UNKNOWN STEP	2026-10-01T08:01:47.0522794Z ^[[1m^[[92m  Downloaded^[[0m indexmap v2.14.0
portable	UNKNOWN STEP	2026-10-01T08:01:47.0554332Z ^[[1m^[[92m  Downloaded^[[0m idna v1.1.0
portable	UNKNOWN STEP	2026-10-01T08:01:47.0580592Z ^[[1m^[[92m  Downloaded^[[0m gpui-pre v0.3.7
portable	UNKNOWN STEP	2026-10-01T08:01:47.0871390Z ^[[1m^[[92m  Downloaded^[[0m icu_properties_data v2.3.0
portable	UNKNOWN STEP	2026-10-01T08:01:47.0952169Z ^[[1m^[[92m  Downloaded^[[0m gpui-pre-zlog v0.3.7
portable	UNKNOWN STEP	2026-10-01T08:01:47.0960197Z ^[[1m^[[92m  Downloaded^[[0m gpui-pre-sum-tree v0.3.7
portable	UNKNOWN STEP	2026-10-01T08:01:47.0968746Z ^[[1m^[[92m  Downloaded^[[0m gpui-pre-macros v0.3.7
portable	UNKNOWN STEP	2026-10-01T08:01:47.0981807Z ^[[1m^[[92m  Downloaded^[[0m clap_builder v4.6.6
portable	UNKNOWN STEP	2026-10-01T08:01:47.1028977Z ^[[1m^[[92m  Downloaded^[[0m aho-corasick v1.1.5
portable	UNKNOWN STEP	2026-10-01T08:01:47.1067514Z ^[[1m^[[92m  Downloaded^[[0m rand_core v0.6.4
portable	UNKNOWN STEP	2026-10-01T08:01:47.1077306Z ^[[1m^[[92m  Downloaded^[[0m rand_chacha v0.9.0
portable	UNKNOWN STEP	2026-10-01T08:01:47.1085933Z ^[[1m^[[92m  Downloaded^[[0m ppv-lite86 v0.2.21
portable	UNKNOWN STEP	2026-10-01T08:01:47.1095231Z ^[[1m^[[92m  Downloaded^[[0m gpui-pre-perf v0.3.7
portable	UNKNOWN STEP	2026-10-01T08:01:47.1102071Z ^[[1m^[[92m  Downloaded^[[0m gpui-pre-http-client v0.3.7
portable	UNKNOWN STEP	2026-10-01T08:01:47.1109708Z ^[[1m^[[92m  Downloaded^[[0m polycool v0.4.0
portable	UNKNOWN STEP	2026-10-01T08:01:47.1121516Z ^[[1m^[[92m  Downloaded^[[0m pin-project-lite v0.2.17
portable	UNKNOWN STEP	2026-10-01T08:01:47.1165234Z ^[[1m^[[92m  Downloaded^[[0m num-traits v0.2.19
portable	UNKNOWN STEP	2026-10-01T08:01:47.1184314Z ^[[1m^[[92m  Downloaded^[[0m ashpd v0.13.13
portable	UNKNOWN STEP	2026-10-01T08:01:47.1234403Z ^[[1m^[[92m  Downloaded^[[0m profiling v1.0.18
portable	UNKNOWN STEP	2026-10-01T08:01:47.1242870Z ^[[1m^[[92m  Downloaded^[[0m potential_utf v0.1.6
portable	UNKNOWN STEP	2026-10-01T08:01:47.1250975Z ^[[1m^[[92m  Downloaded^[[0m pollster v0.4.0
portable	UNKNOWN STEP	2026-10-01T08:01:47.1260095Z ^[[1m^[[92m  Downloaded^[[0m pollster v0.2.5
portable	UNKNOWN STEP	2026-10-01T08:01:47.1268621Z ^[[1m^[[92m  Downloaded^[[0m pkg-config v0.3.34
portable	UNKNOWN STEP	2026-10-01T08:01:47.1279487Z ^[[1m^[[92m  Downloaded^[[0m piper v0.2.5
portable	UNKNOWN STEP	2026-10-01T08:01:47.1291226Z ^[[1m^[[92m  Downloaded^[[0m pin-project-internal v1.1.13
portable	UNKNOWN STEP	2026-10-01T08:01:47.1302318Z ^[[1m^[[92m  Downloaded^[[0m pico-args v0.5.0
portable	UNKNOWN STEP	2026-10-01T08:01:47.1312267Z ^[[1m^[[92m  Downloaded^[[0m phf_macros v0.13.1
portable	UNKNOWN STEP	2026-10-01T08:01:47.1319519Z ^[[1m^[[92m  Downloaded^[[0m pathfinder_simd v0.5.6
portable	UNKNOWN STEP	2026-10-01T08:01:47.1344789Z ^[[1m^[[92m  Downloaded^[[0m ordered-float v5.5.0
portable	UNKNOWN STEP	2026-10-01T08:01:47.1347813Z ^[[1m^[[92m  Downloaded^[[0m lyon_geom v1.0.19
portable	UNKNOWN STEP	2026-10-01T08:01:47.1360391Z ^[[1m^[[92m  Downloaded^[[0m heapless v0.9.3
portable	UNKNOWN STEP	2026-10-01T08:01:47.1397558Z ^[[1m^[[92m  Downloaded^[[0m font-types v0.11.3
portable	UNKNOWN STEP	2026-10-01T08:01:47.1410811Z ^[[1m^[[92m  Downloaded^[[0m fixedbitset v0.5.7
portable	UNKNOWN STEP	2026-10-01T08:01:47.1424580Z ^[[1m^[[92m  Downloaded^[[0m fdeflate v0.3.7
portable	UNKNOWN STEP	2026-10-01T08:01:47.1436345Z ^[[1m^[[92m  Downloaded^[[0m http v1.5.0
portable	UNKNOWN STEP	2026-10-01T08:01:47.1462888Z ^[[1m^[[92m  Downloaded^[[0m fax v0.2.7
portable	UNKNOWN STEP	2026-10-01T08:01:47.1477347Z ^[[1m^[[92m  Downloaded^[[0m bumpalo v3.20.3
portable	UNKNOWN STEP	2026-10-01T08:01:47.1496573Z ^[[1m^[[92m  Downloaded^[[0m async-compression v0.4.43
portable	UNKNOWN STEP	2026-10-01T08:01:47.1549516Z ^[[1m^[[92m  Downloaded^[[0m aes v0.8.4
portable	UNKNOWN STEP	2026-10-01T08:01:47.1574467Z ^[[1m^[[92m  Downloaded^[[0m phf_generator v0.13.1
portable	UNKNOWN STEP	2026-10-01T08:01:47.1582738Z ^[[1m^[[92m  Downloaded^[[0m pbkdf2 v0.12.2
portable	UNKNOWN STEP	2026-10-01T08:01:47.1592069Z ^[[1m^[[92m  Downloaded^[[0m parking v2.2.1
portable	UNKNOWN STEP	2026-10-01T08:01:47.1600084Z ^[[1m^[[92m  Downloaded^[[0m ordered-stream v0.2.0
portable	UNKNOWN STEP	2026-10-01T08:01:47.1608416Z ^[[1m^[[92m  Downloaded^[[0m option-ext v0.2.0
portable	UNKNOWN STEP	2026-10-01T08:01:47.1614132Z ^[[1m^[[92m  Downloaded^[[0m num-rational v0.4.2
portable	UNKNOWN STEP	2026-10-01T08:01:47.1622561Z ^[[1m^[[92m  Downloaded^[[0m num-integer v0.1.47
portable	UNKNOWN STEP	2026-10-01T08:01:47.1634355Z ^[[1m^[[92m  Downloaded^[[0m num-complex v0.4.6
portable	UNKNOWN STEP	2026-10-01T08:01:47.1644723Z ^[[1m^[[92m  Downloaded^[[0m new_debug_unreachable v1.0.6
portable	UNKNOWN STEP	2026-10-01T08:01:47.1652288Z ^[[1m^[[92m  Downloaded^[[0m maybe-rayon v0.1.1
portable	UNKNOWN STEP	2026-10-01T08:01:47.1658181Z ^[[1m^[[92m  Downloaded^[[0m lyon_path v1.0.19
portable	UNKNOWN STEP	2026-10-01T08:01:47.1669363Z ^[[1m^[[92m  Downloaded^[[0m lyon_algorithms v1.0.20
portable	UNKNOWN STEP	2026-10-01T08:01:47.1681368Z ^[[1m^[[92m  Downloaded^[[0m litrs v1.0.0
portable	UNKNOWN STEP	2026-10-01T08:01:47.1702976Z ^[[1m^[[92m  Downloaded^[[0m litemap v0.8.3
portable	UNKNOWN STEP	2026-10-01T08:01:47.1720156Z ^[[1m^[[92m  Downloaded^[[0m linebender_resource_handle v0.1.1
portable	UNKNOWN STEP	2026-10-01T08:01:47.1728361Z ^[[1m^[[92m  Downloaded^[[0m atspi-common v0.13.0
portable	UNKNOWN STEP	2026-10-01T08:01:47.1764811Z ^[[1m^[[92m  Downloaded^[[0m image-webp v0.2.4
portable	UNKNOWN STEP	2026-10-01T08:01:47.1780848Z ^[[1m^[[92m  Downloaded^[[0m num-derive v0.4.2
portable	UNKNOWN STEP	2026-10-01T08:01:47.1793839Z ^[[1m^[[92m  Downloaded^[[0m num v0.4.3
portable	UNKNOWN STEP	2026-10-01T08:01:47.1801214Z ^[[1m^[[92m  Downloaded^[[0m linktime-proc-macro v0.2.3
portable	UNKNOWN STEP	2026-10-01T08:01:47.1811508Z ^[[1m^[[92m  Downloaded^[[0m lebe v0.5.3
portable	UNKNOWN STEP	2026-10-01T08:01:47.1820558Z ^[[1m^[[92m  Downloaded^[[0m icu_locale_core v2.3.0
portable	UNKNOWN STEP	2026-10-01T08:01:47.1872573Z ^[[1m^[[92m  Downloaded^[[0m cc v1.4.4
portable	UNKNOWN STEP	2026-10-01T08:01:47.1895121Z ^[[1m^[[92m  Downloaded^[[0m calloop v0.14.4
portable	UNKNOWN STEP	2026-10-01T08:01:47.1920895Z ^[[1m^[[92m  Downloaded^[[0m bytes v1.12.1
portable	UNKNOWN STEP	2026-10-01T08:01:47.1946910Z ^[[1m^[[92m  Downloaded^[[0m lock_api v0.4.14
portable	UNKNOWN STEP	2026-10-01T08:01:47.1956219Z ^[[1m^[[92m  Downloaded^[[0m icu_provider v2.3.1
portable	UNKNOWN STEP	2026-10-01T08:01:47.1975552Z ^[[1m^[[92m  Downloaded^[[0m etagere v0.2.15
portable	UNKNOWN STEP	2026-10-01T08:01:47.1986398Z ^[[1m^[[92m  Downloaded^[[0m erased-serde v0.4.10
portable	UNKNOWN STEP	2026-10-01T08:01:47.2004385Z ^[[1m^[[92m  Downloaded^[[0m embed-resource v3.0.11
portable	UNKNOWN STEP	2026-10-01T08:01:47.2018996Z ^[[1m^[[92m  Downloaded^[[0m dyn-clone v1.0.20
portable	UNKNOWN STEP	2026-10-01T08:01:47.2031441Z ^[[1m^[[92m  Downloaded^[[0m http-body v1.1.0
portable	UNKNOWN STEP	2026-10-01T08:01:47.2038974Z ^[[1m^[[92m  Downloaded^[[0m gpui-pre-collections v0.3.7
portable	UNKNOWN STEP	2026-10-01T08:01:47.2045052Z ^[[1m^[[92m  Downloaded^[[0m generic-array v0.14.7
portable	UNKNOWN STEP	2026-10-01T08:01:47.2055348Z ^[[1m^[[92m  Downloaded^[[0m foldhash v0.1.5
portable	UNKNOWN STEP	2026-10-01T08:01:47.2064577Z ^[[1m^[[92m  Downloaded^[[0m fastrand v2.5.0
portable	UNKNOWN STEP	2026-10-01T08:01:47.2074676Z ^[[1m^[[92m  Downloaded^[[0m borsh v1.8.1
portable	UNKNOWN STEP	2026-10-01T08:01:47.2130050Z ^[[1m^[[92m  Downloaded^[[0m linked-hash-map v0.5.6
portable	UNKNOWN STEP	2026-10-01T08:01:47.2137891Z ^[[1m^[[92m  Downloaded^[[0m bitstream-io v4.10.0
portable	UNKNOWN STEP	2026-10-01T08:01:47.2159101Z ^[[1m^[[92m  Downloaded^[[0m base64 v0.22.1
portable	UNKNOWN STEP	2026-10-01T08:01:47.2187166Z ^[[1m^[[92m  Downloaded^[[0m backtrace v0.3.76
portable	UNKNOWN STEP	2026-10-01T08:01:47.2224716Z ^[[1m^[[92m  Downloaded^[[0m async-io v2.6.0
portable	UNKNOWN STEP	2026-10-01T08:01:47.2245897Z ^[[1m^[[92m  Downloaded^[[0m async-fs v2.2.0
portable	UNKNOWN STEP	2026-10-01T08:01:47.2253308Z ^[[1m^[[92m  Downloaded^[[0m jobserver v0.1.35
portable	UNKNOWN STEP	2026-10-01T08:01:47.2267312Z ^[[1m^[[92m  Downloaded^[[0m allocator-api2 v0.2.21
portable	UNKNOWN STEP	2026-10-01T08:01:47.2286907Z ^[[1m^[[92m  Downloaded^[[0m clap v4.6.6
portable	UNKNOWN STEP	2026-10-01T08:01:47.2360177Z ^[[1m^[[92m  Downloaded^[[0m bzip2 v0.6.1
portable	UNKNOWN STEP	2026-10-01T08:01:47.2373032Z ^[[1m^[[92m  Downloaded^[[0m bitflags v2.13.1
portable	UNKNOWN STEP	2026-10-01T08:01:47.2406375Z ^[[1m^[[92m  Downloaded^[[0m hash32 v0.3.1
portable	UNKNOWN STEP	2026-10-01T08:01:47.2416921Z ^[[1m^[[92m  Downloaded^[[0m gpui-pre-ztracing-macro v0.3.7
portable	UNKNOWN STEP	2026-10-01T08:01:47.2421383Z ^[[1m^[[92m  Downloaded^[[0m gpui-pre-util-macros v0.3.7
portable	UNKNOWN STEP	2026-10-01T08:01:47.2426929Z ^[[1m^[[92m  Downloaded^[[0m gpui-pre-refineable v0.3.7
portable	UNKNOWN STEP	2026-10-01T08:01:47.2431776Z ^[[1m^[[92m  Downloaded^[[0m gpui-pre-derive-refineable v0.3.7
portable	UNKNOWN STEP	2026-10-01T08:01:47.2436881Z ^[[1m^[[92m  Downloaded^[[0m gpu-descriptor-types v0.2.0
portable	UNKNOWN STEP	2026-10-01T08:01:47.2441869Z ^[[1m^[[92m  Downloaded^[[0m gethostname v1.1.0
portable	UNKNOWN STEP	2026-10-01T08:01:47.2449676Z ^[[1m^[[92m  Downloaded^[[0m futures-io v0.3.34
portable	UNKNOWN STEP	2026-10-01T08:01:47.2455962Z ^[[1m^[[92m  Downloaded^[[0m fnv v1.0.7
portable	UNKNOWN STEP	2026-10-01T08:01:47.2462217Z ^[[1m^[[92m  Downloaded^[[0m float_next_after v1.0.0
portable	UNKNOWN STEP	2026-10-01T08:01:47.2469713Z ^[[1m^[[92m  Downloaded^[[0m crc32fast v1.5.1
portable	UNKNOWN STEP	2026-10-01T08:01:47.2484721Z ^[[1m^[[92m  Downloaded^[[0m bytemuck v1.25.2
portable	UNKNOWN STEP	2026-10-01T08:01:47.2508209Z ^[[1m^[[92m  Downloaded^[[0m anyhow v1.0.104
portable	UNKNOWN STEP	2026-10-01T08:01:47.2538172Z ^[[1m^[[92m  Downloaded^[[0m imagesize v0.14.0
portable	UNKNOWN STEP	2026-10-01T08:01:47.2558239Z ^[[1m^[[92m  Downloaded^[[0m hmac v0.12.1
portable	UNKNOWN STEP	2026-10-01T08:01:47.2572433Z ^[[1m^[[92m  Downloaded^[[0m codespan-reporting v0.13.1
portable	UNKNOWN STEP	2026-10-01T08:01:47.2629675Z ^[[1m^[[92m  Downloaded^[[0m clap_derive v4.6.4
portable	UNKNOWN STEP	2026-10-01T08:01:47.2645564Z ^[[1m^[[92m  Downloaded^[[0m built v0.8.1
portable	UNKNOWN STEP	2026-10-01T08:01:47.2660140Z ^[[1m^[[92m  Downloaded^[[0m async-lock v3.4.2
portable	UNKNOWN STEP	2026-10-01T08:01:47.2676149Z ^[[1m^[[92m  Downloaded^[[0m is-wsl v0.4.0
portable	UNKNOWN STEP	2026-10-01T08:01:47.2683869Z ^[[1m^[[92m  Downloaded^[[0m is-docker v0.2.0
portable	UNKNOWN STEP	2026-10-01T08:01:47.2691787Z ^[[1m^[[92m  Downloaded^[[0m inventory v0.3.24
portable	UNKNOWN STEP	2026-10-01T08:01:47.2707532Z ^[[1m^[[92m  Downloaded^[[0m inout v0.1.4
portable	UNKNOWN STEP	2026-10-01T08:01:47.2715639Z ^[[1m^[[92m  Downloaded^[[0m crossbeam-utils v0.8.22
portable	UNKNOWN STEP	2026-10-01T08:01:47.2735822Z ^[[1m^[[92m  Downloaded^[[0m cbc v0.1.2
portable	UNKNOWN STEP	2026-10-01T08:01:47.2746959Z ^[[1m^[[92m  Downloaded^[[0m async-task v4.7.1
portable	UNKNOWN STEP	2026-10-01T08:01:47.2765807Z ^[[1m^[[92m  Downloaded^[[0m float-ord v0.3.2
portable	UNKNOWN STEP	2026-10-01T08:01:47.2772811Z ^[[1m^[[92m  Downloaded^[[0m event-listener-strategy v0.5.4
portable	UNKNOWN STEP	2026-10-01T08:01:47.2780941Z ^[[1m^[[92m  Downloaded^[[0m enumflags2 v0.7.12
portable	UNKNOWN STEP	2026-10-01T08:01:47.2791223Z ^[[1m^[[92m  Downloaded^[[0m either v1.18.0
portable	UNKNOWN STEP	2026-10-01T08:01:47.2801960Z ^[[1m^[[92m  Downloaded^[[0m displaydoc v0.2.7
portable	UNKNOWN STEP	2026-10-01T08:01:47.2816972Z ^[[1m^[[92m  Downloaded^[[0m crossbeam-deque v0.8.7
portable	UNKNOWN STEP	2026-10-01T08:01:47.2827861Z ^[[1m^[[92m  Downloaded^[[0m bytemuck_derive v1.12.1
portable	UNKNOWN STEP	2026-10-01T08:01:47.2837730Z ^[[1m^[[92m  Downloaded^[[0m async-process v2.5.0
portable	UNKNOWN STEP	2026-10-01T08:01:47.2850370Z ^[[1m^[[92m  Downloaded^[[0m futures-macro v0.3.34
portable	UNKNOWN STEP	2026-10-01T08:01:47.2858201Z ^[[1m^[[92m  Downloaded^[[0m futures-core v0.3.34
portable	UNKNOWN STEP	2026-10-01T08:01:47.2868153Z ^[[1m^[[92m  Downloaded^[[0m form_urlencoded v1.2.2
portable	UNKNOWN STEP	2026-10-01T08:01:47.2873877Z ^[[1m^[[92m  Downloaded^[[0m equator-macro v0.4.2
portable	UNKNOWN STEP	2026-10-01T08:01:47.2879612Z ^[[1m^[[92m  Downloaded^[[0m async-signal v0.2.14
portable	UNKNOWN STEP	2026-10-01T08:01:47.2890134Z ^[[1m^[[92m  Downloaded^[[0m async-net v2.0.0
portable	UNKNOWN STEP	2026-10-01T08:01:47.2898918Z ^[[1m^[[92m  Downloaded^[[0m async-executor v1.14.0
portable	UNKNOWN STEP	2026-10-01T08:01:47.2912718Z ^[[1m^[[92m  Downloaded^[[0m async-broadcast v0.7.2
portable	UNKNOWN STEP	2026-10-01T08:01:47.2925157Z ^[[1m^[[92m  Downloaded^[[0m anstyle-parse v1.0.0
portable	UNKNOWN STEP	2026-10-01T08:01:47.2936493Z ^[[1m^[[92m  Downloaded^[[0m anstyle v1.0.14
portable	UNKNOWN STEP	2026-10-01T08:01:47.2946797Z ^[[1m^[[92m  Downloaded^[[0m anstream v1.0.0
portable	UNKNOWN STEP	2026-10-01T08:01:47.2960893Z ^[[1m^[[92m  Downloaded^[[0m ahash v0.8.12
portable	UNKNOWN STEP	2026-10-01T08:01:47.2978392Z ^[[1m^[[92m  Downloaded^[[0m enumflags2_derive v0.7.12
portable	UNKNOWN STEP	2026-10-01T08:01:47.2984269Z ^[[1m^[[92m  Downloaded^[[0m convert_case v0.10.0
portable	UNKNOWN STEP	2026-10-01T08:01:47.2996721Z ^[[1m^[[92m  Downloaded^[[0m concurrent-queue v2.5.0
portable	UNKNOWN STEP	2026-10-01T08:01:47.3009009Z ^[[1m^[[92m  Downloaded^[[0m av1-grain v0.2.5
portable	UNKNOWN STEP	2026-10-01T08:01:47.3026568Z ^[[1m^[[92m  Downloaded^[[0m atspi v0.29.0
portable	UNKNOWN STEP	2026-10-01T08:01:47.3034183Z ^[[1m^[[92m  Downloaded^[[0m async-trait v0.1.92
portable	UNKNOWN STEP	2026-10-01T08:01:47.3061977Z ^[[1m^[[92m  Downloaded^[[0m errno v0.3.14
portable	UNKNOWN STEP	2026-10-01T08:01:47.3073051Z ^[[1m^[[92m  Downloaded^[[0m endi v1.1.1
portable	UNKNOWN STEP	2026-10-01T08:01:47.3081060Z ^[[1m^[[92m  Downloaded^[[0m block-padding v0.3.3
portable	UNKNOWN STEP	2026-10-01T08:01:47.3087191Z ^[[1m^[[92m  Downloaded^[[0m document-features v0.2.12
portable	UNKNOWN STEP	2026-10-01T08:01:47.3096202Z ^[[1m^[[92m  Downloaded^[[0m crossbeam-queue v0.3.13
portable	UNKNOWN STEP	2026-10-01T08:01:47.3105569Z ^[[1m^[[92m  Downloaded^[[0m const-random-macro v0.1.16
portable	UNKNOWN STEP	2026-10-01T08:01:47.3111366Z ^[[1m^[[92m  Downloaded^[[0m compression-codecs v0.4.38
portable	UNKNOWN STEP	2026-10-01T08:01:47.3140859Z ^[[1m^[[92m  Downloaded^[[0m cfg_aliases v0.2.2
portable	UNKNOWN STEP	2026-10-01T08:01:47.3148261Z ^[[1m^[[92m  Downloaded^[[0m calloop-wayland-source v0.4.1
portable	UNKNOWN STEP	2026-10-01T08:01:47.3156767Z ^[[1m^[[92m  Downloaded^[[0m bit-vec v0.9.1
portable	UNKNOWN STEP	2026-10-01T08:01:47.3168461Z ^[[1m^[[92m  Downloaded^[[0m bit-vec v0.8.0
portable	UNKNOWN STEP	2026-10-01T08:01:47.3179810Z ^[[1m^[[92m  Downloaded^[[0m avif-serialize v0.8.9
portable	UNKNOWN STEP	2026-10-01T08:01:47.3187428Z ^[[1m^[[92m  Downloaded^[[0m async-recursion v1.1.1
portable	UNKNOWN STEP	2026-10-01T08:01:47.3215608Z ^[[1m^[[92m  Downloaded^[[0m anstyle-query v1.1.5
portable	UNKNOWN STEP	2026-10-01T08:01:47.3223714Z ^[[1m^[[92m  Downloaded^[[0m aligned v0.4.3
portable	UNKNOWN STEP	2026-10-01T08:01:47.3232186Z ^[[1m^[[92m  Downloaded^[[0m dlib v0.5.3
portable	UNKNOWN STEP	2026-10-01T08:01:47.3239228Z ^[[1m^[[92m  Downloaded^[[0m dirs-sys v0.4.1
portable	UNKNOWN STEP	2026-10-01T08:01:47.3247875Z ^[[1m^[[92m  Downloaded^[[0m cpufeatures v0.2.17
portable	UNKNOWN STEP	2026-10-01T08:01:47.3257886Z ^[[1m^[[92m  Downloaded^[[0m byteorder-lite v0.1.0
portable	UNKNOWN STEP	2026-10-01T08:01:47.3265325Z ^[[1m^[[92m  Downloaded^[[0m as-raw-xcb-connection v1.0.1
portable	UNKNOWN STEP	2026-10-01T08:01:47.3270931Z ^[[1m^[[92m  Downloaded^[[0m aligned-vec v0.6.4
portable	UNKNOWN STEP	2026-10-01T08:01:47.3277831Z ^[[1m^[[92m  Downloaded^[[0m accesskit_consumer v0.38.0
portable	UNKNOWN STEP	2026-10-01T08:01:47.3289716Z ^[[1m^[[92m  Downloaded^[[0m colorchoice v1.0.5
portable	UNKNOWN STEP	2026-10-01T08:01:47.3296307Z ^[[1m^[[92m  Downloaded^[[0m block-buffer v0.10.4
portable	UNKNOWN STEP	2026-10-01T08:01:47.3304037Z ^[[1m^[[92m  Downloaded^[[0m bit-set v0.9.1
portable	UNKNOWN STEP	2026-10-01T08:01:47.3314217Z ^[[1m^[[92m  Downloaded^[[0m arrayref v0.3.9
portable	UNKNOWN STEP	2026-10-01T08:01:47.3323449Z ^[[1m^[[92m  Downloaded^[[0m const-random v0.1.18
portable	UNKNOWN STEP	2026-10-01T08:01:47.3331477Z ^[[1m^[[92m  Downloaded^[[0m color_quant v1.1.0
portable	UNKNOWN STEP	2026-10-01T08:01:47.3339172Z ^[[1m^[[92m  Downloaded^[[0m clap_lex v1.1.0
portable	UNKNOWN STEP	2026-10-01T08:01:47.3346752Z ^[[1m^[[92m  Downloaded^[[0m arg_enum_proc_macro v0.3.4
portable	UNKNOWN STEP	2026-10-01T08:01:47.3355525Z ^[[1m^[[92m  Downloaded^[[0m compression-core v0.4.32
portable	UNKNOWN STEP	2026-10-01T08:01:47.3363006Z ^[[1m^[[92m  Downloaded^[[0m bincode v1.3.3
portable	UNKNOWN STEP	2026-10-01T08:01:47.3379262Z ^[[1m^[[92m  Downloaded^[[0m autocfg v1.5.1
portable	UNKNOWN STEP	2026-10-01T08:01:47.3392640Z ^[[1m^[[92m  Downloaded^[[0m atspi-proxies v0.13.0
portable	UNKNOWN STEP	2026-10-01T08:01:47.3409407Z ^[[1m^[[92m  Downloaded^[[0m defmt v1.1.1
portable	UNKNOWN STEP	2026-10-01T08:01:47.3445493Z ^[[1m^[[92m  Downloaded^[[0m data-url v0.3.2
portable	UNKNOWN STEP	2026-10-01T08:01:47.3456398Z ^[[1m^[[92m  Downloaded^[[0m bit_field v0.10.3
portable	UNKNOWN STEP	2026-10-01T08:01:47.6239073Z ##[group]Run cargo fmt --all -- --check
portable	UNKNOWN STEP	2026-10-01T08:01:47.6239280Z ^[[36;1mcargo fmt --all -- --check^[[0m
portable	UNKNOWN STEP	2026-10-01T08:01:47.6290870Z shell: /usr/bin/bash -e {0}
portable	UNKNOWN STEP	2026-10-01T08:01:47.6291006Z env:
portable	UNKNOWN STEP	2026-10-01T08:01:47.6291121Z   CARGO_HOME: /home/runner/.cargo
portable	UNKNOWN STEP	2026-10-01T08:01:47.6291266Z   CARGO_INCREMENTAL: 0
portable	UNKNOWN STEP	2026-10-01T08:01:47.6291395Z   CARGO_TERM_COLOR: always
portable	UNKNOWN STEP	2026-10-01T08:01:47.6291527Z ##[endgroup]
portable	UNKNOWN STEP	2026-10-01T08:01:48.2988320Z Diff in /home/runner/work/gpui-rhai/gpui-rhai/crates/gpui-rhai/src/node.rs:2203:
portable	UNKNOWN STEP	2026-10-01T08:01:48.2988641Z  /// single printable characters. `:` is reserved as the event namespace
portable	UNKNOWN STEP	2026-10-01T08:01:48.2988874Z  /// separator and can never be part of a key name.
portable	UNKNOWN STEP	2026-10-01T08:01:48.2989091Z  fn is_valid_key_handler_name(key: &str) -> bool {
portable	UNKNOWN STEP	2026-10-01T08:01:48.2989309Z -    !key.is_empty() && key.len() <= 64 && key.chars().all(|character| {
portable	UNKNOWN STEP	2026-10-01T08:01:48.2989550Z -        character.is_ascii_alphanumeric() || character == '_' || {
portable	UNKNOWN STEP	2026-10-01T08:01:48.2989839Z -            // Printable ASCII punctuation and symbols, minus the reserved
portable	UNKNOWN STEP	2026-10-01T08:01:48.2990048Z -            // namespace separator `:`.
portable	UNKNOWN STEP	2026-10-01T08:01:48.2990225Z -            character.is_ascii_graphic() && character != ':'
portable	UNKNOWN STEP	2026-10-01T08:01:48.2990400Z -        }
portable	UNKNOWN STEP	2026-10-01T08:01:48.2990503Z -    })
portable	UNKNOWN STEP	2026-10-01T08:01:48.2990608Z +    !key.is_empty()
portable	UNKNOWN STEP	2026-10-01T08:01:48.2990730Z +        && key.len() <= 64
portable	UNKNOWN STEP	2026-10-01T08:01:48.2990869Z +        && key.chars().all(|character| {
portable	UNKNOWN STEP	2026-10-01T08:01:48.2991060Z +            character.is_ascii_alphanumeric() || character == '_' || {
portable	UNKNOWN STEP	2026-10-01T08:01:48.2991298Z +                // Printable ASCII punctuation and symbols, minus the reserved
portable	UNKNOWN STEP	2026-10-01T08:01:48.2991714Z +                // namespace separator `:`.
portable	UNKNOWN STEP	2026-10-01T08:01:48.2991897Z +                character.is_ascii_graphic() && character != ':'
portable	UNKNOWN STEP	2026-10-01T08:01:48.2992066Z +            }
portable	UNKNOWN STEP	2026-10-01T08:01:48.2992171Z +        })
portable	UNKNOWN STEP	2026-10-01T08:01:48.2992271Z  }
portable	UNKNOWN STEP	2026-10-01T08:01:48.2992369Z  
portable	UNKNOWN STEP	2026-10-01T08:01:48.2992496Z  fn is_printable_key_character(key: &str) -> bool {
portable	UNKNOWN STEP	2026-10-01T08:01:48.2992734Z Diff in /home/runner/work/gpui-rhai/gpui-rhai/crates/gpui-rhai/src/node.rs:2216:
portable	UNKNOWN STEP	2026-10-01T08:01:48.2992961Z -    key.chars().all(|character| {
portable	UNKNOWN STEP	2026-10-01T08:01:48.2993132Z -        character.is_ascii_graphic() && character != ':'
portable	UNKNOWN STEP	2026-10-01T08:01:48.2993296Z -    })
portable	UNKNOWN STEP	2026-10-01T08:01:48.2993399Z +    key.chars()
portable	UNKNOWN STEP	2026-10-01T08:01:48.2993566Z +        .all(|character| character.is_ascii_graphic() && character != ':')
portable	UNKNOWN STEP	2026-10-01T08:01:48.2993755Z  }
portable	UNKNOWN STEP	2026-10-01T08:01:48.2993850Z  
portable	UNKNOWN STEP	2026-10-01T08:01:48.2994169Z  fn register_semantic_event_methods(builder: &mut TypeBuilder<UiNode>) {
portable	UNKNOWN STEP	2026-10-01T08:01:48.5843082Z ##[error]Process completed with exit code 1.
portable	UNKNOWN STEP	2026-10-01T08:01:48.5950819Z Post job cleanup.
portable	UNKNOWN STEP	2026-10-01T08:01:48.6504632Z [command]/usr/bin/git version
portable	UNKNOWN STEP	2026-10-01T08:01:48.6534483Z git version 2.55.0
portable	UNKNOWN STEP	2026-10-01T08:01:48.6567294Z Temporarily overriding HOME='/home/runner/work/_temp/6e7d8d76-4d15-41f0-b036-a0f9710baef7' before making global git config changes
portable	UNKNOWN STEP	2026-10-01T08:01:48.6567996Z Adding repository directory to the temporary git global config as a safe directory
portable	UNKNOWN STEP	2026-10-01T08:01:48.6568568Z [command]/usr/bin/git config --global --add safe.directory /home/runner/work/gpui-rhai/gpui-rhai
portable	UNKNOWN STEP	2026-10-01T08:01:48.6586002Z [command]/usr/bin/git config --local --name-only --get-regexp core\.sshCommand
portable	UNKNOWN STEP	2026-10-01T08:01:48.6612308Z [command]/usr/bin/git submodule foreach --recursive sh -c "git config --local --name-only --get-regexp 'core\.sshCommand' && git config --local --unset-all 'core.sshCommand' || :"
portable	UNKNOWN STEP	2026-10-01T08:01:48.6808354Z [command]/usr/bin/git config --local --name-only --get-regexp http\.https\:\/\/github\.com\/\.extraheader
portable	UNKNOWN STEP	2026-10-01T08:01:48.6835102Z http.https://github.com/.extraheader
portable	UNKNOWN STEP	2026-10-01T08:01:48.6843466Z [command]/usr/bin/git config --local --unset-all http.https://github.com/.extraheader
portable	UNKNOWN STEP	2026-10-01T08:01:48.6873878Z [command]/usr/bin/git submodule foreach --recursive sh -c "git config --local --name-only --get-regexp 'http\.https\:\/\/github\.com\/\.extraheader' && git config --local --unset-all 'http.https://github.com/.extraheader' || :"
portable	UNKNOWN STEP	2026-10-01T08:01:48.7072059Z [command]/usr/bin/git config --local --name-only --get-regexp ^includeIf\.gitdir:
portable	UNKNOWN STEP	2026-10-01T08:01:48.7102096Z [command]/usr/bin/git submodule foreach --recursive git config --local --show-origin --name-only --get-regexp remote.origin.url
portable	UNKNOWN STEP	2026-10-01T08:01:48.7386580Z Cleaning up orphan processes
