portable	UNKNOWN STEP	﻿2026-10-01T11:42:43.5428943Z Current runner version: '2.337.0'
portable	UNKNOWN STEP	2026-10-01T11:42:43.5449694Z ##[group]Runner Image Provisioner
portable	UNKNOWN STEP	2026-10-01T11:42:43.5450418Z Hosted Compute Agent
portable	UNKNOWN STEP	2026-10-01T11:42:43.5450974Z Version: 20260901.588
portable	UNKNOWN STEP	2026-10-01T11:42:43.5451494Z Commit: f88ec8081b781fac6c440065ac7ff9e710ce3d0b
portable	UNKNOWN STEP	2026-10-01T11:42:43.5452157Z Build Date: 2026-09-01T19:56:44Z
portable	UNKNOWN STEP	2026-10-01T11:42:43.5452755Z Worker ID: {fa2eb937-3828-4641-9835-df3971c30247}
portable	UNKNOWN STEP	2026-10-01T11:42:43.5453503Z Azure Region: westus3
portable	UNKNOWN STEP	2026-10-01T11:42:43.5454177Z ##[endgroup]
portable	UNKNOWN STEP	2026-10-01T11:42:43.5455333Z ##[group]Operating System
portable	UNKNOWN STEP	2026-10-01T11:42:43.5455905Z Ubuntu
portable	UNKNOWN STEP	2026-10-01T11:42:43.5456441Z 24.04.5
portable	UNKNOWN STEP	2026-10-01T11:42:43.5456891Z LTS
portable	UNKNOWN STEP	2026-10-01T11:42:43.5457342Z ##[endgroup]
portable	UNKNOWN STEP	2026-10-01T11:42:43.5457809Z ##[group]Runner Image
portable	UNKNOWN STEP	2026-10-01T11:42:43.5458342Z Image: ubuntu-24.04
portable	UNKNOWN STEP	2026-10-01T11:42:43.5458867Z Version: 20260927.320.1
portable	UNKNOWN STEP	2026-10-01T11:42:43.5459911Z Included Software: https://github.com/actions/runner-images/blob/ubuntu24/20260927.320/images/ubuntu/Ubuntu2404-Readme.md
portable	UNKNOWN STEP	2026-10-01T11:42:43.5461223Z Image Release: https://github.com/actions/runner-images/releases/tag/ubuntu24%2F20260927.320
portable	UNKNOWN STEP	2026-10-01T11:42:43.5462011Z ##[endgroup]
portable	UNKNOWN STEP	2026-10-01T11:42:43.5462968Z ##[group]GITHUB_TOKEN Permissions
portable	UNKNOWN STEP	2026-10-01T11:42:43.5464594Z Contents: read
portable	UNKNOWN STEP	2026-10-01T11:42:43.5465173Z Metadata: read
portable	UNKNOWN STEP	2026-10-01T11:42:43.5465634Z ##[endgroup]
portable	UNKNOWN STEP	2026-10-01T11:42:43.5467357Z Secret source: Actions
portable	UNKNOWN STEP	2026-10-01T11:42:43.5468184Z Cache mode: write
portable	UNKNOWN STEP	2026-10-01T11:42:43.5468775Z Prepare workflow directory
portable	UNKNOWN STEP	2026-10-01T11:42:43.5728151Z Prepare all required actions
portable	UNKNOWN STEP	2026-10-01T11:42:43.5767954Z Getting action download info
portable	UNKNOWN STEP	2026-10-01T11:42:43.8711266Z Download action repository 'actions/checkout@v5' (SHA:fbc6f3992d24b796d5a048ff273f7fcc4a7b6c09)
portable	UNKNOWN STEP	2026-10-01T11:42:44.0547557Z Download action repository 'dtolnay/rust-toolchain@stable' (SHA:6bed0761d98439e5a578e2877258200ad565ba87)
portable	UNKNOWN STEP	2026-10-01T11:42:44.4069616Z Complete job name: portable
portable	UNKNOWN STEP	2026-10-01T11:42:44.4728446Z ##[group]Run actions/checkout@v5
portable	UNKNOWN STEP	2026-10-01T11:42:44.4729123Z with:
portable	UNKNOWN STEP	2026-10-01T11:42:44.4729471Z   repository: eddix/gpui-rhai
portable	UNKNOWN STEP	2026-10-01T11:42:44.4732447Z   token: ***
portable	UNKNOWN STEP	2026-10-01T11:42:44.4732791Z   ssh-strict: true
portable	UNKNOWN STEP	2026-10-01T11:42:44.4733141Z   ssh-user: git
portable	UNKNOWN STEP	2026-10-01T11:42:44.4733622Z   persist-credentials: true
portable	UNKNOWN STEP	2026-10-01T11:42:44.4733998Z   clean: true
portable	UNKNOWN STEP	2026-10-01T11:42:44.4734342Z   sparse-checkout-cone-mode: true
portable	UNKNOWN STEP	2026-10-01T11:42:44.4734744Z   fetch-depth: 1
portable	UNKNOWN STEP	2026-10-01T11:42:44.4735073Z   fetch-tags: false
portable	UNKNOWN STEP	2026-10-01T11:42:44.4735413Z   show-progress: true
portable	UNKNOWN STEP	2026-10-01T11:42:44.4735751Z   lfs: false
portable	UNKNOWN STEP	2026-10-01T11:42:44.4736069Z   submodules: false
portable	UNKNOWN STEP	2026-10-01T11:42:44.4736419Z   set-safe-directory: true
portable	UNKNOWN STEP	2026-10-01T11:42:44.4736818Z   allow-unsafe-pr-checkout: false
portable	UNKNOWN STEP	2026-10-01T11:42:44.4737365Z ##[endgroup]
portable	UNKNOWN STEP	2026-10-01T11:42:44.5877900Z Syncing repository: eddix/gpui-rhai
portable	UNKNOWN STEP	2026-10-01T11:42:44.5879620Z ##[group]Getting Git version info
portable	UNKNOWN STEP	2026-10-01T11:42:44.5880271Z Working directory is '/home/runner/work/gpui-rhai/gpui-rhai'
portable	UNKNOWN STEP	2026-10-01T11:42:44.5881160Z [command]/usr/bin/git version
portable	UNKNOWN STEP	2026-10-01T11:42:44.6422328Z git version 2.55.0
portable	UNKNOWN STEP	2026-10-01T11:42:44.6442588Z ##[endgroup]
portable	UNKNOWN STEP	2026-10-01T11:42:44.6455343Z Temporarily overriding HOME='/home/runner/work/_temp/ea032dba-0ab0-451b-b59e-515e46bc2fd9' before making global git config changes
portable	UNKNOWN STEP	2026-10-01T11:42:44.6457066Z Adding repository directory to the temporary git global config as a safe directory
portable	UNKNOWN STEP	2026-10-01T11:42:44.6461057Z [command]/usr/bin/git config --global --add safe.directory /home/runner/work/gpui-rhai/gpui-rhai
portable	UNKNOWN STEP	2026-10-01T11:42:44.6515796Z Deleting the contents of '/home/runner/work/gpui-rhai/gpui-rhai'
portable	UNKNOWN STEP	2026-10-01T11:42:44.6523922Z ##[group]Initializing the repository
portable	UNKNOWN STEP	2026-10-01T11:42:44.6525050Z [command]/usr/bin/git init /home/runner/work/gpui-rhai/gpui-rhai
portable	UNKNOWN STEP	2026-10-01T11:42:44.6621488Z hint: Using 'master' as the name for the initial branch. This default branch name
portable	UNKNOWN STEP	2026-10-01T11:42:44.6622525Z hint: will change to "main" in Git 3.0. To configure the initial branch name
portable	UNKNOWN STEP	2026-10-01T11:42:44.6623526Z hint: to use in all of your new repositories, which will suppress this warning,
portable	UNKNOWN STEP	2026-10-01T11:42:44.6624700Z hint: call:
portable	UNKNOWN STEP	2026-10-01T11:42:44.6625178Z hint:
portable	UNKNOWN STEP	2026-10-01T11:42:44.6625812Z hint: 	git config --global init.defaultBranch <name>
portable	UNKNOWN STEP	2026-10-01T11:42:44.6626447Z hint:
portable	UNKNOWN STEP	2026-10-01T11:42:44.6626978Z hint: Names commonly chosen instead of 'master' are 'main', 'trunk' and
portable	UNKNOWN STEP	2026-10-01T11:42:44.6627789Z hint: 'development'. The just-created branch can be renamed via this command:
portable	UNKNOWN STEP	2026-10-01T11:42:44.6628360Z hint:
portable	UNKNOWN STEP	2026-10-01T11:42:44.6628826Z hint: 	git branch -m <name>
portable	UNKNOWN STEP	2026-10-01T11:42:44.6629286Z hint:
portable	UNKNOWN STEP	2026-10-01T11:42:44.6630102Z hint: Disable this message with "git config set advice.defaultBranchName false"
portable	UNKNOWN STEP	2026-10-01T11:42:44.6631035Z Initialized empty Git repository in /home/runner/work/gpui-rhai/gpui-rhai/.git/
portable	UNKNOWN STEP	2026-10-01T11:42:44.6635013Z [command]/usr/bin/git remote add origin https://github.com/eddix/gpui-rhai
portable	UNKNOWN STEP	2026-10-01T11:42:44.6683636Z ##[endgroup]
portable	UNKNOWN STEP	2026-10-01T11:42:44.6684337Z ##[group]Disabling automatic garbage collection
portable	UNKNOWN STEP	2026-10-01T11:42:44.6686787Z [command]/usr/bin/git config --local gc.auto 0
portable	UNKNOWN STEP	2026-10-01T11:42:44.6718188Z ##[endgroup]
portable	UNKNOWN STEP	2026-10-01T11:42:44.6791952Z ##[group]Setting up auth
portable	UNKNOWN STEP	2026-10-01T11:42:44.6793163Z [command]/usr/bin/git config --local --name-only --get-regexp core\.sshCommand
portable	UNKNOWN STEP	2026-10-01T11:42:44.6795474Z [command]/usr/bin/git submodule foreach --recursive sh -c "git config --local --name-only --get-regexp 'core\.sshCommand' && git config --local --unset-all 'core.sshCommand' || :"
portable	UNKNOWN STEP	2026-10-01T11:42:44.7079349Z [command]/usr/bin/git config --local --name-only --get-regexp http\.https\:\/\/github\.com\/\.extraheader
portable	UNKNOWN STEP	2026-10-01T11:42:44.7111745Z [command]/usr/bin/git submodule foreach --recursive sh -c "git config --local --name-only --get-regexp 'http\.https\:\/\/github\.com\/\.extraheader' && git config --local --unset-all 'http.https://github.com/.extraheader' || :"
portable	UNKNOWN STEP	2026-10-01T11:42:44.7311390Z [command]/usr/bin/git config --local --name-only --get-regexp ^includeIf\.gitdir:
portable	UNKNOWN STEP	2026-10-01T11:42:44.7341969Z [command]/usr/bin/git submodule foreach --recursive git config --local --show-origin --name-only --get-regexp remote.origin.url
portable	UNKNOWN STEP	2026-10-01T11:42:44.7541072Z [command]/usr/bin/git config --local http.https://github.com/.extraheader AUTHORIZATION: basic ***
portable	UNKNOWN STEP	2026-10-01T11:42:44.7579132Z ##[endgroup]
portable	UNKNOWN STEP	2026-10-01T11:42:44.7580120Z ##[group]Fetching the repository
portable	UNKNOWN STEP	2026-10-01T11:42:44.7588322Z [command]/usr/bin/git -c protocol.version=2 fetch --no-tags --prune --no-recurse-submodules --depth=1 origin +f35dcfc542fbe3347acf9c91c2cfa1ee3af951bb:refs/remotes/pull/99/merge
portable	UNKNOWN STEP	2026-10-01T11:42:46.8066961Z From https://github.com/eddix/gpui-rhai
portable	UNKNOWN STEP	2026-10-01T11:42:46.8068737Z  * [new ref]         f35dcfc542fbe3347acf9c91c2cfa1ee3af951bb -> pull/99/merge
portable	UNKNOWN STEP	2026-10-01T11:42:46.8072607Z ##[endgroup]
portable	UNKNOWN STEP	2026-10-01T11:42:46.8073978Z ##[group]Determining the checkout info
portable	UNKNOWN STEP	2026-10-01T11:42:46.8075014Z ##[endgroup]
portable	UNKNOWN STEP	2026-10-01T11:42:46.8080427Z [command]/usr/bin/git sparse-checkout disable
portable	UNKNOWN STEP	2026-10-01T11:42:46.8247886Z [command]/usr/bin/git config --local --unset-all extensions.worktreeConfig
portable	UNKNOWN STEP	2026-10-01T11:42:46.8436460Z ##[group]Checking out the ref
portable	UNKNOWN STEP	2026-10-01T11:42:46.8439559Z [command]/usr/bin/git checkout --progress --force refs/remotes/pull/99/merge
portable	UNKNOWN STEP	2026-10-01T11:42:46.9542253Z Note: switching to 'refs/remotes/pull/99/merge'.
portable	UNKNOWN STEP	2026-10-01T11:42:46.9543069Z 
portable	UNKNOWN STEP	2026-10-01T11:42:46.9543862Z You are in 'detached HEAD' state. You can look around, make experimental
portable	UNKNOWN STEP	2026-10-01T11:42:46.9545254Z changes and commit them, and you can discard any commits you make in this
portable	UNKNOWN STEP	2026-10-01T11:42:46.9546618Z state without impacting any branches by switching back to a branch.
portable	UNKNOWN STEP	2026-10-01T11:42:46.9547416Z 
portable	UNKNOWN STEP	2026-10-01T11:42:46.9547983Z If you want to create a new branch to retain commits you create, you may
portable	UNKNOWN STEP	2026-10-01T11:42:46.9549199Z do so (now or later) by using -c with the switch command. Example:
portable	UNKNOWN STEP	2026-10-01T11:42:46.9549895Z 
portable	UNKNOWN STEP	2026-10-01T11:42:46.9550293Z   git switch -c <new-branch-name>
portable	UNKNOWN STEP	2026-10-01T11:42:46.9550852Z 
portable	UNKNOWN STEP	2026-10-01T11:42:46.9551289Z Or undo this operation with:
portable	UNKNOWN STEP	2026-10-01T11:42:46.9552179Z 
portable	UNKNOWN STEP	2026-10-01T11:42:46.9552576Z   git switch -
portable	UNKNOWN STEP	2026-10-01T11:42:46.9553083Z 
portable	UNKNOWN STEP	2026-10-01T11:42:46.9553932Z Turn off this advice by setting config variable advice.detachedHead to false
portable	UNKNOWN STEP	2026-10-01T11:42:46.9555115Z 
portable	UNKNOWN STEP	2026-10-01T11:42:46.9556702Z HEAD is now at f35dcfc Merge 3209039e2d792dde9f65daa7eb2600cd90a3e3f6 into 815bb82b8103c88ef6ba50620128780c9d64b216
portable	UNKNOWN STEP	2026-10-01T11:42:46.9561855Z ##[endgroup]
portable	UNKNOWN STEP	2026-10-01T11:42:46.9601967Z [command]/usr/bin/git log -1 --format=%H
portable	UNKNOWN STEP	2026-10-01T11:42:46.9624807Z f35dcfc542fbe3347acf9c91c2cfa1ee3af951bb
portable	UNKNOWN STEP	2026-10-01T11:42:47.0139446Z ##[group]Run dtolnay/rust-toolchain@stable
portable	UNKNOWN STEP	2026-10-01T11:42:47.0140479Z with:
portable	UNKNOWN STEP	2026-10-01T11:42:47.0141224Z   toolchain: 1.95.0
portable	UNKNOWN STEP	2026-10-01T11:42:47.0142046Z   components: clippy,rustfmt
portable	UNKNOWN STEP	2026-10-01T11:42:47.0142906Z ##[endgroup]
portable	UNKNOWN STEP	2026-10-01T11:42:47.0217295Z ##[start-action display=Parse toolchain version;id=__dtolnay_rust-toolchain.parse]
portable	UNKNOWN STEP	2026-10-01T11:42:47.0285270Z ##[group]Run if [[ -z $toolchain ]]; then
portable	UNKNOWN STEP	2026-10-01T11:42:47.0286526Z ^[[36;1mif [[ -z $toolchain ]]; then^[[0m
portable	UNKNOWN STEP	2026-10-01T11:42:47.0288054Z ^[[36;1m  # GitHub does not enforce `required: true` inputs itself. https://github.com/actions/runner/issues/1070^[[0m
portable	UNKNOWN STEP	2026-10-01T11:42:47.0289710Z ^[[36;1m  echo "'toolchain' is a required input" >&2^[[0m
portable	UNKNOWN STEP	2026-10-01T11:42:47.0290681Z ^[[36;1m  exit 1^[[0m
portable	UNKNOWN STEP	2026-10-01T11:42:47.0291734Z ^[[36;1melif [[ $toolchain =~ ^stable' '[0-9]+' '(year|month|week|day)s?' 'ago$ ]]; then^[[0m
portable	UNKNOWN STEP	2026-10-01T11:42:47.0292993Z ^[[36;1m  if [[ Linux == macOS ]]; then^[[0m
portable	UNKNOWN STEP	2026-10-01T11:42:47.0294680Z ^[[36;1m    echo "toolchain=1.$((($(date -v-$(sed 's/stable \([0-9]*\) \(.\).*/\1\2/' <<< $toolchain) +%s)/60/60/24-16569)/7/6))" >> $GITHUB_OUTPUT^[[0m
portable	UNKNOWN STEP	2026-10-01T11:42:47.0296213Z ^[[36;1m  else^[[0m
portable	UNKNOWN STEP	2026-10-01T11:42:47.0297440Z ^[[36;1m    echo "toolchain=1.$((($(date --date "${toolchain#stable }" +%s)/60/60/24-16569)/7/6))" >> $GITHUB_OUTPUT^[[0m
portable	UNKNOWN STEP	2026-10-01T11:42:47.0298845Z ^[[36;1m  fi^[[0m
portable	UNKNOWN STEP	2026-10-01T11:42:47.0299808Z ^[[36;1melif [[ $toolchain =~ ^stable' 'minus' '[0-9]+' 'releases?$ ]]; then^[[0m
portable	UNKNOWN STEP	2026-10-01T11:42:47.0301406Z ^[[36;1m  echo "toolchain=1.$((($(date +%s)/60/60/24-16569)/7/6-${toolchain//[^0-9]/}))" >> $GITHUB_OUTPUT^[[0m
portable	UNKNOWN STEP	2026-10-01T11:42:47.0302815Z ^[[36;1melif [[ $toolchain =~ ^1\.[0-9]+$ ]]; then^[[0m
portable	UNKNOWN STEP	2026-10-01T11:42:47.0304666Z ^[[36;1m  echo "toolchain=1.$((i=${toolchain#1.}, c=($(date +%s)/60/60/24-16569)/7/6, i+9*i*(10*i<=c)+90*i*(100*i<=c)))" >> $GITHUB_OUTPUT^[[0m
portable	UNKNOWN STEP	2026-10-01T11:42:47.0306187Z ^[[36;1melse^[[0m
portable	UNKNOWN STEP	2026-10-01T11:42:47.0307008Z ^[[36;1m  echo "toolchain=$toolchain" >> $GITHUB_OUTPUT^[[0m
portable	UNKNOWN STEP	2026-10-01T11:42:47.0307992Z ^[[36;1mfi^[[0m
portable	UNKNOWN STEP	2026-10-01T11:42:47.1126540Z shell: /usr/bin/bash --noprofile --norc -e -o pipefail {0}
portable	UNKNOWN STEP	2026-10-01T11:42:47.1127668Z env:
portable	UNKNOWN STEP	2026-10-01T11:42:47.1128342Z   toolchain: 1.95.0
portable	UNKNOWN STEP	2026-10-01T11:42:47.1129074Z ##[endgroup]
portable	UNKNOWN STEP	2026-10-01T11:42:47.1291668Z ##[end-action id=__dtolnay_rust-toolchain.parse;outcome=success;conclusion=success;duration_ms=107]
portable	UNKNOWN STEP	2026-10-01T11:42:47.1306252Z ##[start-action display=Construct rustup command line;id=__dtolnay_rust-toolchain.flags]
portable	UNKNOWN STEP	2026-10-01T11:42:47.1460753Z ##[group]Run echo "targets=$(for t in ${targets//,/ }; do echo -n ' --target' $t; done)" >> $GITHUB_OUTPUT
portable	UNKNOWN STEP	2026-10-01T11:42:47.1462584Z ^[[36;1mecho "targets=$(for t in ${targets//,/ }; do echo -n ' --target' $t; done)" >> $GITHUB_OUTPUT^[[0m
portable	UNKNOWN STEP	2026-10-01T11:42:47.1464761Z ^[[36;1mecho "components=$(for c in ${components//,/ }; do echo -n ' --component' $c; done)" >> $GITHUB_OUTPUT^[[0m
portable	UNKNOWN STEP	2026-10-01T11:42:47.1466263Z ^[[36;1mecho "downgrade=" >> $GITHUB_OUTPUT^[[0m
portable	UNKNOWN STEP	2026-10-01T11:42:47.1523705Z shell: /usr/bin/bash --noprofile --norc -e -o pipefail {0}
portable	UNKNOWN STEP	2026-10-01T11:42:47.1524758Z env:
portable	UNKNOWN STEP	2026-10-01T11:42:47.1525409Z   targets: 
portable	UNKNOWN STEP	2026-10-01T11:42:47.1526105Z   components: clippy,rustfmt
portable	UNKNOWN STEP	2026-10-01T11:42:47.1526908Z ##[endgroup]
portable	UNKNOWN STEP	2026-10-01T11:42:47.1863030Z ##[end-action id=__dtolnay_rust-toolchain.flags;outcome=success;conclusion=success;duration_ms=55]
portable	UNKNOWN STEP	2026-10-01T11:42:47.1869055Z ##[start-action display=Set $CARGO_HOME;id=__dtolnay_rust-toolchain.__run]
portable	UNKNOWN STEP	2026-10-01T11:42:47.2450903Z ##[group]Run echo CARGO_HOME=${CARGO_HOME:-"$HOME/.cargo"} >> $GITHUB_ENV
portable	UNKNOWN STEP	2026-10-01T11:42:47.2452339Z ^[[36;1mecho CARGO_HOME=${CARGO_HOME:-"$HOME/.cargo"} >> $GITHUB_ENV^[[0m
portable	UNKNOWN STEP	2026-10-01T11:42:47.2511591Z shell: /usr/bin/bash --noprofile --norc -e -o pipefail {0}
portable	UNKNOWN STEP	2026-10-01T11:42:47.2512662Z ##[endgroup]
portable	UNKNOWN STEP	2026-10-01T11:42:47.2649249Z ##[end-action id=__dtolnay_rust-toolchain.__run;outcome=success;conclusion=success;duration_ms=77]
portable	UNKNOWN STEP	2026-10-01T11:42:47.2655165Z ##[start-action display=Install rustup if needed;id=__dtolnay_rust-toolchain.__run_2]
portable	UNKNOWN STEP	2026-10-01T11:42:47.2700925Z ##[group]Run if ! command -v rustup &>/dev/null; then
portable	UNKNOWN STEP	2026-10-01T11:42:47.2702019Z ^[[36;1mif ! command -v rustup &>/dev/null; then^[[0m
portable	UNKNOWN STEP	2026-10-01T11:42:47.2704295Z ^[[36;1m  curl --proto '=https' --tlsv1.2 --retry 10 --retry-connrefused --location --silent --show-error --fail https://sh.rustup.rs | sh -s -- --default-toolchain none -y^[[0m
portable	UNKNOWN STEP	2026-10-01T11:42:47.2706408Z ^[[36;1m  echo "$CARGO_HOME/bin" >> $GITHUB_PATH^[[0m
portable	UNKNOWN STEP	2026-10-01T11:42:47.2707357Z ^[[36;1mfi^[[0m
portable	UNKNOWN STEP	2026-10-01T11:42:47.2759786Z shell: /usr/bin/bash --noprofile --norc -e -o pipefail {0}
portable	UNKNOWN STEP	2026-10-01T11:42:47.2760828Z env:
portable	UNKNOWN STEP	2026-10-01T11:42:47.2761520Z   CARGO_HOME: /home/runner/.cargo
portable	UNKNOWN STEP	2026-10-01T11:42:47.2762344Z ##[endgroup]
portable	UNKNOWN STEP	2026-10-01T11:42:47.2849816Z ##[end-action id=__dtolnay_rust-toolchain.__run_2;outcome=success;conclusion=success;duration_ms=19]
portable	UNKNOWN STEP	2026-10-01T11:42:47.2855617Z ##[start-action display=Install rustup if needed on windows;id=__dtolnay_rust-toolchain.__run_3]
portable	UNKNOWN STEP	2026-10-01T11:42:47.2870252Z ##[end-action id=__dtolnay_rust-toolchain.__run_3;outcome=skipped;conclusion=skipped;duration_ms=0]
portable	UNKNOWN STEP	2026-10-01T11:42:47.2887123Z ##[start-action display=rustup toolchain install 1.95.0;id=__dtolnay_rust-toolchain.__run_4]
portable	UNKNOWN STEP	2026-10-01T11:42:47.2925451Z ##[group]Run rustup toolchain install 1.95.0 --component clippy --component rustfmt --profile minimal --no-self-update
portable	UNKNOWN STEP	2026-10-01T11:42:47.2927644Z ^[[36;1mrustup toolchain install 1.95.0 --component clippy --component rustfmt --profile minimal --no-self-update^[[0m
portable	UNKNOWN STEP	2026-10-01T11:42:47.2981339Z shell: /usr/bin/bash --noprofile --norc -e -o pipefail {0}
portable	UNKNOWN STEP	2026-10-01T11:42:47.2982346Z env:
portable	UNKNOWN STEP	2026-10-01T11:42:47.2983003Z   CARGO_HOME: /home/runner/.cargo
portable	UNKNOWN STEP	2026-10-01T11:42:47.2984012Z   RUSTUP_PERMIT_COPY_RENAME: 1
portable	UNKNOWN STEP	2026-10-01T11:42:47.2984815Z ##[endgroup]
portable	UNKNOWN STEP	2026-10-01T11:42:47.3753907Z info: syncing channel updates for 1.95.0-x86_64-unknown-linux-gnu
portable	UNKNOWN STEP	2026-10-01T11:42:47.7228115Z info: latest update on 2026-04-16 for version 1.95.0 (59807616e 2026-04-14)
portable	UNKNOWN STEP	2026-10-01T11:42:47.7228741Z info: downloading 5 components
portable	UNKNOWN STEP	2026-10-01T11:42:56.4826457Z 
portable	UNKNOWN STEP	2026-10-01T11:42:56.4889785Z   1.95.0-x86_64-unknown-linux-gnu installed - rustc 1.95.0 (59807616e 2026-04-14)
portable	UNKNOWN STEP	2026-10-01T11:42:56.4890168Z 
portable	UNKNOWN STEP	2026-10-01T11:42:56.4943184Z ##[end-action id=__dtolnay_rust-toolchain.__run_4;outcome=success;conclusion=success;duration_ms=9205]
portable	UNKNOWN STEP	2026-10-01T11:42:56.4951093Z ##[start-action display=rustup default 1.95.0;id=__dtolnay_rust-toolchain.__run_5]
portable	UNKNOWN STEP	2026-10-01T11:42:56.4998966Z ##[group]Run rustup default 1.95.0
portable	UNKNOWN STEP	2026-10-01T11:42:56.4999264Z ^[[36;1mrustup default 1.95.0^[[0m
portable	UNKNOWN STEP	2026-10-01T11:42:56.5058354Z shell: /usr/bin/bash --noprofile --norc -e -o pipefail {0}
portable	UNKNOWN STEP	2026-10-01T11:42:56.5058677Z env:
portable	UNKNOWN STEP	2026-10-01T11:42:56.5058895Z   CARGO_HOME: /home/runner/.cargo
portable	UNKNOWN STEP	2026-10-01T11:42:56.5059146Z ##[endgroup]
portable	UNKNOWN STEP	2026-10-01T11:42:56.5169068Z info: using existing install for 1.95.0-x86_64-unknown-linux-gnu
portable	UNKNOWN STEP	2026-10-01T11:42:56.5175046Z info: default toolchain set to 1.95.0-x86_64-unknown-linux-gnu
portable	UNKNOWN STEP	2026-10-01T11:42:56.5175353Z 
portable	UNKNOWN STEP	2026-10-01T11:42:56.5235861Z   1.95.0-x86_64-unknown-linux-gnu unchanged - rustc 1.95.0 (59807616e 2026-04-14)
portable	UNKNOWN STEP	2026-10-01T11:42:56.5236322Z 
portable	UNKNOWN STEP	2026-10-01T11:42:56.5238536Z info: note that the toolchain '1.95.0-x86_64-unknown-linux-gnu' is currently in use (overridden by '/home/runner/work/gpui-rhai/gpui-rhai/rust-toolchain.toml')
portable	UNKNOWN STEP	2026-10-01T11:42:56.5250884Z ##[end-action id=__dtolnay_rust-toolchain.__run_5;outcome=success;conclusion=success;duration_ms=29]
portable	UNKNOWN STEP	2026-10-01T11:42:56.5253784Z ##[start-action display=Create cachekey;id=__dtolnay_rust-toolchain.rustc-version]
portable	UNKNOWN STEP	2026-10-01T11:42:56.5278920Z ##[group]Run DATE=$(rustc +1.95.0 --version --verbose | sed -ne 's/^commit-date: \(20[0-9][0-9]\)-\([01][0-9]\)-\([0-3][0-9]\)$/\1\2\3/p')
portable	UNKNOWN STEP	2026-10-01T11:42:56.5279559Z ^[[36;1mDATE=$(rustc +1.95.0 --version --verbose | sed -ne 's/^commit-date: \(20[0-9][0-9]\)-\([01][0-9]\)-\([0-3][0-9]\)$/\1\2\3/p')^[[0m
portable	UNKNOWN STEP	2026-10-01T11:42:56.5280121Z ^[[36;1mHASH=$(rustc +1.95.0 --version --verbose | sed -ne 's/^commit-hash: //p')^[[0m
portable	UNKNOWN STEP	2026-10-01T11:42:56.5280685Z ^[[36;1mecho "cachekey=$(echo $DATE$HASH | head -c12)" >> $GITHUB_OUTPUT^[[0m
portable	UNKNOWN STEP	2026-10-01T11:42:56.5337896Z shell: /usr/bin/bash --noprofile --norc -e -o pipefail {0}
portable	UNKNOWN STEP	2026-10-01T11:42:56.5338220Z env:
portable	UNKNOWN STEP	2026-10-01T11:42:56.5338441Z   CARGO_HOME: /home/runner/.cargo
portable	UNKNOWN STEP	2026-10-01T11:42:56.5338686Z ##[endgroup]
portable	UNKNOWN STEP	2026-10-01T11:42:56.5635858Z ##[end-action id=__dtolnay_rust-toolchain.rustc-version;outcome=success;conclusion=success;duration_ms=38]
portable	UNKNOWN STEP	2026-10-01T11:42:56.5638540Z ##[start-action display=Disable incremental compilation;id=__dtolnay_rust-toolchain.__run_6]
portable	UNKNOWN STEP	2026-10-01T11:42:56.5663054Z ##[group]Run if [ -z "${CARGO_INCREMENTAL+set}" ]; then
portable	UNKNOWN STEP	2026-10-01T11:42:56.5663636Z ^[[36;1mif [ -z "${CARGO_INCREMENTAL+set}" ]; then^[[0m
portable	UNKNOWN STEP	2026-10-01T11:42:56.5663939Z ^[[36;1m  echo CARGO_INCREMENTAL=0 >> $GITHUB_ENV^[[0m
portable	UNKNOWN STEP	2026-10-01T11:42:56.5664208Z ^[[36;1mfi^[[0m
portable	UNKNOWN STEP	2026-10-01T11:42:56.5727302Z shell: /usr/bin/bash --noprofile --norc -e -o pipefail {0}
portable	UNKNOWN STEP	2026-10-01T11:42:56.5727677Z env:
portable	UNKNOWN STEP	2026-10-01T11:42:56.5727910Z   CARGO_HOME: /home/runner/.cargo
portable	UNKNOWN STEP	2026-10-01T11:42:56.5728160Z ##[endgroup]
portable	UNKNOWN STEP	2026-10-01T11:42:56.5811661Z ##[end-action id=__dtolnay_rust-toolchain.__run_6;outcome=success;conclusion=success;duration_ms=17]
portable	UNKNOWN STEP	2026-10-01T11:42:56.5814044Z ##[start-action display=Enable colors in Cargo output;id=__dtolnay_rust-toolchain.__run_7]
portable	UNKNOWN STEP	2026-10-01T11:42:56.5837781Z ##[group]Run if [ -z "${CARGO_TERM_COLOR+set}" ]; then
portable	UNKNOWN STEP	2026-10-01T11:42:56.5838123Z ^[[36;1mif [ -z "${CARGO_TERM_COLOR+set}" ]; then^[[0m
portable	UNKNOWN STEP	2026-10-01T11:42:56.5838440Z ^[[36;1m  echo CARGO_TERM_COLOR=always >> $GITHUB_ENV^[[0m
portable	UNKNOWN STEP	2026-10-01T11:42:56.5838710Z ^[[36;1mfi^[[0m
portable	UNKNOWN STEP	2026-10-01T11:42:56.5895819Z shell: /usr/bin/bash --noprofile --norc -e -o pipefail {0}
portable	UNKNOWN STEP	2026-10-01T11:42:56.5896136Z env:
portable	UNKNOWN STEP	2026-10-01T11:42:56.5896350Z   CARGO_HOME: /home/runner/.cargo
portable	UNKNOWN STEP	2026-10-01T11:42:56.5896600Z   CARGO_INCREMENTAL: 0
portable	UNKNOWN STEP	2026-10-01T11:42:56.5896815Z ##[endgroup]
portable	UNKNOWN STEP	2026-10-01T11:42:56.5980671Z ##[end-action id=__dtolnay_rust-toolchain.__run_7;outcome=success;conclusion=success;duration_ms=16]
portable	UNKNOWN STEP	2026-10-01T11:42:56.5982837Z ##[start-action display=Enable Cargo sparse registry;id=__dtolnay_rust-toolchain.__run_8]
portable	UNKNOWN STEP	2026-10-01T11:42:56.6008255Z ##[group]Run # implemented in 1.66, stabilized in 1.68, made default in 1.70
portable	UNKNOWN STEP	2026-10-01T11:42:56.6008697Z ^[[36;1m# implemented in 1.66, stabilized in 1.68, made default in 1.70^[[0m
portable	UNKNOWN STEP	2026-10-01T11:42:56.6009303Z ^[[36;1mif [ -z "${CARGO_REGISTRIES_CRATES_IO_PROTOCOL+set}" -o -f "/home/runner/work/_temp"/.implicit_cargo_registries_crates_io_protocol ]; then^[[0m
portable	UNKNOWN STEP	2026-10-01T11:42:56.6009914Z ^[[36;1m  if rustc +1.95.0 --version --verbose | grep -q '^release: 1\.6[89]\.'; then^[[0m
portable	UNKNOWN STEP	2026-10-01T11:42:56.6010395Z ^[[36;1m    touch "/home/runner/work/_temp"/.implicit_cargo_registries_crates_io_protocol || true^[[0m
portable	UNKNOWN STEP	2026-10-01T11:42:56.6010847Z ^[[36;1m    echo CARGO_REGISTRIES_CRATES_IO_PROTOCOL=sparse >> $GITHUB_ENV^[[0m
portable	UNKNOWN STEP	2026-10-01T11:42:56.6011259Z ^[[36;1m  elif rustc +1.95.0 --version --verbose | grep -q '^release: 1\.6[67]\.'; then^[[0m
portable	UNKNOWN STEP	2026-10-01T11:42:56.6011758Z ^[[36;1m    touch "/home/runner/work/_temp"/.implicit_cargo_registries_crates_io_protocol || true^[[0m
portable	UNKNOWN STEP	2026-10-01T11:42:56.6012215Z ^[[36;1m    echo CARGO_REGISTRIES_CRATES_IO_PROTOCOL=git >> $GITHUB_ENV^[[0m
portable	UNKNOWN STEP	2026-10-01T11:42:56.6012529Z ^[[36;1m  fi^[[0m
portable	UNKNOWN STEP	2026-10-01T11:42:56.6012734Z ^[[36;1mfi^[[0m
portable	UNKNOWN STEP	2026-10-01T11:42:56.6069389Z shell: /usr/bin/bash --noprofile --norc -e -o pipefail {0}
portable	UNKNOWN STEP	2026-10-01T11:42:56.6069715Z env:
portable	UNKNOWN STEP	2026-10-01T11:42:56.6069931Z   CARGO_HOME: /home/runner/.cargo
portable	UNKNOWN STEP	2026-10-01T11:42:56.6070342Z   CARGO_INCREMENTAL: 0
portable	UNKNOWN STEP	2026-10-01T11:42:56.6070565Z   CARGO_TERM_COLOR: always
portable	UNKNOWN STEP	2026-10-01T11:42:56.6070785Z ##[endgroup]
portable	UNKNOWN STEP	2026-10-01T11:42:56.6348082Z ##[end-action id=__dtolnay_rust-toolchain.__run_8;outcome=success;conclusion=success;duration_ms=36]
portable	UNKNOWN STEP	2026-10-01T11:42:56.6350720Z ##[start-action display=Work around spurious network errors in curl 8.0;id=__dtolnay_rust-toolchain.__run_9]
portable	UNKNOWN STEP	2026-10-01T11:42:56.6376870Z ##[group]Run # https://rust-lang.zulipchat.com/#narrow/stream/246057-t-cargo/topic/timeout.20investigation
portable	UNKNOWN STEP	2026-10-01T11:42:56.6377673Z ^[[36;1m# https://rust-lang.zulipchat.com/#narrow/stream/246057-t-cargo/topic/timeout.20investigation^[[0m
portable	UNKNOWN STEP	2026-10-01T11:42:56.6378209Z ^[[36;1mif rustc +1.95.0 --version --verbose | grep -q '^release: 1\.7[01]\.'; then^[[0m
portable	UNKNOWN STEP	2026-10-01T11:42:56.6378624Z ^[[36;1m  echo CARGO_HTTP_MULTIPLEXING=false >> $GITHUB_ENV^[[0m
portable	UNKNOWN STEP	2026-10-01T11:42:56.6378917Z ^[[36;1mfi^[[0m
portable	UNKNOWN STEP	2026-10-01T11:42:56.6440879Z shell: /usr/bin/bash --noprofile --norc -e -o pipefail {0}
portable	UNKNOWN STEP	2026-10-01T11:42:56.6441218Z env:
portable	UNKNOWN STEP	2026-10-01T11:42:56.6441438Z   CARGO_HOME: /home/runner/.cargo
portable	UNKNOWN STEP	2026-10-01T11:42:56.6441694Z   CARGO_INCREMENTAL: 0
portable	UNKNOWN STEP	2026-10-01T11:42:56.6441918Z   CARGO_TERM_COLOR: always
portable	UNKNOWN STEP	2026-10-01T11:42:56.6442141Z ##[endgroup]
portable	UNKNOWN STEP	2026-10-01T11:42:56.6621646Z ##[end-action id=__dtolnay_rust-toolchain.__run_9;outcome=success;conclusion=success;duration_ms=27]
portable	UNKNOWN STEP	2026-10-01T11:42:56.6625912Z ##[start-action display=rustc +1.95.0 --version --verbose;id=__dtolnay_rust-toolchain.__run_10]
portable	UNKNOWN STEP	2026-10-01T11:42:56.6649873Z ##[group]Run rustc +1.95.0 --version --verbose
portable	UNKNOWN STEP	2026-10-01T11:42:56.6650199Z ^[[36;1mrustc +1.95.0 --version --verbose^[[0m
portable	UNKNOWN STEP	2026-10-01T11:42:56.6709108Z shell: /usr/bin/bash --noprofile --norc -e -o pipefail {0}
portable	UNKNOWN STEP	2026-10-01T11:42:56.6709445Z env:
portable	UNKNOWN STEP	2026-10-01T11:42:56.6709654Z   CARGO_HOME: /home/runner/.cargo
portable	UNKNOWN STEP	2026-10-01T11:42:56.6709918Z   CARGO_INCREMENTAL: 0
portable	UNKNOWN STEP	2026-10-01T11:42:56.6710140Z   CARGO_TERM_COLOR: always
portable	UNKNOWN STEP	2026-10-01T11:42:56.6710366Z ##[endgroup]
portable	UNKNOWN STEP	2026-10-01T11:42:56.6872878Z rustc 1.95.0 (59807616e 2026-04-14)
portable	UNKNOWN STEP	2026-10-01T11:42:56.6873320Z binary: rustc
portable	UNKNOWN STEP	2026-10-01T11:42:56.6873904Z commit-hash: 59807616e1fa2540724bfbac14d7976d7e4a3860
portable	UNKNOWN STEP	2026-10-01T11:42:56.6874349Z commit-date: 2026-04-14
portable	UNKNOWN STEP	2026-10-01T11:42:56.6874708Z host: x86_64-unknown-linux-gnu
portable	UNKNOWN STEP	2026-10-01T11:42:56.6875290Z release: 1.95.0
portable	UNKNOWN STEP	2026-10-01T11:42:56.6875546Z LLVM version: 22.1.2
portable	UNKNOWN STEP	2026-10-01T11:42:56.6886926Z ##[end-action id=__dtolnay_rust-toolchain.__run_10;outcome=success;conclusion=success;duration_ms=26]
portable	UNKNOWN STEP	2026-10-01T11:42:56.6945315Z ##[group]Run sudo apt-get update
portable	UNKNOWN STEP	2026-10-01T11:42:56.6945630Z ^[[36;1msudo apt-get update^[[0m
portable	UNKNOWN STEP	2026-10-01T11:42:56.6945938Z ^[[36;1msudo apt-get install --yes --no-install-recommends \^[[0m
portable	UNKNOWN STEP	2026-10-01T11:42:56.6946251Z ^[[36;1m  libxcb1-dev \^[[0m
portable	UNKNOWN STEP	2026-10-01T11:42:56.6946484Z ^[[36;1m  libfontconfig1-dev \^[[0m
portable	UNKNOWN STEP	2026-10-01T11:42:56.6946719Z ^[[36;1m  libvulkan1 \^[[0m
portable	UNKNOWN STEP	2026-10-01T11:42:56.6946949Z ^[[36;1m  libwayland-dev \^[[0m
portable	UNKNOWN STEP	2026-10-01T11:42:56.6947178Z ^[[36;1m  libx11-xcb-dev \^[[0m
portable	UNKNOWN STEP	2026-10-01T11:42:56.6947425Z ^[[36;1m  libxkbcommon-dev \^[[0m
portable	UNKNOWN STEP	2026-10-01T11:42:56.6947663Z ^[[36;1m  libxkbcommon-x11-dev \^[[0m
portable	UNKNOWN STEP	2026-10-01T11:42:56.6947922Z ^[[36;1m  mesa-vulkan-drivers \^[[0m
portable	UNKNOWN STEP	2026-10-01T11:42:56.6948159Z ^[[36;1m  weston \^[[0m
portable	UNKNOWN STEP	2026-10-01T11:42:56.6948363Z ^[[36;1m  xvfb^[[0m
portable	UNKNOWN STEP	2026-10-01T11:42:56.7007070Z shell: /usr/bin/bash -e {0}
portable	UNKNOWN STEP	2026-10-01T11:42:56.7007330Z env:
portable	UNKNOWN STEP	2026-10-01T11:42:56.7007542Z   CARGO_HOME: /home/runner/.cargo
portable	UNKNOWN STEP	2026-10-01T11:42:56.7007796Z   CARGO_INCREMENTAL: 0
portable	UNKNOWN STEP	2026-10-01T11:42:56.7008087Z   CARGO_TERM_COLOR: always
portable	UNKNOWN STEP	2026-10-01T11:42:56.7008372Z ##[endgroup]
portable	UNKNOWN STEP	2026-10-01T11:42:56.7756464Z Get:1 file:/etc/apt/apt-mirrors.txt Mirrorlist [144 B]
portable	UNKNOWN STEP	2026-10-01T11:42:56.8028791Z Hit:2 http://azure.archive.ubuntu.com/ubuntu noble InRelease
portable	UNKNOWN STEP	2026-10-01T11:42:56.8047297Z Get:3 http://azure.archive.ubuntu.com/ubuntu noble-updates InRelease [126 kB]
portable	UNKNOWN STEP	2026-10-01T11:42:56.8091075Z Get:4 http://azure.archive.ubuntu.com/ubuntu noble-backports InRelease [126 kB]
portable	UNKNOWN STEP	2026-10-01T11:42:56.8092420Z Get:5 http://azure.archive.ubuntu.com/ubuntu noble-security InRelease [126 kB]
portable	UNKNOWN STEP	2026-10-01T11:42:56.8620225Z Get:6 https://packages.microsoft.com/ubuntu/24.04/prod noble InRelease [3600 B]
portable	UNKNOWN STEP	2026-10-01T11:42:56.9202200Z Get:7 http://azure.archive.ubuntu.com/ubuntu noble-updates/main amd64 Packages [1343 kB]
portable	UNKNOWN STEP	2026-10-01T11:42:56.9470169Z Get:8 http://azure.archive.ubuntu.com/ubuntu noble-updates/main Translation-en [302 kB]
portable	UNKNOWN STEP	2026-10-01T11:42:56.9525818Z Get:9 http://azure.archive.ubuntu.com/ubuntu noble-updates/main amd64 Components [181 kB]
portable	UNKNOWN STEP	2026-10-01T11:42:56.9598714Z Get:10 http://azure.archive.ubuntu.com/ubuntu noble-updates/universe amd64 Packages [1699 kB]
portable	UNKNOWN STEP	2026-10-01T11:42:56.9651843Z Get:11 http://azure.archive.ubuntu.com/ubuntu noble-updates/universe Translation-en [341 kB]
portable	UNKNOWN STEP	2026-10-01T11:42:56.9787001Z Get:12 http://azure.archive.ubuntu.com/ubuntu noble-updates/universe amd64 Components [388 kB]
portable	UNKNOWN STEP	2026-10-01T11:42:56.9814383Z Get:13 http://azure.archive.ubuntu.com/ubuntu noble-updates/restricted amd64 Packages [1701 kB]
portable	UNKNOWN STEP	2026-10-01T11:42:56.9889160Z Get:14 http://azure.archive.ubuntu.com/ubuntu noble-updates/restricted Translation-en [389 kB]
portable	UNKNOWN STEP	2026-10-01T11:42:56.9901058Z Get:15 http://azure.archive.ubuntu.com/ubuntu noble-updates/multiverse amd64 Components [940 B]
portable	UNKNOWN STEP	2026-10-01T11:42:56.9931159Z Get:16 http://azure.archive.ubuntu.com/ubuntu noble-backports/main amd64 Components [5760 B]
portable	UNKNOWN STEP	2026-10-01T11:42:57.0380221Z Get:17 http://azure.archive.ubuntu.com/ubuntu noble-backports/universe amd64 Components [12.6 kB]
portable	UNKNOWN STEP	2026-10-01T11:42:57.0394251Z Get:18 http://azure.archive.ubuntu.com/ubuntu noble-security/main amd64 Packages [1066 kB]
portable	UNKNOWN STEP	2026-10-01T11:42:57.0454967Z Get:19 http://azure.archive.ubuntu.com/ubuntu noble-security/main Translation-en [220 kB]
portable	UNKNOWN STEP	2026-10-01T11:42:57.0481679Z Get:20 http://azure.archive.ubuntu.com/ubuntu noble-security/main amd64 Components [46.4 kB]
portable	UNKNOWN STEP	2026-10-01T11:42:57.0504983Z Get:21 http://azure.archive.ubuntu.com/ubuntu noble-security/universe amd64 Packages [1216 kB]
portable	UNKNOWN STEP	2026-10-01T11:42:57.0569170Z Get:22 http://azure.archive.ubuntu.com/ubuntu noble-security/universe Translation-en [244 kB]
portable	UNKNOWN STEP	2026-10-01T11:42:57.0590056Z Get:23 http://azure.archive.ubuntu.com/ubuntu noble-security/universe amd64 Components [76.3 kB]
portable	UNKNOWN STEP	2026-10-01T11:42:57.0600120Z Get:24 http://azure.archive.ubuntu.com/ubuntu noble-security/restricted amd64 Packages [1566 kB]
portable	UNKNOWN STEP	2026-10-01T11:42:57.0679348Z Get:25 http://azure.archive.ubuntu.com/ubuntu noble-security/restricted Translation-en [361 kB]
portable	UNKNOWN STEP	2026-10-01T11:42:57.0833058Z Get:26 https://packages.microsoft.com/ubuntu/24.04/prod noble/main arm64 Packages [456 kB]
portable	UNKNOWN STEP	2026-10-01T11:42:57.0900772Z Get:27 https://packages.microsoft.com/ubuntu/24.04/prod noble/main amd64 Packages [509 kB]
portable	UNKNOWN STEP	2026-10-01T11:43:05.3288236Z Fetched 12.5 MB in 1s (10.9 MB/s)
portable	UNKNOWN STEP	2026-10-01T11:43:05.9542378Z Reading package lists...
portable	UNKNOWN STEP	2026-10-01T11:43:05.9803286Z Reading package lists...
portable	UNKNOWN STEP	2026-10-01T11:43:06.1388789Z Building dependency tree...
portable	UNKNOWN STEP	2026-10-01T11:43:06.1395155Z Reading state information...
portable	UNKNOWN STEP	2026-10-01T11:43:06.2733821Z libvulkan1 is already the newest version (1.3.275.0-1build1).
portable	UNKNOWN STEP	2026-10-01T11:43:06.2734431Z libvulkan1 set to manually installed.
portable	UNKNOWN STEP	2026-10-01T11:43:06.2734943Z xvfb is already the newest version (2:21.1.12-1ubuntu1.8).
portable	UNKNOWN STEP	2026-10-01T11:43:06.2735408Z The following additional packages will be installed:
portable	UNKNOWN STEP	2026-10-01T11:43:06.2735954Z   libaml0t64 libass9 libasyncns0 libavcodec60 libavfilter9 libavformat60
portable	UNKNOWN STEP	2026-10-01T11:43:06.2736553Z   libavutil58 libblas3 libbluray2 libbrotli-dev libbs2b0 libbz2-dev
portable	UNKNOWN STEP	2026-10-01T11:43:06.2737161Z   libchromaprint1 libcjson1 libcodec2-1.2 libdav1d7 libegl-mesa0 libegl1
portable	UNKNOWN STEP	2026-10-01T11:43:06.2737750Z   libflac12t64 libflite1 libfontconfig-dev libfreerdp-server2-2t64
portable	UNKNOWN STEP	2026-10-01T11:43:06.2738361Z   libfreerdp2-2t64 libfreetype-dev libgbm1 libgl1-mesa-dri libgles2
portable	UNKNOWN STEP	2026-10-01T11:43:06.2738960Z   libglx-mesa0 libgme0 libgsm1 libgstreamer-plugins-base1.0-0 libhwy1t64
portable	UNKNOWN STEP	2026-10-01T11:43:06.2739616Z   libinput-bin libinput10 libjxl0.7 liblapack3 liblilv-0-0 libmbedcrypto7t64
portable	UNKNOWN STEP	2026-10-01T11:43:06.2740205Z   libmp3lame0 libmpg123-0t64 libmtdev1t64 libmysofa1 libneatvnc0
portable	UNKNOWN STEP	2026-10-01T11:43:06.2741642Z   libopenmpt0t64 libopus0 liborc-0.4-0t64 libpipewire-0.3-0t64 libplacebo338
portable	UNKNOWN STEP	2026-10-01T11:43:06.2742332Z   libpng-dev libpocketsphinx3 libpostproc57 libpthread-stubs0-dev libpulse0
portable	UNKNOWN STEP	2026-10-01T11:43:06.2742970Z   librav1e0 librist4 librsvg2-2 librubberband2 libsamplerate0 libseat1
portable	UNKNOWN STEP	2026-10-01T11:43:06.2743712Z   libserd-0-0 libshine3 libsndfile1 libsord-0-0 libsoxr0 libspa-0.2-modules
portable	UNKNOWN STEP	2026-10-01T11:43:06.2744290Z   libspeex1 libsphinxbase3t64 libsratom-0-0 libsrt1.5-gnutls libssh-gcrypt-4
portable	UNKNOWN STEP	2026-10-01T11:43:06.2744851Z   libsvtav1enc1d1 libswresample4 libswscale7 libtheora0 libturbojpeg
portable	UNKNOWN STEP	2026-10-01T11:43:06.2745242Z   libtwolame0 libudfread0 libunibreak5 libva-drm2 libva-x11-2 libva2 libvdpau1
portable	UNKNOWN STEP	2026-10-01T11:43:06.2745630Z   libvidstab1.1 libvorbisenc2 libvpl2 libvpx9 libwacom-common libwacom9
portable	UNKNOWN STEP	2026-10-01T11:43:06.2746028Z   libwayland-bin libwayland-server0 libwebrtc-audio-processing1 libweston-13-0
portable	UNKNOWN STEP	2026-10-01T11:43:06.2746410Z   libwinpr2-2t64 libx11-dev libx264-164 libx265-199 libxau-dev
portable	UNKNOWN STEP	2026-10-01T11:43:06.2746765Z   libxcb-composite0 libxcb-xkb-dev libxcb-xkb1 libxdmcp-dev libxkbcommon-x11-0
portable	UNKNOWN STEP	2026-10-01T11:43:06.2747204Z   libxvidcore4 libzimg2 libzix-0-0 libzvbi-common libzvbi0t64 mesa-libgallium
portable	UNKNOWN STEP	2026-10-01T11:43:06.2747722Z   ocl-icd-libopencl1 uuid-dev x11proto-dev xorg-sgml-doctools xtrans-dev
portable	UNKNOWN STEP	2026-10-01T11:43:06.2748041Z Suggested packages:
portable	UNKNOWN STEP	2026-10-01T11:43:06.2748295Z   libcuda1 libnvcuvid1 libnvidia-encode1 libbluray-bdj freerdp2-x11
portable	UNKNOWN STEP	2026-10-01T11:43:06.2748653Z   freetype2-doc libvisual-0.4-plugins opus-tools pipewire pulseaudio
portable	UNKNOWN STEP	2026-10-01T11:43:06.2749011Z   librsvg2-bin serdi sordi speex libwacom-bin libwayland-doc libx11-doc
portable	UNKNOWN STEP	2026-10-01T11:43:06.2749314Z   libxcb-doc opencl-icd wayland-utils
portable	UNKNOWN STEP	2026-10-01T11:43:06.2749619Z Recommended packages:
portable	UNKNOWN STEP	2026-10-01T11:43:06.2749878Z   libaacs0 bzip2-doc gstreamer1.0-plugins-base libpipewire-0.3-common
portable	UNKNOWN STEP	2026-10-01T11:43:06.2750255Z   libpng-tools pocketsphinx-en-us librsvg2-common va-driver-all | va-driver
portable	UNKNOWN STEP	2026-10-01T11:43:06.2750573Z   vdpau-driver-all | vdpau-driver
portable	UNKNOWN STEP	2026-10-01T11:43:06.3157761Z The following NEW packages will be installed:
portable	UNKNOWN STEP	2026-10-01T11:43:06.3158339Z   libaml0t64 libass9 libasyncns0 libavcodec60 libavfilter9 libavformat60
portable	UNKNOWN STEP	2026-10-01T11:43:06.3158733Z   libavutil58 libblas3 libbluray2 libbrotli-dev libbs2b0 libbz2-dev
portable	UNKNOWN STEP	2026-10-01T11:43:06.3159101Z   libchromaprint1 libcjson1 libcodec2-1.2 libdav1d7 libegl-mesa0 libegl1
portable	UNKNOWN STEP	2026-10-01T11:43:06.3160016Z   libflac12t64 libflite1 libfontconfig-dev libfontconfig1-dev
portable	UNKNOWN STEP	2026-10-01T11:43:06.3160460Z   libfreerdp-server2-2t64 libfreerdp2-2t64 libfreetype-dev libgles2 libgme0
portable	UNKNOWN STEP	2026-10-01T11:43:06.3160870Z   libgsm1 libgstreamer-plugins-base1.0-0 libhwy1t64 libinput-bin libinput10
portable	UNKNOWN STEP	2026-10-01T11:43:06.3161251Z   libjxl0.7 liblapack3 liblilv-0-0 libmbedcrypto7t64 libmp3lame0
portable	UNKNOWN STEP	2026-10-01T11:43:06.3161619Z   libmpg123-0t64 libmtdev1t64 libmysofa1 libneatvnc0 libopenmpt0t64 libopus0
portable	UNKNOWN STEP	2026-10-01T11:43:06.3161980Z   liborc-0.4-0t64 libpipewire-0.3-0t64 libplacebo338 libpng-dev
portable	UNKNOWN STEP	2026-10-01T11:43:06.3162513Z   libpocketsphinx3 libpostproc57 libpthread-stubs0-dev libpulse0 librav1e0
portable	UNKNOWN STEP	2026-10-01T11:43:06.3162901Z   librist4 librsvg2-2 librubberband2 libsamplerate0 libseat1 libserd-0-0
portable	UNKNOWN STEP	2026-10-01T11:43:06.3163280Z   libshine3 libsndfile1 libsord-0-0 libsoxr0 libspa-0.2-modules libspeex1
portable	UNKNOWN STEP	2026-10-01T11:43:06.3163768Z   libsphinxbase3t64 libsratom-0-0 libsrt1.5-gnutls libssh-gcrypt-4
portable	UNKNOWN STEP	2026-10-01T11:43:06.3164129Z   libsvtav1enc1d1 libswresample4 libswscale7 libtheora0 libturbojpeg
portable	UNKNOWN STEP	2026-10-01T11:43:06.3164512Z   libtwolame0 libudfread0 libunibreak5 libva-drm2 libva-x11-2 libva2 libvdpau1
portable	UNKNOWN STEP	2026-10-01T11:43:06.3164893Z   libvidstab1.1 libvorbisenc2 libvpl2 libvpx9 libwacom-common libwacom9
portable	UNKNOWN STEP	2026-10-01T11:43:06.3165278Z   libwayland-bin libwayland-dev libwayland-server0 libwebrtc-audio-processing1
portable	UNKNOWN STEP	2026-10-01T11:43:06.3165655Z   libweston-13-0 libwinpr2-2t64 libx11-dev libx11-xcb-dev libx264-164
portable	UNKNOWN STEP	2026-10-01T11:43:06.3166123Z   libx265-199 libxau-dev libxcb-composite0 libxcb-xkb-dev libxcb-xkb1
portable	UNKNOWN STEP	2026-10-01T11:43:06.3166607Z   libxcb1-dev libxdmcp-dev libxkbcommon-dev libxkbcommon-x11-0
portable	UNKNOWN STEP	2026-10-01T11:43:06.3166949Z   libxkbcommon-x11-dev libxvidcore4 libzimg2 libzix-0-0 libzvbi-common
portable	UNKNOWN STEP	2026-10-01T11:43:06.3167319Z   libzvbi0t64 mesa-vulkan-drivers ocl-icd-libopencl1 uuid-dev weston
portable	UNKNOWN STEP	2026-10-01T11:43:06.3167627Z   x11proto-dev xorg-sgml-doctools xtrans-dev
portable	UNKNOWN STEP	2026-10-01T11:43:06.3167868Z The following packages will be upgraded:
portable	UNKNOWN STEP	2026-10-01T11:43:06.3169737Z   libgbm1 libgl1-mesa-dri libglx-mesa0 mesa-libgallium
portable	UNKNOWN STEP	2026-10-01T11:43:06.3336945Z 4 upgraded, 117 newly installed, 0 to remove and 20 not upgraded.
portable	UNKNOWN STEP	2026-10-01T11:43:06.3337441Z Need to get 95.7 MB of archives.
portable	UNKNOWN STEP	2026-10-01T11:43:06.3337869Z After this operation, 295 MB of additional disk space will be used.
portable	UNKNOWN STEP	2026-10-01T11:43:06.3338385Z Get:1 file:/etc/apt/apt-mirrors.txt Mirrorlist [144 B]
portable	UNKNOWN STEP	2026-10-01T11:43:06.4122574Z Get:2 http://azure.archive.ubuntu.com/ubuntu noble/universe amd64 libaml0t64 amd64 0.3.0-1.1build1 [11.6 kB]
portable	UNKNOWN STEP	2026-10-01T11:43:06.4771730Z Get:3 http://azure.archive.ubuntu.com/ubuntu noble/universe amd64 libunibreak5 amd64 5.1-2build1 [25.0 kB]
portable	UNKNOWN STEP	2026-10-01T11:43:06.5427246Z Get:4 http://azure.archive.ubuntu.com/ubuntu noble/universe amd64 libass9 amd64 1:0.17.1-2build1 [104 kB]
portable	UNKNOWN STEP	2026-10-01T11:43:06.6091527Z Get:5 http://azure.archive.ubuntu.com/ubuntu noble/main amd64 libasyncns0 amd64 0.8-6build4 [11.3 kB]
portable	UNKNOWN STEP	2026-10-01T11:43:06.6750660Z Get:6 http://azure.archive.ubuntu.com/ubuntu noble-updates/universe amd64 libva2 amd64 2.20.0-2ubuntu0.2 [66.4 kB]
portable	UNKNOWN STEP	2026-10-01T11:43:06.7405407Z Get:7 http://azure.archive.ubuntu.com/ubuntu noble-updates/universe amd64 libva-drm2 amd64 2.20.0-2ubuntu0.2 [7124 B]
portable	UNKNOWN STEP	2026-10-01T11:43:06.8052460Z Get:8 http://azure.archive.ubuntu.com/ubuntu noble-updates/universe amd64 libva-x11-2 amd64 2.20.0-2ubuntu0.2 [12.0 kB]
portable	UNKNOWN STEP	2026-10-01T11:43:06.8698770Z Get:9 http://azure.archive.ubuntu.com/ubuntu noble/main amd64 libvdpau1 amd64 1.5-2build1 [27.8 kB]
portable	UNKNOWN STEP	2026-10-01T11:43:06.9341213Z Get:10 http://azure.archive.ubuntu.com/ubuntu noble/universe amd64 libvpl2 amd64 2023.3.0-1build1 [99.8 kB]
portable	UNKNOWN STEP	2026-10-01T11:43:06.9989522Z Get:11 http://azure.archive.ubuntu.com/ubuntu noble/universe amd64 ocl-icd-libopencl1 amd64 2.3.2-1build1 [38.5 kB]
portable	UNKNOWN STEP	2026-10-01T11:43:07.0632324Z Get:12 http://azure.archive.ubuntu.com/ubuntu noble/universe amd64 libavutil58 amd64 7:6.1.1-3ubuntu5 [401 kB]
portable	UNKNOWN STEP	2026-10-01T11:43:07.1318627Z Get:13 http://azure.archive.ubuntu.com/ubuntu noble/universe amd64 libcodec2-1.2 amd64 1.2.0-2build1 [8998 kB]
portable	UNKNOWN STEP	2026-10-01T11:43:07.3820236Z Get:14 http://azure.archive.ubuntu.com/ubuntu noble/universe amd64 libdav1d7 amd64 1.4.1-1build1 [604 kB]
portable	UNKNOWN STEP	2026-10-01T11:43:07.4578938Z Get:15 http://azure.archive.ubuntu.com/ubuntu noble/universe amd64 libgsm1 amd64 1.0.22-1build1 [27.8 kB]
portable	UNKNOWN STEP	2026-10-01T11:43:07.5223094Z Get:16 http://azure.archive.ubuntu.com/ubuntu noble/universe amd64 libhwy1t64 amd64 1.0.7-8.1build1 [584 kB]
portable	UNKNOWN STEP	2026-10-01T11:43:07.5988483Z Get:17 http://azure.archive.ubuntu.com/ubuntu noble-updates/universe amd64 libjxl0.7 amd64 0.7.0-10.2ubuntu6.1 [1001 kB]
portable	UNKNOWN STEP	2026-10-01T11:43:07.6845539Z Get:18 http://azure.archive.ubuntu.com/ubuntu noble/main amd64 libmp3lame0 amd64 3.100-6build1 [142 kB]
portable	UNKNOWN STEP	2026-10-01T11:43:07.7518049Z Get:19 http://azure.archive.ubuntu.com/ubuntu noble/main amd64 libopus0 amd64 1.4-1build1 [208 kB]
portable	UNKNOWN STEP	2026-10-01T11:43:07.8196336Z Get:20 http://azure.archive.ubuntu.com/ubuntu noble/universe amd64 librav1e0 amd64 0.7.1-2 [1022 kB]
portable	UNKNOWN STEP	2026-10-01T11:43:07.9038827Z Get:21 http://azure.archive.ubuntu.com/ubuntu noble/main amd64 librsvg2-2 amd64 2.58.0+dfsg-1build1 [2135 kB]
portable	UNKNOWN STEP	2026-10-01T11:43:08.0114107Z Get:22 http://azure.archive.ubuntu.com/ubuntu noble/universe amd64 libshine3 amd64 3.1.1-2build1 [23.2 kB]
portable	UNKNOWN STEP	2026-10-01T11:43:08.0757949Z Get:23 http://azure.archive.ubuntu.com/ubuntu noble-updates/main amd64 libspeex1 amd64 1.2.1-2ubuntu2.24.04.1 [59.6 kB]
portable	UNKNOWN STEP	2026-10-01T11:43:08.1406370Z Get:24 http://azure.archive.ubuntu.com/ubuntu noble/universe amd64 libsvtav1enc1d1 amd64 1.7.0+dfsg-2build1 [2425 kB]
portable	UNKNOWN STEP	2026-10-01T11:43:08.2543853Z Get:25 http://azure.archive.ubuntu.com/ubuntu noble/universe amd64 libsoxr0 amd64 0.1.3-4build3 [80.0 kB]
portable	UNKNOWN STEP	2026-10-01T11:43:08.3194113Z Get:26 http://azure.archive.ubuntu.com/ubuntu noble/universe amd64 libswresample4 amd64 7:6.1.1-3ubuntu5 [63.8 kB]
portable	UNKNOWN STEP	2026-10-01T11:43:08.3841310Z Get:27 http://azure.archive.ubuntu.com/ubuntu noble/main amd64 libtheora0 amd64 1.1.1+dfsg.1-16.1build3 [211 kB]
portable	UNKNOWN STEP	2026-10-01T11:43:08.4497286Z Get:28 http://azure.archive.ubuntu.com/ubuntu noble/main amd64 libtwolame0 amd64 0.4.0-2build3 [52.3 kB]
portable	UNKNOWN STEP	2026-10-01T11:43:08.5146821Z Get:29 http://azure.archive.ubuntu.com/ubuntu noble/main amd64 libvorbisenc2 amd64 1.3.7-1build3 [80.8 kB]
portable	UNKNOWN STEP	2026-10-01T11:43:08.5799796Z Get:30 http://azure.archive.ubuntu.com/ubuntu noble-updates/main amd64 libvpx9 amd64 1.14.0-1ubuntu2.3 [1143 kB]
portable	UNKNOWN STEP	2026-10-01T11:43:08.6984122Z Get:31 http://azure.archive.ubuntu.com/ubuntu noble/universe amd64 libx264-164 amd64 2:0.164.3108+git31e19f9-1 [604 kB]
portable	UNKNOWN STEP	2026-10-01T11:43:08.7878711Z Get:32 http://azure.archive.ubuntu.com/ubuntu noble/universe amd64 libx265-199 amd64 3.5-2build1 [1226 kB]
portable	UNKNOWN STEP	2026-10-01T11:43:08.8996914Z Get:33 http://azure.archive.ubuntu.com/ubuntu noble/universe amd64 libxvidcore4 amd64 2:1.3.7-1build1 [219 kB]
portable	UNKNOWN STEP	2026-10-01T11:43:09.0794398Z Get:34 http://azure.archive.ubuntu.com/ubuntu noble/universe amd64 libzvbi-common all 0.2.42-2 [42.4 kB]
portable	UNKNOWN STEP	2026-10-01T11:43:09.3044226Z Get:35 http://azure.archive.ubuntu.com/ubuntu noble/universe amd64 libzvbi0t64 amd64 0.2.42-2 [261 kB]
portable	UNKNOWN STEP	2026-10-01T11:43:09.6628948Z Get:36 http://azure.archive.ubuntu.com/ubuntu noble/universe amd64 libavcodec60 amd64 7:6.1.1-3ubuntu5 [5851 kB]
portable	UNKNOWN STEP	2026-10-01T11:43:09.9034243Z Get:37 http://azure.archive.ubuntu.com/ubuntu noble/universe amd64 libudfread0 amd64 1.1.2-1build1 [19.0 kB]
portable	UNKNOWN STEP	2026-10-01T11:43:10.0328857Z Get:38 http://azure.archive.ubuntu.com/ubuntu noble/universe amd64 libbluray2 amd64 1:1.3.4-1build1 [159 kB]
portable	UNKNOWN STEP	2026-10-01T11:43:10.1521698Z Get:39 http://azure.archive.ubuntu.com/ubuntu noble/universe amd64 libchromaprint1 amd64 1.5.1-5 [30.5 kB]
portable	UNKNOWN STEP	2026-10-01T11:43:10.2733768Z Get:40 http://azure.archive.ubuntu.com/ubuntu noble/universe amd64 libgme0 amd64 0.6.3-7build1 [134 kB]
portable	UNKNOWN STEP	2026-10-01T11:43:10.3491233Z Get:41 http://azure.archive.ubuntu.com/ubuntu noble-updates/main amd64 libmpg123-0t64 amd64 1.32.5-1ubuntu1.1 [169 kB]
portable	UNKNOWN STEP	2026-10-01T11:43:10.4201406Z Get:42 http://azure.archive.ubuntu.com/ubuntu noble/universe amd64 libopenmpt0t64 amd64 0.7.3-1.1build3 [647 kB]
portable	UNKNOWN STEP	2026-10-01T11:43:10.5353293Z Get:43 http://azure.archive.ubuntu.com/ubuntu noble/universe amd64 libcjson1 amd64 1.7.17-1 [24.8 kB]
portable	UNKNOWN STEP	2026-10-01T11:43:10.5986551Z Get:44 http://azure.archive.ubuntu.com/ubuntu noble/universe amd64 libmbedcrypto7t64 amd64 2.28.8-1 [209 kB]
portable	UNKNOWN STEP	2026-10-01T11:43:10.6649779Z Get:45 http://azure.archive.ubuntu.com/ubuntu noble/universe amd64 librist4 amd64 0.2.10+dfsg-2 [74.9 kB]
portable	UNKNOWN STEP	2026-10-01T11:43:10.7289068Z Get:46 http://azure.archive.ubuntu.com/ubuntu noble/universe amd64 libsrt1.5-gnutls amd64 1.5.3-1build2 [316 kB]
portable	UNKNOWN STEP	2026-10-01T11:43:10.7973253Z Get:47 http://azure.archive.ubuntu.com/ubuntu noble-updates/main amd64 libssh-gcrypt-4 amd64 0.10.6-2ubuntu0.5 [226 kB]
portable	UNKNOWN STEP	2026-10-01T11:43:10.8669750Z Get:48 http://azure.archive.ubuntu.com/ubuntu noble/universe amd64 libavformat60 amd64 7:6.1.1-3ubuntu5 [1153 kB]
portable	UNKNOWN STEP	2026-10-01T11:43:10.9525117Z Get:49 http://azure.archive.ubuntu.com/ubuntu noble/universe amd64 libbs2b0 amd64 3.1.0+dfsg-7build1 [10.6 kB]
portable	UNKNOWN STEP	2026-10-01T11:43:11.0212288Z Get:50 http://azure.archive.ubuntu.com/ubuntu noble/universe amd64 libflite1 amd64 2.2-6build3 [13.6 MB]
portable	UNKNOWN STEP	2026-10-01T11:43:11.4331855Z Get:51 http://azure.archive.ubuntu.com/ubuntu noble/universe amd64 libserd-0-0 amd64 0.32.2-1 [43.6 kB]
portable	UNKNOWN STEP	2026-10-01T11:43:11.4980614Z Get:52 http://azure.archive.ubuntu.com/ubuntu noble/universe amd64 libzix-0-0 amd64 0.4.2-2build1 [23.6 kB]
portable	UNKNOWN STEP	2026-10-01T11:43:11.5629654Z Get:53 http://azure.archive.ubuntu.com/ubuntu noble/universe amd64 libsord-0-0 amd64 0.16.16-2build1 [15.8 kB]
portable	UNKNOWN STEP	2026-10-01T11:43:11.6259614Z Get:54 http://azure.archive.ubuntu.com/ubuntu noble/universe amd64 libsratom-0-0 amd64 0.6.16-1build1 [17.3 kB]
portable	UNKNOWN STEP	2026-10-01T11:43:11.6930132Z Get:55 http://azure.archive.ubuntu.com/ubuntu noble/universe amd64 liblilv-0-0 amd64 0.24.22-1build1 [41.0 kB]
portable	UNKNOWN STEP	2026-10-01T11:43:11.7641006Z Get:56 http://azure.archive.ubuntu.com/ubuntu noble/universe amd64 libmysofa1 amd64 1.3.2+dfsg-2ubuntu2 [1158 kB]
portable	UNKNOWN STEP	2026-10-01T11:43:11.8407009Z Get:57 http://azure.archive.ubuntu.com/ubuntu noble/universe amd64 libplacebo338 amd64 6.338.2-2build1 [2654 kB]
portable	UNKNOWN STEP	2026-10-01T11:43:11.9277734Z Get:58 http://azure.archive.ubuntu.com/ubuntu noble-updates/main amd64 libblas3 amd64 3.12.0-3build1.1 [238 kB]
portable	UNKNOWN STEP	2026-10-01T11:43:11.9967965Z Get:59 http://azure.archive.ubuntu.com/ubuntu noble-updates/main amd64 liblapack3 amd64 3.12.0-3build1.1 [2646 kB]
portable	UNKNOWN STEP	2026-10-01T11:43:12.1187132Z Get:60 http://azure.archive.ubuntu.com/ubuntu noble/main amd64 libflac12t64 amd64 1.4.3+ds-2.1ubuntu2 [197 kB]
portable	UNKNOWN STEP	2026-10-01T11:43:12.2000320Z Get:61 http://azure.archive.ubuntu.com/ubuntu noble-updates/main amd64 libsndfile1 amd64 1.2.2-1ubuntu5.24.04.1 [209 kB]
portable	UNKNOWN STEP	2026-10-01T11:43:12.2704229Z Get:62 http://azure.archive.ubuntu.com/ubuntu noble-updates/main amd64 libpulse0 amd64 1:16.1+dfsg1-2ubuntu10.1 [292 kB]
portable	UNKNOWN STEP	2026-10-01T11:43:12.3504697Z Get:63 http://azure.archive.ubuntu.com/ubuntu noble/universe amd64 libsphinxbase3t64 amd64 0.8+5prealpha+1-17build2 [126 kB]
portable	UNKNOWN STEP	2026-10-01T11:43:12.4144297Z Get:64 http://azure.archive.ubuntu.com/ubuntu noble/universe amd64 libpocketsphinx3 amd64 0.8.0+real5prealpha+1-15ubuntu5 [133 kB]
portable	UNKNOWN STEP	2026-10-01T11:43:12.4787210Z Get:65 http://azure.archive.ubuntu.com/ubuntu noble/universe amd64 libpostproc57 amd64 7:6.1.1-3ubuntu5 [49.9 kB]
portable	UNKNOWN STEP	2026-10-01T11:43:12.5496361Z Get:66 http://azure.archive.ubuntu.com/ubuntu noble/main amd64 libsamplerate0 amd64 0.2.2-4build1 [1344 kB]
portable	UNKNOWN STEP	2026-10-01T11:43:12.6247425Z Get:67 http://azure.archive.ubuntu.com/ubuntu noble/universe amd64 librubberband2 amd64 3.3.0+dfsg-2build1 [130 kB]
portable	UNKNOWN STEP	2026-10-01T11:43:12.6942676Z Get:68 http://azure.archive.ubuntu.com/ubuntu noble/universe amd64 libswscale7 amd64 7:6.1.1-3ubuntu5 [193 kB]
portable	UNKNOWN STEP	2026-10-01T11:43:12.7618084Z Get:69 http://azure.archive.ubuntu.com/ubuntu noble/universe amd64 libvidstab1.1 amd64 1.1.0-2build1 [38.5 kB]
portable	UNKNOWN STEP	2026-10-01T11:43:12.8260081Z Get:70 http://azure.archive.ubuntu.com/ubuntu noble/universe amd64 libzimg2 amd64 3.0.5+ds1-1build1 [254 kB]
portable	UNKNOWN STEP	2026-10-01T11:43:12.8945855Z Get:71 http://azure.archive.ubuntu.com/ubuntu noble/universe amd64 libavfilter9 amd64 7:6.1.1-3ubuntu5 [4235 kB]
portable	UNKNOWN STEP	2026-10-01T11:43:13.0489680Z Get:72 http://azure.archive.ubuntu.com/ubuntu noble/main amd64 libbrotli-dev amd64 1.1.0-2build2 [353 kB]
portable	UNKNOWN STEP	2026-10-01T11:43:13.1261365Z Get:73 http://azure.archive.ubuntu.com/ubuntu noble-updates/main amd64 libbz2-dev amd64 1.0.8-5.1ubuntu0.1 [33.6 kB]
portable	UNKNOWN STEP	2026-10-01T11:43:13.1902157Z Get:74 http://azure.archive.ubuntu.com/ubuntu noble-updates/main amd64 libgl1-mesa-dri amd64 25.2.8-0ubuntu0.24.04.3 [37.9 kB]
portable	UNKNOWN STEP	2026-10-01T11:43:13.2574970Z Get:75 http://azure.archive.ubuntu.com/ubuntu noble/main amd64 libwayland-server0 amd64 1.22.0-2.1build1 [33.9 kB]
portable	UNKNOWN STEP	2026-10-01T11:43:13.3234774Z Get:76 http://azure.archive.ubuntu.com/ubuntu noble-updates/main amd64 libglx-mesa0 amd64 25.2.8-0ubuntu0.24.04.3 [110 kB]
portable	UNKNOWN STEP	2026-10-01T11:43:13.3887092Z Get:77 http://azure.archive.ubuntu.com/ubuntu noble-updates/main amd64 libgbm1 amd64 25.2.8-0ubuntu0.24.04.3 [34.3 kB]
portable	UNKNOWN STEP	2026-10-01T11:43:13.4531135Z Get:78 http://azure.archive.ubuntu.com/ubuntu noble-updates/main amd64 mesa-libgallium amd64 25.2.8-0ubuntu0.24.04.3 [10.8 MB]
portable	UNKNOWN STEP	2026-10-01T11:43:13.8238974Z Get:79 http://azure.archive.ubuntu.com/ubuntu noble-updates/main amd64 libegl-mesa0 amd64 25.2.8-0ubuntu0.24.04.3 [121 kB]
portable	UNKNOWN STEP	2026-10-01T11:43:13.9162971Z Get:80 http://azure.archive.ubuntu.com/ubuntu noble-updates/main amd64 libpng-dev amd64 1.6.43-5ubuntu0.6 [265 kB]
portable	UNKNOWN STEP	2026-10-01T11:43:13.9842140Z Get:81 http://azure.archive.ubuntu.com/ubuntu noble-updates/main amd64 libfreetype-dev amd64 2.13.2+dfsg-1ubuntu0.1 [575 kB]
portable	UNKNOWN STEP	2026-10-01T11:43:14.0604034Z Get:82 http://azure.archive.ubuntu.com/ubuntu noble-updates/main amd64 uuid-dev amd64 2.39.3-9ubuntu6.6 [33.5 kB]
portable	UNKNOWN STEP	2026-10-01T11:43:14.1248871Z Get:83 http://azure.archive.ubuntu.com/ubuntu noble/main amd64 libfontconfig-dev amd64 2.15.0-1.1ubuntu2 [161 kB]
portable	UNKNOWN STEP	2026-10-01T11:43:14.2007393Z Get:84 http://azure.archive.ubuntu.com/ubuntu noble/main amd64 libfontconfig1-dev amd64 2.15.0-1.1ubuntu2 [1840 B]
portable	UNKNOWN STEP	2026-10-01T11:43:14.2646931Z Get:85 http://azure.archive.ubuntu.com/ubuntu noble/universe amd64 libwinpr2-2t64 amd64 2.11.5+dfsg1-1build2 [350 kB]
portable	UNKNOWN STEP	2026-10-01T11:43:14.3376173Z Get:86 http://azure.archive.ubuntu.com/ubuntu noble/universe amd64 libfreerdp2-2t64 amd64 2.11.5+dfsg1-1build2 [559 kB]
portable	UNKNOWN STEP	2026-10-01T11:43:14.4238748Z Get:87 http://azure.archive.ubuntu.com/ubuntu noble/universe amd64 libfreerdp-server2-2t64 amd64 2.11.5+dfsg1-1build2 [108 kB]
portable	UNKNOWN STEP	2026-10-01T11:43:14.4904983Z Get:88 http://azure.archive.ubuntu.com/ubuntu noble-updates/main amd64 liborc-0.4-0t64 amd64 1:0.4.38-1ubuntu0.1 [207 kB]
portable	UNKNOWN STEP	2026-10-01T11:43:14.5579951Z Get:89 http://azure.archive.ubuntu.com/ubuntu noble-updates/main amd64 libgstreamer-plugins-base1.0-0 amd64 1.24.2-1ubuntu0.5 [862 kB]
portable	UNKNOWN STEP	2026-10-01T11:43:14.6428935Z Get:90 http://azure.archive.ubuntu.com/ubuntu noble/main amd64 libwacom-common all 2.10.0-2 [63.4 kB]
portable	UNKNOWN STEP	2026-10-01T11:43:14.7221751Z Get:91 http://azure.archive.ubuntu.com/ubuntu noble/main amd64 libwacom9 amd64 2.10.0-2 [23.9 kB]
portable	UNKNOWN STEP	2026-10-01T11:43:14.7871901Z Get:92 http://azure.archive.ubuntu.com/ubuntu noble-updates/main amd64 libinput-bin amd64 1.25.0-1ubuntu3.7 [23.6 kB]
portable	UNKNOWN STEP	2026-10-01T11:43:14.8527364Z Get:93 http://azure.archive.ubuntu.com/ubuntu noble/main amd64 libmtdev1t64 amd64 1.1.6-1.1build1 [14.4 kB]
portable	UNKNOWN STEP	2026-10-01T11:43:14.9190636Z Get:94 http://azure.archive.ubuntu.com/ubuntu noble-updates/main amd64 libinput10 amd64 1.25.0-1ubuntu3.7 [133 kB]
portable	UNKNOWN STEP	2026-10-01T11:43:14.9850505Z Get:95 http://azure.archive.ubuntu.com/ubuntu noble/universe amd64 libturbojpeg amd64 1:2.1.5-2ubuntu2 [192 kB]
portable	UNKNOWN STEP	2026-10-01T11:43:15.0532609Z Get:96 http://azure.archive.ubuntu.com/ubuntu noble/universe amd64 libneatvnc0 amd64 0.7.1+dfsg-2build3 [55.7 kB]
portable	UNKNOWN STEP	2026-10-01T11:43:15.1177497Z Get:97 http://azure.archive.ubuntu.com/ubuntu noble/main amd64 libwebrtc-audio-processing1 amd64 0.3.1-0ubuntu6 [290 kB]
portable	UNKNOWN STEP	2026-10-01T11:43:15.1871560Z Get:98 http://azure.archive.ubuntu.com/ubuntu noble-updates/main amd64 libspa-0.2-modules amd64 1.0.5-1ubuntu3.3 [628 kB]
portable	UNKNOWN STEP	2026-10-01T11:43:15.2638563Z Get:99 http://azure.archive.ubuntu.com/ubuntu noble-updates/main amd64 libpipewire-0.3-0t64 amd64 1.0.5-1ubuntu3.3 [252 kB]
portable	UNKNOWN STEP	2026-10-01T11:43:15.3314837Z Get:100 http://azure.archive.ubuntu.com/ubuntu noble/main amd64 libpthread-stubs0-dev amd64 0.4-1build3 [4746 B]
portable	UNKNOWN STEP	2026-10-01T11:43:15.3956889Z Get:101 http://azure.archive.ubuntu.com/ubuntu noble/universe amd64 libseat1 amd64 0.8.0-1 [28.3 kB]
portable	UNKNOWN STEP	2026-10-01T11:43:15.4599705Z Get:102 http://azure.archive.ubuntu.com/ubuntu noble/main amd64 libegl1 amd64 1.7.0-1build1 [28.7 kB]
portable	UNKNOWN STEP	2026-10-01T11:43:15.5266741Z Get:103 http://azure.archive.ubuntu.com/ubuntu noble/main amd64 libgles2 amd64 1.7.0-1build1 [17.1 kB]
portable	UNKNOWN STEP	2026-10-01T11:43:15.5909980Z Get:104 http://azure.archive.ubuntu.com/ubuntu noble/main amd64 libxcb-composite0 amd64 1.15-1ubuntu2 [5304 B]
portable	UNKNOWN STEP	2026-10-01T11:43:15.6550151Z Get:105 http://azure.archive.ubuntu.com/ubuntu noble/main amd64 libxcb-xkb1 amd64 1.15-1ubuntu2 [32.3 kB]
portable	UNKNOWN STEP	2026-10-01T11:43:15.7195028Z Get:106 http://azure.archive.ubuntu.com/ubuntu noble/universe amd64 libweston-13-0 amd64 13.0.0-4build3 [415 kB]
portable	UNKNOWN STEP	2026-10-01T11:43:15.7902978Z Get:107 http://azure.archive.ubuntu.com/ubuntu noble/main amd64 xorg-sgml-doctools all 1:1.11-1.1 [10.9 kB]
portable	UNKNOWN STEP	2026-10-01T11:43:15.8539006Z Get:108 http://azure.archive.ubuntu.com/ubuntu noble/main amd64 x11proto-dev all 2023.2-1 [602 kB]
portable	UNKNOWN STEP	2026-10-01T11:43:15.9294653Z Get:109 http://azure.archive.ubuntu.com/ubuntu noble/main amd64 libxau-dev amd64 1:1.0.9-1build6 [9570 B]
portable	UNKNOWN STEP	2026-10-01T11:43:15.9939936Z Get:110 http://azure.archive.ubuntu.com/ubuntu noble/main amd64 libxdmcp-dev amd64 1:1.1.3-0ubuntu6 [26.5 kB]
portable	UNKNOWN STEP	2026-10-01T11:43:16.0582202Z Get:111 http://azure.archive.ubuntu.com/ubuntu noble/main amd64 xtrans-dev all 1.4.0-1 [68.9 kB]
portable	UNKNOWN STEP	2026-10-01T11:43:16.1231382Z Get:112 http://azure.archive.ubuntu.com/ubuntu noble/main amd64 libxcb1-dev amd64 1.15-1ubuntu2 [85.8 kB]
portable	UNKNOWN STEP	2026-10-01T11:43:16.1877220Z Get:113 http://azure.archive.ubuntu.com/ubuntu noble/main amd64 libx11-dev amd64 2:1.8.7-1build1 [732 kB]
portable	UNKNOWN STEP	2026-10-01T11:43:16.2679988Z Get:114 http://azure.archive.ubuntu.com/ubuntu noble/main amd64 libx11-xcb-dev amd64 2:1.8.7-1build1 [9950 B]
portable	UNKNOWN STEP	2026-10-01T11:43:16.3334386Z Get:115 http://azure.archive.ubuntu.com/ubuntu noble/main amd64 libxcb-xkb-dev amd64 1.15-1ubuntu2 [42.5 kB]
portable	UNKNOWN STEP	2026-10-01T11:43:16.3976601Z Get:116 http://azure.archive.ubuntu.com/ubuntu noble/main amd64 libxkbcommon-dev amd64 1.6.0-1build1 [56.3 kB]
portable	UNKNOWN STEP	2026-10-01T11:43:16.4635988Z Get:117 http://azure.archive.ubuntu.com/ubuntu noble/main amd64 libxkbcommon-x11-0 amd64 1.6.0-1build1 [14.5 kB]
portable	UNKNOWN STEP	2026-10-01T11:43:16.5278358Z Get:118 http://azure.archive.ubuntu.com/ubuntu noble-updates/main amd64 mesa-vulkan-drivers amd64 25.2.8-0ubuntu0.24.04.3 [17.5 MB]
portable	UNKNOWN STEP	2026-10-01T11:43:16.9460028Z Get:119 http://azure.archive.ubuntu.com/ubuntu noble/universe amd64 weston amd64 13.0.0-4build3 [953 kB]
portable	UNKNOWN STEP	2026-10-01T11:43:17.0291405Z Get:120 http://azure.archive.ubuntu.com/ubuntu noble/main amd64 libwayland-bin amd64 1.22.0-2.1build1 [20.6 kB]
portable	UNKNOWN STEP	2026-10-01T11:43:17.1010351Z Get:121 http://azure.archive.ubuntu.com/ubuntu noble/main amd64 libwayland-dev amd64 1.22.0-2.1build1 [71.3 kB]
portable	UNKNOWN STEP	2026-10-01T11:43:17.1658269Z Get:122 http://azure.archive.ubuntu.com/ubuntu noble/main amd64 libxkbcommon-x11-dev amd64 1.6.0-1build1 [5586 B]
portable	UNKNOWN STEP	2026-10-01T11:43:17.4875150Z Fetched 95.7 MB in 11s (8830 kB/s)
portable	UNKNOWN STEP	2026-10-01T11:43:17.5074458Z Selecting previously unselected package libaml0t64:amd64.
portable	UNKNOWN STEP	2026-10-01T11:43:17.5306725Z (Reading database ... 
portable	UNKNOWN STEP	2026-10-01T11:43:17.5307049Z (Reading database ... 5%
portable	UNKNOWN STEP	2026-10-01T11:43:17.5307501Z (Reading database ... 10%
portable	UNKNOWN STEP	2026-10-01T11:43:17.5307877Z (Reading database ... 15%
portable	UNKNOWN STEP	2026-10-01T11:43:17.5308155Z (Reading database ... 20%
portable	UNKNOWN STEP	2026-10-01T11:43:17.5308427Z (Reading database ... 25%
portable	UNKNOWN STEP	2026-10-01T11:43:17.5308696Z (Reading database ... 30%
portable	UNKNOWN STEP	2026-10-01T11:43:17.5308870Z (Reading database ... 35%
portable	UNKNOWN STEP	2026-10-01T11:43:17.5309046Z (Reading database ... 40%
portable	UNKNOWN STEP	2026-10-01T11:43:17.5309225Z (Reading database ... 45%
portable	UNKNOWN STEP	2026-10-01T11:43:17.5309401Z (Reading database ... 50%
portable	UNKNOWN STEP	2026-10-01T11:43:17.5344442Z (Reading database ... 55%
portable	UNKNOWN STEP	2026-10-01T11:43:17.6543919Z (Reading database ... 60%
portable	UNKNOWN STEP	2026-10-01T11:43:17.8498524Z (Reading database ... 65%
portable	UNKNOWN STEP	2026-10-01T11:43:18.0496390Z (Reading database ... 70%
portable	UNKNOWN STEP	2026-10-01T11:43:18.1998263Z (Reading database ... 75%
portable	UNKNOWN STEP	2026-10-01T11:43:18.3534836Z (Reading database ... 80%
portable	UNKNOWN STEP	2026-10-01T11:43:18.5392020Z (Reading database ... 85%
portable	UNKNOWN STEP	2026-10-01T11:43:18.7433004Z (Reading database ... 90%
portable	UNKNOWN STEP	2026-10-01T11:43:18.9050313Z (Reading database ... 95%
portable	UNKNOWN STEP	2026-10-01T11:43:18.9050576Z (Reading database ... 100%
portable	UNKNOWN STEP	2026-10-01T11:43:18.9050868Z (Reading database ... 202296 files and directories currently installed.)
portable	UNKNOWN STEP	2026-10-01T11:43:18.9091595Z Preparing to unpack .../000-libaml0t64_0.3.0-1.1build1_amd64.deb ...
portable	UNKNOWN STEP	2026-10-01T11:43:18.9204597Z Unpacking libaml0t64:amd64 (0.3.0-1.1build1) ...
portable	UNKNOWN STEP	2026-10-01T11:43:18.9386732Z Selecting previously unselected package libunibreak5:amd64.
portable	UNKNOWN STEP	2026-10-01T11:43:18.9493143Z Preparing to unpack .../001-libunibreak5_5.1-2build1_amd64.deb ...
portable	UNKNOWN STEP	2026-10-01T11:43:18.9500489Z Unpacking libunibreak5:amd64 (5.1-2build1) ...
portable	UNKNOWN STEP	2026-10-01T11:43:18.9675409Z Selecting previously unselected package libass9:amd64.
portable	UNKNOWN STEP	2026-10-01T11:43:18.9780155Z Preparing to unpack .../002-libass9_1%3a0.17.1-2build1_amd64.deb ...
portable	UNKNOWN STEP	2026-10-01T11:43:18.9786824Z Unpacking libass9:amd64 (1:0.17.1-2build1) ...
portable	UNKNOWN STEP	2026-10-01T11:43:18.9958004Z Selecting previously unselected package libasyncns0:amd64.
portable	UNKNOWN STEP	2026-10-01T11:43:19.0063092Z Preparing to unpack .../003-libasyncns0_0.8-6build4_amd64.deb ...
portable	UNKNOWN STEP	2026-10-01T11:43:19.0068793Z Unpacking libasyncns0:amd64 (0.8-6build4) ...
portable	UNKNOWN STEP	2026-10-01T11:43:19.0292140Z Selecting previously unselected package libva2:amd64.
portable	UNKNOWN STEP	2026-10-01T11:43:19.0396140Z Preparing to unpack .../004-libva2_2.20.0-2ubuntu0.2_amd64.deb ...
portable	UNKNOWN STEP	2026-10-01T11:43:19.0403642Z Unpacking libva2:amd64 (2.20.0-2ubuntu0.2) ...
portable	UNKNOWN STEP	2026-10-01T11:43:19.0581382Z Selecting previously unselected package libva-drm2:amd64.
portable	UNKNOWN STEP	2026-10-01T11:43:19.0683500Z Preparing to unpack .../005-libva-drm2_2.20.0-2ubuntu0.2_amd64.deb ...
portable	UNKNOWN STEP	2026-10-01T11:43:19.0689870Z Unpacking libva-drm2:amd64 (2.20.0-2ubuntu0.2) ...
portable	UNKNOWN STEP	2026-10-01T11:43:19.0850731Z Selecting previously unselected package libva-x11-2:amd64.
portable	UNKNOWN STEP	2026-10-01T11:43:19.0952325Z Preparing to unpack .../006-libva-x11-2_2.20.0-2ubuntu0.2_amd64.deb ...
portable	UNKNOWN STEP	2026-10-01T11:43:19.0958912Z Unpacking libva-x11-2:amd64 (2.20.0-2ubuntu0.2) ...
portable	UNKNOWN STEP	2026-10-01T11:43:19.1121300Z Selecting previously unselected package libvdpau1:amd64.
portable	UNKNOWN STEP	2026-10-01T11:43:19.1221565Z Preparing to unpack .../007-libvdpau1_1.5-2build1_amd64.deb ...
portable	UNKNOWN STEP	2026-10-01T11:43:19.1228533Z Unpacking libvdpau1:amd64 (1.5-2build1) ...
portable	UNKNOWN STEP	2026-10-01T11:43:19.1403982Z Selecting previously unselected package libvpl2.
portable	UNKNOWN STEP	2026-10-01T11:43:19.1505574Z Preparing to unpack .../008-libvpl2_2023.3.0-1build1_amd64.deb ...
portable	UNKNOWN STEP	2026-10-01T11:43:19.1512045Z Unpacking libvpl2 (2023.3.0-1build1) ...
portable	UNKNOWN STEP	2026-10-01T11:43:19.2069931Z Selecting previously unselected package ocl-icd-libopencl1:amd64.
portable	UNKNOWN STEP	2026-10-01T11:43:19.2176432Z Preparing to unpack .../009-ocl-icd-libopencl1_2.3.2-1build1_amd64.deb ...
portable	UNKNOWN STEP	2026-10-01T11:43:19.2182893Z Unpacking ocl-icd-libopencl1:amd64 (2.3.2-1build1) ...
portable	UNKNOWN STEP	2026-10-01T11:43:19.2390819Z Selecting previously unselected package libavutil58:amd64.
portable	UNKNOWN STEP	2026-10-01T11:43:19.2495934Z Preparing to unpack .../010-libavutil58_7%3a6.1.1-3ubuntu5_amd64.deb ...
portable	UNKNOWN STEP	2026-10-01T11:43:19.2502902Z Unpacking libavutil58:amd64 (7:6.1.1-3ubuntu5) ...
portable	UNKNOWN STEP	2026-10-01T11:43:19.2714352Z Selecting previously unselected package libcodec2-1.2:amd64.
portable	UNKNOWN STEP	2026-10-01T11:43:19.2818692Z Preparing to unpack .../011-libcodec2-1.2_1.2.0-2build1_amd64.deb ...
portable	UNKNOWN STEP	2026-10-01T11:43:19.2825095Z Unpacking libcodec2-1.2:amd64 (1.2.0-2build1) ...
portable	UNKNOWN STEP	2026-10-01T11:43:19.9373948Z Selecting previously unselected package libdav1d7:amd64.
portable	UNKNOWN STEP	2026-10-01T11:43:19.9485525Z Preparing to unpack .../012-libdav1d7_1.4.1-1build1_amd64.deb ...
portable	UNKNOWN STEP	2026-10-01T11:43:19.9492016Z Unpacking libdav1d7:amd64 (1.4.1-1build1) ...
portable	UNKNOWN STEP	2026-10-01T11:43:19.9784417Z Selecting previously unselected package libgsm1:amd64.
portable	UNKNOWN STEP	2026-10-01T11:43:19.9890145Z Preparing to unpack .../013-libgsm1_1.0.22-1build1_amd64.deb ...
portable	UNKNOWN STEP	2026-10-01T11:43:19.9896910Z Unpacking libgsm1:amd64 (1.0.22-1build1) ...
portable	UNKNOWN STEP	2026-10-01T11:43:20.0068885Z Selecting previously unselected package libhwy1t64:amd64.
portable	UNKNOWN STEP	2026-10-01T11:43:20.0174885Z Preparing to unpack .../014-libhwy1t64_1.0.7-8.1build1_amd64.deb ...
portable	UNKNOWN STEP	2026-10-01T11:43:20.0181840Z Unpacking libhwy1t64:amd64 (1.0.7-8.1build1) ...
portable	UNKNOWN STEP	2026-10-01T11:43:20.0560158Z Selecting previously unselected package libjxl0.7:amd64.
portable	UNKNOWN STEP	2026-10-01T11:43:20.0667026Z Preparing to unpack .../015-libjxl0.7_0.7.0-10.2ubuntu6.1_amd64.deb ...
portable	UNKNOWN STEP	2026-10-01T11:43:20.0673142Z Unpacking libjxl0.7:amd64 (0.7.0-10.2ubuntu6.1) ...
portable	UNKNOWN STEP	2026-10-01T11:43:20.0995326Z Selecting previously unselected package libmp3lame0:amd64.
portable	UNKNOWN STEP	2026-10-01T11:43:20.1101328Z Preparing to unpack .../016-libmp3lame0_3.100-6build1_amd64.deb ...
portable	UNKNOWN STEP	2026-10-01T11:43:20.1106990Z Unpacking libmp3lame0:amd64 (3.100-6build1) ...
portable	UNKNOWN STEP	2026-10-01T11:43:20.1276825Z Selecting previously unselected package libopus0:amd64.
portable	UNKNOWN STEP	2026-10-01T11:43:20.1378212Z Preparing to unpack .../017-libopus0_1.4-1build1_amd64.deb ...
portable	UNKNOWN STEP	2026-10-01T11:43:20.1383286Z Unpacking libopus0:amd64 (1.4-1build1) ...
portable	UNKNOWN STEP	2026-10-01T11:43:20.1557973Z Selecting previously unselected package librav1e0:amd64.
portable	UNKNOWN STEP	2026-10-01T11:43:20.1664879Z Preparing to unpack .../018-librav1e0_0.7.1-2_amd64.deb ...
portable	UNKNOWN STEP	2026-10-01T11:43:20.1670239Z Unpacking librav1e0:amd64 (0.7.1-2) ...
portable	UNKNOWN STEP	2026-10-01T11:43:20.1974425Z Selecting previously unselected package librsvg2-2:amd64.
portable	UNKNOWN STEP	2026-10-01T11:43:20.2082604Z Preparing to unpack .../019-librsvg2-2_2.58.0+dfsg-1build1_amd64.deb ...
portable	UNKNOWN STEP	2026-10-01T11:43:20.2087586Z Unpacking librsvg2-2:amd64 (2.58.0+dfsg-1build1) ...
portable	UNKNOWN STEP	2026-10-01T11:43:20.2676763Z Selecting previously unselected package libshine3:amd64.
portable	UNKNOWN STEP	2026-10-01T11:43:20.2787642Z Preparing to unpack .../020-libshine3_3.1.1-2build1_amd64.deb ...
portable	UNKNOWN STEP	2026-10-01T11:43:20.2792584Z Unpacking libshine3:amd64 (3.1.1-2build1) ...
portable	UNKNOWN STEP	2026-10-01T11:43:20.3006513Z Selecting previously unselected package libspeex1:amd64.
portable	UNKNOWN STEP	2026-10-01T11:43:20.3111826Z Preparing to unpack .../021-libspeex1_1.2.1-2ubuntu2.24.04.1_amd64.deb ...
portable	UNKNOWN STEP	2026-10-01T11:43:20.3117057Z Unpacking libspeex1:amd64 (1.2.1-2ubuntu2.24.04.1) ...
portable	UNKNOWN STEP	2026-10-01T11:43:20.3277421Z Selecting previously unselected package libsvtav1enc1d1:amd64.
portable	UNKNOWN STEP	2026-10-01T11:43:20.3383610Z Preparing to unpack .../022-libsvtav1enc1d1_1.7.0+dfsg-2build1_amd64.deb ...
portable	UNKNOWN STEP	2026-10-01T11:43:20.3389704Z Unpacking libsvtav1enc1d1:amd64 (1.7.0+dfsg-2build1) ...
portable	UNKNOWN STEP	2026-10-01T11:43:20.4051864Z Selecting previously unselected package libsoxr0:amd64.
portable	UNKNOWN STEP	2026-10-01T11:43:20.4162482Z Preparing to unpack .../023-libsoxr0_0.1.3-4build3_amd64.deb ...
portable	UNKNOWN STEP	2026-10-01T11:43:20.4171208Z Unpacking libsoxr0:amd64 (0.1.3-4build3) ...
portable	UNKNOWN STEP	2026-10-01T11:43:20.4354522Z Selecting previously unselected package libswresample4:amd64.
portable	UNKNOWN STEP	2026-10-01T11:43:20.4464608Z Preparing to unpack .../024-libswresample4_7%3a6.1.1-3ubuntu5_amd64.deb ...
portable	UNKNOWN STEP	2026-10-01T11:43:20.4470280Z Unpacking libswresample4:amd64 (7:6.1.1-3ubuntu5) ...
portable	UNKNOWN STEP	2026-10-01T11:43:20.4637387Z Selecting previously unselected package libtheora0:amd64.
portable	UNKNOWN STEP	2026-10-01T11:43:20.4745940Z Preparing to unpack .../025-libtheora0_1.1.1+dfsg.1-16.1build3_amd64.deb ...
portable	UNKNOWN STEP	2026-10-01T11:43:20.4838326Z Unpacking libtheora0:amd64 (1.1.1+dfsg.1-16.1build3) ...
portable	UNKNOWN STEP	2026-10-01T11:43:20.5022404Z Selecting previously unselected package libtwolame0:amd64.
portable	UNKNOWN STEP	2026-10-01T11:43:20.5132158Z Preparing to unpack .../026-libtwolame0_0.4.0-2build3_amd64.deb ...
portable	UNKNOWN STEP	2026-10-01T11:43:20.5138011Z Unpacking libtwolame0:amd64 (0.4.0-2build3) ...
portable	UNKNOWN STEP	2026-10-01T11:43:20.5309674Z Selecting previously unselected package libvorbisenc2:amd64.
portable	UNKNOWN STEP	2026-10-01T11:43:20.5419200Z Preparing to unpack .../027-libvorbisenc2_1.3.7-1build3_amd64.deb ...
portable	UNKNOWN STEP	2026-10-01T11:43:20.5425179Z Unpacking libvorbisenc2:amd64 (1.3.7-1build3) ...
portable	UNKNOWN STEP	2026-10-01T11:43:20.5603872Z Selecting previously unselected package libvpx9:amd64.
portable	UNKNOWN STEP	2026-10-01T11:43:20.5713977Z Preparing to unpack .../028-libvpx9_1.14.0-1ubuntu2.3_amd64.deb ...
portable	UNKNOWN STEP	2026-10-01T11:43:20.5719366Z Unpacking libvpx9:amd64 (1.14.0-1ubuntu2.3) ...
portable	UNKNOWN STEP	2026-10-01T11:43:20.6217023Z Selecting previously unselected package libx264-164:amd64.
portable	UNKNOWN STEP	2026-10-01T11:43:20.6327052Z Preparing to unpack .../029-libx264-164_2%3a0.164.3108+git31e19f9-1_amd64.deb ...
portable	UNKNOWN STEP	2026-10-01T11:43:20.6334865Z Unpacking libx264-164:amd64 (2:0.164.3108+git31e19f9-1) ...
portable	UNKNOWN STEP	2026-10-01T11:43:20.6636612Z Selecting previously unselected package libx265-199:amd64.
portable	UNKNOWN STEP	2026-10-01T11:43:20.6746959Z Preparing to unpack .../030-libx265-199_3.5-2build1_amd64.deb ...
portable	UNKNOWN STEP	2026-10-01T11:43:20.6756975Z Unpacking libx265-199:amd64 (3.5-2build1) ...
portable	UNKNOWN STEP	2026-10-01T11:43:20.7938171Z Selecting previously unselected package libxvidcore4:amd64.
portable	UNKNOWN STEP	2026-10-01T11:43:20.8049110Z Preparing to unpack .../031-libxvidcore4_2%3a1.3.7-1build1_amd64.deb ...
portable	UNKNOWN STEP	2026-10-01T11:43:20.8055464Z Unpacking libxvidcore4:amd64 (2:1.3.7-1build1) ...
portable	UNKNOWN STEP	2026-10-01T11:43:20.8240247Z Selecting previously unselected package libzvbi-common.
portable	UNKNOWN STEP	2026-10-01T11:43:20.8349686Z Preparing to unpack .../032-libzvbi-common_0.2.42-2_all.deb ...
portable	UNKNOWN STEP	2026-10-01T11:43:20.8355015Z Unpacking libzvbi-common (0.2.42-2) ...
portable	UNKNOWN STEP	2026-10-01T11:43:20.8714818Z Selecting previously unselected package libzvbi0t64:amd64.
portable	UNKNOWN STEP	2026-10-01T11:43:20.8823226Z Preparing to unpack .../033-libzvbi0t64_0.2.42-2_amd64.deb ...
portable	UNKNOWN STEP	2026-10-01T11:43:20.8829669Z Unpacking libzvbi0t64:amd64 (0.2.42-2) ...
portable	UNKNOWN STEP	2026-10-01T11:43:20.9016162Z Selecting previously unselected package libavcodec60:amd64.
portable	UNKNOWN STEP	2026-10-01T11:43:20.9124351Z Preparing to unpack .../034-libavcodec60_7%3a6.1.1-3ubuntu5_amd64.deb ...
portable	UNKNOWN STEP	2026-10-01T11:43:20.9130540Z Unpacking libavcodec60:amd64 (7:6.1.1-3ubuntu5) ...
portable	UNKNOWN STEP	2026-10-01T11:43:21.0546578Z Selecting previously unselected package libudfread0:amd64.
portable	UNKNOWN STEP	2026-10-01T11:43:21.0657101Z Preparing to unpack .../035-libudfread0_1.1.2-1build1_amd64.deb ...
portable	UNKNOWN STEP	2026-10-01T11:43:21.0662366Z Unpacking libudfread0:amd64 (1.1.2-1build1) ...
portable	UNKNOWN STEP	2026-10-01T11:43:21.0825990Z Selecting previously unselected package libbluray2:amd64.
portable	UNKNOWN STEP	2026-10-01T11:43:21.0934149Z Preparing to unpack .../036-libbluray2_1%3a1.3.4-1build1_amd64.deb ...
portable	UNKNOWN STEP	2026-10-01T11:43:21.0939069Z Unpacking libbluray2:amd64 (1:1.3.4-1build1) ...
portable	UNKNOWN STEP	2026-10-01T11:43:21.1115051Z Selecting previously unselected package libchromaprint1:amd64.
portable	UNKNOWN STEP	2026-10-01T11:43:21.1222775Z Preparing to unpack .../037-libchromaprint1_1.5.1-5_amd64.deb ...
portable	UNKNOWN STEP	2026-10-01T11:43:21.1228660Z Unpacking libchromaprint1:amd64 (1.5.1-5) ...
portable	UNKNOWN STEP	2026-10-01T11:43:21.1391047Z Selecting previously unselected package libgme0:amd64.
portable	UNKNOWN STEP	2026-10-01T11:43:21.1500933Z Preparing to unpack .../038-libgme0_0.6.3-7build1_amd64.deb ...
portable	UNKNOWN STEP	2026-10-01T11:43:21.1506714Z Unpacking libgme0:amd64 (0.6.3-7build1) ...
portable	UNKNOWN STEP	2026-10-01T11:43:21.1684081Z Selecting previously unselected package libmpg123-0t64:amd64.
portable	UNKNOWN STEP	2026-10-01T11:43:21.1795647Z Preparing to unpack .../039-libmpg123-0t64_1.32.5-1ubuntu1.1_amd64.deb ...
portable	UNKNOWN STEP	2026-10-01T11:43:21.1802303Z Unpacking libmpg123-0t64:amd64 (1.32.5-1ubuntu1.1) ...
portable	UNKNOWN STEP	2026-10-01T11:43:21.1981590Z Selecting previously unselected package libopenmpt0t64:amd64.
portable	UNKNOWN STEP	2026-10-01T11:43:21.2091972Z Preparing to unpack .../040-libopenmpt0t64_0.7.3-1.1build3_amd64.deb ...
portable	UNKNOWN STEP	2026-10-01T11:43:21.2096521Z Unpacking libopenmpt0t64:amd64 (0.7.3-1.1build3) ...
portable	UNKNOWN STEP	2026-10-01T11:43:21.2308088Z Selecting previously unselected package libcjson1:amd64.
portable	UNKNOWN STEP	2026-10-01T11:43:21.2416420Z Preparing to unpack .../041-libcjson1_1.7.17-1_amd64.deb ...
portable	UNKNOWN STEP	2026-10-01T11:43:21.2421512Z Unpacking libcjson1:amd64 (1.7.17-1) ...
portable	UNKNOWN STEP	2026-10-01T11:43:21.2584294Z Selecting previously unselected package libmbedcrypto7t64:amd64.
portable	UNKNOWN STEP	2026-10-01T11:43:21.2690445Z Preparing to unpack .../042-libmbedcrypto7t64_2.28.8-1_amd64.deb ...
portable	UNKNOWN STEP	2026-10-01T11:43:21.2696295Z Unpacking libmbedcrypto7t64:amd64 (2.28.8-1) ...
portable	UNKNOWN STEP	2026-10-01T11:43:21.2873208Z Selecting previously unselected package librist4:amd64.
portable	UNKNOWN STEP	2026-10-01T11:43:21.2980438Z Preparing to unpack .../043-librist4_0.2.10+dfsg-2_amd64.deb ...
portable	UNKNOWN STEP	2026-10-01T11:43:21.2985797Z Unpacking librist4:amd64 (0.2.10+dfsg-2) ...
portable	UNKNOWN STEP	2026-10-01T11:43:21.3160517Z Selecting previously unselected package libsrt1.5-gnutls:amd64.
portable	UNKNOWN STEP	2026-10-01T11:43:21.3266231Z Preparing to unpack .../044-libsrt1.5-gnutls_1.5.3-1build2_amd64.deb ...
portable	UNKNOWN STEP	2026-10-01T11:43:21.3271322Z Unpacking libsrt1.5-gnutls:amd64 (1.5.3-1build2) ...
portable	UNKNOWN STEP	2026-10-01T11:43:21.3457564Z Selecting previously unselected package libssh-gcrypt-4:amd64.
portable	UNKNOWN STEP	2026-10-01T11:43:21.3561824Z Preparing to unpack .../045-libssh-gcrypt-4_0.10.6-2ubuntu0.5_amd64.deb ...
portable	UNKNOWN STEP	2026-10-01T11:43:21.3567035Z Unpacking libssh-gcrypt-4:amd64 (0.10.6-2ubuntu0.5) ...
portable	UNKNOWN STEP	2026-10-01T11:43:21.3747467Z Selecting previously unselected package libavformat60:amd64.
portable	UNKNOWN STEP	2026-10-01T11:43:21.3848739Z Preparing to unpack .../046-libavformat60_7%3a6.1.1-3ubuntu5_amd64.deb ...
portable	UNKNOWN STEP	2026-10-01T11:43:21.3855448Z Unpacking libavformat60:amd64 (7:6.1.1-3ubuntu5) ...
portable	UNKNOWN STEP	2026-10-01T11:43:21.4121166Z Selecting previously unselected package libbs2b0:amd64.
portable	UNKNOWN STEP	2026-10-01T11:43:21.4224832Z Preparing to unpack .../047-libbs2b0_3.1.0+dfsg-7build1_amd64.deb ...
portable	UNKNOWN STEP	2026-10-01T11:43:21.4230210Z Unpacking libbs2b0:amd64 (3.1.0+dfsg-7build1) ...
portable	UNKNOWN STEP	2026-10-01T11:43:21.4406086Z Selecting previously unselected package libflite1:amd64.
portable	UNKNOWN STEP	2026-10-01T11:43:21.4507802Z Preparing to unpack .../048-libflite1_2.2-6build3_amd64.deb ...
portable	UNKNOWN STEP	2026-10-01T11:43:21.4513284Z Unpacking libflite1:amd64 (2.2-6build3) ...
portable	UNKNOWN STEP	2026-10-01T11:43:21.6000727Z Selecting previously unselected package libserd-0-0:amd64.
portable	UNKNOWN STEP	2026-10-01T11:43:21.6110521Z Preparing to unpack .../049-libserd-0-0_0.32.2-1_amd64.deb ...
portable	UNKNOWN STEP	2026-10-01T11:43:21.6193759Z Unpacking libserd-0-0:amd64 (0.32.2-1) ...
portable	UNKNOWN STEP	2026-10-01T11:43:21.6354725Z Selecting previously unselected package libzix-0-0:amd64.
portable	UNKNOWN STEP	2026-10-01T11:43:21.6456929Z Preparing to unpack .../050-libzix-0-0_0.4.2-2build1_amd64.deb ...
portable	UNKNOWN STEP	2026-10-01T11:43:21.6462129Z Unpacking libzix-0-0:amd64 (0.4.2-2build1) ...
portable	UNKNOWN STEP	2026-10-01T11:43:21.6621573Z Selecting previously unselected package libsord-0-0:amd64.
portable	UNKNOWN STEP	2026-10-01T11:43:21.6723006Z Preparing to unpack .../051-libsord-0-0_0.16.16-2build1_amd64.deb ...
portable	UNKNOWN STEP	2026-10-01T11:43:21.6729031Z Unpacking libsord-0-0:amd64 (0.16.16-2build1) ...
portable	UNKNOWN STEP	2026-10-01T11:43:21.6887759Z Selecting previously unselected package libsratom-0-0:amd64.
portable	UNKNOWN STEP	2026-10-01T11:43:21.6988403Z Preparing to unpack .../052-libsratom-0-0_0.6.16-1build1_amd64.deb ...
portable	UNKNOWN STEP	2026-10-01T11:43:21.6994238Z Unpacking libsratom-0-0:amd64 (0.6.16-1build1) ...
portable	UNKNOWN STEP	2026-10-01T11:43:21.7150798Z Selecting previously unselected package liblilv-0-0:amd64.
portable	UNKNOWN STEP	2026-10-01T11:43:21.7251383Z Preparing to unpack .../053-liblilv-0-0_0.24.22-1build1_amd64.deb ...
portable	UNKNOWN STEP	2026-10-01T11:43:21.7260153Z Unpacking liblilv-0-0:amd64 (0.24.22-1build1) ...
portable	UNKNOWN STEP	2026-10-01T11:43:21.7419114Z Selecting previously unselected package libmysofa1:amd64.
portable	UNKNOWN STEP	2026-10-01T11:43:21.7519301Z Preparing to unpack .../054-libmysofa1_1.3.2+dfsg-2ubuntu2_amd64.deb ...
portable	UNKNOWN STEP	2026-10-01T11:43:21.7525370Z Unpacking libmysofa1:amd64 (1.3.2+dfsg-2ubuntu2) ...
portable	UNKNOWN STEP	2026-10-01T11:43:21.7719568Z Selecting previously unselected package libplacebo338:amd64.
portable	UNKNOWN STEP	2026-10-01T11:43:21.7821585Z Preparing to unpack .../055-libplacebo338_6.338.2-2build1_amd64.deb ...
portable	UNKNOWN STEP	2026-10-01T11:43:21.7827083Z Unpacking libplacebo338:amd64 (6.338.2-2build1) ...
portable	UNKNOWN STEP	2026-10-01T11:43:21.8589604Z Selecting previously unselected package libblas3:amd64.
portable	UNKNOWN STEP	2026-10-01T11:43:21.8698836Z Preparing to unpack .../056-libblas3_3.12.0-3build1.1_amd64.deb ...
portable	UNKNOWN STEP	2026-10-01T11:43:21.8722180Z Unpacking libblas3:amd64 (3.12.0-3build1.1) ...
portable	UNKNOWN STEP	2026-10-01T11:43:21.8906446Z Selecting previously unselected package liblapack3:amd64.
portable	UNKNOWN STEP	2026-10-01T11:43:21.9006057Z Preparing to unpack .../057-liblapack3_3.12.0-3build1.1_amd64.deb ...
portable	UNKNOWN STEP	2026-10-01T11:43:21.9035459Z Unpacking liblapack3:amd64 (3.12.0-3build1.1) ...
portable	UNKNOWN STEP	2026-10-01T11:43:21.9705650Z Selecting previously unselected package libflac12t64:amd64.
portable	UNKNOWN STEP	2026-10-01T11:43:21.9814222Z Preparing to unpack .../058-libflac12t64_1.4.3+ds-2.1ubuntu2_amd64.deb ...
portable	UNKNOWN STEP	2026-10-01T11:43:21.9819705Z Unpacking libflac12t64:amd64 (1.4.3+ds-2.1ubuntu2) ...
portable	UNKNOWN STEP	2026-10-01T11:43:22.0144410Z Selecting previously unselected package libsndfile1:amd64.
portable	UNKNOWN STEP	2026-10-01T11:43:22.0247143Z Preparing to unpack .../059-libsndfile1_1.2.2-1ubuntu5.24.04.1_amd64.deb ...
portable	UNKNOWN STEP	2026-10-01T11:43:22.0253101Z Unpacking libsndfile1:amd64 (1.2.2-1ubuntu5.24.04.1) ...
portable	UNKNOWN STEP	2026-10-01T11:43:22.0441953Z Selecting previously unselected package libpulse0:amd64.
portable	UNKNOWN STEP	2026-10-01T11:43:22.0543162Z Preparing to unpack .../060-libpulse0_1%3a16.1+dfsg1-2ubuntu10.1_amd64.deb ...
portable	UNKNOWN STEP	2026-10-01T11:43:22.0597263Z Unpacking libpulse0:amd64 (1:16.1+dfsg1-2ubuntu10.1) ...
portable	UNKNOWN STEP	2026-10-01T11:43:22.0787268Z Selecting previously unselected package libsphinxbase3t64:amd64.
portable	UNKNOWN STEP	2026-10-01T11:43:22.0889018Z Preparing to unpack .../061-libsphinxbase3t64_0.8+5prealpha+1-17build2_amd64.deb ...
portable	UNKNOWN STEP	2026-10-01T11:43:22.0894733Z Unpacking libsphinxbase3t64:amd64 (0.8+5prealpha+1-17build2) ...
portable	UNKNOWN STEP	2026-10-01T11:43:22.1063903Z Selecting previously unselected package libpocketsphinx3:amd64.
portable	UNKNOWN STEP	2026-10-01T11:43:22.1165358Z Preparing to unpack .../062-libpocketsphinx3_0.8.0+real5prealpha+1-15ubuntu5_amd64.deb ...
portable	UNKNOWN STEP	2026-10-01T11:43:22.1181112Z Unpacking libpocketsphinx3:amd64 (0.8.0+real5prealpha+1-15ubuntu5) ...
portable	UNKNOWN STEP	2026-10-01T11:43:22.1348395Z Selecting previously unselected package libpostproc57:amd64.
portable	UNKNOWN STEP	2026-10-01T11:43:22.1449645Z Preparing to unpack .../063-libpostproc57_7%3a6.1.1-3ubuntu5_amd64.deb ...
portable	UNKNOWN STEP	2026-10-01T11:43:22.1455045Z Unpacking libpostproc57:amd64 (7:6.1.1-3ubuntu5) ...
portable	UNKNOWN STEP	2026-10-01T11:43:22.1613203Z Selecting previously unselected package libsamplerate0:amd64.
portable	UNKNOWN STEP	2026-10-01T11:43:22.1714373Z Preparing to unpack .../064-libsamplerate0_0.2.2-4build1_amd64.deb ...
portable	UNKNOWN STEP	2026-10-01T11:43:22.1719608Z Unpacking libsamplerate0:amd64 (0.2.2-4build1) ...
portable	UNKNOWN STEP	2026-10-01T11:43:22.1917458Z Selecting previously unselected package librubberband2:amd64.
portable	UNKNOWN STEP	2026-10-01T11:43:22.2020651Z Preparing to unpack .../065-librubberband2_3.3.0+dfsg-2build1_amd64.deb ...
portable	UNKNOWN STEP	2026-10-01T11:43:22.2026087Z Unpacking librubberband2:amd64 (3.3.0+dfsg-2build1) ...
portable	UNKNOWN STEP	2026-10-01T11:43:22.2194354Z Selecting previously unselected package libswscale7:amd64.
portable	UNKNOWN STEP	2026-10-01T11:43:22.2298335Z Preparing to unpack .../066-libswscale7_7%3a6.1.1-3ubuntu5_amd64.deb ...
portable	UNKNOWN STEP	2026-10-01T11:43:22.2303922Z Unpacking libswscale7:amd64 (7:6.1.1-3ubuntu5) ...
portable	UNKNOWN STEP	2026-10-01T11:43:22.2478448Z Selecting previously unselected package libvidstab1.1:amd64.
portable	UNKNOWN STEP	2026-10-01T11:43:22.2581151Z Preparing to unpack .../067-libvidstab1.1_1.1.0-2build1_amd64.deb ...
portable	UNKNOWN STEP	2026-10-01T11:43:22.2586701Z Unpacking libvidstab1.1:amd64 (1.1.0-2build1) ...
portable	UNKNOWN STEP	2026-10-01T11:43:22.3027723Z Selecting previously unselected package libzimg2:amd64.
portable	UNKNOWN STEP	2026-10-01T11:43:22.3133474Z Preparing to unpack .../068-libzimg2_3.0.5+ds1-1build1_amd64.deb ...
portable	UNKNOWN STEP	2026-10-01T11:43:22.3139451Z Unpacking libzimg2:amd64 (3.0.5+ds1-1build1) ...
portable	UNKNOWN STEP	2026-10-01T11:43:22.3321452Z Selecting previously unselected package libavfilter9:amd64.
portable	UNKNOWN STEP	2026-10-01T11:43:22.3422996Z Preparing to unpack .../069-libavfilter9_7%3a6.1.1-3ubuntu5_amd64.deb ...
portable	UNKNOWN STEP	2026-10-01T11:43:22.3428779Z Unpacking libavfilter9:amd64 (7:6.1.1-3ubuntu5) ...
portable	UNKNOWN STEP	2026-10-01T11:43:22.4537569Z Selecting previously unselected package libbrotli-dev:amd64.
portable	UNKNOWN STEP	2026-10-01T11:43:22.4646484Z Preparing to unpack .../070-libbrotli-dev_1.1.0-2build2_amd64.deb ...
portable	UNKNOWN STEP	2026-10-01T11:43:22.4664592Z Unpacking libbrotli-dev:amd64 (1.1.0-2build2) ...
portable	UNKNOWN STEP	2026-10-01T11:43:22.4871237Z Selecting previously unselected package libbz2-dev:amd64.
portable	UNKNOWN STEP	2026-10-01T11:43:22.4977057Z Preparing to unpack .../071-libbz2-dev_1.0.8-5.1ubuntu0.1_amd64.deb ...
portable	UNKNOWN STEP	2026-10-01T11:43:22.4983059Z Unpacking libbz2-dev:amd64 (1.0.8-5.1ubuntu0.1) ...
portable	UNKNOWN STEP	2026-10-01T11:43:22.5576227Z Preparing to unpack .../072-libgl1-mesa-dri_25.2.8-0ubuntu0.24.04.3_amd64.deb ...
portable	UNKNOWN STEP	2026-10-01T11:43:22.5691569Z Unpacking libgl1-mesa-dri:amd64 (25.2.8-0ubuntu0.24.04.3) over (25.2.8-0ubuntu0.24.04.2) ...
portable	UNKNOWN STEP	2026-10-01T11:43:22.5988803Z Selecting previously unselected package libwayland-server0:amd64.
portable	UNKNOWN STEP	2026-10-01T11:43:22.6099554Z Preparing to unpack .../073-libwayland-server0_1.22.0-2.1build1_amd64.deb ...
portable	UNKNOWN STEP	2026-10-01T11:43:22.6105711Z Unpacking libwayland-server0:amd64 (1.22.0-2.1build1) ...
portable	UNKNOWN STEP	2026-10-01T11:43:22.6378428Z Preparing to unpack .../074-libglx-mesa0_25.2.8-0ubuntu0.24.04.3_amd64.deb ...
portable	UNKNOWN STEP	2026-10-01T11:43:22.6465835Z Unpacking libglx-mesa0:amd64 (25.2.8-0ubuntu0.24.04.3) over (25.2.8-0ubuntu0.24.04.2) ...
portable	UNKNOWN STEP	2026-10-01T11:43:22.6772584Z Preparing to unpack .../075-libgbm1_25.2.8-0ubuntu0.24.04.3_amd64.deb ...
portable	UNKNOWN STEP	2026-10-01T11:43:22.6789668Z Unpacking libgbm1:amd64 (25.2.8-0ubuntu0.24.04.3) over (25.2.8-0ubuntu0.24.04.2) ...
portable	UNKNOWN STEP	2026-10-01T11:43:22.7092790Z Preparing to unpack .../076-mesa-libgallium_25.2.8-0ubuntu0.24.04.3_amd64.deb ...
portable	UNKNOWN STEP	2026-10-01T11:43:22.7109802Z Unpacking mesa-libgallium:amd64 (25.2.8-0ubuntu0.24.04.3) over (25.2.8-0ubuntu0.24.04.2) ...
portable	UNKNOWN STEP	2026-10-01T11:43:23.0595847Z Selecting previously unselected package libegl-mesa0:amd64.
portable	UNKNOWN STEP	2026-10-01T11:43:23.0707196Z Preparing to unpack .../077-libegl-mesa0_25.2.8-0ubuntu0.24.04.3_amd64.deb ...
portable	UNKNOWN STEP	2026-10-01T11:43:23.0712760Z Unpacking libegl-mesa0:amd64 (25.2.8-0ubuntu0.24.04.3) ...
portable	UNKNOWN STEP	2026-10-01T11:43:23.0916932Z Selecting previously unselected package libpng-dev:amd64.
portable	UNKNOWN STEP	2026-10-01T11:43:23.1025253Z Preparing to unpack .../078-libpng-dev_1.6.43-5ubuntu0.6_amd64.deb ...
portable	UNKNOWN STEP	2026-10-01T11:43:23.1046692Z Unpacking libpng-dev:amd64 (1.6.43-5ubuntu0.6) ...
portable	UNKNOWN STEP	2026-10-01T11:43:23.1724848Z Selecting previously unselected package libfreetype-dev:amd64.
portable	UNKNOWN STEP	2026-10-01T11:43:23.1834548Z Preparing to unpack .../079-libfreetype-dev_2.13.2+dfsg-1ubuntu0.1_amd64.deb ...
portable	UNKNOWN STEP	2026-10-01T11:43:23.1840092Z Unpacking libfreetype-dev:amd64 (2.13.2+dfsg-1ubuntu0.1) ...
portable	UNKNOWN STEP	2026-10-01T11:43:23.2424569Z Selecting previously unselected package uuid-dev:amd64.
portable	UNKNOWN STEP	2026-10-01T11:43:23.2532188Z Preparing to unpack .../080-uuid-dev_2.39.3-9ubuntu6.6_amd64.deb ...
portable	UNKNOWN STEP	2026-10-01T11:43:23.2537772Z Unpacking uuid-dev:amd64 (2.39.3-9ubuntu6.6) ...
portable	UNKNOWN STEP	2026-10-01T11:43:23.2745401Z Selecting previously unselected package libfontconfig-dev:amd64.
portable	UNKNOWN STEP	2026-10-01T11:43:23.2849270Z Preparing to unpack .../081-libfontconfig-dev_2.15.0-1.1ubuntu2_amd64.deb ...
portable	UNKNOWN STEP	2026-10-01T11:43:23.2854462Z Unpacking libfontconfig-dev:amd64 (2.15.0-1.1ubuntu2) ...
portable	UNKNOWN STEP	2026-10-01T11:43:23.3192681Z Selecting previously unselected package libfontconfig1-dev:amd64.
portable	UNKNOWN STEP	2026-10-01T11:43:23.3296771Z Preparing to unpack .../082-libfontconfig1-dev_2.15.0-1.1ubuntu2_amd64.deb ...
portable	UNKNOWN STEP	2026-10-01T11:43:23.3301754Z Unpacking libfontconfig1-dev:amd64 (2.15.0-1.1ubuntu2) ...
portable	UNKNOWN STEP	2026-10-01T11:43:23.3457150Z Selecting previously unselected package libwinpr2-2t64:amd64.
portable	UNKNOWN STEP	2026-10-01T11:43:23.3557644Z Preparing to unpack .../083-libwinpr2-2t64_2.11.5+dfsg1-1build2_amd64.deb ...
portable	UNKNOWN STEP	2026-10-01T11:43:23.3563445Z Unpacking libwinpr2-2t64:amd64 (2.11.5+dfsg1-1build2) ...
portable	UNKNOWN STEP	2026-10-01T11:43:23.3767462Z Selecting previously unselected package libfreerdp2-2t64:amd64.
portable	UNKNOWN STEP	2026-10-01T11:43:23.3868353Z Preparing to unpack .../084-libfreerdp2-2t64_2.11.5+dfsg1-1build2_amd64.deb ...
portable	UNKNOWN STEP	2026-10-01T11:43:23.3874434Z Unpacking libfreerdp2-2t64:amd64 (2.11.5+dfsg1-1build2) ...
portable	UNKNOWN STEP	2026-10-01T11:43:23.4082412Z Selecting previously unselected package libfreerdp-server2-2t64:amd64.
portable	UNKNOWN STEP	2026-10-01T11:43:23.4183086Z Preparing to unpack .../085-libfreerdp-server2-2t64_2.11.5+dfsg1-1build2_amd64.deb ...
portable	UNKNOWN STEP	2026-10-01T11:43:23.4188422Z Unpacking libfreerdp-server2-2t64:amd64 (2.11.5+dfsg1-1build2) ...
portable	UNKNOWN STEP	2026-10-01T11:43:23.4527355Z Selecting previously unselected package liborc-0.4-0t64:amd64.
portable	UNKNOWN STEP	2026-10-01T11:43:23.4632769Z Preparing to unpack .../086-liborc-0.4-0t64_1%3a0.4.38-1ubuntu0.1_amd64.deb ...
portable	UNKNOWN STEP	2026-10-01T11:43:23.4638010Z Unpacking liborc-0.4-0t64:amd64 (1:0.4.38-1ubuntu0.1) ...
portable	UNKNOWN STEP	2026-10-01T11:43:23.4828641Z Selecting previously unselected package libgstreamer-plugins-base1.0-0:amd64.
portable	UNKNOWN STEP	2026-10-01T11:43:23.4930053Z Preparing to unpack .../087-libgstreamer-plugins-base1.0-0_1.24.2-1ubuntu0.5_amd64.deb ...
portable	UNKNOWN STEP	2026-10-01T11:43:23.4935741Z Unpacking libgstreamer-plugins-base1.0-0:amd64 (1.24.2-1ubuntu0.5) ...
portable	UNKNOWN STEP	2026-10-01T11:43:23.5210972Z Selecting previously unselected package libwacom-common.
portable	UNKNOWN STEP	2026-10-01T11:43:23.5315412Z Preparing to unpack .../088-libwacom-common_2.10.0-2_all.deb ...
portable	UNKNOWN STEP	2026-10-01T11:43:23.5320311Z Unpacking libwacom-common (2.10.0-2) ...
portable	UNKNOWN STEP	2026-10-01T11:43:23.5990047Z Selecting previously unselected package libwacom9:amd64.
portable	UNKNOWN STEP	2026-10-01T11:43:23.6099428Z Preparing to unpack .../089-libwacom9_2.10.0-2_amd64.deb ...
portable	UNKNOWN STEP	2026-10-01T11:43:23.6105163Z Unpacking libwacom9:amd64 (2.10.0-2) ...
portable	UNKNOWN STEP	2026-10-01T11:43:23.6262794Z Selecting previously unselected package libinput-bin.
portable	UNKNOWN STEP	2026-10-01T11:43:23.6362690Z Preparing to unpack .../090-libinput-bin_1.25.0-1ubuntu3.7_amd64.deb ...
portable	UNKNOWN STEP	2026-10-01T11:43:23.6367951Z Unpacking libinput-bin (1.25.0-1ubuntu3.7) ...
portable	UNKNOWN STEP	2026-10-01T11:43:23.6814122Z Selecting previously unselected package libmtdev1t64:amd64.
portable	UNKNOWN STEP	2026-10-01T11:43:23.6919425Z Preparing to unpack .../091-libmtdev1t64_1.1.6-1.1build1_amd64.deb ...
portable	UNKNOWN STEP	2026-10-01T11:43:23.6927737Z Unpacking libmtdev1t64:amd64 (1.1.6-1.1build1) ...
portable	UNKNOWN STEP	2026-10-01T11:43:23.7134657Z Selecting previously unselected package libinput10:amd64.
portable	UNKNOWN STEP	2026-10-01T11:43:23.7235325Z Preparing to unpack .../092-libinput10_1.25.0-1ubuntu3.7_amd64.deb ...
portable	UNKNOWN STEP	2026-10-01T11:43:23.7242999Z Unpacking libinput10:amd64 (1.25.0-1ubuntu3.7) ...
portable	UNKNOWN STEP	2026-10-01T11:43:23.7424754Z Selecting previously unselected package libturbojpeg:amd64.
portable	UNKNOWN STEP	2026-10-01T11:43:23.7529904Z Preparing to unpack .../093-libturbojpeg_1%3a2.1.5-2ubuntu2_amd64.deb ...
portable	UNKNOWN STEP	2026-10-01T11:43:23.7537292Z Unpacking libturbojpeg:amd64 (1:2.1.5-2ubuntu2) ...
portable	UNKNOWN STEP	2026-10-01T11:43:23.7726619Z Selecting previously unselected package libneatvnc0:amd64.
portable	UNKNOWN STEP	2026-10-01T11:43:23.7831153Z Preparing to unpack .../094-libneatvnc0_0.7.1+dfsg-2build3_amd64.deb ...
portable	UNKNOWN STEP	2026-10-01T11:43:23.7836226Z Unpacking libneatvnc0:amd64 (0.7.1+dfsg-2build3) ...
portable	UNKNOWN STEP	2026-10-01T11:43:23.8227616Z Selecting previously unselected package libwebrtc-audio-processing1:amd64.
portable	UNKNOWN STEP	2026-10-01T11:43:23.8340990Z Preparing to unpack .../095-libwebrtc-audio-processing1_0.3.1-0ubuntu6_amd64.deb ...
portable	UNKNOWN STEP	2026-10-01T11:43:23.8347016Z Unpacking libwebrtc-audio-processing1:amd64 (0.3.1-0ubuntu6) ...
portable	UNKNOWN STEP	2026-10-01T11:43:23.8524203Z Selecting previously unselected package libspa-0.2-modules:amd64.
portable	UNKNOWN STEP	2026-10-01T11:43:23.8635817Z Preparing to unpack .../096-libspa-0.2-modules_1.0.5-1ubuntu3.3_amd64.deb ...
portable	UNKNOWN STEP	2026-10-01T11:43:23.8641382Z Unpacking libspa-0.2-modules:amd64 (1.0.5-1ubuntu3.3) ...
portable	UNKNOWN STEP	2026-10-01T11:43:23.8912178Z Selecting previously unselected package libpipewire-0.3-0t64:amd64.
portable	UNKNOWN STEP	2026-10-01T11:43:23.9024790Z Preparing to unpack .../097-libpipewire-0.3-0t64_1.0.5-1ubuntu3.3_amd64.deb ...
portable	UNKNOWN STEP	2026-10-01T11:43:23.9030879Z Unpacking libpipewire-0.3-0t64:amd64 (1.0.5-1ubuntu3.3) ...
portable	UNKNOWN STEP	2026-10-01T11:43:23.9213860Z Selecting previously unselected package libpthread-stubs0-dev:amd64.
portable	UNKNOWN STEP	2026-10-01T11:43:23.9316926Z Preparing to unpack .../098-libpthread-stubs0-dev_0.4-1build3_amd64.deb ...
portable	UNKNOWN STEP	2026-10-01T11:43:23.9322148Z Unpacking libpthread-stubs0-dev:amd64 (0.4-1build3) ...
portable	UNKNOWN STEP	2026-10-01T11:43:23.9482077Z Selecting previously unselected package libseat1:amd64.
portable	UNKNOWN STEP	2026-10-01T11:43:23.9593331Z Preparing to unpack .../099-libseat1_0.8.0-1_amd64.deb ...
portable	UNKNOWN STEP	2026-10-01T11:43:23.9598447Z Unpacking libseat1:amd64 (0.8.0-1) ...
portable	UNKNOWN STEP	2026-10-01T11:43:23.9763956Z Selecting previously unselected package libegl1:amd64.
portable	UNKNOWN STEP	2026-10-01T11:43:23.9873973Z Preparing to unpack .../100-libegl1_1.7.0-1build1_amd64.deb ...
portable	UNKNOWN STEP	2026-10-01T11:43:23.9879679Z Unpacking libegl1:amd64 (1.7.0-1build1) ...
portable	UNKNOWN STEP	2026-10-01T11:43:24.0045278Z Selecting previously unselected package libgles2:amd64.
portable	UNKNOWN STEP	2026-10-01T11:43:24.0154145Z Preparing to unpack .../101-libgles2_1.7.0-1build1_amd64.deb ...
portable	UNKNOWN STEP	2026-10-01T11:43:24.0159829Z Unpacking libgles2:amd64 (1.7.0-1build1) ...
portable	UNKNOWN STEP	2026-10-01T11:43:24.0331725Z Selecting previously unselected package libxcb-composite0:amd64.
portable	UNKNOWN STEP	2026-10-01T11:43:24.0442901Z Preparing to unpack .../102-libxcb-composite0_1.15-1ubuntu2_amd64.deb ...
portable	UNKNOWN STEP	2026-10-01T11:43:24.0448820Z Unpacking libxcb-composite0:amd64 (1.15-1ubuntu2) ...
portable	UNKNOWN STEP	2026-10-01T11:43:24.0692634Z Selecting previously unselected package libxcb-xkb1:amd64.
portable	UNKNOWN STEP	2026-10-01T11:43:24.0802707Z Preparing to unpack .../103-libxcb-xkb1_1.15-1ubuntu2_amd64.deb ...
portable	UNKNOWN STEP	2026-10-01T11:43:24.0807944Z Unpacking libxcb-xkb1:amd64 (1.15-1ubuntu2) ...
portable	UNKNOWN STEP	2026-10-01T11:43:24.0969944Z Selecting previously unselected package libweston-13-0:amd64.
portable	UNKNOWN STEP	2026-10-01T11:43:24.1070136Z Preparing to unpack .../104-libweston-13-0_13.0.0-4build3_amd64.deb ...
portable	UNKNOWN STEP	2026-10-01T11:43:24.1080933Z Unpacking libweston-13-0:amd64 (13.0.0-4build3) ...
portable	UNKNOWN STEP	2026-10-01T11:43:24.2207282Z Selecting previously unselected package xorg-sgml-doctools.
portable	UNKNOWN STEP	2026-10-01T11:43:24.2317440Z Preparing to unpack .../105-xorg-sgml-doctools_1%3a1.11-1.1_all.deb ...
portable	UNKNOWN STEP	2026-10-01T11:43:24.2322737Z Unpacking xorg-sgml-doctools (1:1.11-1.1) ...
portable	UNKNOWN STEP	2026-10-01T11:43:24.2510715Z Selecting previously unselected package x11proto-dev.
portable	UNKNOWN STEP	2026-10-01T11:43:24.2612877Z Preparing to unpack .../106-x11proto-dev_2023.2-1_all.deb ...
portable	UNKNOWN STEP	2026-10-01T11:43:24.3320936Z Unpacking x11proto-dev (2023.2-1) ...
portable	UNKNOWN STEP	2026-10-01T11:43:24.4363567Z Selecting previously unselected package libxau-dev:amd64.
portable	UNKNOWN STEP	2026-10-01T11:43:24.4475099Z Preparing to unpack .../107-libxau-dev_1%3a1.0.9-1build6_amd64.deb ...
portable	UNKNOWN STEP	2026-10-01T11:43:24.5893774Z Unpacking libxau-dev:amd64 (1:1.0.9-1build6) ...
portable	UNKNOWN STEP	2026-10-01T11:43:24.7199789Z Selecting previously unselected package libxdmcp-dev:amd64.
portable	UNKNOWN STEP	2026-10-01T11:43:24.7310695Z Preparing to unpack .../108-libxdmcp-dev_1%3a1.1.3-0ubuntu6_amd64.deb ...
portable	UNKNOWN STEP	2026-10-01T11:43:24.7316326Z Unpacking libxdmcp-dev:amd64 (1:1.1.3-0ubuntu6) ...
portable	UNKNOWN STEP	2026-10-01T11:43:24.7481632Z Selecting previously unselected package xtrans-dev.
portable	UNKNOWN STEP	2026-10-01T11:43:24.7588846Z Preparing to unpack .../109-xtrans-dev_1.4.0-1_all.deb ...
portable	UNKNOWN STEP	2026-10-01T11:43:24.7596753Z Unpacking xtrans-dev (1.4.0-1) ...
portable	UNKNOWN STEP	2026-10-01T11:43:24.7787618Z Selecting previously unselected package libxcb1-dev:amd64.
portable	UNKNOWN STEP	2026-10-01T11:43:24.7894985Z Preparing to unpack .../110-libxcb1-dev_1.15-1ubuntu2_amd64.deb ...
portable	UNKNOWN STEP	2026-10-01T11:43:24.7900296Z Unpacking libxcb1-dev:amd64 (1.15-1ubuntu2) ...
portable	UNKNOWN STEP	2026-10-01T11:43:24.8152936Z Selecting previously unselected package libx11-dev:amd64.
portable	UNKNOWN STEP	2026-10-01T11:43:24.8259836Z Preparing to unpack .../111-libx11-dev_2%3a1.8.7-1build1_amd64.deb ...
portable	UNKNOWN STEP	2026-10-01T11:43:24.8265453Z Unpacking libx11-dev:amd64 (2:1.8.7-1build1) ...
portable	UNKNOWN STEP	2026-10-01T11:43:25.0042446Z Selecting previously unselected package libx11-xcb-dev:amd64.
portable	UNKNOWN STEP	2026-10-01T11:43:25.0152463Z Preparing to unpack .../112-libx11-xcb-dev_2%3a1.8.7-1build1_amd64.deb ...
portable	UNKNOWN STEP	2026-10-01T11:43:25.0157620Z Unpacking libx11-xcb-dev:amd64 (2:1.8.7-1build1) ...
portable	UNKNOWN STEP	2026-10-01T11:43:25.0424591Z Selecting previously unselected package libxcb-xkb-dev:amd64.
portable	UNKNOWN STEP	2026-10-01T11:43:25.0529881Z Preparing to unpack .../113-libxcb-xkb-dev_1.15-1ubuntu2_amd64.deb ...
portable	UNKNOWN STEP	2026-10-01T11:43:25.0535186Z Unpacking libxcb-xkb-dev:amd64 (1.15-1ubuntu2) ...
portable	UNKNOWN STEP	2026-10-01T11:43:25.0744906Z Selecting previously unselected package libxkbcommon-dev:amd64.
portable	UNKNOWN STEP	2026-10-01T11:43:25.0853189Z Preparing to unpack .../114-libxkbcommon-dev_1.6.0-1build1_amd64.deb ...
portable	UNKNOWN STEP	2026-10-01T11:43:25.0857748Z Unpacking libxkbcommon-dev:amd64 (1.6.0-1build1) ...
portable	UNKNOWN STEP	2026-10-01T11:43:25.2160639Z Selecting previously unselected package libxkbcommon-x11-0:amd64.
portable	UNKNOWN STEP	2026-10-01T11:43:25.2271736Z Preparing to unpack .../115-libxkbcommon-x11-0_1.6.0-1build1_amd64.deb ...
portable	UNKNOWN STEP	2026-10-01T11:43:25.2276802Z Unpacking libxkbcommon-x11-0:amd64 (1.6.0-1build1) ...
portable	UNKNOWN STEP	2026-10-01T11:43:25.3023254Z Selecting previously unselected package mesa-vulkan-drivers:amd64.
portable	UNKNOWN STEP	2026-10-01T11:43:25.3133078Z Preparing to unpack .../116-mesa-vulkan-drivers_25.2.8-0ubuntu0.24.04.3_amd64.deb ...
portable	UNKNOWN STEP	2026-10-01T11:43:25.3138538Z Unpacking mesa-vulkan-drivers:amd64 (25.2.8-0ubuntu0.24.04.3) ...
portable	UNKNOWN STEP	2026-10-01T11:43:26.0577991Z Selecting previously unselected package weston.
portable	UNKNOWN STEP	2026-10-01T11:43:26.0690347Z Preparing to unpack .../117-weston_13.0.0-4build3_amd64.deb ...
portable	UNKNOWN STEP	2026-10-01T11:43:26.0697877Z Unpacking weston (13.0.0-4build3) ...
portable	UNKNOWN STEP	2026-10-01T11:43:26.1230221Z Selecting previously unselected package libwayland-bin.
portable	UNKNOWN STEP	2026-10-01T11:43:26.1341862Z Preparing to unpack .../118-libwayland-bin_1.22.0-2.1build1_amd64.deb ...
portable	UNKNOWN STEP	2026-10-01T11:43:26.1350345Z Unpacking libwayland-bin (1.22.0-2.1build1) ...
portable	UNKNOWN STEP	2026-10-01T11:43:26.1518424Z Selecting previously unselected package libwayland-dev:amd64.
portable	UNKNOWN STEP	2026-10-01T11:43:26.1629472Z Preparing to unpack .../119-libwayland-dev_1.22.0-2.1build1_amd64.deb ...
portable	UNKNOWN STEP	2026-10-01T11:43:26.1641460Z Unpacking libwayland-dev:amd64 (1.22.0-2.1build1) ...
portable	UNKNOWN STEP	2026-10-01T11:43:26.1833109Z Selecting previously unselected package libxkbcommon-x11-dev:amd64.
portable	UNKNOWN STEP	2026-10-01T11:43:26.1945737Z Preparing to unpack .../120-libxkbcommon-x11-dev_1.6.0-1build1_amd64.deb ...
portable	UNKNOWN STEP	2026-10-01T11:43:26.1960348Z Unpacking libxkbcommon-x11-dev:amd64 (1.6.0-1build1) ...
portable	UNKNOWN STEP	2026-10-01T11:43:26.2482322Z Setting up libgme0:amd64 (0.6.3-7build1) ...
portable	UNKNOWN STEP	2026-10-01T11:43:26.2502459Z Setting up libchromaprint1:amd64 (1.5.1-5) ...
portable	UNKNOWN STEP	2026-10-01T11:43:26.2617111Z Setting up libssh-gcrypt-4:amd64 (0.10.6-2ubuntu0.5) ...
portable	UNKNOWN STEP	2026-10-01T11:43:26.2631589Z Setting up libhwy1t64:amd64 (1.0.7-8.1build1) ...
portable	UNKNOWN STEP	2026-10-01T11:43:26.2645578Z Setting up mesa-vulkan-drivers:amd64 (25.2.8-0ubuntu0.24.04.3) ...
portable	UNKNOWN STEP	2026-10-01T11:43:26.2669594Z Setting up libudfread0:amd64 (1.1.2-1build1) ...
portable	UNKNOWN STEP	2026-10-01T11:43:26.2686746Z Setting up libwayland-server0:amd64 (1.22.0-2.1build1) ...
portable	UNKNOWN STEP	2026-10-01T11:43:26.2701623Z Setting up mesa-libgallium:amd64 (25.2.8-0ubuntu0.24.04.3) ...
portable	UNKNOWN STEP	2026-10-01T11:43:26.2716322Z Setting up libspeex1:amd64 (1.2.1-2ubuntu2.24.04.1) ...
portable	UNKNOWN STEP	2026-10-01T11:43:26.2730323Z Setting up libshine3:amd64 (3.1.1-2build1) ...
portable	UNKNOWN STEP	2026-10-01T11:43:26.2748031Z Setting up libvpl2 (2023.3.0-1build1) ...
portable	UNKNOWN STEP	2026-10-01T11:43:26.2763845Z Setting up libx264-164:amd64 (2:0.164.3108+git31e19f9-1) ...
portable	UNKNOWN STEP	2026-10-01T11:43:26.2779733Z Setting up libtwolame0:amd64 (0.4.0-2build3) ...
portable	UNKNOWN STEP	2026-10-01T11:43:26.2834413Z Setting up libmbedcrypto7t64:amd64 (2.28.8-1) ...
portable	UNKNOWN STEP	2026-10-01T11:43:26.2848649Z Setting up libgbm1:amd64 (25.2.8-0ubuntu0.24.04.3) ...
portable	UNKNOWN STEP	2026-10-01T11:43:26.2868054Z Setting up libgsm1:amd64 (1.0.22-1build1) ...
portable	UNKNOWN STEP	2026-10-01T11:43:26.2882935Z Setting up libaml0t64:amd64 (0.3.0-1.1build1) ...
portable	UNKNOWN STEP	2026-10-01T11:43:26.2898754Z Setting up libsoxr0:amd64 (0.1.3-4build3) ...
portable	UNKNOWN STEP	2026-10-01T11:43:26.2912256Z Setting up libzix-0-0:amd64 (0.4.2-2build1) ...
portable	UNKNOWN STEP	2026-10-01T11:43:26.2926376Z Setting up libcodec2-1.2:amd64 (1.2.0-2build1) ...
portable	UNKNOWN STEP	2026-10-01T11:43:26.2941657Z Setting up libwinpr2-2t64:amd64 (2.11.5+dfsg1-1build2) ...
portable	UNKNOWN STEP	2026-10-01T11:43:26.2958955Z Setting up libxkbcommon-dev:amd64 (1.6.0-1build1) ...
portable	UNKNOWN STEP	2026-10-01T11:43:26.2972112Z Setting up libgl1-mesa-dri:amd64 (25.2.8-0ubuntu0.24.04.3) ...
portable	UNKNOWN STEP	2026-10-01T11:43:26.3040540Z Setting up libpng-dev:amd64 (1.6.43-5ubuntu0.6) ...
portable	UNKNOWN STEP	2026-10-01T11:43:26.3056213Z Setting up libmysofa1:amd64 (1.3.2+dfsg-2ubuntu2) ...
portable	UNKNOWN STEP	2026-10-01T11:43:26.3069522Z Setting up libwebrtc-audio-processing1:amd64 (0.3.1-0ubuntu6) ...
portable	UNKNOWN STEP	2026-10-01T11:43:26.3090093Z Setting up libsvtav1enc1d1:amd64 (1.7.0+dfsg-2build1) ...
portable	UNKNOWN STEP	2026-10-01T11:43:26.3103581Z Setting up libmpg123-0t64:amd64 (1.32.5-1ubuntu1.1) ...
portable	UNKNOWN STEP	2026-10-01T11:43:26.3117470Z Setting up libcjson1:amd64 (1.7.17-1) ...
portable	UNKNOWN STEP	2026-10-01T11:43:26.3131462Z Setting up libxvidcore4:amd64 (2:1.3.7-1build1) ...
portable	UNKNOWN STEP	2026-10-01T11:43:26.3147099Z Setting up libpthread-stubs0-dev:amd64 (0.4-1build3) ...
portable	UNKNOWN STEP	2026-10-01T11:43:26.3161243Z Setting up librav1e0:amd64 (0.7.1-2) ...
portable	UNKNOWN STEP	2026-10-01T11:43:26.3174978Z Setting up liborc-0.4-0t64:amd64 (1:0.4.38-1ubuntu0.1) ...
portable	UNKNOWN STEP	2026-10-01T11:43:26.3193877Z Setting up libxcb-xkb1:amd64 (1.15-1ubuntu2) ...
portable	UNKNOWN STEP	2026-10-01T11:43:26.3207533Z Setting up librist4:amd64 (0.2.10+dfsg-2) ...
portable	UNKNOWN STEP	2026-10-01T11:43:26.3226416Z Setting up librsvg2-2:amd64 (2.58.0+dfsg-1build1) ...
portable	UNKNOWN STEP	2026-10-01T11:43:26.3242654Z Setting up xtrans-dev (1.4.0-1) ...
portable	UNKNOWN STEP	2026-10-01T11:43:26.3257720Z Setting up libwayland-bin (1.22.0-2.1build1) ...
portable	UNKNOWN STEP	2026-10-01T11:43:26.3271561Z Setting up libblas3:amd64 (3.12.0-3build1.1) ...
portable	UNKNOWN STEP	2026-10-01T11:43:26.3325886Z update-alternatives: using /usr/lib/x86_64-linux-gnu/blas/libblas.so.3 to provide /usr/lib/x86_64-linux-gnu/libblas.so.3 (libblas.so.3-x86_64-linux-gnu) in auto mode
portable	UNKNOWN STEP	2026-10-01T11:43:26.3401515Z Setting up libegl-mesa0:amd64 (25.2.8-0ubuntu0.24.04.3) ...
portable	UNKNOWN STEP	2026-10-01T11:43:26.3416079Z Setting up libplacebo338:amd64 (6.338.2-2build1) ...
portable	UNKNOWN STEP	2026-10-01T11:43:26.3431059Z Setting up libgles2:amd64 (1.7.0-1build1) ...
portable	UNKNOWN STEP	2026-10-01T11:43:26.3444271Z Setting up libva2:amd64 (2.20.0-2ubuntu0.2) ...
portable	UNKNOWN STEP	2026-10-01T11:43:26.3459421Z Setting up libspa-0.2-modules:amd64 (1.0.5-1ubuntu3.3) ...
portable	UNKNOWN STEP	2026-10-01T11:43:26.3474518Z Setting up uuid-dev:amd64 (2.39.3-9ubuntu6.6) ...
portable	UNKNOWN STEP	2026-10-01T11:43:26.3489723Z Setting up libopus0:amd64 (1.4-1build1) ...
portable	UNKNOWN STEP	2026-10-01T11:43:26.3504349Z Setting up libxkbcommon-x11-0:amd64 (1.6.0-1build1) ...
portable	UNKNOWN STEP	2026-10-01T11:43:26.3518904Z Setting up libunibreak5:amd64 (5.1-2build1) ...
portable	UNKNOWN STEP	2026-10-01T11:43:26.3532099Z Setting up libjxl0.7:amd64 (0.7.0-10.2ubuntu6.1) ...
portable	UNKNOWN STEP	2026-10-01T11:43:26.3546048Z Setting up libx265-199:amd64 (3.5-2build1) ...
portable	UNKNOWN STEP	2026-10-01T11:43:26.3560842Z Setting up libturbojpeg:amd64 (1:2.1.5-2ubuntu2) ...
portable	UNKNOWN STEP	2026-10-01T11:43:26.3576289Z Setting up libvidstab1.1:amd64 (1.1.0-2build1) ...
portable	UNKNOWN STEP	2026-10-01T11:43:26.3602237Z Setting up libvpx9:amd64 (1.14.0-1ubuntu2.3) ...
portable	UNKNOWN STEP	2026-10-01T11:43:26.4407070Z Setting up libsrt1.5-gnutls:amd64 (1.5.3-1build2) ...
portable	UNKNOWN STEP	2026-10-01T11:43:26.4420555Z Setting up libxcb-composite0:amd64 (1.15-1ubuntu2) ...
portable	UNKNOWN STEP	2026-10-01T11:43:26.4436160Z Setting up libflite1:amd64 (2.2-6build3) ...
portable	UNKNOWN STEP	2026-10-01T11:43:26.4449186Z Setting up libdav1d7:amd64 (1.4.1-1build1) ...
portable	UNKNOWN STEP	2026-10-01T11:43:26.4461949Z Setting up libmtdev1t64:amd64 (1.1.6-1.1build1) ...
portable	UNKNOWN STEP	2026-10-01T11:43:26.4477729Z Setting up libva-drm2:amd64 (2.20.0-2ubuntu0.2) ...
portable	UNKNOWN STEP	2026-10-01T11:43:26.4493168Z Setting up ocl-icd-libopencl1:amd64 (2.3.2-1build1) ...
portable	UNKNOWN STEP	2026-10-01T11:43:26.4506686Z Setting up libasyncns0:amd64 (0.8-6build4) ...
portable	UNKNOWN STEP	2026-10-01T11:43:26.4523951Z Setting up libvdpau1:amd64 (1.5-2build1) ...
portable	UNKNOWN STEP	2026-10-01T11:43:26.4543611Z Setting up libbs2b0:amd64 (3.1.0+dfsg-7build1) ...
portable	UNKNOWN STEP	2026-10-01T11:43:26.4560829Z Setting up libtheora0:amd64 (1.1.1+dfsg.1-16.1build3) ...
portable	UNKNOWN STEP	2026-10-01T11:43:26.4577770Z Setting up libegl1:amd64 (1.7.0-1build1) ...
portable	UNKNOWN STEP	2026-10-01T11:43:26.4593006Z Setting up libfreerdp2-2t64:amd64 (2.11.5+dfsg1-1build2) ...
portable	UNKNOWN STEP	2026-10-01T11:43:26.4609678Z Setting up libzimg2:amd64 (3.0.5+ds1-1build1) ...
portable	UNKNOWN STEP	2026-10-01T11:43:26.4623909Z Setting up xorg-sgml-doctools (1:1.11-1.1) ...
portable	UNKNOWN STEP	2026-10-01T11:43:26.4640561Z Setting up libflac12t64:amd64 (1.4.3+ds-2.1ubuntu2) ...
portable	UNKNOWN STEP	2026-10-01T11:43:26.4657851Z Setting up libseat1:amd64 (0.8.0-1) ...
portable	UNKNOWN STEP	2026-10-01T11:43:26.4672786Z Setting up libbluray2:amd64 (1:1.3.4-1build1) ...
portable	UNKNOWN STEP	2026-10-01T11:43:26.4688374Z Setting up libsamplerate0:amd64 (0.2.2-4build1) ...
portable	UNKNOWN STEP	2026-10-01T11:43:26.4701592Z Setting up libva-x11-2:amd64 (2.20.0-2ubuntu0.2) ...
portable	UNKNOWN STEP	2026-10-01T11:43:26.4719387Z Setting up libpipewire-0.3-0t64:amd64 (1.0.5-1ubuntu3.3) ...
portable	UNKNOWN STEP	2026-10-01T11:43:26.4732790Z Setting up libopenmpt0t64:amd64 (0.7.3-1.1build3) ...
portable	UNKNOWN STEP	2026-10-01T11:43:26.4745860Z Setting up libbrotli-dev:amd64 (1.1.0-2build2) ...
portable	UNKNOWN STEP	2026-10-01T11:43:26.4763225Z Setting up libzvbi-common (0.2.42-2) ...
portable	UNKNOWN STEP	2026-10-01T11:43:26.4777342Z Setting up libmp3lame0:amd64 (3.100-6build1) ...
portable	UNKNOWN STEP	2026-10-01T11:43:26.4793141Z Setting up libvorbisenc2:amd64 (1.3.7-1build3) ...
portable	UNKNOWN STEP	2026-10-01T11:43:26.4806709Z Setting up libserd-0-0:amd64 (0.32.2-1) ...
portable	UNKNOWN STEP	2026-10-01T11:43:26.4820335Z Setting up libwacom-common (2.10.0-2) ...
portable	UNKNOWN STEP	2026-10-01T11:43:26.4833898Z Setting up libbz2-dev:amd64 (1.0.8-5.1ubuntu0.1) ...
portable	UNKNOWN STEP	2026-10-01T11:43:26.4847960Z Setting up liblapack3:amd64 (3.12.0-3build1.1) ...
portable	UNKNOWN STEP	2026-10-01T11:43:26.4900306Z update-alternatives: using /usr/lib/x86_64-linux-gnu/lapack/liblapack.so.3 to provide /usr/lib/x86_64-linux-gnu/liblapack.so.3 (liblapack.so.3-x86_64-linux-gnu) in auto mode
portable	UNKNOWN STEP	2026-10-01T11:43:26.4915827Z Setting up libglx-mesa0:amd64 (25.2.8-0ubuntu0.24.04.3) ...
portable	UNKNOWN STEP	2026-10-01T11:43:26.5927197Z Setting up libzvbi0t64:amd64 (0.2.42-2) ...
portable	UNKNOWN STEP	2026-10-01T11:43:26.5941885Z Setting up libwacom9:amd64 (2.10.0-2) ...
portable	UNKNOWN STEP	2026-10-01T11:43:26.5956500Z Setting up libgstreamer-plugins-base1.0-0:amd64 (1.24.2-1ubuntu0.5) ...
portable	UNKNOWN STEP	2026-10-01T11:43:26.5969149Z Setting up libavutil58:amd64 (7:6.1.1-3ubuntu5) ...
portable	UNKNOWN STEP	2026-10-01T11:43:26.5983866Z Setting up libwayland-dev:amd64 (1.22.0-2.1build1) ...
portable	UNKNOWN STEP	2026-10-01T11:43:26.6006180Z Setting up libinput-bin (1.25.0-1ubuntu3.7) ...
portable	UNKNOWN STEP	2026-10-01T11:43:26.6020589Z Setting up libfreetype-dev:amd64 (2.13.2+dfsg-1ubuntu0.1) ...
portable	UNKNOWN STEP	2026-10-01T11:43:26.6034962Z Setting up libass9:amd64 (1:0.17.1-2build1) ...
portable	UNKNOWN STEP	2026-10-01T11:43:26.6047411Z Setting up libswresample4:amd64 (7:6.1.1-3ubuntu5) ...
portable	UNKNOWN STEP	2026-10-01T11:43:26.6063786Z Setting up libfreerdp-server2-2t64:amd64 (2.11.5+dfsg1-1build2) ...
portable	UNKNOWN STEP	2026-10-01T11:43:26.6078975Z Setting up libavcodec60:amd64 (7:6.1.1-3ubuntu5) ...
portable	UNKNOWN STEP	2026-10-01T11:43:26.6094200Z Setting up librubberband2:amd64 (3.3.0+dfsg-2build1) ...
portable	UNKNOWN STEP	2026-10-01T11:43:26.6108255Z Setting up libsord-0-0:amd64 (0.16.16-2build1) ...
portable	UNKNOWN STEP	2026-10-01T11:43:26.6120668Z Setting up libpostproc57:amd64 (7:6.1.1-3ubuntu5) ...
portable	UNKNOWN STEP	2026-10-01T11:43:26.6136190Z Setting up libsratom-0-0:amd64 (0.6.16-1build1) ...
portable	UNKNOWN STEP	2026-10-01T11:43:26.6150905Z Setting up libsndfile1:amd64 (1.2.2-1ubuntu5.24.04.1) ...
portable	UNKNOWN STEP	2026-10-01T11:43:26.6169811Z Setting up liblilv-0-0:amd64 (0.24.22-1build1) ...
portable	UNKNOWN STEP	2026-10-01T11:43:26.6184012Z Setting up libswscale7:amd64 (7:6.1.1-3ubuntu5) ...
portable	UNKNOWN STEP	2026-10-01T11:43:26.6196674Z Setting up libinput10:amd64 (1.25.0-1ubuntu3.7) ...
portable	UNKNOWN STEP	2026-10-01T11:43:26.6399373Z Setting up libpulse0:amd64 (1:16.1+dfsg1-2ubuntu10.1) ...
portable	UNKNOWN STEP	2026-10-01T11:43:26.6458995Z Setting up libfontconfig-dev:amd64 (2.15.0-1.1ubuntu2) ...
portable	UNKNOWN STEP	2026-10-01T11:43:26.6474486Z Setting up libavformat60:amd64 (7:6.1.1-3ubuntu5) ...
portable	UNKNOWN STEP	2026-10-01T11:43:26.6488105Z Setting up libsphinxbase3t64:amd64 (0.8+5prealpha+1-17build2) ...
portable	UNKNOWN STEP	2026-10-01T11:43:26.6503729Z Setting up libfontconfig1-dev:amd64 (2.15.0-1.1ubuntu2) ...
portable	UNKNOWN STEP	2026-10-01T11:43:26.6518092Z Setting up libpocketsphinx3:amd64 (0.8.0+real5prealpha+1-15ubuntu5) ...
portable	UNKNOWN STEP	2026-10-01T11:43:26.6531242Z Setting up libavfilter9:amd64 (7:6.1.1-3ubuntu5) ...
portable	UNKNOWN STEP	2026-10-01T11:43:26.6548067Z Setting up libneatvnc0:amd64 (0.7.1+dfsg-2build3) ...
portable	UNKNOWN STEP	2026-10-01T11:43:26.6564044Z Setting up libweston-13-0:amd64 (13.0.0-4build3) ...
portable	UNKNOWN STEP	2026-10-01T11:43:26.6579501Z Setting up weston (13.0.0-4build3) ...
portable	UNKNOWN STEP	2026-10-01T11:43:26.6624426Z Processing triggers for libc-bin (2.39-0ubuntu8.9) ...
portable	UNKNOWN STEP	2026-10-01T11:43:27.0075285Z Processing triggers for man-db (2.12.0-4build2) ...
portable	UNKNOWN STEP	2026-10-01T11:43:27.0094843Z Not building database; man-db/auto-update is not 'true'.
portable	UNKNOWN STEP	2026-10-01T11:43:27.0196560Z Processing triggers for udev (255.4-1ubuntu8.17) ...
portable	UNKNOWN STEP	2026-10-01T11:43:27.6646885Z Processing triggers for sgml-base (1.31) ...
portable	UNKNOWN STEP	2026-10-01T11:43:27.6738569Z Setting up x11proto-dev (2023.2-1) ...
portable	UNKNOWN STEP	2026-10-01T11:43:27.6757341Z Setting up libxau-dev:amd64 (1:1.0.9-1build6) ...
portable	UNKNOWN STEP	2026-10-01T11:43:27.6779830Z Setting up libxdmcp-dev:amd64 (1:1.1.3-0ubuntu6) ...
portable	UNKNOWN STEP	2026-10-01T11:43:27.6879584Z Setting up libxcb1-dev:amd64 (1.15-1ubuntu2) ...
portable	UNKNOWN STEP	2026-10-01T11:43:27.6895538Z Setting up libxcb-xkb-dev:amd64 (1.15-1ubuntu2) ...
portable	UNKNOWN STEP	2026-10-01T11:43:27.6910500Z Setting up libx11-dev:amd64 (2:1.8.7-1build1) ...
portable	UNKNOWN STEP	2026-10-01T11:43:27.6928370Z Setting up libxkbcommon-x11-dev:amd64 (1.6.0-1build1) ...
portable	UNKNOWN STEP	2026-10-01T11:43:27.6948911Z Setting up libx11-xcb-dev:amd64 (2:1.8.7-1build1) ...
portable	UNKNOWN STEP	2026-10-01T11:43:28.4295327Z 
portable	UNKNOWN STEP	2026-10-01T11:43:28.4295826Z Running kernel seems to be up-to-date.
portable	UNKNOWN STEP	2026-10-01T11:43:28.4296155Z 
portable	UNKNOWN STEP	2026-10-01T11:43:28.4296276Z No services need to be restarted.
portable	UNKNOWN STEP	2026-10-01T11:43:28.4296483Z 
portable	UNKNOWN STEP	2026-10-01T11:43:28.4296603Z No containers need to be restarted.
portable	UNKNOWN STEP	2026-10-01T11:43:28.4296815Z 
portable	UNKNOWN STEP	2026-10-01T11:43:28.4296952Z No user sessions are running outdated binaries.
portable	UNKNOWN STEP	2026-10-01T11:43:28.4297204Z 
portable	UNKNOWN STEP	2026-10-01T11:43:28.4297431Z No VM guests are running outdated hypervisor (qemu) binaries on this host.
portable	UNKNOWN STEP	2026-10-01T11:43:29.2271626Z ##[group]Run if cargo tree --workspace | grep -q 'gpui-component'; then
portable	UNKNOWN STEP	2026-10-01T11:43:29.2272041Z ^[[36;1mif cargo tree --workspace | grep -q 'gpui-component'; then^[[0m
portable	UNKNOWN STEP	2026-10-01T11:43:29.2272399Z ^[[36;1m  echo 'gpui-component must not appear in the dependency graph'^[[0m
portable	UNKNOWN STEP	2026-10-01T11:43:29.2272682Z ^[[36;1m  exit 1^[[0m
portable	UNKNOWN STEP	2026-10-01T11:43:29.2272841Z ^[[36;1mfi^[[0m
portable	UNKNOWN STEP	2026-10-01T11:43:29.2327866Z shell: /usr/bin/bash -e {0}
portable	UNKNOWN STEP	2026-10-01T11:43:29.2328071Z env:
portable	UNKNOWN STEP	2026-10-01T11:43:29.2328236Z   CARGO_HOME: /home/runner/.cargo
portable	UNKNOWN STEP	2026-10-01T11:43:29.2328455Z   CARGO_INCREMENTAL: 0
portable	UNKNOWN STEP	2026-10-01T11:43:29.2328649Z   CARGO_TERM_COLOR: always
portable	UNKNOWN STEP	2026-10-01T11:43:29.2328839Z ##[endgroup]
portable	UNKNOWN STEP	2026-10-01T11:43:29.2896119Z ^[[1m^[[92m    Updating^[[0m crates.io index
portable	UNKNOWN STEP	2026-10-01T11:43:30.3943329Z ^[[1m^[[92m Downloading^[[0m crates ...
portable	UNKNOWN STEP	2026-10-01T11:43:30.4634033Z ^[[1m^[[92m  Downloaded^[[0m adler2 v2.0.1
portable	UNKNOWN STEP	2026-10-01T11:43:30.4667591Z ^[[1m^[[92m  Downloaded^[[0m core_maths v0.1.1
portable	UNKNOWN STEP	2026-10-01T11:43:30.4697029Z ^[[1m^[[92m  Downloaded^[[0m errno v0.3.14
portable	UNKNOWN STEP	2026-10-01T11:43:30.4730299Z ^[[1m^[[92m  Downloaded^[[0m equivalent v1.0.2
portable	UNKNOWN STEP	2026-10-01T11:43:30.4761288Z ^[[1m^[[92m  Downloaded^[[0m enumflags2 v0.7.12
portable	UNKNOWN STEP	2026-10-01T11:43:30.4795672Z ^[[1m^[[92m  Downloaded^[[0m event-listener v5.4.2
portable	UNKNOWN STEP	2026-10-01T11:43:30.4830643Z ^[[1m^[[92m  Downloaded^[[0m equator-macro v0.4.2
portable	UNKNOWN STEP	2026-10-01T11:43:30.4857663Z ^[[1m^[[92m  Downloaded^[[0m endi v1.1.1
portable	UNKNOWN STEP	2026-10-01T11:43:30.4887729Z ^[[1m^[[92m  Downloaded^[[0m event-listener-strategy v0.5.4
portable	UNKNOWN STEP	2026-10-01T11:43:30.4918542Z ^[[1m^[[92m  Downloaded^[[0m bit-set v0.8.0
portable	UNKNOWN STEP	2026-10-01T11:43:30.4950307Z ^[[1m^[[92m  Downloaded^[[0m generic-array v0.14.7
portable	UNKNOWN STEP	2026-10-01T11:43:30.4988543Z ^[[1m^[[92m  Downloaded^[[0m fastrand v2.5.0
portable	UNKNOWN STEP	2026-10-01T11:43:30.5021870Z ^[[1m^[[92m  Downloaded^[[0m futures-sink v0.3.34
portable	UNKNOWN STEP	2026-10-01T11:43:30.5049494Z ^[[1m^[[92m  Downloaded^[[0m futures-io v0.3.34
portable	UNKNOWN STEP	2026-10-01T11:43:30.5077296Z ^[[1m^[[92m  Downloaded^[[0m gpui-pre-shared-string v0.3.7
portable	UNKNOWN STEP	2026-10-01T11:43:30.5103307Z ^[[1m^[[92m  Downloaded^[[0m gpui-pre-derive-refineable v0.3.7
portable	UNKNOWN STEP	2026-10-01T11:43:30.5130539Z ^[[1m^[[92m  Downloaded^[[0m gpui-pre-refineable v0.3.7
portable	UNKNOWN STEP	2026-10-01T11:43:30.5153616Z ^[[1m^[[92m  Downloaded^[[0m gpui-pre-util-macros v0.3.7
portable	UNKNOWN STEP	2026-10-01T11:43:30.5180246Z ^[[1m^[[92m  Downloaded^[[0m hash32 v0.3.1
portable	UNKNOWN STEP	2026-10-01T11:43:30.5211103Z ^[[1m^[[92m  Downloaded^[[0m futures-task v0.3.34
portable	UNKNOWN STEP	2026-10-01T11:43:30.5240163Z ^[[1m^[[92m  Downloaded^[[0m crossbeam-queue v0.3.13
portable	UNKNOWN STEP	2026-10-01T11:43:30.5268914Z ^[[1m^[[92m  Downloaded^[[0m float-ord v0.3.2
portable	UNKNOWN STEP	2026-10-01T11:43:30.5297884Z ^[[1m^[[92m  Downloaded^[[0m hexf-parse v0.2.1
portable	UNKNOWN STEP	2026-10-01T11:43:30.5320497Z ^[[1m^[[92m  Downloaded^[[0m is-docker v0.2.0
portable	UNKNOWN STEP	2026-10-01T11:43:30.5345413Z ^[[1m^[[92m  Downloaded^[[0m idna_adapter v1.2.2
portable	UNKNOWN STEP	2026-10-01T11:43:30.5372268Z ^[[1m^[[92m  Downloaded^[[0m linked-hash-map v0.5.6
portable	UNKNOWN STEP	2026-10-01T11:43:30.5398309Z ^[[1m^[[92m  Downloaded^[[0m inout v0.1.4
portable	UNKNOWN STEP	2026-10-01T11:43:30.5424334Z ^[[1m^[[92m  Downloaded^[[0m lebe v0.5.3
portable	UNKNOWN STEP	2026-10-01T11:43:30.5452897Z ^[[1m^[[92m  Downloaded^[[0m blocking v1.7.0
portable	UNKNOWN STEP	2026-10-01T11:43:30.5477291Z ^[[1m^[[92m  Downloaded^[[0m fdeflate v0.3.7
portable	UNKNOWN STEP	2026-10-01T11:43:30.5503570Z ^[[1m^[[92m  Downloaded^[[0m av1-grain v0.2.5
portable	UNKNOWN STEP	2026-10-01T11:43:30.5540759Z ^[[1m^[[92m  Downloaded^[[0m loop9 v0.1.5
portable	UNKNOWN STEP	2026-10-01T11:43:30.5566096Z ^[[1m^[[92m  Downloaded^[[0m md-5 v0.10.6
portable	UNKNOWN STEP	2026-10-01T11:43:30.5596602Z ^[[1m^[[92m  Downloaded^[[0m byteorder v1.5.0
portable	UNKNOWN STEP	2026-10-01T11:43:30.5627087Z ^[[1m^[[92m  Downloaded^[[0m gpui-pre-ztracing-macro v0.3.7
portable	UNKNOWN STEP	2026-10-01T11:43:30.5648630Z ^[[1m^[[92m  Downloaded^[[0m lyon v1.0.19
portable	UNKNOWN STEP	2026-10-01T11:43:30.5672714Z ^[[1m^[[92m  Downloaded^[[0m num-iter v0.1.46
portable	UNKNOWN STEP	2026-10-01T11:43:30.5697725Z ^[[1m^[[92m  Downloaded^[[0m parking v2.2.1
portable	UNKNOWN STEP	2026-10-01T11:43:30.5721615Z ^[[1m^[[92m  Downloaded^[[0m crossbeam-epoch v0.9.20
portable	UNKNOWN STEP	2026-10-01T11:43:30.5758335Z ^[[1m^[[92m  Downloaded^[[0m concurrent-queue v2.5.0
portable	UNKNOWN STEP	2026-10-01T11:43:30.5787309Z ^[[1m^[[92m  Downloaded^[[0m compression-codecs v0.4.38
portable	UNKNOWN STEP	2026-10-01T11:43:30.5835645Z ^[[1m^[[92m  Downloaded^[[0m imgref v1.12.3
portable	UNKNOWN STEP	2026-10-01T11:43:30.5860241Z ^[[1m^[[92m  Downloaded^[[0m linktime-proc-macro v0.2.3
portable	UNKNOWN STEP	2026-10-01T11:43:30.5888452Z ^[[1m^[[92m  Downloaded^[[0m pico-args v0.5.0
portable	UNKNOWN STEP	2026-10-01T11:43:30.5914549Z ^[[1m^[[92m  Downloaded^[[0m proc-macro-crate v3.5.0
portable	UNKNOWN STEP	2026-10-01T11:43:30.5942031Z ^[[1m^[[92m  Downloaded^[[0m font-types v0.12.5
portable	UNKNOWN STEP	2026-10-01T11:43:30.5972248Z ^[[1m^[[92m  Downloaded^[[0m iana-time-zone v0.1.65
portable	UNKNOWN STEP	2026-10-01T11:43:30.6012548Z ^[[1m^[[92m  Downloaded^[[0m gpui-pre-scheduler v0.3.7
portable	UNKNOWN STEP	2026-10-01T11:43:30.6036309Z ^[[1m^[[92m  Downloaded^[[0m pulp-wasm-simd-flag v0.1.1
portable	UNKNOWN STEP	2026-10-01T11:43:30.6057901Z ^[[1m^[[92m  Downloaded^[[0m quick-error v2.0.1
portable	UNKNOWN STEP	2026-10-01T11:43:30.6080329Z ^[[1m^[[92m  Downloaded^[[0m profiling v1.0.18
portable	UNKNOWN STEP	2026-10-01T11:43:30.6104767Z ^[[1m^[[92m  Downloaded^[[0m ref-cast v1.0.27
portable	UNKNOWN STEP	2026-10-01T11:43:30.6143724Z ^[[1m^[[92m  Downloaded^[[0m ref-cast-impl v1.0.27
portable	UNKNOWN STEP	2026-10-01T11:43:30.6165316Z ^[[1m^[[92m  Downloaded^[[0m paste v1.0.15
portable	UNKNOWN STEP	2026-10-01T11:43:30.6204013Z ^[[1m^[[92m  Downloaded^[[0m percent-encoding v2.3.2
portable	UNKNOWN STEP	2026-10-01T11:43:30.6225484Z ^[[1m^[[92m  Downloaded^[[0m phf v0.13.1
portable	UNKNOWN STEP	2026-10-01T11:43:30.6250625Z ^[[1m^[[92m  Downloaded^[[0m pkg-config v0.3.34
portable	UNKNOWN STEP	2026-10-01T11:43:30.6279045Z ^[[1m^[[92m  Downloaded^[[0m rustc-hash v1.1.0
portable	UNKNOWN STEP	2026-10-01T11:43:30.6300036Z ^[[1m^[[92m  Downloaded^[[0m rustc_version v0.4.1
portable	UNKNOWN STEP	2026-10-01T11:43:30.6326142Z ^[[1m^[[92m  Downloaded^[[0m lyon_path v1.0.19
portable	UNKNOWN STEP	2026-10-01T11:43:30.6351938Z ^[[1m^[[92m  Downloaded^[[0m gif v0.14.2
portable	UNKNOWN STEP	2026-10-01T11:43:30.6376950Z ^[[1m^[[92m  Downloaded^[[0m presser v0.3.1
portable	UNKNOWN STEP	2026-10-01T11:43:30.6404194Z ^[[1m^[[92m  Downloaded^[[0m scopeguard v1.2.0
portable	UNKNOWN STEP	2026-10-01T11:43:30.6428730Z ^[[1m^[[92m  Downloaded^[[0m rand_core v0.6.4
portable	UNKNOWN STEP	2026-10-01T11:43:30.6452153Z ^[[1m^[[92m  Downloaded^[[0m raw-window-handle v0.6.2
portable	UNKNOWN STEP	2026-10-01T11:43:30.6479012Z ^[[1m^[[92m  Downloaded^[[0m serde_urlencoded v0.7.1
portable	UNKNOWN STEP	2026-10-01T11:43:30.6506119Z ^[[1m^[[92m  Downloaded^[[0m serde_repr v0.1.21
portable	UNKNOWN STEP	2026-10-01T11:43:30.6534804Z ^[[1m^[[92m  Downloaded^[[0m serde_spanned v1.1.1
portable	UNKNOWN STEP	2026-10-01T11:43:30.6557865Z ^[[1m^[[92m  Downloaded^[[0m simd_helpers v0.1.0
portable	UNKNOWN STEP	2026-10-01T11:43:30.6576670Z ^[[1m^[[92m  Downloaded^[[0m ravif v0.13.0
portable	UNKNOWN STEP	2026-10-01T11:43:30.6598383Z ^[[1m^[[92m  Downloaded^[[0m rustversion v1.0.23
portable	UNKNOWN STEP	2026-10-01T11:43:30.6632303Z ^[[1m^[[92m  Downloaded^[[0m siphasher v1.0.3
portable	UNKNOWN STEP	2026-10-01T11:43:30.6656571Z ^[[1m^[[92m  Downloaded^[[0m stable_deref_trait v1.2.1
portable	UNKNOWN STEP	2026-10-01T11:43:30.6677143Z ^[[1m^[[92m  Downloaded^[[0m crc32fast v1.5.1
portable	UNKNOWN STEP	2026-10-01T11:43:30.6708713Z ^[[1m^[[92m  Downloaded^[[0m strsim v0.11.1
portable	UNKNOWN STEP	2026-10-01T11:43:30.6730055Z ^[[1m^[[92m  Downloaded^[[0m num-traits v0.2.19
portable	UNKNOWN STEP	2026-10-01T11:43:30.6763759Z ^[[1m^[[92m  Downloaded^[[0m svg_fmt v0.4.5
portable	UNKNOWN STEP	2026-10-01T11:43:30.6783657Z ^[[1m^[[92m  Downloaded^[[0m strum v0.28.0
portable	UNKNOWN STEP	2026-10-01T11:43:30.6808393Z ^[[1m^[[92m  Downloaded^[[0m sval_ref v2.21.1
portable	UNKNOWN STEP	2026-10-01T11:43:30.6826627Z ^[[1m^[[92m  Downloaded^[[0m serde_derive_internals v0.30.0
portable	UNKNOWN STEP	2026-10-01T11:43:30.6856001Z ^[[1m^[[92m  Downloaded^[[0m toml_datetime v0.6.11
portable	UNKNOWN STEP	2026-10-01T11:43:30.6881436Z ^[[1m^[[92m  Downloaded^[[0m sys-locale v0.3.2
portable	UNKNOWN STEP	2026-10-01T11:43:30.6909218Z ^[[1m^[[92m  Downloaded^[[0m sval_nested v2.21.1
portable	UNKNOWN STEP	2026-10-01T11:43:30.6937655Z ^[[1m^[[92m  Downloaded^[[0m typeid v1.0.3
portable	UNKNOWN STEP	2026-10-01T11:43:30.6961981Z ^[[1m^[[92m  Downloaded^[[0m thiserror v1.0.69
portable	UNKNOWN STEP	2026-10-01T11:43:30.7027745Z ^[[1m^[[92m  Downloaded^[[0m unicode-linebreak v0.1.5
portable	UNKNOWN STEP	2026-10-01T11:43:30.7044143Z ^[[1m^[[92m  Downloaded^[[0m icu_collections v2.3.0
portable	UNKNOWN STEP	2026-10-01T11:43:30.7105558Z ^[[1m^[[92m  Downloaded^[[0m unicode-xid v0.2.6
portable	UNKNOWN STEP	2026-10-01T11:43:30.7127051Z ^[[1m^[[92m  Downloaded^[[0m toml_datetime v1.1.1+spec-1.1.0
portable	UNKNOWN STEP	2026-10-01T11:43:30.7148140Z ^[[1m^[[92m  Downloaded^[[0m utf8parse v0.2.2
portable	UNKNOWN STEP	2026-10-01T11:43:30.7163647Z ^[[1m^[[92m  Downloaded^[[0m tracing-log v0.2.0
portable	UNKNOWN STEP	2026-10-01T11:43:30.7182846Z ^[[1m^[[92m  Downloaded^[[0m sharded-slab v0.1.7
portable	UNKNOWN STEP	2026-10-01T11:43:30.7218528Z ^[[1m^[[92m  Downloaded^[[0m wayland-sys v0.31.11
portable	UNKNOWN STEP	2026-10-01T11:43:30.7235433Z ^[[1m^[[92m  Downloaded^[[0m unicode-ccc v0.4.0
portable	UNKNOWN STEP	2026-10-01T11:43:30.7249902Z ^[[1m^[[92m  Downloaded^[[0m unicode-bidi-mirroring v0.4.0
portable	UNKNOWN STEP	2026-10-01T11:43:30.7264123Z ^[[1m^[[92m  Downloaded^[[0m wgpu-core-deps-windows-linux-android v29.0.4
portable	UNKNOWN STEP	2026-10-01T11:43:30.7278175Z ^[[1m^[[92m  Downloaded^[[0m tracing-attributes v0.1.31
portable	UNKNOWN STEP	2026-10-01T11:43:30.7308130Z ^[[1m^[[92m  Downloaded^[[0m xmlwriter v0.1.0
portable	UNKNOWN STEP	2026-10-01T11:43:30.7324119Z ^[[1m^[[92m  Downloaded^[[0m wasm-bindgen-shared v0.2.127
portable	UNKNOWN STEP	2026-10-01T11:43:30.7339833Z ^[[1m^[[92m  Downloaded^[[0m spin v0.10.1
portable	UNKNOWN STEP	2026-10-01T11:43:30.7368336Z ^[[1m^[[92m  Downloaded^[[0m wayland-cursor v0.31.14
portable	UNKNOWN STEP	2026-10-01T11:43:30.7380567Z ^[[1m^[[92m  Downloaded^[[0m writeable v0.6.4
portable	UNKNOWN STEP	2026-10-01T11:43:30.7403109Z ^[[1m^[[92m  Downloaded^[[0m zerofrom-derive v0.1.7
portable	UNKNOWN STEP	2026-10-01T11:43:30.7418069Z ^[[1m^[[92m  Downloaded^[[0m zeroize_derive v1.5.0
portable	UNKNOWN STEP	2026-10-01T11:43:30.7434059Z ^[[1m^[[92m  Downloaded^[[0m xcursor v0.3.11
portable	UNKNOWN STEP	2026-10-01T11:43:30.7450688Z ^[[1m^[[92m  Downloaded^[[0m indexmap v2.14.0
portable	UNKNOWN STEP	2026-10-01T11:43:30.7492751Z ^[[1m^[[92m  Downloaded^[[0m toml_edit v0.22.27
portable	UNKNOWN STEP	2026-10-01T11:43:30.7533631Z ^[[1m^[[92m  Downloaded^[[0m zed-xim v0.4.0-zed
portable	UNKNOWN STEP	2026-10-01T11:43:30.7559888Z ^[[1m^[[92m  Downloaded^[[0m zvariant_derive v5.15.0
portable	UNKNOWN STEP	2026-10-01T11:43:30.7577939Z ^[[1m^[[92m  Downloaded^[[0m yoke v0.8.3
portable	UNKNOWN STEP	2026-10-01T11:43:30.7597733Z ^[[1m^[[92m  Downloaded^[[0m zerofrom v0.1.8
portable	UNKNOWN STEP	2026-10-01T11:43:30.7610485Z ^[[1m^[[92m  Downloaded^[[0m zeroize v1.9.0
portable	UNKNOWN STEP	2026-10-01T11:43:30.7630463Z ^[[1m^[[92m  Downloaded^[[0m yaml-rust v0.4.5
portable	UNKNOWN STEP	2026-10-01T11:43:30.7659435Z ^[[1m^[[92m  Downloaded^[[0m zvariant_utils v4.2.0
portable	UNKNOWN STEP	2026-10-01T11:43:30.7682063Z ^[[1m^[[92m  Downloaded^[[0m x11-clipboard v0.9.3
portable	UNKNOWN STEP	2026-10-01T11:43:30.7699887Z ^[[1m^[[92m  Downloaded^[[0m unicode-script v0.5.8
portable	UNKNOWN STEP	2026-10-01T11:43:30.7722829Z ^[[1m^[[92m  Downloaded^[[0m zed-font-kit v0.14.1-zed
portable	UNKNOWN STEP	2026-10-01T11:43:30.7764667Z ^[[1m^[[92m  Downloaded^[[0m zerovec-derive v0.11.6
portable	UNKNOWN STEP	2026-10-01T11:43:30.7785272Z ^[[1m^[[92m  Downloaded^[[0m unicode-segmentation v1.13.3
portable	UNKNOWN STEP	2026-10-01T11:43:30.7816685Z ^[[1m^[[92m  Downloaded^[[0m zerotrie v0.2.5
portable	UNKNOWN STEP	2026-10-01T11:43:30.7857629Z ^[[1m^[[92m  Downloaded^[[0m zbus_xml v5.2.1
portable	UNKNOWN STEP	2026-10-01T11:43:30.7887079Z ^[[1m^[[92m  Downloaded^[[0m zune-jpeg v0.5.15
portable	UNKNOWN STEP	2026-10-01T11:43:30.7922756Z ^[[1m^[[92m  Downloaded^[[0m xkbcommon v0.8.0
portable	UNKNOWN STEP	2026-10-01T11:43:30.7950833Z ^[[1m^[[92m  Downloaded^[[0m wayland-backend v0.3.17
portable	UNKNOWN STEP	2026-10-01T11:43:30.8003722Z ^[[1m^[[92m  Downloaded^[[0m zvariant v5.15.0
portable	UNKNOWN STEP	2026-10-01T11:43:30.8072698Z ^[[1m^[[92m  Downloaded^[[0m taffy v0.13.0
portable	UNKNOWN STEP	2026-10-01T11:43:30.8136961Z ^[[1m^[[92m  Downloaded^[[0m winnow v0.7.15
portable	UNKNOWN STEP	2026-10-01T11:43:30.8224115Z ^[[1m^[[92m  Downloaded^[[0m zerocopy-derive v0.8.56
portable	UNKNOWN STEP	2026-10-01T11:43:30.8314587Z ^[[1m^[[92m  Downloaded^[[0m wgpu v29.0.4
portable	UNKNOWN STEP	2026-10-01T11:43:30.8446960Z ^[[1m^[[92m  Downloaded^[[0m x11rb v0.13.2
portable	UNKNOWN STEP	2026-10-01T11:43:30.8523528Z ^[[1m^[[92m  Downloaded^[[0m unicode-width v0.2.2
portable	UNKNOWN STEP	2026-10-01T11:43:30.8579255Z ^[[1m^[[92m  Downloaded^[[0m quick-xml v0.41.0
portable	UNKNOWN STEP	2026-10-01T11:43:30.8641670Z ^[[1m^[[92m  Downloaded^[[0m zerocopy v0.8.56
portable	UNKNOWN STEP	2026-10-01T11:43:30.8825093Z ^[[1m^[[92m  Downloaded^[[0m syn v3.0.4
portable	UNKNOWN STEP	2026-10-01T11:43:30.8917920Z ^[[1m^[[92m  Downloaded^[[0m skrifa v0.44.0
portable	UNKNOWN STEP	2026-10-01T11:43:30.9002611Z ^[[1m^[[92m  Downloaded^[[0m syn v2.0.119
portable	UNKNOWN STEP	2026-10-01T11:43:30.9099212Z ^[[1m^[[92m  Downloaded^[[0m object v0.37.3
portable	UNKNOWN STEP	2026-10-01T11:43:30.9192566Z ^[[1m^[[92m  Downloaded^[[0m wgpu-core v29.0.4
portable	UNKNOWN STEP	2026-10-01T11:43:30.9276818Z ^[[1m^[[92m  Downloaded^[[0m bstr v1.13.1
portable	UNKNOWN STEP	2026-10-01T11:43:30.9346823Z ^[[1m^[[92m  Downloaded^[[0m image v0.25.10
portable	UNKNOWN STEP	2026-10-01T11:43:30.9426172Z ^[[1m^[[92m  Downloaded^[[0m rustix v1.1.4
portable	UNKNOWN STEP	2026-10-01T11:43:30.9654769Z ^[[1m^[[92m  Downloaded^[[0m ash v0.38.0+1.3.281
portable	UNKNOWN STEP	2026-10-01T11:43:30.9785479Z ^[[1m^[[92m  Downloaded^[[0m postage v0.5.0
portable	UNKNOWN STEP	2026-10-01T11:43:30.9866570Z ^[[1m^[[92m  Downloaded^[[0m icu_normalizer v2.3.0
portable	UNKNOWN STEP	2026-10-01T11:43:30.9946933Z ^[[1m^[[92m  Downloaded^[[0m wgpu-hal v29.0.4
portable	UNKNOWN STEP	2026-10-01T11:43:31.0041806Z ^[[1m^[[92m  Downloaded^[[0m rhai v1.26.0
portable	UNKNOWN STEP	2026-10-01T11:43:31.0165077Z ^[[1m^[[92m  Downloaded^[[0m tracing v0.1.44
portable	UNKNOWN STEP	2026-10-01T11:43:31.0299828Z ^[[1m^[[92m  Downloaded^[[0m read-fonts v0.37.0
portable	UNKNOWN STEP	2026-10-01T11:43:31.0426838Z ^[[1m^[[92m  Downloaded^[[0m x11rb-protocol v0.13.2
portable	UNKNOWN STEP	2026-10-01T11:43:31.0530615Z ^[[1m^[[92m  Downloaded^[[0m regex-automata v0.4.18
portable	UNKNOWN STEP	2026-10-01T11:43:31.0648567Z ^[[1m^[[92m  Downloaded^[[0m read-fonts v0.41.0
portable	UNKNOWN STEP	2026-10-01T11:43:31.0806503Z ^[[1m^[[92m  Downloaded^[[0m av-scenechange v0.14.1
portable	UNKNOWN STEP	2026-10-01T11:43:31.0900533Z ^[[1m^[[92m  Downloaded^[[0m skrifa v0.40.0
portable	UNKNOWN STEP	2026-10-01T11:43:31.0977537Z ^[[1m^[[92m  Downloaded^[[0m jiff v0.2.35
portable	UNKNOWN STEP	2026-10-01T11:43:31.1103265Z ^[[1m^[[92m  Downloaded^[[0m rustybuzz v0.20.1
portable	UNKNOWN STEP	2026-10-01T11:43:31.1185558Z ^[[1m^[[92m  Downloaded^[[0m regex-syntax v0.8.11
portable	UNKNOWN STEP	2026-10-01T11:43:31.1244758Z ^[[1m^[[92m  Downloaded^[[0m xcb v1.7.1
portable	UNKNOWN STEP	2026-10-01T11:43:31.1314105Z ^[[1m^[[92m  Downloaded^[[0m libc v0.2.189
portable	UNKNOWN STEP	2026-10-01T11:43:31.1673140Z ^[[1m^[[92m  Downloaded^[[0m tracing-subscriber v0.3.23
portable	UNKNOWN STEP	2026-10-01T11:43:31.1743519Z ^[[1m^[[92m  Downloaded^[[0m syntect v5.3.0
portable	UNKNOWN STEP	2026-10-01T11:43:31.1821277Z ^[[1m^[[92m  Downloaded^[[0m naga v29.0.4
portable	UNKNOWN STEP	2026-10-01T11:43:31.1991298Z ^[[1m^[[92m  Downloaded^[[0m ttf-parser v0.25.1
portable	UNKNOWN STEP	2026-10-01T11:43:31.2071717Z ^[[1m^[[92m  Downloaded^[[0m pxfm v0.1.30
portable	UNKNOWN STEP	2026-10-01T11:43:31.2276703Z ^[[1m^[[92m  Downloaded^[[0m wayland-protocols v0.32.13
portable	UNKNOWN STEP	2026-10-01T11:43:31.2347977Z ^[[1m^[[92m  Downloaded^[[0m swash v0.2.10
portable	UNKNOWN STEP	2026-10-01T11:43:31.2411347Z ^[[1m^[[92m  Downloaded^[[0m smol v2.0.2
portable	UNKNOWN STEP	2026-10-01T11:43:31.2444071Z ^[[1m^[[92m  Downloaded^[[0m portable-atomic v1.15.0
portable	UNKNOWN STEP	2026-10-01T11:43:31.2507294Z ^[[1m^[[92m  Downloaded^[[0m chrono v0.4.45
portable	UNKNOWN STEP	2026-10-01T11:43:31.2563594Z ^[[1m^[[92m  Downloaded^[[0m serde_json v1.0.151
portable	UNKNOWN STEP	2026-10-01T11:43:31.2625169Z ^[[1m^[[92m  Downloaded^[[0m exr v1.74.2
portable	UNKNOWN STEP	2026-10-01T11:43:31.2713616Z ^[[1m^[[92m  Downloaded^[[0m zbus v5.19.0
portable	UNKNOWN STEP	2026-10-01T11:43:31.2794765Z ^[[1m^[[92m  Downloaded^[[0m winnow v1.0.4
portable	UNKNOWN STEP	2026-10-01T11:43:31.2875547Z ^[[1m^[[92m  Downloaded^[[0m wgpu-types v29.0.4
portable	UNKNOWN STEP	2026-10-01T11:43:31.2908263Z ^[[1m^[[92m  Downloaded^[[0m regex v1.13.1
portable	UNKNOWN STEP	2026-10-01T11:43:31.2952941Z ^[[1m^[[92m  Downloaded^[[0m harfrust v0.5.2
portable	UNKNOWN STEP	2026-10-01T11:43:31.3023535Z ^[[1m^[[92m  Downloaded^[[0m gimli v0.32.3
portable	UNKNOWN STEP	2026-10-01T11:43:31.3081243Z ^[[1m^[[92m  Downloaded^[[0m tiny-skia v0.11.4
portable	UNKNOWN STEP	2026-10-01T11:43:31.3192074Z ^[[1m^[[92m  Downloaded^[[0m lyon_tessellation v1.0.20
portable	UNKNOWN STEP	2026-10-01T11:43:31.3222095Z ^[[1m^[[92m  Downloaded^[[0m kurbo v0.13.1
portable	UNKNOWN STEP	2026-10-01T11:43:31.3265392Z ^[[1m^[[92m  Downloaded^[[0m pulp v0.22.3
portable	UNKNOWN STEP	2026-10-01T11:43:31.3316430Z ^[[1m^[[92m  Downloaded^[[0m zerovec v0.11.8
portable	UNKNOWN STEP	2026-10-01T11:43:31.3380123Z ^[[1m^[[92m  Downloaded^[[0m wayland-client v0.31.15
portable	UNKNOWN STEP	2026-10-01T11:43:31.3402965Z ^[[1m^[[92m  Downloaded^[[0m wasm-bindgen-macro-support v0.2.127
portable	UNKNOWN STEP	2026-10-01T11:43:31.3425252Z ^[[1m^[[92m  Downloaded^[[0m encoding_rs v0.8.35
portable	UNKNOWN STEP	2026-10-01T11:43:31.3612989Z ^[[1m^[[92m  Downloaded^[[0m rayon v1.12.0
portable	UNKNOWN STEP	2026-10-01T11:43:31.3694365Z ^[[1m^[[92m  Downloaded^[[0m clap_builder v4.6.6
portable	UNKNOWN STEP	2026-10-01T11:43:31.3747814Z ^[[1m^[[92m  Downloaded^[[0m wasm-bindgen v0.2.127
portable	UNKNOWN STEP	2026-10-01T11:43:31.3771035Z ^[[1m^[[92m  Downloaded^[[0m usvg v0.46.0
portable	UNKNOWN STEP	2026-10-01T11:43:31.3808183Z ^[[1m^[[92m  Downloaded^[[0m nom v8.0.0
portable	UNKNOWN STEP	2026-10-01T11:43:31.3853597Z ^[[1m^[[92m  Downloaded^[[0m heapless v0.9.3
portable	UNKNOWN STEP	2026-10-01T11:43:31.3896637Z ^[[1m^[[92m  Downloaded^[[0m hashbrown v0.17.1
portable	UNKNOWN STEP	2026-10-01T11:43:31.3940894Z ^[[1m^[[92m  Downloaded^[[0m usvg v0.45.1
portable	UNKNOWN STEP	2026-10-01T11:43:31.3978231Z ^[[1m^[[92m  Downloaded^[[0m tracing-core v0.1.36
portable	UNKNOWN STEP	2026-10-01T11:43:31.4002008Z ^[[1m^[[92m  Downloaded^[[0m toml_edit v0.25.13+spec-1.1.0
portable	UNKNOWN STEP	2026-10-01T11:43:31.4035139Z ^[[1m^[[92m  Downloaded^[[0m sysinfo v0.31.4
portable	UNKNOWN STEP	2026-10-01T11:43:31.4116404Z ^[[1m^[[92m  Downloaded^[[0m raw-cpuid v11.6.0
portable	UNKNOWN STEP	2026-10-01T11:43:31.4146895Z ^[[1m^[[92m  Downloaded^[[0m zune-inflate v0.2.54
portable	UNKNOWN STEP	2026-10-01T11:43:31.4161943Z ^[[1m^[[92m  Downloaded^[[0m rav1e v0.8.1
portable	UNKNOWN STEP	2026-10-01T11:43:31.4433034Z ^[[1m^[[92m  Downloaded^[[0m weezl v0.1.12
portable	UNKNOWN STEP	2026-10-01T11:43:31.4454651Z ^[[1m^[[92m  Downloaded^[[0m rand v0.9.5
portable	UNKNOWN STEP	2026-10-01T11:43:31.4486792Z ^[[1m^[[92m  Downloaded^[[0m moxcms v0.8.1
portable	UNKNOWN STEP	2026-10-01T11:43:31.4571353Z ^[[1m^[[92m  Downloaded^[[0m kurbo v0.11.3
portable	UNKNOWN STEP	2026-10-01T11:43:31.4608291Z ^[[1m^[[92m  Downloaded^[[0m xkeysym v0.2.1
portable	UNKNOWN STEP	2026-10-01T11:43:31.4632193Z ^[[1m^[[92m  Downloaded^[[0m value-bag v1.13.2
portable	UNKNOWN STEP	2026-10-01T11:43:31.4657070Z ^[[1m^[[92m  Downloaded^[[0m png v0.17.16
portable	UNKNOWN STEP	2026-10-01T11:43:31.4690844Z ^[[1m^[[92m  Downloaded^[[0m yazi v0.2.1
portable	UNKNOWN STEP	2026-10-01T11:43:31.4702325Z ^[[1m^[[92m  Downloaded^[[0m typenum v1.20.1
portable	UNKNOWN STEP	2026-10-01T11:43:31.4732846Z ^[[1m^[[92m  Downloaded^[[0m serde v1.0.229
portable	UNKNOWN STEP	2026-10-01T11:43:31.4762161Z ^[[1m^[[92m  Downloaded^[[0m resvg v0.46.0
portable	UNKNOWN STEP	2026-10-01T11:43:31.4787006Z ^[[1m^[[92m  Downloaded^[[0m jiff-core v0.1.0
portable	UNKNOWN STEP	2026-10-01T11:43:31.4817879Z ^[[1m^[[92m  Downloaded^[[0m hkdf v0.12.4
portable	UNKNOWN STEP	2026-10-01T11:43:31.4838708Z ^[[1m^[[92m  Downloaded^[[0m zbus_names v4.3.4
portable	UNKNOWN STEP	2026-10-01T11:43:31.4853649Z ^[[1m^[[92m  Downloaded^[[0m yoke-derive v0.8.2
portable	UNKNOWN STEP	2026-10-01T11:43:31.4863807Z ^[[1m^[[92m  Downloaded^[[0m wayland-scanner v0.31.11
portable	UNKNOWN STEP	2026-10-01T11:43:31.4881913Z ^[[1m^[[92m  Downloaded^[[0m url v2.5.8
portable	UNKNOWN STEP	2026-10-01T11:43:31.4904383Z ^[[1m^[[92m  Downloaded^[[0m icu_properties_data v2.3.0
portable	UNKNOWN STEP	2026-10-01T11:43:31.4993902Z ^[[1m^[[92m  Downloaded^[[0m glow v0.17.0
portable	UNKNOWN STEP	2026-10-01T11:43:31.5032425Z ^[[1m^[[92m  Downloaded^[[0m unicode-properties v0.1.4
portable	UNKNOWN STEP	2026-10-01T11:43:31.5049495Z ^[[1m^[[92m  Downloaded^[[0m rand v0.8.8
portable	UNKNOWN STEP	2026-10-01T11:43:31.5082065Z ^[[1m^[[92m  Downloaded^[[0m libm v0.2.16
portable	UNKNOWN STEP	2026-10-01T11:43:31.5173040Z ^[[1m^[[92m  Downloaded^[[0m x11 v2.21.0
portable	UNKNOWN STEP	2026-10-01T11:43:31.5200557Z ^[[1m^[[92m  Downloaded^[[0m futures-util v0.3.34
portable	UNKNOWN STEP	2026-10-01T11:43:31.5311477Z ^[[1m^[[92m  Downloaded^[[0m web-time v1.1.0
portable	UNKNOWN STEP	2026-10-01T11:43:31.5333939Z ^[[1m^[[92m  Downloaded^[[0m tiff v0.11.3
portable	UNKNOWN STEP	2026-10-01T11:43:31.5374151Z ^[[1m^[[92m  Downloaded^[[0m itertools v0.14.0
portable	UNKNOWN STEP	2026-10-01T11:43:31.5435607Z ^[[1m^[[92m  Downloaded^[[0m hashbrown v0.15.5
portable	UNKNOWN STEP	2026-10-01T11:43:31.5477938Z ^[[1m^[[92m  Downloaded^[[0m gpui-pre-linux v0.3.7
portable	UNKNOWN STEP	2026-10-01T11:43:31.5515717Z ^[[1m^[[92m  Downloaded^[[0m wayland-protocols-wlr v0.3.12
portable	UNKNOWN STEP	2026-10-01T11:43:31.5534370Z ^[[1m^[[92m  Downloaded^[[0m wayland-protocols-plasma v0.3.12
portable	UNKNOWN STEP	2026-10-01T11:43:31.5576562Z ^[[1m^[[92m  Downloaded^[[0m toml v0.8.23
portable	UNKNOWN STEP	2026-10-01T11:43:31.5597340Z ^[[1m^[[92m  Downloaded^[[0m idna v1.1.0
portable	UNKNOWN STEP	2026-10-01T11:43:31.5627476Z ^[[1m^[[92m  Downloaded^[[0m icu_properties v2.3.0
portable	UNKNOWN STEP	2026-10-01T11:43:31.5654791Z ^[[1m^[[92m  Downloaded^[[0m zeno v0.3.3
portable	UNKNOWN STEP	2026-10-01T11:43:31.5675245Z ^[[1m^[[92m  Downloaded^[[0m zbus_macros v5.19.0
portable	UNKNOWN STEP	2026-10-01T11:43:31.5690196Z ^[[1m^[[92m  Downloaded^[[0m v_frame v0.3.9
portable	UNKNOWN STEP	2026-10-01T11:43:31.5705018Z ^[[1m^[[92m  Downloaded^[[0m uuid v1.26.0
portable	UNKNOWN STEP	2026-10-01T11:43:31.5730816Z ^[[1m^[[92m  Downloaded^[[0m png v0.18.1
portable	UNKNOWN STEP	2026-10-01T11:43:31.5766654Z ^[[1m^[[92m  Downloaded^[[0m bumpalo v3.20.3
portable	UNKNOWN STEP	2026-10-01T11:43:31.5790362Z ^[[1m^[[92m  Downloaded^[[0m similar v3.2.0
portable	UNKNOWN STEP	2026-10-01T11:43:31.5821916Z ^[[1m^[[92m  Downloaded^[[0m walkdir v2.5.0
portable	UNKNOWN STEP	2026-10-01T11:43:31.5839536Z ^[[1m^[[92m  Downloaded^[[0m thiserror v2.0.20
portable	UNKNOWN STEP	2026-10-01T11:43:31.5894902Z ^[[1m^[[92m  Downloaded^[[0m hashbrown v0.14.5
portable	UNKNOWN STEP	2026-10-01T11:43:31.5934812Z ^[[1m^[[92m  Downloaded^[[0m zune-core v0.5.3
portable	UNKNOWN STEP	2026-10-01T11:43:31.5955355Z ^[[1m^[[92m  Downloaded^[[0m zmij v1.0.23
portable	UNKNOWN STEP	2026-10-01T11:43:31.5972528Z ^[[1m^[[92m  Downloaded^[[0m num-bigint-dig v0.9.1
portable	UNKNOWN STEP	2026-10-01T11:43:31.6011290Z ^[[1m^[[92m  Downloaded^[[0m yeslogic-fontconfig-sys v6.0.1
portable	UNKNOWN STEP	2026-10-01T11:43:31.6019370Z ^[[1m^[[92m  Downloaded^[[0m y4m v0.8.0
portable	UNKNOWN STEP	2026-10-01T11:43:31.6032329Z ^[[1m^[[92m  Downloaded^[[0m resvg v0.45.1
portable	UNKNOWN STEP	2026-10-01T11:43:31.6057681Z ^[[1m^[[92m  Downloaded^[[0m svgtypes v0.16.1
portable	UNKNOWN STEP	2026-10-01T11:43:31.6079322Z ^[[1m^[[92m  Downloaded^[[0m svgtypes v0.15.3
portable	UNKNOWN STEP	2026-10-01T11:43:31.6101329Z ^[[1m^[[92m  Downloaded^[[0m sval v2.21.1
portable	UNKNOWN STEP	2026-10-01T11:43:31.6131817Z ^[[1m^[[92m  Downloaded^[[0m schemars v1.2.2
portable	UNKNOWN STEP	2026-10-01T11:43:31.6275568Z ^[[1m^[[92m  Downloaded^[[0m hashbrown v0.16.1
portable	UNKNOWN STEP	2026-10-01T11:43:31.6318702Z ^[[1m^[[92m  Downloaded^[[0m wgpu-naga-bridge v29.0.4
portable	UNKNOWN STEP	2026-10-01T11:43:31.6326619Z ^[[1m^[[92m  Downloaded^[[0m unicode-ident v1.0.24
portable	UNKNOWN STEP	2026-10-01T11:43:31.6351014Z ^[[1m^[[92m  Downloaded^[[0m unicode-bidi v0.3.18
portable	UNKNOWN STEP	2026-10-01T11:43:31.6372326Z ^[[1m^[[92m  Downloaded^[[0m zcheapstr v1.1.0
portable	UNKNOWN STEP	2026-10-01T11:43:31.6388036Z ^[[1m^[[92m  Downloaded^[[0m toml_writer v1.1.2+spec-1.1.0
portable	UNKNOWN STEP	2026-10-01T11:43:31.6400787Z ^[[1m^[[92m  Downloaded^[[0m toml_write v0.1.2
portable	UNKNOWN STEP	2026-10-01T11:43:31.6411943Z ^[[1m^[[92m  Downloaded^[[0m num-bigint v0.4.8
portable	UNKNOWN STEP	2026-10-01T11:43:31.6452496Z ^[[1m^[[92m  Downloaded^[[0m zbus-lockstep-macros v0.5.2
portable	UNKNOWN STEP	2026-10-01T11:43:31.6460444Z ^[[1m^[[92m  Downloaded^[[0m zbus-lockstep v0.5.2
portable	UNKNOWN STEP	2026-10-01T11:43:31.6470172Z ^[[1m^[[92m  Downloaded^[[0m xim-parser v0.2.2
portable	UNKNOWN STEP	2026-10-01T11:43:31.6480678Z ^[[1m^[[92m  Downloaded^[[0m toml v1.1.4+spec-1.1.0
portable	UNKNOWN STEP	2026-10-01T11:43:31.6516498Z ^[[1m^[[92m  Downloaded^[[0m tiny-skia-path v0.11.4
portable	UNKNOWN STEP	2026-10-01T11:43:31.6533041Z ^[[1m^[[92m  Downloaded^[[0m wasm-bindgen-macro v0.2.127
portable	UNKNOWN STEP	2026-10-01T11:43:31.6542196Z ^[[1m^[[92m  Downloaded^[[0m tinyvec v1.12.0
portable	UNKNOWN STEP	2026-10-01T11:43:31.6565446Z ^[[1m^[[92m  Downloaded^[[0m qoi v0.4.1
portable	UNKNOWN STEP	2026-10-01T11:43:31.6589956Z ^[[1m^[[92m  Downloaded^[[0m polling v3.11.0
portable	UNKNOWN STEP	2026-10-01T11:43:31.6615757Z ^[[1m^[[92m  Downloaded^[[0m http v1.5.0
portable	UNKNOWN STEP	2026-10-01T11:43:31.6647247Z ^[[1m^[[92m  Downloaded^[[0m tempfile v3.27.0
portable	UNKNOWN STEP	2026-10-01T11:43:31.6669525Z ^[[1m^[[92m  Downloaded^[[0m slotmap v1.1.1
portable	UNKNOWN STEP	2026-10-01T11:43:31.6688818Z ^[[1m^[[92m  Downloaded^[[0m cc v1.4.4
portable	UNKNOWN STEP	2026-10-01T11:43:31.6715116Z ^[[1m^[[92m  Downloaded^[[0m cosmic-text v0.19.0
portable	UNKNOWN STEP	2026-10-01T11:43:31.6972526Z ^[[1m^[[92m  Downloaded^[[0m xim-ctext v0.3.0
portable	UNKNOWN STEP	2026-10-01T11:43:31.6979646Z ^[[1m^[[92m  Downloaded^[[0m serde_core v1.0.229
portable	UNKNOWN STEP	2026-10-01T11:43:31.7004210Z ^[[1m^[[92m  Downloaded^[[0m proc-macro2 v1.0.107
portable	UNKNOWN STEP	2026-10-01T11:43:31.7028863Z ^[[1m^[[92m  Downloaded^[[0m memchr v2.8.3
portable	UNKNOWN STEP	2026-10-01T11:43:31.7075834Z ^[[1m^[[92m  Downloaded^[[0m toml_parser v1.1.3+spec-1.1.0
portable	UNKNOWN STEP	2026-10-01T11:43:31.7095428Z ^[[1m^[[92m  Downloaded^[[0m tiny-keccak v2.0.2
portable	UNKNOWN STEP	2026-10-01T11:43:31.7116594Z ^[[1m^[[92m  Downloaded^[[0m thiserror-impl v2.0.20
portable	UNKNOWN STEP	2026-10-01T11:43:31.7129754Z ^[[1m^[[92m  Downloaded^[[0m linux-raw-sys v0.12.1
portable	UNKNOWN STEP	2026-10-01T11:43:31.7634359Z ^[[1m^[[92m  Downloaded^[[0m thiserror-impl v1.0.69
portable	UNKNOWN STEP	2026-10-01T11:43:31.7646453Z ^[[1m^[[92m  Downloaded^[[0m termcolor v1.4.1
portable	UNKNOWN STEP	2026-10-01T11:43:31.7657918Z ^[[1m^[[92m  Downloaded^[[0m spin v0.9.9
portable	UNKNOWN STEP	2026-10-01T11:43:31.7678116Z ^[[1m^[[92m  Downloaded^[[0m rayon-core v1.13.0
portable	UNKNOWN STEP	2026-10-01T11:43:31.7709867Z ^[[1m^[[92m  Downloaded^[[0m atspi-common v0.13.0
portable	UNKNOWN STEP	2026-10-01T11:43:31.7751037Z ^[[1m^[[92m  Downloaded^[[0m waker-fn v1.2.0
portable	UNKNOWN STEP	2026-10-01T11:43:31.7758717Z ^[[1m^[[92m  Downloaded^[[0m version_check v0.9.5
portable	UNKNOWN STEP	2026-10-01T11:43:31.7770554Z ^[[1m^[[92m  Downloaded^[[0m value-bag-sval2 v1.13.2
portable	UNKNOWN STEP	2026-10-01T11:43:31.7777744Z ^[[1m^[[92m  Downloaded^[[0m value-bag-serde1 v1.13.2
portable	UNKNOWN STEP	2026-10-01T11:43:31.7785209Z ^[[1m^[[92m  Downloaded^[[0m thin-vec v0.2.19
portable	UNKNOWN STEP	2026-10-01T11:43:31.7799062Z ^[[1m^[[92m  Downloaded^[[0m semver v1.0.28
portable	UNKNOWN STEP	2026-10-01T11:43:31.7818648Z ^[[1m^[[92m  Downloaded^[[0m strum_macros v0.28.0
portable	UNKNOWN STEP	2026-10-01T11:43:31.7839264Z ^[[1m^[[92m  Downloaded^[[0m serde_derive v1.0.229
portable	UNKNOWN STEP	2026-10-01T11:43:31.7865132Z ^[[1m^[[92m  Downloaded^[[0m utf8_iter v1.0.4
portable	UNKNOWN STEP	2026-10-01T11:43:31.7874478Z ^[[1m^[[92m  Downloaded^[[0m unicode-vo v0.1.0
portable	UNKNOWN STEP	2026-10-01T11:43:31.7882473Z ^[[1m^[[92m  Downloaded^[[0m sval_buffer v2.21.1
portable	UNKNOWN STEP	2026-10-01T11:43:31.7899223Z ^[[1m^[[92m  Downloaded^[[0m ryu v1.0.23
portable	UNKNOWN STEP	2026-10-01T11:43:31.7926839Z ^[[1m^[[92m  Downloaded^[[0m oo7 v0.6.0
portable	UNKNOWN STEP	2026-10-01T11:43:31.7965037Z ^[[1m^[[92m  Downloaded^[[0m async-compression v0.4.43
portable	UNKNOWN STEP	2026-10-01T11:43:31.8024419Z ^[[1m^[[92m  Downloaded^[[0m tinyvec_macros v0.1.1
portable	UNKNOWN STEP	2026-10-01T11:43:31.8031612Z ^[[1m^[[92m  Downloaded^[[0m tinystr v0.8.4
portable	UNKNOWN STEP	2026-10-01T11:43:31.8050296Z ^[[1m^[[92m  Downloaded^[[0m spirv v0.4.0+sdk-1.4.341.0
portable	UNKNOWN STEP	2026-10-01T11:43:31.8061003Z ^[[1m^[[92m  Downloaded^[[0m smol_str v0.3.6
portable	UNKNOWN STEP	2026-10-01T11:43:31.8075495Z ^[[1m^[[92m  Downloaded^[[0m gpui-pre-wgpu v0.3.7
portable	UNKNOWN STEP	2026-10-01T11:43:31.8096412Z ^[[1m^[[92m  Downloaded^[[0m fontdb v0.23.0
portable	UNKNOWN STEP	2026-10-01T11:43:31.8117037Z ^[[1m^[[92m  Downloaded^[[0m fancy-regex v0.16.2
portable	UNKNOWN STEP	2026-10-01T11:43:31.8147685Z ^[[1m^[[92m  Downloaded^[[0m smallvec v1.15.2
portable	UNKNOWN STEP	2026-10-01T11:43:31.8160734Z ^[[1m^[[92m  Downloaded^[[0m roxmltree v0.21.1
portable	UNKNOWN STEP	2026-10-01T11:43:31.8268703Z ^[[1m^[[92m  Downloaded^[[0m roxmltree v0.20.0
portable	UNKNOWN STEP	2026-10-01T11:43:31.8373655Z ^[[1m^[[92m  Downloaded^[[0m notify-rust v4.18.0
portable	UNKNOWN STEP	2026-10-01T11:43:31.8401126Z ^[[1m^[[92m  Downloaded^[[0m clap v4.6.6
portable	UNKNOWN STEP	2026-10-01T11:43:31.8481245Z ^[[1m^[[92m  Downloaded^[[0m borsh v1.8.1
portable	UNKNOWN STEP	2026-10-01T11:43:31.8542314Z ^[[1m^[[92m  Downloaded^[[0m miniz_oxide v0.8.9
portable	UNKNOWN STEP	2026-10-01T11:43:31.8563344Z ^[[1m^[[92m  Downloaded^[[0m synstructure v0.13.2
portable	UNKNOWN STEP	2026-10-01T11:43:31.8572422Z ^[[1m^[[92m  Downloaded^[[0m smartstring v1.0.1
portable	UNKNOWN STEP	2026-10-01T11:43:31.8592413Z ^[[1m^[[92m  Downloaded^[[0m freetype-sys v0.20.1
portable	UNKNOWN STEP	2026-10-01T11:43:31.9370385Z ^[[1m^[[92m  Downloaded^[[0m slab v0.4.12
portable	UNKNOWN STEP	2026-10-01T11:43:31.9382425Z ^[[1m^[[92m  Downloaded^[[0m simd-adler32 v0.3.10
portable	UNKNOWN STEP	2026-10-01T11:43:31.9399654Z ^[[1m^[[92m  Downloaded^[[0m rhai_codegen v3.2.0
portable	UNKNOWN STEP	2026-10-01T11:43:31.9474829Z ^[[1m^[[92m  Downloaded^[[0m rangemap v1.8.0
portable	UNKNOWN STEP	2026-10-01T11:43:31.9494225Z ^[[1m^[[92m  Downloaded^[[0m sha2 v0.10.9
portable	UNKNOWN STEP	2026-10-01T11:43:31.9515437Z ^[[1m^[[92m  Downloaded^[[0m static_assertions v1.1.0
portable	UNKNOWN STEP	2026-10-01T11:43:31.9527891Z ^[[1m^[[92m  Downloaded^[[0m ppv-lite86 v0.2.21
portable	UNKNOWN STEP	2026-10-01T11:43:31.9538488Z ^[[1m^[[92m  Downloaded^[[0m pin-project v1.1.13
portable	UNKNOWN STEP	2026-10-01T11:43:31.9649527Z ^[[1m^[[92m  Downloaded^[[0m image-webp v0.2.4
portable	UNKNOWN STEP	2026-10-01T11:43:31.9667543Z ^[[1m^[[92m  Downloaded^[[0m futures-concurrency v7.7.1
portable	UNKNOWN STEP	2026-10-01T11:43:31.9736706Z ^[[1m^[[92m  Downloaded^[[0m flate2 v1.1.9
portable	UNKNOWN STEP	2026-10-01T11:43:31.9776883Z ^[[1m^[[92m  Downloaded^[[0m thread_local v1.1.10
portable	UNKNOWN STEP	2026-10-01T11:43:31.9787817Z ^[[1m^[[92m  Downloaded^[[0m simplecss v0.2.2
portable	UNKNOWN STEP	2026-10-01T11:43:31.9802873Z ^[[1m^[[92m  Downloaded^[[0m serde_spanned v0.6.9
portable	UNKNOWN STEP	2026-10-01T11:43:31.9811919Z ^[[1m^[[92m  Downloaded^[[0m self_cell v1.3.0
portable	UNKNOWN STEP	2026-10-01T11:43:31.9827281Z ^[[1m^[[92m  Downloaded^[[0m parking_lot v0.12.5
portable	UNKNOWN STEP	2026-10-01T11:43:31.9847658Z ^[[1m^[[92m  Downloaded^[[0m link-section v0.19.3
portable	UNKNOWN STEP	2026-10-01T11:43:31.9886239Z ^[[1m^[[92m  Downloaded^[[0m sval_json v2.21.1
portable	UNKNOWN STEP	2026-10-01T11:43:31.9896814Z ^[[1m^[[92m  Downloaded^[[0m sval_fmt v2.21.1
portable	UNKNOWN STEP	2026-10-01T11:43:31.9907622Z ^[[1m^[[92m  Downloaded^[[0m sval_dynamic v2.21.1
portable	UNKNOWN STEP	2026-10-01T11:43:31.9924388Z ^[[1m^[[92m  Downloaded^[[0m icu_locale_core v2.3.0
portable	UNKNOWN STEP	2026-10-01T11:43:31.9982603Z ^[[1m^[[92m  Downloaded^[[0m strict-num v0.1.1
portable	UNKNOWN STEP	2026-10-01T11:43:31.9990974Z ^[[1m^[[92m  Downloaded^[[0m signal-hook-registry v1.4.8
portable	UNKNOWN STEP	2026-10-01T11:43:32.0001105Z ^[[1m^[[92m  Downloaded^[[0m base64 v0.22.1
portable	UNKNOWN STEP	2026-10-01T11:43:32.0031961Z ^[[1m^[[92m  Downloaded^[[0m backtrace v0.3.76
portable	UNKNOWN STEP	2026-10-01T11:43:32.0074014Z ^[[1m^[[92m  Downloaded^[[0m sval_serde v2.21.1
portable	UNKNOWN STEP	2026-10-01T11:43:32.0082128Z ^[[1m^[[92m  Downloaded^[[0m subtle v2.6.1
portable	UNKNOWN STEP	2026-10-01T11:43:32.0092164Z ^[[1m^[[92m  Downloaded^[[0m shlex v2.0.1
portable	UNKNOWN STEP	2026-10-01T11:43:32.0102660Z ^[[1m^[[92m  Downloaded^[[0m sha1_smol v1.0.1
portable	UNKNOWN STEP	2026-10-01T11:43:32.0113485Z ^[[1m^[[92m  Downloaded^[[0m calloop v0.14.4
portable	UNKNOWN STEP	2026-10-01T11:43:32.0142258Z ^[[1m^[[92m  Downloaded^[[0m memmap2 v0.9.11
portable	UNKNOWN STEP	2026-10-01T11:43:32.0156638Z ^[[1m^[[92m  Downloaded^[[0m lyon_geom v1.0.19
portable	UNKNOWN STEP	2026-10-01T11:43:32.0170930Z ^[[1m^[[92m  Downloaded^[[0m seahash v4.1.0
portable	UNKNOWN STEP	2026-10-01T11:43:32.0183962Z ^[[1m^[[92m  Downloaded^[[0m schemars_derive v1.2.2
portable	UNKNOWN STEP	2026-10-01T11:43:32.0199929Z ^[[1m^[[92m  Downloaded^[[0m piper v0.2.5
portable	UNKNOWN STEP	2026-10-01T11:43:32.0213486Z ^[[1m^[[92m  Downloaded^[[0m icu_normalizer_data v2.3.0
portable	UNKNOWN STEP	2026-10-01T11:43:32.0231348Z ^[[1m^[[92m  Downloaded^[[0m half v2.7.1
portable	UNKNOWN STEP	2026-10-01T11:43:32.0252956Z ^[[1m^[[92m  Downloaded^[[0m futures v0.3.34
portable	UNKNOWN STEP	2026-10-01T11:43:32.0294176Z ^[[1m^[[92m  Downloaded^[[0m flume v0.12.0
portable	UNKNOWN STEP	2026-10-01T11:43:32.0321798Z ^[[1m^[[92m  Downloaded^[[0m fontconfig-parser v0.5.8
portable	UNKNOWN STEP	2026-10-01T11:43:32.0369343Z ^[[1m^[[92m  Downloaded^[[0m bytes v1.12.1
portable	UNKNOWN STEP	2026-10-01T11:43:32.0398385Z ^[[1m^[[92m  Downloaded^[[0m rustc-demangle v0.1.28
portable	UNKNOWN STEP	2026-10-01T11:43:32.0412386Z ^[[1m^[[92m  Downloaded^[[0m rgb v0.8.53
portable	UNKNOWN STEP	2026-10-01T11:43:32.0432296Z ^[[1m^[[92m  Downloaded^[[0m log v0.4.34
portable	UNKNOWN STEP	2026-10-01T11:43:32.0453138Z ^[[1m^[[92m  Downloaded^[[0m libbz2-rs-sys v0.2.5
portable	UNKNOWN STEP	2026-10-01T11:43:32.0468315Z ^[[1m^[[92m  Downloaded^[[0m icu_provider v2.3.1
portable	UNKNOWN STEP	2026-10-01T11:43:32.0489602Z ^[[1m^[[92m  Downloaded^[[0m pathfinder_simd v0.5.6
portable	UNKNOWN STEP	2026-10-01T11:43:32.0505511Z ^[[1m^[[92m  Downloaded^[[0m hmac v0.12.1
portable	UNKNOWN STEP	2026-10-01T11:43:32.0521313Z ^[[1m^[[92m  Downloaded^[[0m ashpd v0.13.13
portable	UNKNOWN STEP	2026-10-01T11:43:32.0577274Z ^[[1m^[[92m  Downloaded^[[0m parking_lot_core v0.9.12
portable	UNKNOWN STEP	2026-10-01T11:43:32.0595198Z ^[[1m^[[92m  Downloaded^[[0m serde_fmt v1.1.0
portable	UNKNOWN STEP	2026-10-01T11:43:32.0603249Z ^[[1m^[[92m  Downloaded^[[0m serde_bytes v0.11.19
portable	UNKNOWN STEP	2026-10-01T11:43:32.0616652Z ^[[1m^[[92m  Downloaded^[[0m scoped-tls v1.0.1
portable	UNKNOWN STEP	2026-10-01T11:43:32.0624696Z ^[[1m^[[92m  Downloaded^[[0m ordered-float v5.5.0
portable	UNKNOWN STEP	2026-10-01T11:43:32.0638618Z ^[[1m^[[92m  Downloaded^[[0m rand_core v0.9.5
portable	UNKNOWN STEP	2026-10-01T11:43:32.0649770Z ^[[1m^[[92m  Downloaded^[[0m quote v1.0.47
portable	UNKNOWN STEP	2026-10-01T11:43:32.0672137Z ^[[1m^[[92m  Downloaded^[[0m open v5.4.4
portable	UNKNOWN STEP	2026-10-01T11:43:32.0685958Z ^[[1m^[[92m  Downloaded^[[0m once_cell v1.21.4
portable	UNKNOWN STEP	2026-10-01T11:43:32.0706387Z ^[[1m^[[92m  Downloaded^[[0m rand_chacha v0.9.0
portable	UNKNOWN STEP	2026-10-01T11:43:32.0716378Z ^[[1m^[[92m  Downloaded^[[0m rand_chacha v0.3.1
portable	UNKNOWN STEP	2026-10-01T11:43:32.0725679Z ^[[1m^[[92m  Downloaded^[[0m num-rational v0.4.2
portable	UNKNOWN STEP	2026-10-01T11:43:32.0735923Z ^[[1m^[[92m  Downloaded^[[0m lyon_algorithms v1.0.20
portable	UNKNOWN STEP	2026-10-01T11:43:32.0749125Z ^[[1m^[[92m  Downloaded^[[0m same-file v1.0.6
portable	UNKNOWN STEP	2026-10-01T11:43:32.0760539Z ^[[1m^[[92m  Downloaded^[[0m polycool v0.4.0
portable	UNKNOWN STEP	2026-10-01T11:43:32.0773768Z ^[[1m^[[92m  Downloaded^[[0m getrandom v0.4.3
portable	UNKNOWN STEP	2026-10-01T11:43:32.0805165Z ^[[1m^[[92m  Downloaded^[[0m codespan-reporting v0.13.1
portable	UNKNOWN STEP	2026-10-01T11:43:32.0866982Z ^[[1m^[[92m  Downloaded^[[0m gpui-pre-platform v0.3.7
portable	UNKNOWN STEP	2026-10-01T11:43:32.0879101Z ^[[1m^[[92m  Downloaded^[[0m gpu-allocator v0.28.0
portable	UNKNOWN STEP	2026-10-01T11:43:32.0902293Z ^[[1m^[[92m  Downloaded^[[0m getrandom v0.3.4
portable	UNKNOWN STEP	2026-10-01T11:43:32.0930802Z ^[[1m^[[92m  Downloaded^[[0m rustc-hash v2.1.3
portable	UNKNOWN STEP	2026-10-01T11:43:32.0942018Z ^[[1m^[[92m  Downloaded^[[0m pin-project-lite v0.2.17
portable	UNKNOWN STEP	2026-10-01T11:43:32.0989907Z ^[[1m^[[92m  Downloaded^[[0m renderdoc-sys v1.1.0
portable	UNKNOWN STEP	2026-10-01T11:43:32.0997795Z ^[[1m^[[92m  Downloaded^[[0m zed-scap v0.0.8-zed
portable	UNKNOWN STEP	2026-10-01T11:43:32.1118643Z ^[[1m^[[92m  Downloaded^[[0m reborrow v0.5.5
portable	UNKNOWN STEP	2026-10-01T11:43:32.1124257Z ^[[1m^[[92m  Downloaded^[[0m pin-project-internal v1.1.13
portable	UNKNOWN STEP	2026-10-01T11:43:32.1136874Z ^[[1m^[[92m  Downloaded^[[0m phf_macros v0.13.1
portable	UNKNOWN STEP	2026-10-01T11:43:32.1145340Z ^[[1m^[[92m  Downloaded^[[0m gpui-pre v0.3.7
portable	UNKNOWN STEP	2026-10-01T11:43:32.1477034Z ^[[1m^[[92m  Downloaded^[[0m litrs v1.0.0
portable	UNKNOWN STEP	2026-10-01T11:43:32.1501202Z ^[[1m^[[92m  Downloaded^[[0m no_std_io2 v0.9.4
portable	UNKNOWN STEP	2026-10-01T11:43:32.1516590Z ^[[1m^[[92m  Downloaded^[[0m litemap v0.8.3
portable	UNKNOWN STEP	2026-10-01T11:43:32.1534973Z ^[[1m^[[92m  Downloaded^[[0m jobserver v0.1.35
portable	UNKNOWN STEP	2026-10-01T11:43:32.1550021Z ^[[1m^[[92m  Downloaded^[[0m getrandom v0.2.17
portable	UNKNOWN STEP	2026-10-01T11:43:32.1573510Z ^[[1m^[[92m  Downloaded^[[0m futures-lite v2.6.1
portable	UNKNOWN STEP	2026-10-01T11:43:32.1587143Z ^[[1m^[[92m  Downloaded^[[0m pathfinder_geometry v0.5.1
portable	UNKNOWN STEP	2026-10-01T11:43:32.1596087Z ^[[1m^[[92m  Downloaded^[[0m ordered-stream v0.2.0
portable	UNKNOWN STEP	2026-10-01T11:43:32.1605061Z ^[[1m^[[92m  Downloaded^[[0m bitflags v2.13.1
portable	UNKNOWN STEP	2026-10-01T11:43:32.1641417Z ^[[1m^[[92m  Downloaded^[[0m async-io v2.6.0
portable	UNKNOWN STEP	2026-10-01T11:43:32.1664673Z ^[[1m^[[92m  Downloaded^[[0m bytemuck v1.25.2
portable	UNKNOWN STEP	2026-10-01T11:43:32.1690075Z ^[[1m^[[92m  Downloaded^[[0m potential_utf v0.1.6
portable	UNKNOWN STEP	2026-10-01T11:43:32.1698604Z ^[[1m^[[92m  Downloaded^[[0m pollster v0.4.0
portable	UNKNOWN STEP	2026-10-01T11:43:32.1708775Z ^[[1m^[[92m  Downloaded^[[0m num_cpus v1.17.0
portable	UNKNOWN STEP	2026-10-01T11:43:32.1734519Z ^[[1m^[[92m  Downloaded^[[0m num-complex v0.4.6
portable	UNKNOWN STEP	2026-10-01T11:43:32.1745823Z ^[[1m^[[92m  Downloaded^[[0m profiling-procmacros v1.0.18
portable	UNKNOWN STEP	2026-10-01T11:43:32.1751353Z ^[[1m^[[92m  Downloaded^[[0m num-integer v0.1.47
portable	UNKNOWN STEP	2026-10-01T11:43:32.1764783Z ^[[1m^[[92m  Downloaded^[[0m nu-ansi-term v0.50.3
portable	UNKNOWN STEP	2026-10-01T11:43:32.1783952Z ^[[1m^[[92m  Downloaded^[[0m futures-channel v0.3.34
portable	UNKNOWN STEP	2026-10-01T11:43:32.1798864Z ^[[1m^[[92m  Downloaded^[[0m find-msvc-tools v0.1.11
portable	UNKNOWN STEP	2026-10-01T11:43:32.1811635Z ^[[1m^[[92m  Downloaded^[[0m crossbeam-deque v0.8.7
portable	UNKNOWN STEP	2026-10-01T11:43:32.1823519Z ^[[1m^[[92m  Downloaded^[[0m foldhash v0.2.0
portable	UNKNOWN STEP	2026-10-01T11:43:32.1833542Z ^[[1m^[[92m  Downloaded^[[0m euclid v0.22.14
portable	UNKNOWN STEP	2026-10-01T11:43:32.1859736Z ^[[1m^[[92m  Downloaded^[[0m crossbeam-utils v0.8.22
portable	UNKNOWN STEP	2026-10-01T11:43:32.1881711Z ^[[1m^[[92m  Downloaded^[[0m built v0.8.1
portable	UNKNOWN STEP	2026-10-01T11:43:32.1897585Z ^[[1m^[[92m  Downloaded^[[0m pollster v0.2.5
portable	UNKNOWN STEP	2026-10-01T11:43:32.1906961Z ^[[1m^[[92m  Downloaded^[[0m phf_shared v0.13.1
portable	UNKNOWN STEP	2026-10-01T11:43:32.1914266Z ^[[1m^[[92m  Downloaded^[[0m phf_generator v0.13.1
portable	UNKNOWN STEP	2026-10-01T11:43:32.1922997Z ^[[1m^[[92m  Downloaded^[[0m pbkdf2 v0.12.2
portable	UNKNOWN STEP	2026-10-01T11:43:32.1933503Z ^[[1m^[[92m  Downloaded^[[0m pastey v0.1.1
portable	UNKNOWN STEP	2026-10-01T11:43:32.1947049Z ^[[1m^[[92m  Downloaded^[[0m lock_api v0.4.14
portable	UNKNOWN STEP	2026-10-01T11:43:32.1957069Z ^[[1m^[[92m  Downloaded^[[0m libloading v0.8.9
portable	UNKNOWN STEP	2026-10-01T11:43:32.1976012Z ^[[1m^[[92m  Downloaded^[[0m khronos-egl v6.0.0
portable	UNKNOWN STEP	2026-10-01T11:43:32.1990930Z ^[[1m^[[92m  Downloaded^[[0m imagesize v0.14.0
portable	UNKNOWN STEP	2026-10-01T11:43:32.2012370Z ^[[1m^[[92m  Downloaded^[[0m imagesize v0.13.0
portable	UNKNOWN STEP	2026-10-01T11:43:32.2032866Z ^[[1m^[[92m  Downloaded^[[0m gpui-pre-perf v0.3.7
portable	UNKNOWN STEP	2026-10-01T11:43:32.2040535Z ^[[1m^[[92m  Downloaded^[[0m bzip2 v0.6.1
portable	UNKNOWN STEP	2026-10-01T11:43:32.2054560Z ^[[1m^[[92m  Downloaded^[[0m clap_derive v4.6.4
portable	UNKNOWN STEP	2026-10-01T11:43:32.2072080Z ^[[1m^[[92m  Downloaded^[[0m cbc v0.1.2
portable	UNKNOWN STEP	2026-10-01T11:43:32.2083908Z ^[[1m^[[92m  Downloaded^[[0m arrayvec v0.7.8
portable	UNKNOWN STEP	2026-10-01T11:43:32.2100387Z ^[[1m^[[92m  Downloaded^[[0m option-ext v0.2.0
portable	UNKNOWN STEP	2026-10-01T11:43:32.2106942Z ^[[1m^[[92m  Downloaded^[[0m num-derive v0.4.2
portable	UNKNOWN STEP	2026-10-01T11:43:32.2121150Z ^[[1m^[[92m  Downloaded^[[0m num v0.4.3
portable	UNKNOWN STEP	2026-10-01T11:43:32.2128984Z ^[[1m^[[92m  Downloaded^[[0m noop_proc_macro v0.3.0
portable	UNKNOWN STEP	2026-10-01T11:43:32.2135950Z ^[[1m^[[92m  Downloaded^[[0m new_debug_unreachable v1.0.6
portable	UNKNOWN STEP	2026-10-01T11:43:32.2144251Z ^[[1m^[[92m  Downloaded^[[0m gpui-pre-zlog v0.3.7
portable	UNKNOWN STEP	2026-10-01T11:43:32.2152609Z ^[[1m^[[92m  Downloaded^[[0m futures-executor v0.3.34
portable	UNKNOWN STEP	2026-10-01T11:43:32.2163712Z ^[[1m^[[92m  Downloaded^[[0m cipher v0.4.4
portable	UNKNOWN STEP	2026-10-01T11:43:32.2175369Z ^[[1m^[[92m  Downloaded^[[0m gpui-pre-macros v0.3.7
portable	UNKNOWN STEP	2026-10-01T11:43:32.2189655Z ^[[1m^[[92m  Downloaded^[[0m gpui-pre-http-client v0.3.7
portable	UNKNOWN STEP	2026-10-01T11:43:32.2198293Z ^[[1m^[[92m  Downloaded^[[0m bitflags v1.3.2
portable	UNKNOWN STEP	2026-10-01T11:43:32.2224775Z ^[[1m^[[92m  Downloaded^[[0m maybe-rayon v0.1.1
portable	UNKNOWN STEP	2026-10-01T11:43:32.2231078Z ^[[1m^[[92m  Downloaded^[[0m gpui-pre-sum-tree v0.3.7
portable	UNKNOWN STEP	2026-10-01T11:43:32.2240325Z ^[[1m^[[92m  Downloaded^[[0m gpui-pre-collections v0.3.7
portable	UNKNOWN STEP	2026-10-01T11:43:32.2249000Z ^[[1m^[[92m  Downloaded^[[0m font-types v0.11.3
portable	UNKNOWN STEP	2026-10-01T11:43:32.2263495Z ^[[1m^[[92m  Downloaded^[[0m anyhow v1.0.104
portable	UNKNOWN STEP	2026-10-01T11:43:32.2296255Z ^[[1m^[[92m  Downloaded^[[0m linebender_resource_handle v0.1.1
portable	UNKNOWN STEP	2026-10-01T11:43:32.2305086Z ^[[1m^[[92m  Downloaded^[[0m fixedbitset v0.5.7
portable	UNKNOWN STEP	2026-10-01T11:43:32.2319912Z ^[[1m^[[92m  Downloaded^[[0m fax v0.2.7
portable	UNKNOWN STEP	2026-10-01T11:43:32.2336046Z ^[[1m^[[92m  Downloaded^[[0m bitstream-io v4.10.0
portable	UNKNOWN STEP	2026-10-01T11:43:32.2358590Z ^[[1m^[[92m  Downloaded^[[0m bit-set v0.9.1
portable	UNKNOWN STEP	2026-10-01T11:43:32.2369844Z ^[[1m^[[92m  Downloaded^[[0m async-executor v1.14.0
portable	UNKNOWN STEP	2026-10-01T11:43:32.2384867Z ^[[1m^[[92m  Downloaded^[[0m async-task v4.7.1
portable	UNKNOWN STEP	2026-10-01T11:43:32.2405149Z ^[[1m^[[92m  Downloaded^[[0m lazy_static v1.5.0
portable	UNKNOWN STEP	2026-10-01T11:43:32.2419170Z ^[[1m^[[92m  Downloaded^[[0m convert_case v0.10.0
portable	UNKNOWN STEP	2026-10-01T11:43:32.2432690Z ^[[1m^[[92m  Downloaded^[[0m async-channel v2.5.0
portable	UNKNOWN STEP	2026-10-01T11:43:32.2442347Z ^[[1m^[[92m  Downloaded^[[0m anstyle-parse v1.0.0
portable	UNKNOWN STEP	2026-10-01T11:43:32.2454959Z ^[[1m^[[92m  Downloaded^[[0m itoa v1.0.18
portable	UNKNOWN STEP	2026-10-01T11:43:32.2466408Z ^[[1m^[[92m  Downloaded^[[0m is_terminal_polyfill v1.70.2
portable	UNKNOWN STEP	2026-10-01T11:43:32.2473571Z ^[[1m^[[92m  Downloaded^[[0m is-wsl v0.4.0
portable	UNKNOWN STEP	2026-10-01T11:43:32.2481849Z ^[[1m^[[92m  Downloaded^[[0m inventory v0.3.24
portable	UNKNOWN STEP	2026-10-01T11:43:32.2499533Z ^[[1m^[[92m  Downloaded^[[0m crunchy v0.2.4
portable	UNKNOWN STEP	2026-10-01T11:43:32.2506427Z ^[[1m^[[92m  Downloaded^[[0m bytemuck_derive v1.12.1
portable	UNKNOWN STEP	2026-10-01T11:43:32.2517159Z ^[[1m^[[92m  Downloaded^[[0m atspi-proxies v0.13.0
portable	UNKNOWN STEP	2026-10-01T11:43:32.2535652Z ^[[1m^[[92m  Downloaded^[[0m http-body v1.1.0
portable	UNKNOWN STEP	2026-10-01T11:43:32.2543880Z ^[[1m^[[92m  Downloaded^[[0m hex v0.4.3
portable	UNKNOWN STEP	2026-10-01T11:43:32.2556352Z ^[[1m^[[92m  Downloaded^[[0m heck v0.5.0
portable	UNKNOWN STEP	2026-10-01T11:43:32.2566562Z ^[[1m^[[92m  Downloaded^[[0m gpui-pre-ztracing v0.3.7
portable	UNKNOWN STEP	2026-10-01T11:43:32.2574122Z ^[[1m^[[92m  Downloaded^[[0m fnv v1.0.7
portable	UNKNOWN STEP	2026-10-01T11:43:32.2581044Z ^[[1m^[[92m  Downloaded^[[0m const-random v0.1.18
portable	UNKNOWN STEP	2026-10-01T11:43:32.2589697Z ^[[1m^[[92m  Downloaded^[[0m filedescriptor v0.8.3
portable	UNKNOWN STEP	2026-10-01T11:43:32.2597471Z ^[[1m^[[92m  Downloaded^[[0m clap_lex v1.1.0
portable	UNKNOWN STEP	2026-10-01T11:43:32.2606298Z ^[[1m^[[92m  Downloaded^[[0m cfg-if v1.0.4
portable	UNKNOWN STEP	2026-10-01T11:43:32.2617076Z ^[[1m^[[92m  Downloaded^[[0m bit-vec v0.9.1
portable	UNKNOWN STEP	2026-10-01T11:43:32.2630223Z ^[[1m^[[92m  Downloaded^[[0m avif-serialize v0.8.9
portable	UNKNOWN STEP	2026-10-01T11:43:32.2638678Z ^[[1m^[[92m  Downloaded^[[0m async-trait v0.1.92
portable	UNKNOWN STEP	2026-10-01T11:43:32.2668728Z ^[[1m^[[92m  Downloaded^[[0m async-signal v0.2.14
portable	UNKNOWN STEP	2026-10-01T11:43:32.2680280Z ^[[1m^[[92m  Downloaded^[[0m async-fs v2.2.0
portable	UNKNOWN STEP	2026-10-01T11:43:32.2688291Z ^[[1m^[[92m  Downloaded^[[0m foldhash v0.1.5
portable	UNKNOWN STEP	2026-10-01T11:43:32.2697966Z ^[[1m^[[92m  Downloaded^[[0m gpui-pre-util v0.3.7
portable	UNKNOWN STEP	2026-10-01T11:43:32.2704449Z ^[[1m^[[92m  Downloaded^[[0m gpu-descriptor-types v0.2.0
portable	UNKNOWN STEP	2026-10-01T11:43:32.2709851Z ^[[1m^[[92m  Downloaded^[[0m const-random-macro v0.1.16
portable	UNKNOWN STEP	2026-10-01T11:43:32.2716126Z ^[[1m^[[92m  Downloaded^[[0m colorchoice v1.0.5
portable	UNKNOWN STEP	2026-10-01T11:43:32.2723634Z ^[[1m^[[92m  Downloaded^[[0m byteorder-lite v0.1.0
portable	UNKNOWN STEP	2026-10-01T11:43:32.2731776Z ^[[1m^[[92m  Downloaded^[[0m anstyle-query v1.1.5
portable	UNKNOWN STEP	2026-10-01T11:43:32.2740486Z ^[[1m^[[92m  Downloaded^[[0m atomic v0.5.3
portable	UNKNOWN STEP	2026-10-01T11:43:32.2748900Z ^[[1m^[[92m  Downloaded^[[0m gethostname v1.1.0
portable	UNKNOWN STEP	2026-10-01T11:43:32.2756947Z ^[[1m^[[92m  Downloaded^[[0m float_next_after v1.0.0
portable	UNKNOWN STEP	2026-10-01T11:43:32.2764975Z ^[[1m^[[92m  Downloaded^[[0m cpufeatures v0.2.17
portable	UNKNOWN STEP	2026-10-01T11:43:32.2775919Z ^[[1m^[[92m  Downloaded^[[0m compression-core v0.4.32
portable	UNKNOWN STEP	2026-10-01T11:43:32.2784146Z ^[[1m^[[92m  Downloaded^[[0m calloop-wayland-source v0.4.1
portable	UNKNOWN STEP	2026-10-01T11:43:32.2793280Z ^[[1m^[[92m  Downloaded^[[0m gpu-descriptor v0.3.2
portable	UNKNOWN STEP	2026-10-01T11:43:32.2799661Z ^[[1m^[[92m  Downloaded^[[0m futures-macro v0.3.34
portable	UNKNOWN STEP	2026-10-01T11:43:32.2807925Z ^[[1m^[[92m  Downloaded^[[0m futures-core v0.3.34
portable	UNKNOWN STEP	2026-10-01T11:43:32.2818562Z ^[[1m^[[92m  Downloaded^[[0m color_quant v1.1.0
portable	UNKNOWN STEP	2026-10-01T11:43:32.2826614Z ^[[1m^[[92m  Downloaded^[[0m cfg_aliases v0.2.2
portable	UNKNOWN STEP	2026-10-01T11:43:32.2834053Z ^[[1m^[[92m  Downloaded^[[0m atspi v0.29.0
portable	UNKNOWN STEP	2026-10-01T11:43:32.2842056Z ^[[1m^[[92m  Downloaded^[[0m async-broadcast v0.7.2
portable	UNKNOWN STEP	2026-10-01T11:43:32.2855454Z ^[[1m^[[92m  Downloaded^[[0m anstyle v1.0.14
portable	UNKNOWN STEP	2026-10-01T11:43:32.2866625Z ^[[1m^[[92m  Downloaded^[[0m aligned v0.4.3
portable	UNKNOWN STEP	2026-10-01T11:43:32.2875894Z ^[[1m^[[92m  Downloaded^[[0m arg_enum_proc_macro v0.3.4
portable	UNKNOWN STEP	2026-10-01T11:43:32.2885073Z ^[[1m^[[92m  Downloaded^[[0m float-cmp v0.9.0
portable	UNKNOWN STEP	2026-10-01T11:43:32.2893898Z ^[[1m^[[92m  Downloaded^[[0m bit_field v0.10.3
portable	UNKNOWN STEP	2026-10-01T11:43:32.2903584Z ^[[1m^[[92m  Downloaded^[[0m as-slice v0.2.1
portable	UNKNOWN STEP	2026-10-01T11:43:32.2910971Z ^[[1m^[[92m  Downloaded^[[0m as-raw-xcb-connection v1.0.1
portable	UNKNOWN STEP	2026-10-01T11:43:32.2917005Z ^[[1m^[[92m  Downloaded^[[0m aligned-vec v0.6.4
portable	UNKNOWN STEP	2026-10-01T11:43:32.2924535Z ^[[1m^[[92m  Downloaded^[[0m data-url v0.3.2
portable	UNKNOWN STEP	2026-10-01T11:43:32.2936328Z ^[[1m^[[92m  Downloaded^[[0m ctor v1.0.13
portable	UNKNOWN STEP	2026-10-01T11:43:32.2956019Z ^[[1m^[[92m  Downloaded^[[0m bincode v1.3.3
portable	UNKNOWN STEP	2026-10-01T11:43:32.2973932Z ^[[1m^[[92m  Downloaded^[[0m form_urlencoded v1.2.2
portable	UNKNOWN STEP	2026-10-01T11:43:32.2980628Z ^[[1m^[[92m  Downloaded^[[0m derive_more-impl v2.1.1
portable	UNKNOWN STEP	2026-10-01T11:43:32.3023227Z ^[[1m^[[92m  Downloaded^[[0m block-padding v0.3.3
portable	UNKNOWN STEP	2026-10-01T11:43:32.3029718Z ^[[1m^[[92m  Downloaded^[[0m block-buffer v0.10.4
portable	UNKNOWN STEP	2026-10-01T11:43:32.3037828Z ^[[1m^[[92m  Downloaded^[[0m atomic-waker v1.1.2
portable	UNKNOWN STEP	2026-10-01T11:43:32.3047291Z ^[[1m^[[92m  Downloaded^[[0m async-process v2.5.0
portable	UNKNOWN STEP	2026-10-01T11:43:32.3061266Z ^[[1m^[[92m  Downloaded^[[0m arrayref v0.3.9
portable	UNKNOWN STEP	2026-10-01T11:43:32.3071422Z ^[[1m^[[92m  Downloaded^[[0m erased-serde v0.4.10
portable	UNKNOWN STEP	2026-10-01T11:43:32.3090770Z ^[[1m^[[92m  Downloaded^[[0m embed-resource v3.0.11
portable	UNKNOWN STEP	2026-10-01T11:43:32.3104641Z ^[[1m^[[92m  Downloaded^[[0m either v1.18.0
portable	UNKNOWN STEP	2026-10-01T11:43:32.3116401Z ^[[1m^[[92m  Downloaded^[[0m defmt-macros v1.1.1
portable	UNKNOWN STEP	2026-10-01T11:43:32.3145496Z ^[[1m^[[92m  Downloaded^[[0m defmt v1.1.1
portable	UNKNOWN STEP	2026-10-01T11:43:32.3184922Z ^[[1m^[[92m  Downloaded^[[0m async-recursion v1.1.1
portable	UNKNOWN STEP	2026-10-01T11:43:32.3215444Z ^[[1m^[[92m  Downloaded^[[0m aho-corasick v1.1.5
portable	UNKNOWN STEP	2026-10-01T11:43:32.3257682Z ^[[1m^[[92m  Downloaded^[[0m dlib v0.5.3
portable	UNKNOWN STEP	2026-10-01T11:43:32.3265302Z ^[[1m^[[92m  Downloaded^[[0m async-lock v3.4.2
portable	UNKNOWN STEP	2026-10-01T11:43:32.3282532Z ^[[1m^[[92m  Downloaded^[[0m allocator-api2 v0.2.21
portable	UNKNOWN STEP	2026-10-01T11:43:32.3302953Z ^[[1m^[[92m  Downloaded^[[0m enumn v0.1.14
portable	UNKNOWN STEP	2026-10-01T11:43:32.3312124Z ^[[1m^[[92m  Downloaded^[[0m defmt-parser v1.0.0
portable	UNKNOWN STEP	2026-10-01T11:43:32.3319380Z ^[[1m^[[92m  Downloaded^[[0m aes v0.8.4
portable	UNKNOWN STEP	2026-10-01T11:43:32.3346667Z ^[[1m^[[92m  Downloaded^[[0m etagere v0.2.15
portable	UNKNOWN STEP	2026-10-01T11:43:32.3357751Z ^[[1m^[[92m  Downloaded^[[0m equator v0.4.2
portable	UNKNOWN STEP	2026-10-01T11:43:32.3368219Z ^[[1m^[[92m  Downloaded^[[0m displaydoc v0.2.7
portable	UNKNOWN STEP	2026-10-01T11:43:32.3385118Z ^[[1m^[[92m  Downloaded^[[0m digest v0.10.7
portable	UNKNOWN STEP	2026-10-01T11:43:32.3399505Z ^[[1m^[[92m  Downloaded^[[0m derive_more v2.1.1
portable	UNKNOWN STEP	2026-10-01T11:43:32.3506256Z ^[[1m^[[92m  Downloaded^[[0m crypto-common v0.1.7
portable	UNKNOWN STEP	2026-10-01T11:43:32.3513544Z ^[[1m^[[92m  Downloaded^[[0m ahash v0.8.12
portable	UNKNOWN STEP	2026-10-01T11:43:32.3532235Z ^[[1m^[[92m  Downloaded^[[0m addr2line v0.25.1
portable	UNKNOWN STEP	2026-10-01T11:43:32.3547003Z ^[[1m^[[92m  Downloaded^[[0m accesskit_consumer v0.38.0
portable	UNKNOWN STEP	2026-10-01T11:43:32.3560243Z ^[[1m^[[92m  Downloaded^[[0m dyn-clone v1.0.20
portable	UNKNOWN STEP	2026-10-01T11:43:32.3573294Z ^[[1m^[[92m  Downloaded^[[0m dirs v5.0.1
portable	UNKNOWN STEP	2026-10-01T11:43:32.3583196Z ^[[1m^[[92m  Downloaded^[[0m autocfg v1.5.1
portable	UNKNOWN STEP	2026-10-01T11:43:32.3598131Z ^[[1m^[[92m  Downloaded^[[0m accesskit_atspi_common v0.19.1
portable	UNKNOWN STEP	2026-10-01T11:43:32.3611770Z ^[[1m^[[92m  Downloaded^[[0m enumflags2_derive v0.7.12
portable	UNKNOWN STEP	2026-10-01T11:43:32.3618096Z ^[[1m^[[92m  Downloaded^[[0m downcast-rs v1.2.1
portable	UNKNOWN STEP	2026-10-01T11:43:32.3628352Z ^[[1m^[[92m  Downloaded^[[0m accesskit_unix v0.22.1
portable	UNKNOWN STEP	2026-10-01T11:43:32.3645623Z ^[[1m^[[92m  Downloaded^[[0m accesskit v0.24.1
portable	UNKNOWN STEP	2026-10-01T11:43:32.3655178Z ^[[1m^[[92m  Downloaded^[[0m document-features v0.2.12
portable	UNKNOWN STEP	2026-10-01T11:43:32.3665269Z ^[[1m^[[92m  Downloaded^[[0m dirs-sys v0.4.1
portable	UNKNOWN STEP	2026-10-01T11:43:32.3675565Z ^[[1m^[[92m  Downloaded^[[0m bit-vec v0.8.0
portable	UNKNOWN STEP	2026-10-01T11:43:32.3689131Z ^[[1m^[[92m  Downloaded^[[0m anstream v1.0.0
portable	UNKNOWN STEP	2026-10-01T11:43:32.3704978Z ^[[1m^[[92m  Downloaded^[[0m async-net v2.0.0
portable	UNKNOWN STEP	2026-10-01T11:43:32.5561142Z ##[group]Run cargo fmt --all -- --check
portable	UNKNOWN STEP	2026-10-01T11:43:32.5561430Z ^[[36;1mcargo fmt --all -- --check^[[0m
portable	UNKNOWN STEP	2026-10-01T11:43:32.5615581Z shell: /usr/bin/bash -e {0}
portable	UNKNOWN STEP	2026-10-01T11:43:32.5615786Z env:
portable	UNKNOWN STEP	2026-10-01T11:43:32.5615952Z   CARGO_HOME: /home/runner/.cargo
portable	UNKNOWN STEP	2026-10-01T11:43:32.5616167Z   CARGO_INCREMENTAL: 0
portable	UNKNOWN STEP	2026-10-01T11:43:32.5616345Z   CARGO_TERM_COLOR: always
portable	UNKNOWN STEP	2026-10-01T11:43:32.5616530Z ##[endgroup]
portable	UNKNOWN STEP	2026-10-01T11:43:33.7971482Z ##[group]Run python3 scripts/verify-target-manifest.py
portable	UNKNOWN STEP	2026-10-01T11:43:33.7971848Z ^[[36;1mpython3 scripts/verify-target-manifest.py^[[0m
portable	UNKNOWN STEP	2026-10-01T11:43:33.8026595Z shell: /usr/bin/bash -e {0}
portable	UNKNOWN STEP	2026-10-01T11:43:33.8026824Z env:
portable	UNKNOWN STEP	2026-10-01T11:43:33.8027002Z   CARGO_HOME: /home/runner/.cargo
portable	UNKNOWN STEP	2026-10-01T11:43:33.8027233Z   CARGO_INCREMENTAL: 0
portable	UNKNOWN STEP	2026-10-01T11:43:33.8027420Z   CARGO_TERM_COLOR: always
portable	UNKNOWN STEP	2026-10-01T11:43:33.8027611Z ##[endgroup]
portable	UNKNOWN STEP	2026-10-01T11:43:33.8583156Z verification manifest covers 20 examples
portable	UNKNOWN STEP	2026-10-01T11:43:33.8649146Z ##[group]Run cargo check --workspace --all-targets --all-features
portable	UNKNOWN STEP	2026-10-01T11:43:33.8649536Z ^[[36;1mcargo check --workspace --all-targets --all-features^[[0m
portable	UNKNOWN STEP	2026-10-01T11:43:33.8702651Z shell: /usr/bin/bash -e {0}
portable	UNKNOWN STEP	2026-10-01T11:43:33.8702858Z env:
portable	UNKNOWN STEP	2026-10-01T11:43:33.8703034Z   CARGO_HOME: /home/runner/.cargo
portable	UNKNOWN STEP	2026-10-01T11:43:33.8703252Z   CARGO_INCREMENTAL: 0
portable	UNKNOWN STEP	2026-10-01T11:43:33.8703586Z   CARGO_TERM_COLOR: always
portable	UNKNOWN STEP	2026-10-01T11:43:33.8703855Z ##[endgroup]
portable	UNKNOWN STEP	2026-10-01T11:43:34.0490859Z ^[[1m^[[92m Downloading^[[0m crates ...
portable	UNKNOWN STEP	2026-10-01T11:43:34.1178299Z ^[[1m^[[92m  Downloaded^[[0m notify-types v2.1.0
portable	UNKNOWN STEP	2026-10-01T11:43:34.1220335Z ^[[1m^[[92m  Downloaded^[[0m notify v8.2.0
portable	UNKNOWN STEP	2026-10-01T11:43:34.1234633Z ^[[1m^[[92m  Downloaded^[[0m mio v1.2.2
portable	UNKNOWN STEP	2026-10-01T11:43:34.1285186Z ^[[1m^[[92m  Downloaded^[[0m inotify v0.11.5
portable	UNKNOWN STEP	2026-10-01T11:43:34.1300537Z ^[[1m^[[92m  Downloaded^[[0m inotify-sys v0.1.8
portable	UNKNOWN STEP	2026-10-01T11:43:34.2730598Z ^[[1m^[[92m   Compiling^[[0m proc-macro2 v1.0.107
portable	UNKNOWN STEP	2026-10-01T11:43:34.2731183Z ^[[1m^[[92m   Compiling^[[0m quote v1.0.47
portable	UNKNOWN STEP	2026-10-01T11:43:34.2733902Z ^[[1m^[[92m   Compiling^[[0m unicode-ident v1.0.24
portable	UNKNOWN STEP	2026-10-01T11:43:34.2734356Z ^[[1m^[[92m   Compiling^[[0m serde_core v1.0.229
portable	UNKNOWN STEP	2026-10-01T11:43:34.3281317Z ^[[1m^[[92m    Checking^[[0m cfg-if v1.0.4
portable	UNKNOWN STEP	2026-10-01T11:43:34.3514810Z ^[[1m^[[92m   Compiling^[[0m serde v1.0.229
portable	UNKNOWN STEP	2026-10-01T11:43:34.4118727Z ^[[1m^[[92m   Compiling^[[0m typeid v1.0.3
portable	UNKNOWN STEP	2026-10-01T11:43:34.4966739Z ^[[1m^[[92m   Compiling^[[0m erased-serde v0.4.10
portable	UNKNOWN STEP	2026-10-01T11:43:34.5394616Z ^[[1m^[[92m   Compiling^[[0m libc v0.2.189
portable	UNKNOWN STEP	2026-10-01T11:43:34.6254824Z ^[[1m^[[92m    Checking^[[0m bitflags v2.13.1
portable	UNKNOWN STEP	2026-10-01T11:43:34.7084722Z ^[[1m^[[92m   Compiling^[[0m autocfg v1.5.1
portable	UNKNOWN STEP	2026-10-01T11:43:34.9902623Z ^[[1m^[[92m   Compiling^[[0m libm v0.2.16
portable	UNKNOWN STEP	2026-10-01T11:43:35.0911492Z ^[[1m^[[92m   Compiling^[[0m syn v3.0.4
portable	UNKNOWN STEP	2026-10-01T11:43:35.1455169Z ^[[1m^[[92m   Compiling^[[0m syn v2.0.119
portable	UNKNOWN STEP	2026-10-01T11:43:35.4414114Z ^[[1m^[[92m   Compiling^[[0m portable-atomic v1.15.0
portable	UNKNOWN STEP	2026-10-01T11:43:36.1674696Z ^[[1m^[[92m    Checking^[[0m serde_fmt v1.1.0
portable	UNKNOWN STEP	2026-10-01T11:43:36.2214819Z ^[[1m^[[92m    Checking^[[0m value-bag-serde1 v1.13.2
portable	UNKNOWN STEP	2026-10-01T11:43:36.2454831Z ^[[1m^[[92m    Checking^[[0m value-bag v1.13.2
portable	UNKNOWN STEP	2026-10-01T11:43:36.4174819Z ^[[1m^[[92m    Checking^[[0m log v0.4.34
portable	UNKNOWN STEP	2026-10-01T11:43:36.5014777Z ^[[1m^[[92m    Checking^[[0m once_cell v1.21.4
portable	UNKNOWN STEP	2026-10-01T11:43:36.5804828Z ^[[1m^[[92m   Compiling^[[0m version_check v0.9.5
portable	UNKNOWN STEP	2026-10-01T11:43:36.7601174Z ^[[1m^[[92m    Checking^[[0m pin-project-lite v0.2.17
portable	UNKNOWN STEP	2026-10-01T11:43:36.7945017Z ^[[1m^[[92m   Compiling^[[0m num-traits v0.2.19
portable	UNKNOWN STEP	2026-10-01T11:43:37.3604958Z ^[[1m^[[92m   Compiling^[[0m crossbeam-utils v0.8.22
portable	UNKNOWN STEP	2026-10-01T11:43:37.4825269Z ^[[1m^[[92m    Checking^[[0m futures-core v0.3.34
portable	UNKNOWN STEP	2026-10-01T11:43:37.7674933Z ^[[1m^[[92m   Compiling^[[0m rustix v1.1.4
portable	UNKNOWN STEP	2026-10-01T11:43:37.9329006Z ^[[1m^[[92m   Compiling^[[0m equivalent v1.0.2
portable	UNKNOWN STEP	2026-10-01T11:43:37.9625079Z ^[[1m^[[92m   Compiling^[[0m hashbrown v0.17.1
portable	UNKNOWN STEP	2026-10-01T11:43:38.3594096Z ^[[1m^[[92m   Compiling^[[0m indexmap v2.14.0
portable	UNKNOWN STEP	2026-10-01T11:43:38.3644914Z ^[[1m^[[92m    Checking^[[0m futures-io v0.3.34
portable	UNKNOWN STEP	2026-10-01T11:43:38.4085608Z ^[[1m^[[92m    Checking^[[0m linux-raw-sys v0.12.1
portable	UNKNOWN STEP	2026-10-01T11:43:38.8495196Z ^[[1m^[[92m   Compiling^[[0m serde_derive v1.0.229
portable	UNKNOWN STEP	2026-10-01T11:43:38.8544227Z ^[[1m^[[92m   Compiling^[[0m bytemuck_derive v1.12.1
portable	UNKNOWN STEP	2026-10-01T11:43:39.2410438Z ^[[1m^[[92m   Compiling^[[0m winnow v1.0.4
portable	UNKNOWN STEP	2026-10-01T11:43:39.6454703Z ^[[1m^[[92m    Checking^[[0m bytemuck v1.25.2
portable	UNKNOWN STEP	2026-10-01T11:43:39.7634662Z ^[[1m^[[92m    Checking^[[0m memchr v2.8.3
portable	UNKNOWN STEP	2026-10-01T11:43:40.0284737Z ^[[1m^[[92m    Checking^[[0m parking v2.2.1
portable	UNKNOWN STEP	2026-10-01T11:43:40.0665335Z ^[[1m^[[92m   Compiling^[[0m pkg-config v0.3.34
portable	UNKNOWN STEP	2026-10-01T11:43:40.1444972Z ^[[1m^[[92m   Compiling^[[0m toml_parser v1.1.3+spec-1.1.0
portable	UNKNOWN STEP	2026-10-01T11:43:40.4712687Z ^[[1m^[[92m   Compiling^[[0m toml_datetime v1.1.1+spec-1.1.0
portable	UNKNOWN STEP	2026-10-01T11:43:40.6014844Z ^[[1m^[[92m    Checking^[[0m fastrand v2.5.0
portable	UNKNOWN STEP	2026-10-01T11:43:40.6135379Z ^[[1m^[[92m    Checking^[[0m slab v0.4.12
portable	UNKNOWN STEP	2026-10-01T11:43:40.6839032Z ^[[1m^[[92m   Compiling^[[0m toml_edit v0.25.13+spec-1.1.0
portable	UNKNOWN STEP	2026-10-01T11:43:40.7385186Z ^[[1m^[[92m    Checking^[[0m arrayvec v0.7.8
portable	UNKNOWN STEP	2026-10-01T11:43:40.8504793Z ^[[1m^[[92m   Compiling^[[0m zerocopy v0.8.56
portable	UNKNOWN STEP	2026-10-01T11:43:41.0666013Z ^[[1m^[[92m   Compiling^[[0m zerocopy-derive v0.8.56
portable	UNKNOWN STEP	2026-10-01T11:43:41.5942335Z ^[[1m^[[92m    Checking^[[0m smallvec v1.15.2
portable	UNKNOWN STEP	2026-10-01T11:43:41.6974950Z ^[[1m^[[92m   Compiling^[[0m proc-macro-crate v3.5.0
portable	UNKNOWN STEP	2026-10-01T11:43:41.7660937Z ^[[1m^[[92m    Checking^[[0m simd-adler32 v0.3.10
portable	UNKNOWN STEP	2026-10-01T11:43:41.8355157Z ^[[1m^[[92m   Compiling^[[0m enumflags2_derive v0.7.12
portable	UNKNOWN STEP	2026-10-01T11:43:41.8964769Z ^[[1m^[[92m    Checking^[[0m libloading v0.8.9
portable	UNKNOWN STEP	2026-10-01T11:43:41.9594773Z ^[[1m^[[92m   Compiling^[[0m zvariant_utils v4.2.0
portable	UNKNOWN STEP	2026-10-01T11:43:42.0110315Z ^[[1m^[[92m    Checking^[[0m futures-lite v2.6.1
portable	UNKNOWN STEP	2026-10-01T11:43:42.1315032Z ^[[1m^[[92m    Checking^[[0m event-listener v5.4.2
portable	UNKNOWN STEP	2026-10-01T11:43:42.2424658Z ^[[1m^[[92m    Checking^[[0m concurrent-queue v2.5.0
portable	UNKNOWN STEP	2026-10-01T11:43:42.5044900Z ^[[1m^[[92m    Checking^[[0m adler2 v2.0.1
portable	UNKNOWN STEP	2026-10-01T11:43:42.5391151Z ^[[1m^[[92m    Checking^[[0m miniz_oxide v0.8.9
portable	UNKNOWN STEP	2026-10-01T11:43:42.7328293Z ^[[1m^[[92m   Compiling^[[0m zvariant_derive v5.15.0
portable	UNKNOWN STEP	2026-10-01T11:43:42.7871039Z ^[[1m^[[92m    Checking^[[0m event-listener-strategy v0.5.4
portable	UNKNOWN STEP	2026-10-01T11:43:42.8344840Z ^[[1m^[[92m   Compiling^[[0m synstructure v0.13.2
portable	UNKNOWN STEP	2026-10-01T11:43:42.9162234Z ^[[1m^[[92m    Checking^[[0m tracing-core v0.1.36
portable	UNKNOWN STEP	2026-10-01T11:43:43.1094766Z ^[[1m^[[92m   Compiling^[[0m shlex v2.0.1
portable	UNKNOWN STEP	2026-10-01T11:43:43.1641796Z ^[[1m^[[92m   Compiling^[[0m crc32fast v1.5.1
portable	UNKNOWN STEP	2026-10-01T11:43:43.1914818Z ^[[1m^[[92m    Checking^[[0m stable_deref_trait v1.2.1
portable	UNKNOWN STEP	2026-10-01T11:43:43.2215273Z ^[[1m^[[92m   Compiling^[[0m find-msvc-tools v0.1.11
portable	UNKNOWN STEP	2026-10-01T11:43:43.2423492Z ^[[1m^[[92m    Checking^[[0m async-task v4.7.1
portable	UNKNOWN STEP	2026-10-01T11:43:43.3012469Z ^[[1m^[[92m   Compiling^[[0m zerofrom-derive v0.1.7
portable	UNKNOWN STEP	2026-10-01T11:43:43.3404629Z ^[[1m^[[92m   Compiling^[[0m cc v1.4.4
portable	UNKNOWN STEP	2026-10-01T11:43:43.3685262Z ^[[1m^[[92m    Checking^[[0m dlib v0.5.3
portable	UNKNOWN STEP	2026-10-01T11:43:43.4064850Z ^[[1m^[[92m   Compiling^[[0m getrandom v0.4.3
portable	UNKNOWN STEP	2026-10-01T11:43:43.6005004Z ^[[1m^[[92m   Compiling^[[0m yoke-derive v0.8.2
portable	UNKNOWN STEP	2026-10-01T11:43:44.1983212Z ^[[1m^[[92m    Checking^[[0m zerofrom v0.1.8
portable	UNKNOWN STEP	2026-10-01T11:43:44.2729691Z ^[[1m^[[92m    Checking^[[0m async-channel v2.5.0
portable	UNKNOWN STEP	2026-10-01T11:43:44.3864912Z ^[[1m^[[92m    Checking^[[0m polling v3.11.0
portable	UNKNOWN STEP	2026-10-01T11:43:44.4484778Z ^[[1m^[[92m   Compiling^[[0m wayland-sys v0.31.11
portable	UNKNOWN STEP	2026-10-01T11:43:44.4644685Z ^[[1m^[[92m   Compiling^[[0m tracing-attributes v0.1.31
portable	UNKNOWN STEP	2026-10-01T11:43:44.5405415Z ^[[1m^[[92m   Compiling^[[0m generic-array v0.14.7
portable	UNKNOWN STEP	2026-10-01T11:43:44.6390944Z ^[[1m^[[92m    Checking^[[0m yoke v0.8.3
portable	UNKNOWN STEP	2026-10-01T11:43:44.7225181Z ^[[1m^[[92m    Checking^[[0m flate2 v1.1.9
portable	UNKNOWN STEP	2026-10-01T11:43:44.7884851Z ^[[1m^[[92m   Compiling^[[0m enumflags2 v0.7.12
portable	UNKNOWN STEP	2026-10-01T11:43:44.8865098Z ^[[1m^[[92m   Compiling^[[0m zcheapstr v1.1.0
portable	UNKNOWN STEP	2026-10-01T11:43:44.9054740Z ^[[1m^[[92m   Compiling^[[0m async-io v2.6.0
portable	UNKNOWN STEP	2026-10-01T11:43:44.9645756Z ^[[1m^[[92m   Compiling^[[0m cfg_aliases v0.2.2
portable	UNKNOWN STEP	2026-10-01T11:43:44.9915346Z ^[[1m^[[92m   Compiling^[[0m endi v1.1.1
portable	UNKNOWN STEP	2026-10-01T11:43:45.0018393Z ^[[1m^[[92m    Checking^[[0m typenum v1.20.1
portable	UNKNOWN STEP	2026-10-01T11:43:45.0604750Z ^[[1m^[[92m   Compiling^[[0m anyhow v1.0.104
portable	UNKNOWN STEP	2026-10-01T11:43:45.2574925Z ^[[1m^[[92m   Compiling^[[0m zvariant v5.15.0
portable	UNKNOWN STEP	2026-10-01T11:43:45.3745114Z ^[[1m^[[92m    Checking^[[0m tracing v0.1.44
portable	UNKNOWN STEP	2026-10-01T11:43:45.5794717Z ^[[1m^[[92m   Compiling^[[0m zerovec-derive v0.11.6
portable	UNKNOWN STEP	2026-10-01T11:43:45.8924761Z ^[[1m^[[92m    Checking^[[0m sha1_smol v1.0.1
portable	UNKNOWN STEP	2026-10-01T11:43:46.3154780Z ^[[1m^[[92m    Checking^[[0m scopeguard v1.2.0
portable	UNKNOWN STEP	2026-10-01T11:43:46.3444737Z ^[[1m^[[92m    Checking^[[0m atomic-waker v1.1.2
portable	UNKNOWN STEP	2026-10-01T11:43:46.3725535Z ^[[1m^[[92m    Checking^[[0m piper v0.2.5
portable	UNKNOWN STEP	2026-10-01T11:43:46.4294639Z ^[[1m^[[92m    Checking^[[0m lock_api v0.4.14
portable	UNKNOWN STEP	2026-10-01T11:43:46.5434849Z ^[[1m^[[92m    Checking^[[0m zerovec v0.11.8
portable	UNKNOWN STEP	2026-10-01T11:43:46.6748868Z ^[[1m^[[92m    Checking^[[0m uuid v1.26.0
portable	UNKNOWN STEP	2026-10-01T11:43:47.0294927Z ^[[1m^[[92m   Compiling^[[0m displaydoc v0.2.7
portable	UNKNOWN STEP	2026-10-01T11:43:47.0826660Z ^[[1m^[[92m   Compiling^[[0m zbus_names v4.3.4
portable	UNKNOWN STEP	2026-10-01T11:43:47.4077335Z ^[[1m^[[92m    Checking^[[0m core_maths v0.1.1
portable	UNKNOWN STEP	2026-10-01T11:43:47.4454719Z ^[[1m^[[92m    Checking^[[0m serde_bytes v0.11.19
portable	UNKNOWN STEP	2026-10-01T11:43:47.4577592Z ^[[1m^[[92m    Checking^[[0m errno v0.3.14
portable	UNKNOWN STEP	2026-10-01T11:43:47.5071481Z ^[[1m^[[92m    Checking^[[0m futures-sink v0.3.34
portable	UNKNOWN STEP	2026-10-01T11:43:47.5314769Z ^[[1m^[[92m   Compiling^[[0m zmij v1.0.23
portable	UNKNOWN STEP	2026-10-01T11:43:47.5380089Z ^[[1m^[[92m   Compiling^[[0m getrandom v0.3.4
portable	UNKNOWN STEP	2026-10-01T11:43:47.5665414Z ^[[1m^[[92m    Checking^[[0m signal-hook-registry v1.4.8
portable	UNKNOWN STEP	2026-10-01T11:43:47.6424910Z ^[[1m^[[92m    Checking^[[0m blocking v1.7.0
portable	UNKNOWN STEP	2026-10-01T11:43:47.6665047Z ^[[1m^[[92m    Checking^[[0m async-lock v3.4.2
portable	UNKNOWN STEP	2026-10-01T11:43:47.7124844Z ^[[1m^[[92m    Checking^[[0m foldhash v0.2.0
portable	UNKNOWN STEP	2026-10-01T11:43:47.7435323Z ^[[1m^[[92m   Compiling^[[0m parking_lot_core v0.9.12
portable	UNKNOWN STEP	2026-10-01T11:43:47.7662046Z ^[[1m^[[92m    Checking^[[0m siphasher v1.0.3
portable	UNKNOWN STEP	2026-10-01T11:43:47.8414774Z ^[[1m^[[92m    Checking^[[0m allocator-api2 v0.2.21
portable	UNKNOWN STEP	2026-10-01T11:43:47.8484878Z ^[[1m^[[92m   Compiling^[[0m thiserror v2.0.20
portable	UNKNOWN STEP	2026-10-01T11:43:48.0167593Z ^[[1m^[[92m    Checking^[[0m hashbrown v0.16.1
portable	UNKNOWN STEP	2026-10-01T11:43:48.0222423Z ^[[1m^[[92m    Checking^[[0m async-signal v0.2.14
portable	UNKNOWN STEP	2026-10-01T11:43:48.0335643Z ^[[1m^[[92m    Checking^[[0m futures-channel v0.3.34
portable	UNKNOWN STEP	2026-10-01T11:43:48.0934793Z ^[[1m^[[92m    Checking^[[0m half v2.7.1
portable	UNKNOWN STEP	2026-10-01T11:43:48.1445277Z ^[[1m^[[92m   Compiling^[[0m futures-macro v0.3.34
portable	UNKNOWN STEP	2026-10-01T11:43:48.3314896Z ^[[1m^[[92m   Compiling^[[0m thiserror-impl v2.0.20
portable	UNKNOWN STEP	2026-10-01T11:43:48.3884681Z ^[[1m^[[92m   Compiling^[[0m slotmap v1.1.1
portable	UNKNOWN STEP	2026-10-01T11:43:48.4714911Z ^[[1m^[[92m    Checking^[[0m futures-task v0.3.34
portable	UNKNOWN STEP	2026-10-01T11:43:48.5294742Z ^[[1m^[[92m    Checking^[[0m static_assertions v1.1.0
portable	UNKNOWN STEP	2026-10-01T11:43:48.5844875Z ^[[1m^[[92m    Checking^[[0m async-process v2.5.0
portable	UNKNOWN STEP	2026-10-01T11:43:48.6535486Z ^[[1m^[[92m    Checking^[[0m futures-util v0.3.34
portable	UNKNOWN STEP	2026-10-01T11:43:48.8124856Z ^[[1m^[[92m    Checking^[[0m tinystr v0.8.4
portable	UNKNOWN STEP	2026-10-01T11:43:48.8914803Z ^[[1m^[[92m    Checking^[[0m crypto-common v0.1.7
portable	UNKNOWN STEP	2026-10-01T11:43:48.9294860Z ^[[1m^[[92m   Compiling^[[0m wayland-backend v0.3.17
portable	UNKNOWN STEP	2026-10-01T11:43:49.0155306Z ^[[1m^[[92m    Checking^[[0m async-executor v1.14.0
portable	UNKNOWN STEP	2026-10-01T11:43:49.1534916Z ^[[1m^[[92m    Checking^[[0m writeable v0.6.4
portable	UNKNOWN STEP	2026-10-01T11:43:49.2614692Z ^[[1m^[[92m    Checking^[[0m litemap v0.8.3
portable	UNKNOWN STEP	2026-10-01T11:43:49.3084624Z ^[[1m^[[92m    Checking^[[0m itoa v1.0.18
portable	UNKNOWN STEP	2026-10-01T11:43:49.3674850Z ^[[1m^[[92m   Compiling^[[0m crossbeam-epoch v0.9.20
portable	UNKNOWN STEP	2026-10-01T11:43:49.3714409Z ^[[1m^[[92m    Checking^[[0m icu_locale_core v2.3.0
portable	UNKNOWN STEP	2026-10-01T11:43:49.7495256Z ^[[1m^[[92m    Checking^[[0m parking_lot v0.12.5
portable	UNKNOWN STEP	2026-10-01T11:43:49.8425042Z ^[[1m^[[92m   Compiling^[[0m zbus_macros v5.19.0
portable	UNKNOWN STEP	2026-10-01T11:43:50.0302216Z ^[[1m^[[92m    Checking^[[0m zerotrie v0.2.5
portable	UNKNOWN STEP	2026-10-01T11:43:50.1573020Z ^[[1m^[[92m    Checking^[[0m ttf-parser v0.25.1
portable	UNKNOWN STEP	2026-10-01T11:43:50.3156541Z ^[[1m^[[92m    Checking^[[0m potential_utf v0.1.6
portable	UNKNOWN STEP	2026-10-01T11:43:50.3491346Z ^[[1m^[[92m   Compiling^[[0m quick-xml v0.41.0
portable	UNKNOWN STEP	2026-10-01T11:43:50.8046413Z ^[[1m^[[92m    Checking^[[0m async-broadcast v0.7.2
portable	UNKNOWN STEP	2026-10-01T11:43:50.9197808Z ^[[1m^[[92m   Compiling^[[0m async-recursion v1.1.1
portable	UNKNOWN STEP	2026-10-01T11:43:50.9625421Z ^[[1m^[[92m   Compiling^[[0m async-trait v0.1.92
portable	UNKNOWN STEP	2026-10-01T11:43:51.2314843Z ^[[1m^[[92m   Compiling^[[0m serde_repr v0.1.21
portable	UNKNOWN STEP	2026-10-01T11:43:51.4498742Z ^[[1m^[[92m    Checking^[[0m ordered-stream v0.2.0
portable	UNKNOWN STEP	2026-10-01T11:43:51.4595304Z ^[[1m^[[92m    Checking^[[0m memmap2 v0.9.11
portable	UNKNOWN STEP	2026-10-01T11:43:51.5356545Z ^[[1m^[[92m    Checking^[[0m scoped-tls v1.0.1
portable	UNKNOWN STEP	2026-10-01T11:43:51.5495287Z ^[[1m^[[92m    Checking^[[0m float-cmp v0.9.0
portable	UNKNOWN STEP	2026-10-01T11:43:51.5755607Z ^[[1m^[[92m    Checking^[[0m hex v0.4.3
portable	UNKNOWN STEP	2026-10-01T11:43:51.5970888Z ^[[1m^[[92m   Compiling^[[0m icu_normalizer_data v2.3.0
portable	UNKNOWN STEP	2026-10-01T11:43:51.6254788Z ^[[1m^[[92m    Checking^[[0m utf8_iter v1.0.4
portable	UNKNOWN STEP	2026-10-01T11:43:51.6724756Z ^[[1m^[[92m   Compiling^[[0m wayland-client v0.31.15
portable	UNKNOWN STEP	2026-10-01T11:43:51.6842698Z ^[[1m^[[92m   Compiling^[[0m icu_properties_data v2.3.0
portable	UNKNOWN STEP	2026-10-01T11:43:51.6945268Z ^[[1m^[[92m    Checking^[[0m downcast-rs v1.2.1
portable	UNKNOWN STEP	2026-10-01T11:43:51.7195398Z ^[[1m^[[92m    Checking^[[0m tinyvec_macros v0.1.1
portable	UNKNOWN STEP	2026-10-01T11:43:51.7415635Z ^[[1m^[[92m   Compiling^[[0m crossbeam-deque v0.8.7
portable	UNKNOWN STEP	2026-10-01T11:43:51.7434300Z ^[[1m^[[92m    Checking^[[0m roxmltree v0.20.0
portable	UNKNOWN STEP	2026-10-01T11:43:51.7754491Z ^[[1m^[[92m    Checking^[[0m tinyvec v1.12.0
portable	UNKNOWN STEP	2026-10-01T11:43:51.8144820Z ^[[1m^[[92m    Checking^[[0m zbus v5.19.0
portable	UNKNOWN STEP	2026-10-01T11:43:51.9884688Z ^[[1m^[[92m    Checking^[[0m icu_collections v2.3.0
portable	UNKNOWN STEP	2026-10-01T11:43:51.9944428Z ^[[1m^[[92m    Checking^[[0m fontconfig-parser v0.5.8
portable	UNKNOWN STEP	2026-10-01T11:43:52.1732358Z ^[[1m^[[92m    Checking^[[0m strict-num v0.1.1
portable	UNKNOWN STEP	2026-10-01T11:43:52.2055327Z ^[[1m^[[92m   Compiling^[[0m wayland-scanner v0.31.11
portable	UNKNOWN STEP	2026-10-01T11:43:52.2334984Z ^[[1m^[[92m    Checking^[[0m icu_provider v2.3.1
portable	UNKNOWN STEP	2026-10-01T11:43:52.4265337Z ^[[1m^[[92m   Compiling^[[0m naga v29.0.4
portable	UNKNOWN STEP	2026-10-01T11:43:52.4625196Z ^[[1m^[[92m    Checking^[[0m fdeflate v0.3.7
portable	UNKNOWN STEP	2026-10-01T11:43:52.5694793Z ^[[1m^[[92m    Checking^[[0m euclid v0.22.14
portable	UNKNOWN STEP	2026-10-01T11:43:52.6370285Z ^[[1m^[[92m    Checking^[[0m arrayref v0.3.9
portable	UNKNOWN STEP	2026-10-01T11:43:52.6604826Z ^[[1m^[[92m   Compiling^[[0m crunchy v0.2.4
portable	UNKNOWN STEP	2026-10-01T11:43:52.7717531Z ^[[1m^[[92m   Compiling^[[0m rayon-core v1.13.0
portable	UNKNOWN STEP	2026-10-01T11:43:53.0146388Z ^[[1m^[[92m    Checking^[[0m bit-vec v0.9.1
portable	UNKNOWN STEP	2026-10-01T11:43:53.0214935Z ^[[1m^[[92m    Checking^[[0m unicode-script v0.5.8
portable	UNKNOWN STEP	2026-10-01T11:43:53.1235322Z ^[[1m^[[92m    Checking^[[0m unicode-width v0.2.2
portable	UNKNOWN STEP	2026-10-01T11:43:53.1955349Z ^[[1m^[[92m    Checking^[[0m raw-window-handle v0.6.2
portable	UNKNOWN STEP	2026-10-01T11:43:53.2481700Z ^[[1m^[[92m   Compiling^[[0m serde_json v1.0.151
portable	UNKNOWN STEP	2026-10-01T11:43:53.2934136Z ^[[1m^[[92m   Compiling^[[0m ash v0.38.0+1.3.281
portable	UNKNOWN STEP	2026-10-01T11:43:53.3384303Z ^[[1m^[[92m    Checking^[[0m codespan-reporting v0.13.1
portable	UNKNOWN STEP	2026-10-01T11:43:53.3754794Z ^[[1m^[[92m    Checking^[[0m bit-set v0.9.1
portable	UNKNOWN STEP	2026-10-01T11:43:53.4634828Z ^[[1m^[[92m    Checking^[[0m tiny-skia-path v0.11.4
portable	UNKNOWN STEP	2026-10-01T11:43:53.7393180Z ^[[1m^[[92m    Checking^[[0m fontdb v0.23.0
portable	UNKNOWN STEP	2026-10-01T11:43:53.9015017Z ^[[1m^[[92m    Checking^[[0m rand_core v0.9.5
portable	UNKNOWN STEP	2026-10-01T11:43:53.9905161Z ^[[1m^[[92m   Compiling^[[0m zbus_xml v5.2.1
portable	UNKNOWN STEP	2026-10-01T11:43:54.1305132Z ^[[1m^[[92m    Checking^[[0m block-buffer v0.10.4
portable	UNKNOWN STEP	2026-10-01T11:43:54.1776002Z ^[[1m^[[92m    Checking^[[0m ppv-lite86 v0.2.21
portable	UNKNOWN STEP	2026-10-01T11:43:54.1831563Z ^[[1m^[[92m    Checking^[[0m num-complex v0.4.6
portable	UNKNOWN STEP	2026-10-01T11:43:54.3913975Z ^[[1m^[[92m   Compiling^[[0m profiling-procmacros v1.0.18
portable	UNKNOWN STEP	2026-10-01T11:43:54.4265277Z ^[[1m^[[92m    Checking^[[0m spirv v0.4.0+sdk-1.4.341.0
portable	UNKNOWN STEP	2026-10-01T11:43:54.5596578Z ^[[1m^[[92m    Checking^[[0m iana-time-zone v0.1.65
portable	UNKNOWN STEP	2026-10-01T11:43:54.6125290Z ^[[1m^[[92m   Compiling^[[0m tiny-keccak v2.0.2
portable	UNKNOWN STEP	2026-10-01T11:43:54.6824783Z ^[[1m^[[92m   Compiling^[[0m khronos-egl v6.0.0
portable	UNKNOWN STEP	2026-10-01T11:43:54.7555818Z ^[[1m^[[92m    Checking^[[0m lazy_static v1.5.0
portable	UNKNOWN STEP	2026-10-01T11:43:54.7945555Z ^[[1m^[[92m    Checking^[[0m unicode-bidi v0.3.18
portable	UNKNOWN STEP	2026-10-01T11:43:54.8601789Z ^[[1m^[[92m    Checking^[[0m unicode-bidi-mirroring v0.4.0
portable	UNKNOWN STEP	2026-10-01T11:43:54.8954620Z ^[[1m^[[92m    Checking^[[0m subtle v2.6.1
portable	UNKNOWN STEP	2026-10-01T11:43:54.9755585Z ^[[1m^[[92m    Checking^[[0m unicode-properties v0.1.4
portable	UNKNOWN STEP	2026-10-01T11:43:54.9992256Z ^[[1m^[[92m    Checking^[[0m unicode-ccc v0.4.0
portable	UNKNOWN STEP	2026-10-01T11:43:55.0375196Z ^[[1m^[[92m   Compiling^[[0m heck v0.5.0
portable	UNKNOWN STEP	2026-10-01T11:43:55.0745279Z ^[[1m^[[92m    Checking^[[0m rustc-hash v2.1.3
portable	UNKNOWN STEP	2026-10-01T11:43:55.1154855Z ^[[1m^[[92m    Checking^[[0m foldhash v0.1.5
portable	UNKNOWN STEP	2026-10-01T11:43:55.1684919Z ^[[1m^[[92m   Compiling^[[0m paste v1.0.15
portable	UNKNOWN STEP	2026-10-01T11:43:55.1735148Z ^[[1m^[[92m   Compiling^[[0m semver v1.0.28
portable	UNKNOWN STEP	2026-10-01T11:43:55.2025260Z ^[[1m^[[92m    Checking^[[0m hexf-parse v0.2.1
portable	UNKNOWN STEP	2026-10-01T11:43:55.2484848Z ^[[1m^[[92m    Checking^[[0m rustc-hash v1.1.0
portable	UNKNOWN STEP	2026-10-01T11:43:55.3014810Z ^[[1m^[[92m   Compiling^[[0m rustc_version v0.4.1
portable	UNKNOWN STEP	2026-10-01T11:43:55.3501182Z ^[[1m^[[92m    Checking^[[0m hashbrown v0.15.5
portable	UNKNOWN STEP	2026-10-01T11:43:55.3652019Z ^[[1m^[[92m    Checking^[[0m rustybuzz v0.20.1
portable	UNKNOWN STEP	2026-10-01T11:43:55.4775251Z ^[[1m^[[92m    Checking^[[0m digest v0.10.7
portable	UNKNOWN STEP	2026-10-01T11:43:55.5994793Z ^[[1m^[[92m    Checking^[[0m chrono v0.4.45
portable	UNKNOWN STEP	2026-10-01T11:43:55.7063546Z ^[[1m^[[92m    Checking^[[0m profiling v1.0.18
portable	UNKNOWN STEP	2026-10-01T11:43:55.7455203Z ^[[1m^[[92m   Compiling^[[0m zbus-lockstep v0.5.2
portable	UNKNOWN STEP	2026-10-01T11:43:55.8505130Z ^[[1m^[[92m    Checking^[[0m rand_chacha v0.9.0
portable	UNKNOWN STEP	2026-10-01T11:43:56.3255159Z ^[[1m^[[92m    Checking^[[0m icu_properties v2.3.0
portable	UNKNOWN STEP	2026-10-01T11:43:56.5014930Z ^[[1m^[[92m    Checking^[[0m icu_normalizer v2.3.0
portable	UNKNOWN STEP	2026-10-01T11:43:57.0384821Z ^[[1m^[[92m    Checking^[[0m wgpu-types v29.0.4
portable	UNKNOWN STEP	2026-10-01T11:43:57.6855148Z ^[[1m^[[92m    Checking^[[0m lyon_geom v1.0.19
portable	UNKNOWN STEP	2026-10-01T11:43:57.9824107Z ^[[1m^[[92m    Checking^[[0m gpui-pre-util v0.3.7
portable	UNKNOWN STEP	2026-10-01T11:43:58.0538362Z ^[[1m^[[92m    Checking^[[0m futures-executor v0.3.34
portable	UNKNOWN STEP	2026-10-01T11:43:58.4895646Z ^[[1m^[[92m   Compiling^[[0m wgpu-hal v29.0.4
portable	UNKNOWN STEP	2026-10-01T11:43:58.5015142Z ^[[1m^[[92m    Checking^[[0m polycool v0.4.0
portable	UNKNOWN STEP	2026-10-01T11:43:58.5905243Z ^[[1m^[[92m    Checking^[[0m aho-corasick v1.1.5
portable	UNKNOWN STEP	2026-10-01T11:43:58.6665001Z ^[[1m^[[92m   Compiling^[[0m enumn v0.1.14
portable	UNKNOWN STEP	2026-10-01T11:43:58.8404933Z ^[[1m^[[92m   Compiling^[[0m zeroize_derive v1.5.0
portable	UNKNOWN STEP	2026-10-01T11:43:59.1595273Z ^[[1m^[[92m    Checking^[[0m num-integer v0.1.47
portable	UNKNOWN STEP	2026-10-01T11:43:59.1765163Z ^[[1m^[[92m   Compiling^[[0m pulp v0.22.3
portable	UNKNOWN STEP	2026-10-01T11:43:59.2885319Z ^[[1m^[[92m    Checking^[[0m simplecss v0.2.2
portable	UNKNOWN STEP	2026-10-01T11:43:59.3115304Z ^[[1m^[[92m    Checking^[[0m gpu-descriptor-types v0.2.0
portable	UNKNOWN STEP	2026-10-01T11:43:59.3815135Z ^[[1m^[[92m    Checking^[[0m unicode-vo v0.1.0
portable	UNKNOWN STEP	2026-10-01T11:43:59.4074643Z ^[[1m^[[92m    Checking^[[0m xmlwriter v0.1.0
portable	UNKNOWN STEP	2026-10-01T11:43:59.4404816Z ^[[1m^[[92m    Checking^[[0m pico-args v0.5.0
portable	UNKNOWN STEP	2026-10-01T11:43:59.4584889Z ^[[1m^[[92m   Compiling^[[0m unicode-segmentation v1.13.3
portable	UNKNOWN STEP	2026-10-01T11:43:59.5034924Z ^[[1m^[[92m    Checking^[[0m presser v0.3.1
portable	UNKNOWN STEP	2026-10-01T11:43:59.5454562Z ^[[1m^[[92m    Checking^[[0m zune-core v0.5.3
portable	UNKNOWN STEP	2026-10-01T11:43:59.6584781Z ^[[1m^[[92m    Checking^[[0m data-url v0.3.2
portable	UNKNOWN STEP	2026-10-01T11:43:59.7254584Z ^[[1m^[[92m    Checking^[[0m bitflags v1.3.2
portable	UNKNOWN STEP	2026-10-01T11:43:59.7445544Z ^[[1m^[[92m    Checking^[[0m base64 v0.22.1
portable	UNKNOWN STEP	2026-10-01T11:43:59.7484515Z ^[[1m^[[92m    Checking^[[0m either v1.18.0
portable	UNKNOWN STEP	2026-10-01T11:43:59.8600653Z ^[[1m^[[92m    Checking^[[0m percent-encoding v2.3.2
portable	UNKNOWN STEP	2026-10-01T11:43:59.8835370Z ^[[1m^[[92m    Checking^[[0m quick-error v2.0.1
portable	UNKNOWN STEP	2026-10-01T11:43:59.9155947Z ^[[1m^[[92m    Checking^[[0m weezl v0.1.12
portable	UNKNOWN STEP	2026-10-01T11:43:59.9187931Z ^[[1m^[[92m   Compiling^[[0m ref-cast v1.0.27
portable	UNKNOWN STEP	2026-10-01T11:44:00.0533114Z ^[[1m^[[92m   Compiling^[[0m thiserror v1.0.69
portable	UNKNOWN STEP	2026-10-01T11:44:00.1334701Z ^[[1m^[[92m    Checking^[[0m byteorder v1.5.0
portable	UNKNOWN STEP	2026-10-01T11:44:00.1874741Z ^[[1m^[[92m    Checking^[[0m regex-syntax v0.8.11
portable	UNKNOWN STEP	2026-10-01T11:44:00.3764882Z ^[[1m^[[92m    Checking^[[0m libbz2-rs-sys v0.2.5
portable	UNKNOWN STEP	2026-10-01T11:44:00.6495148Z ^[[1m^[[92m   Compiling^[[0m object v0.37.3
portable	UNKNOWN STEP	2026-10-01T11:44:00.7734718Z ^[[1m^[[92m    Checking^[[0m bzip2 v0.6.1
portable	UNKNOWN STEP	2026-10-01T11:44:00.8494508Z ^[[1m^[[92m   Compiling^[[0m phf_shared v0.13.1
portable	UNKNOWN STEP	2026-10-01T11:44:01.0175515Z ^[[1m^[[92m    Checking^[[0m wgpu-naga-bridge v29.0.4
portable	UNKNOWN STEP	2026-10-01T11:44:01.0246950Z ^[[1m^[[92m    Checking^[[0m form_urlencoded v1.2.2
portable	UNKNOWN STEP	2026-10-01T11:44:01.0505201Z ^[[1m^[[92m    Checking^[[0m png v0.17.16
portable	UNKNOWN STEP	2026-10-01T11:44:01.0769634Z ^[[1m^[[92m   Compiling^[[0m convert_case v0.10.0
portable	UNKNOWN STEP	2026-10-01T11:44:01.2434716Z ^[[1m^[[92m    Checking^[[0m zune-jpeg v0.5.15
portable	UNKNOWN STEP	2026-10-01T11:44:01.3015226Z ^[[1m^[[92m    Checking^[[0m regex-automata v0.4.18
portable	UNKNOWN STEP	2026-10-01T11:44:01.4845167Z ^[[1m^[[92m   Compiling^[[0m getrandom v0.2.17
portable	UNKNOWN STEP	2026-10-01T11:44:01.5744843Z ^[[1m^[[92m    Checking^[[0m gpu-descriptor v0.3.2
portable	UNKNOWN STEP	2026-10-01T11:44:01.6564801Z ^[[1m^[[92m    Checking^[[0m zeroize v1.9.0
portable	UNKNOWN STEP	2026-10-01T11:44:01.6664526Z ^[[1m^[[92m    Checking^[[0m accesskit v0.24.1
portable	UNKNOWN STEP	2026-10-01T11:44:01.7294605Z ^[[1m^[[92m    Checking^[[0m kurbo v0.13.1
portable	UNKNOWN STEP	2026-10-01T11:44:02.1045064Z ^[[1m^[[92m    Checking^[[0m futures v0.3.34
portable	UNKNOWN STEP	2026-10-01T11:44:02.1304857Z ^[[1m^[[92m    Checking^[[0m gpui-pre-collections v0.3.7
portable	UNKNOWN STEP	2026-10-01T11:44:02.1694737Z ^[[1m^[[92m    Checking^[[0m lyon_path v1.0.19
portable	UNKNOWN STEP	2026-10-01T11:44:02.2714962Z ^[[1m^[[92m    Checking^[[0m idna_adapter v1.2.2
portable	UNKNOWN STEP	2026-10-01T11:44:02.4085022Z ^[[1m^[[92m    Checking^[[0m rand v0.9.5
portable	UNKNOWN STEP	2026-10-01T11:44:02.4335364Z ^[[1m^[[92m   Compiling^[[0m zbus-lockstep-macros v0.5.2
portable	UNKNOWN STEP	2026-10-01T11:44:02.7464864Z ^[[1m^[[92m   Compiling^[[0m pathfinder_simd v0.5.6
portable	UNKNOWN STEP	2026-10-01T11:44:02.9184786Z ^[[1m^[[92m    Checking^[[0m sharded-slab v0.1.7
portable	UNKNOWN STEP	2026-10-01T11:44:03.1045422Z ^[[1m^[[92m    Checking^[[0m block-padding v0.3.3
portable	UNKNOWN STEP	2026-10-01T11:44:03.1464648Z ^[[1m^[[92m   Compiling^[[0m freetype-sys v0.20.1
portable	UNKNOWN STEP	2026-10-01T11:44:03.1795175Z ^[[1m^[[92m    Checking^[[0m tracing-log v0.2.0
portable	UNKNOWN STEP	2026-10-01T11:44:03.2025296Z ^[[1m^[[92m   Compiling^[[0m yeslogic-fontconfig-sys v6.0.1
portable	UNKNOWN STEP	2026-10-01T11:44:03.2486028Z ^[[1m^[[92m    Checking^[[0m font-types v0.11.3
portable	UNKNOWN STEP	2026-10-01T11:44:03.2515369Z ^[[1m^[[92m    Checking^[[0m font-types v0.12.5
portable	UNKNOWN STEP	2026-10-01T11:44:03.2775055Z ^[[1m^[[92m   Compiling^[[0m thiserror-impl v1.0.69
portable	UNKNOWN STEP	2026-10-01T11:44:03.4424868Z ^[[1m^[[92m   Compiling^[[0m pin-project-internal v1.1.13
portable	UNKNOWN STEP	2026-10-01T11:44:03.4678511Z ^[[1m^[[92m   Compiling^[[0m ref-cast-impl v1.0.27
portable	UNKNOWN STEP	2026-10-01T11:44:03.7524927Z ^[[1m^[[92m   Compiling^[[0m serde_derive_internals v0.30.0
portable	UNKNOWN STEP	2026-10-01T11:44:04.1202408Z ^[[1m^[[92m    Checking^[[0m ordered-float v5.5.0
portable	UNKNOWN STEP	2026-10-01T11:44:04.1686135Z ^[[1m^[[92m    Checking^[[0m raw-cpuid v11.6.0
portable	UNKNOWN STEP	2026-10-01T11:44:04.2914665Z ^[[1m^[[92m    Checking^[[0m thread_local v1.1.10
portable	UNKNOWN STEP	2026-10-01T11:44:04.3644607Z ^[[1m^[[92m    Checking^[[0m reborrow v0.5.5
portable	UNKNOWN STEP	2026-10-01T11:44:04.3914826Z ^[[1m^[[92m    Checking^[[0m compression-core v0.4.32
portable	UNKNOWN STEP	2026-10-01T11:44:04.4337678Z ^[[1m^[[92m    Checking^[[0m pulp-wasm-simd-flag v0.1.1
portable	UNKNOWN STEP	2026-10-01T11:44:04.4874703Z ^[[1m^[[92m    Checking^[[0m glow v0.17.0
portable	UNKNOWN STEP	2026-10-01T11:44:04.5175209Z ^[[1m^[[92m    Checking^[[0m byteorder-lite v0.1.0
portable	UNKNOWN STEP	2026-10-01T11:44:04.6595302Z ^[[1m^[[92m    Checking^[[0m nu-ansi-term v0.50.3
portable	UNKNOWN STEP	2026-10-01T11:44:04.7794773Z ^[[1m^[[92m    Checking^[[0m same-file v1.0.6
portable	UNKNOWN STEP	2026-10-01T11:44:04.9375307Z ^[[1m^[[92m   Compiling^[[0m heapless v0.9.3
portable	UNKNOWN STEP	2026-10-01T11:44:04.9524670Z ^[[1m^[[92m    Checking^[[0m gpu-allocator v0.28.0
portable	UNKNOWN STEP	2026-10-01T11:44:05.0574837Z ^[[1m^[[92m    Checking^[[0m gimli v0.32.3
portable	UNKNOWN STEP	2026-10-01T11:44:05.0935847Z ^[[1m^[[92m   Compiling^[[0m unicode-xid v0.2.6
portable	UNKNOWN STEP	2026-10-01T11:44:05.1365007Z ^[[1m^[[92m    Checking^[[0m bytes v1.12.1
portable	UNKNOWN STEP	2026-10-01T11:44:05.3144564Z ^[[1m^[[92m    Checking^[[0m color_quant v1.1.0
portable	UNKNOWN STEP	2026-10-01T11:44:05.3204316Z ^[[1m^[[92m   Compiling^[[0m gpui-pre-ztracing v0.3.7
portable	UNKNOWN STEP	2026-10-01T11:44:05.3685352Z ^[[1m^[[92m    Checking^[[0m renderdoc-sys v1.1.0
portable	UNKNOWN STEP	2026-10-01T11:44:05.4044748Z ^[[1m^[[92m    Checking^[[0m gif v0.14.2
portable	UNKNOWN STEP	2026-10-01T11:44:05.4354835Z ^[[1m^[[92m    Checking^[[0m http v1.5.0
portable	UNKNOWN STEP	2026-10-01T11:44:05.8674889Z ^[[1m^[[92m   Compiling^[[0m derive_more-impl v2.1.1
portable	UNKNOWN STEP	2026-10-01T11:44:06.4314796Z ^[[1m^[[92m    Checking^[[0m addr2line v0.25.1
portable	UNKNOWN STEP	2026-10-01T11:44:06.6224819Z ^[[1m^[[92m   Compiling^[[0m phf_generator v0.13.1
portable	UNKNOWN STEP	2026-10-01T11:44:06.7685479Z ^[[1m^[[92m    Checking^[[0m walkdir v2.5.0
portable	UNKNOWN STEP	2026-10-01T11:44:06.8435220Z ^[[1m^[[92m    Checking^[[0m tracing-subscriber v0.3.23
portable	UNKNOWN STEP	2026-10-01T11:44:07.3098427Z ^[[1m^[[92m    Checking^[[0m image-webp v0.2.4
portable	UNKNOWN STEP	2026-10-01T11:44:07.4094669Z ^[[1m^[[92m   Compiling^[[0m const-random-macro v0.1.16
portable	UNKNOWN STEP	2026-10-01T11:44:07.7831068Z ^[[1m^[[92m    Checking^[[0m compression-codecs v0.4.38
portable	UNKNOWN STEP	2026-10-01T11:44:07.8754850Z ^[[1m^[[92m   Compiling^[[0m schemars_derive v1.2.2
portable	UNKNOWN STEP	2026-10-01T11:44:07.8914749Z ^[[1m^[[92m    Checking^[[0m pin-project v1.1.13
portable	UNKNOWN STEP	2026-10-01T11:44:07.9745202Z ^[[1m^[[92m    Checking^[[0m read-fonts v0.41.0
portable	UNKNOWN STEP	2026-10-01T11:44:08.1675289Z ^[[1m^[[92m    Checking^[[0m read-fonts v0.37.0
portable	UNKNOWN STEP	2026-10-01T11:44:08.5344835Z ^[[1m^[[92m    Checking^[[0m inout v0.1.4
portable	UNKNOWN STEP	2026-10-01T11:44:08.6085987Z ^[[1m^[[92m    Checking^[[0m atspi-common v0.13.0
portable	UNKNOWN STEP	2026-10-01T11:44:08.9535290Z ^[[1m^[[92m    Checking^[[0m idna v1.1.0
portable	UNKNOWN STEP	2026-10-01T11:44:09.0930239Z ^[[1m^[[92m    Checking^[[0m svgtypes v0.16.1
portable	UNKNOWN STEP	2026-10-01T11:44:09.3244898Z ^[[1m^[[92m    Checking^[[0m gpui-pre-zlog v0.3.7
portable	UNKNOWN STEP	2026-10-01T11:44:09.4565001Z ^[[1m^[[92m    Checking^[[0m tiny-skia v0.11.4
portable	UNKNOWN STEP	2026-10-01T11:44:11.2135750Z ^[[1m^[[92m    Checking^[[0m hash32 v0.3.1
portable	UNKNOWN STEP	2026-10-01T11:44:11.2634659Z ^[[1m^[[92m    Checking^[[0m rayon v1.12.0
portable	UNKNOWN STEP	2026-10-01T11:44:11.4555454Z ^[[1m^[[92m    Checking^[[0m wayland-protocols v0.32.13
portable	UNKNOWN STEP	2026-10-01T11:44:11.7737112Z ^[[1m^[[92m    Checking^[[0m spin v0.9.9
portable	UNKNOWN STEP	2026-10-01T11:44:11.8694666Z ^[[1m^[[92m   Compiling^[[0m wgpu-core v29.0.4
portable	UNKNOWN STEP	2026-10-01T11:44:12.0483053Z ^[[1m^[[92m    Checking^[[0m zune-inflate v0.2.54
portable	UNKNOWN STEP	2026-10-01T11:44:12.1555127Z ^[[1m^[[92m    Checking^[[0m roxmltree v0.21.1
portable	UNKNOWN STEP	2026-10-01T11:44:12.4087906Z ^[[1m^[[92m    Checking^[[0m rgb v0.8.53
portable	UNKNOWN STEP	2026-10-01T11:44:12.4154587Z ^[[1m^[[92m   Compiling^[[0m ahash v0.8.12
portable	UNKNOWN STEP	2026-10-01T11:44:12.5045235Z ^[[1m^[[92m    Checking^[[0m as-raw-xcb-connection v1.0.1
portable	UNKNOWN STEP	2026-10-01T11:44:12.5305488Z ^[[1m^[[92m    Checking^[[0m ryu v1.0.23
portable	UNKNOWN STEP	2026-10-01T11:44:12.5934655Z ^[[1m^[[92m    Checking^[[0m xcursor v0.3.11
portable	UNKNOWN STEP	2026-10-01T11:44:12.6034954Z ^[[1m^[[92m    Checking^[[0m float_next_after v1.0.0
portable	UNKNOWN STEP	2026-10-01T11:44:12.6325058Z ^[[1m^[[92m    Checking^[[0m bit_field v0.10.3
portable	UNKNOWN STEP	2026-10-01T11:44:12.6384534Z ^[[1m^[[92m   Compiling^[[0m litrs v1.0.0
portable	UNKNOWN STEP	2026-10-01T11:44:12.6677200Z ^[[1m^[[92m    Checking^[[0m option-ext v0.2.0
portable	UNKNOWN STEP	2026-10-01T11:44:12.6915620Z ^[[1m^[[92m    Checking^[[0m fax v0.2.7
portable	UNKNOWN STEP	2026-10-01T11:44:12.6984541Z ^[[1m^[[92m    Checking^[[0m dyn-clone v1.0.20
portable	UNKNOWN STEP	2026-10-01T11:44:12.7325223Z ^[[1m^[[92m    Checking^[[0m lebe v0.5.3
portable	UNKNOWN STEP	2026-10-01T11:44:12.8135269Z ^[[1m^[[92m    Checking^[[0m pxfm v0.1.30
portable	UNKNOWN STEP	2026-10-01T11:44:12.8304868Z ^[[1m^[[92m    Checking^[[0m rustc-demangle v0.1.28
portable	UNKNOWN STEP	2026-10-01T11:44:12.9727514Z ^[[1m^[[92m   Compiling^[[0m gpui-pre-ztracing-macro v0.3.7
portable	UNKNOWN STEP	2026-10-01T11:44:12.9819834Z ^[[1m^[[92m    Checking^[[0m imagesize v0.14.0
portable	UNKNOWN STEP	2026-10-01T11:44:13.0765243Z ^[[1m^[[92m    Checking^[[0m smol_str v0.3.6
portable	UNKNOWN STEP	2026-10-01T11:44:13.1424843Z ^[[1m^[[92m    Checking^[[0m usvg v0.46.0
portable	UNKNOWN STEP	2026-10-01T11:44:13.1955236Z ^[[1m^[[92m   Compiling^[[0m document-features v0.2.12
portable	UNKNOWN STEP	2026-10-01T11:44:13.5334684Z ^[[1m^[[92m    Checking^[[0m backtrace v0.3.76
portable	UNKNOWN STEP	2026-10-01T11:44:13.7295313Z ^[[1m^[[92m    Checking^[[0m tiff v0.11.3
portable	UNKNOWN STEP	2026-10-01T11:44:14.0834910Z ^[[1m^[[92m    Checking^[[0m exr v1.74.2
portable	UNKNOWN STEP	2026-10-01T11:44:14.3534812Z ^[[1m^[[92m    Checking^[[0m schemars v1.2.2
portable	UNKNOWN STEP	2026-10-01T11:44:14.3925369Z ^[[1m^[[92m    Checking^[[0m moxcms v0.8.1
portable	UNKNOWN STEP	2026-10-01T11:44:14.7855235Z ^[[1m^[[92m    Checking^[[0m dirs-sys v0.4.1
portable	UNKNOWN STEP	2026-10-01T11:44:14.8344810Z ^[[1m^[[92m    Checking^[[0m lyon_tessellation v1.0.20
portable	UNKNOWN STEP	2026-10-01T11:44:14.8944777Z ^[[1m^[[92m    Checking^[[0m serde_urlencoded v0.7.1
portable	UNKNOWN STEP	2026-10-01T11:44:15.0374721Z ^[[1m^[[92m    Checking^[[0m flume v0.12.0
portable	UNKNOWN STEP	2026-10-01T11:44:15.1524566Z ^[[1m^[[92m    Checking^[[0m skrifa v0.44.0
portable	UNKNOWN STEP	2026-10-01T11:44:15.6015162Z ^[[1m^[[92m    Checking^[[0m url v2.5.8
portable	UNKNOWN STEP	2026-10-01T11:44:15.9895136Z ^[[1m^[[92m    Checking^[[0m cipher v0.4.4
portable	UNKNOWN STEP	2026-10-01T11:44:16.0934833Z ^[[1m^[[92m   Compiling^[[0m gpui-pre-perf v0.3.7
portable	UNKNOWN STEP	2026-10-01T11:44:16.1135146Z ^[[1m^[[92m    Checking^[[0m derive_more v2.1.1
portable	UNKNOWN STEP	2026-10-01T11:44:16.1595339Z ^[[1m^[[92m    Checking^[[0m async-compression v0.4.43
portable	UNKNOWN STEP	2026-10-01T11:44:16.3255458Z ^[[1m^[[92m    Checking^[[0m const-random v0.1.18
portable	UNKNOWN STEP	2026-10-01T11:44:16.3280207Z ^[[1m^[[92m    Checking^[[0m wgpu-core-deps-windows-linux-android v29.0.4
portable	UNKNOWN STEP	2026-10-01T11:44:16.3485061Z ^[[1m^[[92m   Compiling^[[0m phf_macros v0.13.1
portable	UNKNOWN STEP	2026-10-01T11:44:16.3527092Z ^[[1m^[[92m    Checking^[[0m http-body v1.1.0
portable	UNKNOWN STEP	2026-10-01T11:44:16.4045251Z ^[[1m^[[92m    Checking^[[0m lyon_algorithms v1.0.20
portable	UNKNOWN STEP	2026-10-01T11:44:16.5408121Z ^[[1m^[[92m    Checking^[[0m num-iter v0.1.46
portable	UNKNOWN STEP	2026-10-01T11:44:16.5474506Z ^[[1m^[[92m    Checking^[[0m num-bigint v0.4.8
portable	UNKNOWN STEP	2026-10-01T11:44:16.5804800Z ^[[1m^[[92m    Checking^[[0m hmac v0.12.1
portable	UNKNOWN STEP	2026-10-01T11:44:16.6324747Z ^[[1m^[[92m   Compiling^[[0m strum_macros v0.28.0
portable	UNKNOWN STEP	2026-10-01T11:44:16.6744739Z ^[[1m^[[92m    Checking^[[0m png v0.18.1
portable	UNKNOWN STEP	2026-10-01T11:44:16.9221379Z ^[[1m^[[92m   Compiling^[[0m wgpu v29.0.4
portable	UNKNOWN STEP	2026-10-01T11:44:17.1645133Z ^[[1m^[[92m    Checking^[[0m gethostname v1.1.0
portable	UNKNOWN STEP	2026-10-01T11:44:17.1915204Z ^[[1m^[[92m    Checking^[[0m qoi v0.4.1
portable	UNKNOWN STEP	2026-10-01T11:44:17.2114853Z ^[[1m^[[92m   Compiling^[[0m gpui-pre-derive-refineable v0.3.7
portable	UNKNOWN STEP	2026-10-01T11:44:17.2585172Z ^[[1m^[[92m    Checking^[[0m crossbeam-queue v0.3.13
portable	UNKNOWN STEP	2026-10-01T11:44:17.2904618Z ^[[1m^[[92m    Checking^[[0m atomic v0.5.3
portable	UNKNOWN STEP	2026-10-01T11:44:17.3264727Z ^[[1m^[[92m    Checking^[[0m link-section v0.19.3
portable	UNKNOWN STEP	2026-10-01T11:44:17.3604831Z ^[[1m^[[92m   Compiling^[[0m linktime-proc-macro v0.2.3
portable	UNKNOWN STEP	2026-10-01T11:44:17.6134959Z ^[[1m^[[92m   Compiling^[[0m xim-parser v0.2.2
portable	UNKNOWN STEP	2026-10-01T11:44:17.6564791Z ^[[1m^[[92m    Checking^[[0m zeno v0.3.3
portable	UNKNOWN STEP	2026-10-01T11:44:17.6795322Z ^[[1m^[[92m    Checking^[[0m yazi v0.2.1
portable	UNKNOWN STEP	2026-10-01T11:44:17.8125191Z ^[[1m^[[92m    Checking^[[0m pollster v0.2.5
portable	UNKNOWN STEP	2026-10-01T11:44:17.8484981Z ^[[1m^[[92m   Compiling^[[0m gpui-pre v0.3.7
portable	UNKNOWN STEP	2026-10-01T11:44:17.8775392Z ^[[1m^[[92m    Checking^[[0m web-time v1.1.0
portable	UNKNOWN STEP	2026-10-01T11:44:17.9024528Z ^[[1m^[[92m    Checking^[[0m cpufeatures v0.2.17
portable	UNKNOWN STEP	2026-10-01T11:44:17.9244727Z ^[[1m^[[92m   Compiling^[[0m num-bigint-dig v0.9.1
portable	UNKNOWN STEP	2026-10-01T11:44:17.9282938Z ^[[1m^[[92m    Checking^[[0m svg_fmt v0.4.5
portable	UNKNOWN STEP	2026-10-01T11:44:17.9387693Z ^[[1m^[[92m    Checking^[[0m x11rb-protocol v0.13.2
portable	UNKNOWN STEP	2026-10-01T11:44:17.9954107Z ^[[1m^[[92m    Checking^[[0m fixedbitset v0.5.7
portable	UNKNOWN STEP	2026-10-01T11:44:18.0014717Z ^[[1m^[[92m   Compiling^[[0m zed-font-kit v0.14.1-zed
portable	UNKNOWN STEP	2026-10-01T11:44:18.0821204Z ^[[1m^[[92m    Checking^[[0m etagere v0.2.15
portable	UNKNOWN STEP	2026-10-01T11:44:18.0904574Z ^[[1m^[[92m    Checking^[[0m strum v0.28.0
portable	UNKNOWN STEP	2026-10-01T11:44:18.1004866Z ^[[1m^[[92m    Checking^[[0m futures-concurrency v7.7.1
portable	UNKNOWN STEP	2026-10-01T11:44:18.1334777Z ^[[1m^[[92m    Checking^[[0m swash v0.2.10
portable	UNKNOWN STEP	2026-10-01T11:44:18.1915756Z ^[[1m^[[92m    Checking^[[0m gpui-pre-scheduler v0.3.7
portable	UNKNOWN STEP	2026-10-01T11:44:18.3814566Z ^[[1m^[[92m    Checking^[[0m postage v0.5.0
portable	UNKNOWN STEP	2026-10-01T11:44:18.5855375Z ^[[1m^[[92m    Checking^[[0m ctor v1.0.13
portable	UNKNOWN STEP	2026-10-01T11:44:18.6544716Z ^[[1m^[[92m    Checking^[[0m gpui-pre-refineable v0.3.7
portable	UNKNOWN STEP	2026-10-01T11:44:18.6894990Z ^[[1m^[[92m    Checking^[[0m image v0.25.10
portable	UNKNOWN STEP	2026-10-01T11:44:19.8595513Z ^[[1m^[[92m    Checking^[[0m num-rational v0.4.2
portable	UNKNOWN STEP	2026-10-01T11:44:20.0595649Z ^[[1m^[[92m    Checking^[[0m phf v0.13.1
portable	UNKNOWN STEP	2026-10-01T11:44:20.1325228Z ^[[1m^[[92m    Checking^[[0m lyon v1.0.19
portable	UNKNOWN STEP	2026-10-01T11:44:20.1565114Z ^[[1m^[[92m    Checking^[[0m gpui-pre-http-client v0.3.7
portable	UNKNOWN STEP	2026-10-01T11:44:20.5854845Z ^[[1m^[[92m   Compiling^[[0m gpui-pre-util-macros v0.3.7
portable	UNKNOWN STEP	2026-10-01T11:44:20.9275814Z ^[[1m^[[92m    Checking^[[0m pathfinder_geometry v0.5.1
portable	UNKNOWN STEP	2026-10-01T11:44:21.0289538Z ^[[1m^[[92m    Checking^[[0m gpui-pre-sum-tree v0.3.7
portable	UNKNOWN STEP	2026-10-01T11:44:21.2854686Z ^[[1m^[[92m    Checking^[[0m dirs v5.0.1
portable	UNKNOWN STEP	2026-10-01T11:44:21.3154775Z ^[[1m^[[92m    Checking^[[0m gpui-pre-shared-string v0.3.7
portable	UNKNOWN STEP	2026-10-01T11:44:21.3661759Z ^[[1m^[[92m    Checking^[[0m resvg v0.46.0
portable	UNKNOWN STEP	2026-10-01T11:44:21.5545095Z ^[[1m^[[92m    Checking^[[0m harfrust v0.5.2
portable	UNKNOWN STEP	2026-10-01T11:44:21.5944561Z ^[[1m^[[92m    Checking^[[0m skrifa v0.40.0
portable	UNKNOWN STEP	2026-10-01T11:44:22.9224735Z ^[[1m^[[92m    Checking^[[0m atspi-proxies v0.13.0
portable	UNKNOWN STEP	2026-10-01T11:44:23.3744844Z ^[[1m^[[92m    Checking^[[0m regex v1.13.1
portable	UNKNOWN STEP	2026-10-01T11:44:23.5645498Z ^[[1m^[[92m    Checking^[[0m accesskit_consumer v0.38.0
portable	UNKNOWN STEP	2026-10-01T11:44:23.5787522Z ^[[1m^[[92m    Checking^[[0m itertools v0.14.0
portable	UNKNOWN STEP	2026-10-01T11:44:23.8285263Z ^[[1m^[[92m   Compiling^[[0m gpui-pre-macros v0.3.7
portable	UNKNOWN STEP	2026-10-01T11:44:23.8885880Z ^[[1m^[[92m    Checking^[[0m taffy v0.13.0
portable	UNKNOWN STEP	2026-10-01T11:44:24.4765269Z ^[[1m^[[92m    Checking^[[0m async-fs v2.2.0
portable	UNKNOWN STEP	2026-10-01T11:44:24.5625067Z ^[[1m^[[92m    Checking^[[0m x11rb v0.13.2
portable	UNKNOWN STEP	2026-10-01T11:44:24.5965219Z ^[[1m^[[92m    Checking^[[0m spin v0.10.1
portable	UNKNOWN STEP	2026-10-01T11:44:24.6865126Z ^[[1m^[[92m    Checking^[[0m is-docker v0.2.0
portable	UNKNOWN STEP	2026-10-01T11:44:24.7164883Z ^[[1m^[[92m    Checking^[[0m num_cpus v1.17.0
portable	UNKNOWN STEP	2026-10-01T11:44:24.7884789Z ^[[1m^[[92m    Checking^[[0m encoding_rs v0.8.35
portable	UNKNOWN STEP	2026-10-01T11:44:24.8355230Z ^[[1m^[[92m    Checking^[[0m rangemap v1.8.0
portable	UNKNOWN STEP	2026-10-01T11:44:24.9934751Z ^[[1m^[[92m    Checking^[[0m linebender_resource_handle v0.1.1
portable	UNKNOWN STEP	2026-10-01T11:44:25.0330089Z ^[[1m^[[92m    Checking^[[0m unicode-linebreak v0.1.5
portable	UNKNOWN STEP	2026-10-01T11:44:25.0895208Z ^[[1m^[[92m    Checking^[[0m self_cell v1.3.0
portable	UNKNOWN STEP	2026-10-01T11:44:25.1274820Z ^[[1m^[[92m    Checking^[[0m pollster v0.4.0
portable	UNKNOWN STEP	2026-10-01T11:44:25.1531150Z ^[[1m^[[92m    Checking^[[0m sys-locale v0.3.2
portable	UNKNOWN STEP	2026-10-01T11:44:25.1614735Z ^[[1m^[[92m   Compiling^[[0m inotify-sys v0.1.8
portable	UNKNOWN STEP	2026-10-01T11:44:25.1879429Z ^[[1m^[[92m    Checking^[[0m waker-fn v1.2.0
portable	UNKNOWN STEP	2026-10-01T11:44:25.2155237Z ^[[1m^[[92m    Checking^[[0m seahash v4.1.0
portable	UNKNOWN STEP	2026-10-01T11:44:25.2595044Z ^[[1m^[[92m    Checking^[[0m inventory v0.3.24
portable	UNKNOWN STEP	2026-10-01T11:44:25.2759207Z ^[[1m^[[92m    Checking^[[0m float-ord v0.3.2
portable	UNKNOWN STEP	2026-10-01T11:44:25.4745026Z ^[[1m^[[92m    Checking^[[0m xim-ctext v0.3.0
portable	UNKNOWN STEP	2026-10-01T11:44:25.5194908Z ^[[1m^[[92m    Checking^[[0m cosmic-text v0.19.0
portable	UNKNOWN STEP	2026-10-01T11:44:25.5824787Z ^[[1m^[[92m    Checking^[[0m is-wsl v0.4.0
portable	UNKNOWN STEP	2026-10-01T11:44:25.6165478Z ^[[1m^[[92m    Checking^[[0m atspi v0.29.0
portable	UNKNOWN STEP	2026-10-01T11:44:25.6472186Z ^[[1m^[[92m    Checking^[[0m accesskit_atspi_common v0.19.1
portable	UNKNOWN STEP	2026-10-01T11:44:25.9514640Z ^[[1m^[[92m    Checking^[[0m num v0.4.3
portable	UNKNOWN STEP	2026-10-01T11:44:26.3975103Z ^[[1m^[[92m    Checking^[[0m aes v0.8.4
portable	UNKNOWN STEP	2026-10-01T11:44:26.6504982Z ^[[1m^[[92m    Checking^[[0m sha2 v0.10.9
portable	UNKNOWN STEP	2026-10-01T11:44:26.6722119Z ^[[1m^[[92m    Checking^[[0m hkdf v0.12.4
portable	UNKNOWN STEP	2026-10-01T11:44:26.7254809Z ^[[1m^[[92m    Checking^[[0m pbkdf2 v0.12.2
portable	UNKNOWN STEP	2026-10-01T11:44:26.7584806Z ^[[1m^[[92m    Checking^[[0m cbc v0.1.2
portable	UNKNOWN STEP	2026-10-01T11:44:26.8045107Z ^[[1m^[[92m    Checking^[[0m ashpd v0.13.13
portable	UNKNOWN STEP	2026-10-01T11:44:26.8084812Z ^[[1m^[[92m    Checking^[[0m md-5 v0.10.6
portable	UNKNOWN STEP	2026-10-01T11:44:26.8654913Z ^[[1m^[[92m    Checking^[[0m async-net v2.0.0
portable	UNKNOWN STEP	2026-10-01T11:44:27.0125111Z ^[[1m^[[92m    Checking^[[0m calloop v0.14.4
portable	UNKNOWN STEP	2026-10-01T11:44:27.0132888Z ^[[1m^[[92m    Checking^[[0m kurbo v0.11.3
portable	UNKNOWN STEP	2026-10-01T11:44:27.3488071Z ^[[1m^[[92m   Compiling^[[0m smartstring v1.0.1
portable	UNKNOWN STEP	2026-10-01T11:44:27.4285228Z ^[[1m^[[92m    Checking^[[0m bit-vec v0.8.0
portable	UNKNOWN STEP	2026-10-01T11:44:27.5014687Z ^[[1m^[[92m    Checking^[[0m hashbrown v0.14.5
portable	UNKNOWN STEP	2026-10-01T11:44:27.5285005Z ^[[1m^[[92m    Checking^[[0m xkeysym v0.2.1
portable	UNKNOWN STEP	2026-10-01T11:44:27.8345259Z ^[[1m^[[92m    Checking^[[0m zed-xim v0.4.0-zed
portable	UNKNOWN STEP	2026-10-01T11:44:27.8834923Z ^[[1m^[[92m    Checking^[[0m oo7 v0.6.0
portable	UNKNOWN STEP	2026-10-01T11:44:27.9426842Z ^[[1m^[[92m    Checking^[[0m bit-set v0.8.0
portable	UNKNOWN STEP	2026-10-01T11:44:27.9615149Z ^[[1m^[[92m    Checking^[[0m xkbcommon v0.8.0
portable	UNKNOWN STEP	2026-10-01T11:44:28.0100226Z ^[[1m^[[92m    Checking^[[0m svgtypes v0.15.3
portable	UNKNOWN STEP	2026-10-01T11:44:28.1625259Z ^[[1m^[[92m    Checking^[[0m calloop-wayland-source v0.4.1
portable	UNKNOWN STEP	2026-10-01T11:44:28.2094851Z ^[[1m^[[92m    Checking^[[0m smol v2.0.2
portable	UNKNOWN STEP	2026-10-01T11:44:28.2336030Z ^[[1m^[[92m    Checking^[[0m accesskit_unix v0.22.1
portable	UNKNOWN STEP	2026-10-01T11:44:28.2453132Z ^[[1m^[[92m    Checking^[[0m x11-clipboard v0.9.3
portable	UNKNOWN STEP	2026-10-01T11:44:28.3435020Z ^[[1m^[[92m    Checking^[[0m open v5.4.4
portable	UNKNOWN STEP	2026-10-01T11:44:28.4324681Z ^[[1m^[[92m    Checking^[[0m wayland-protocols-plasma v0.3.12
portable	UNKNOWN STEP	2026-10-01T11:44:29.0055217Z ^[[1m^[[92m    Checking^[[0m wayland-protocols-wlr v0.3.12
portable	UNKNOWN STEP	2026-10-01T11:44:29.6335622Z ^[[1m^[[92m    Checking^[[0m wayland-cursor v0.31.14
portable	UNKNOWN STEP	2026-10-01T11:44:29.7055398Z ^[[1m^[[92m    Checking^[[0m filedescriptor v0.8.3
portable	UNKNOWN STEP	2026-10-01T11:44:29.7696138Z ^[[1m^[[92m    Checking^[[0m notify-rust v4.18.0
portable	UNKNOWN STEP	2026-10-01T11:44:29.8509026Z ^[[1m^[[92m    Checking^[[0m toml_datetime v0.6.11
portable	UNKNOWN STEP	2026-10-01T11:44:29.8764678Z ^[[1m^[[92m    Checking^[[0m serde_spanned v0.6.9
portable	UNKNOWN STEP	2026-10-01T11:44:29.9251080Z ^[[1m^[[92m    Checking^[[0m linked-hash-map v0.5.6
portable	UNKNOWN STEP	2026-10-01T11:44:29.9505007Z ^[[1m^[[92m    Checking^[[0m winnow v0.7.15
portable	UNKNOWN STEP	2026-10-01T11:44:29.9864684Z ^[[1m^[[92m    Checking^[[0m toml_write v0.1.2
portable	UNKNOWN STEP	2026-10-01T11:44:30.0136174Z ^[[1m^[[92m    Checking^[[0m imagesize v0.13.0
portable	UNKNOWN STEP	2026-10-01T11:44:30.0745155Z ^[[1m^[[92m    Checking^[[0m yaml-rust v0.4.5
portable	UNKNOWN STEP	2026-10-01T11:44:30.1509199Z ^[[1m^[[92m    Checking^[[0m usvg v0.45.1
portable	UNKNOWN STEP	2026-10-01T11:44:30.2495201Z ^[[1m^[[92m    Checking^[[0m inotify v0.11.5
portable	UNKNOWN STEP	2026-10-01T11:44:30.5434811Z ^[[1m^[[92m    Checking^[[0m fancy-regex v0.16.2
portable	UNKNOWN STEP	2026-10-01T11:44:30.8084943Z ^[[1m^[[92m    Checking^[[0m bincode v1.3.3
portable	UNKNOWN STEP	2026-10-01T11:44:31.0134754Z ^[[1m^[[92m    Checking^[[0m toml_edit v0.22.27
portable	UNKNOWN STEP	2026-10-01T11:44:31.0184598Z ^[[1m^[[92m   Compiling^[[0m rhai_codegen v3.2.0
portable	UNKNOWN STEP	2026-10-01T11:44:31.0288384Z ^[[1m^[[92m    Checking^[[0m mio v1.2.2
portable	UNKNOWN STEP	2026-10-01T11:44:31.1505427Z ^[[1m^[[92m    Checking^[[0m notify-types v2.1.0
portable	UNKNOWN STEP	2026-10-01T11:44:31.2595250Z ^[[1m^[[92m    Checking^[[0m jiff-core v0.1.0
portable	UNKNOWN STEP	2026-10-01T11:44:31.7759505Z ^[[1m^[[92m    Checking^[[0m fnv v1.0.7
portable	UNKNOWN STEP	2026-10-01T11:44:31.8064942Z ^[[1m^[[92m    Checking^[[0m thin-vec v0.2.19
portable	UNKNOWN STEP	2026-10-01T11:44:31.9040287Z ^[[1m^[[92m    Checking^[[0m syntect v5.3.0
portable	UNKNOWN STEP	2026-10-01T11:44:31.9304930Z ^[[1m^[[92m    Checking^[[0m rhai v1.26.0
portable	UNKNOWN STEP	2026-10-01T11:44:32.0295516Z ^[[1m^[[92m    Checking^[[0m toml v0.8.23
portable	UNKNOWN STEP	2026-10-01T11:44:32.2544681Z ^[[1m^[[92m    Checking^[[0m jiff v0.2.35
portable	UNKNOWN STEP	2026-10-01T11:44:32.6754914Z ^[[1m^[[92m    Checking^[[0m notify v8.2.0
portable	UNKNOWN STEP	2026-10-01T11:44:32.8104595Z ^[[1m^[[92m    Checking^[[0m resvg v0.45.1
portable	UNKNOWN STEP	2026-10-01T11:44:33.0165112Z ^[[1m^[[92m    Checking^[[0m similar v3.2.0
portable	UNKNOWN STEP	2026-10-01T11:44:33.6305403Z ^[[1m^[[92m    Checking^[[0m tempfile v3.27.0
portable	UNKNOWN STEP	2026-10-01T11:44:33.7304819Z ^[[1m^[[92m    Checking^[[0m utf8parse v0.2.2
portable	UNKNOWN STEP	2026-10-01T11:44:33.7604639Z ^[[1m^[[92m    Checking^[[0m anstyle-parse v1.0.0
portable	UNKNOWN STEP	2026-10-01T11:44:33.8164869Z ^[[1m^[[92m    Checking^[[0m is_terminal_polyfill v1.70.2
portable	UNKNOWN STEP	2026-10-01T11:44:33.8202963Z ^[[1m^[[92m    Checking^[[0m colorchoice v1.0.5
portable	UNKNOWN STEP	2026-10-01T11:44:33.8423639Z ^[[1m^[[92m    Checking^[[0m anstyle-query v1.1.5
portable	UNKNOWN STEP	2026-10-01T11:44:33.8514728Z ^[[1m^[[92m    Checking^[[0m anstyle v1.0.14
portable	UNKNOWN STEP	2026-10-01T11:44:33.8721342Z ^[[1m^[[92m    Checking^[[0m strsim v0.11.1
portable	UNKNOWN STEP	2026-10-01T11:44:33.9345036Z ^[[1m^[[92m    Checking^[[0m anstream v1.0.0
portable	UNKNOWN STEP	2026-10-01T11:44:33.9474676Z ^[[1m^[[92m    Checking^[[0m clap_lex v1.1.0
portable	UNKNOWN STEP	2026-10-01T11:44:34.0075175Z ^[[1m^[[92m   Compiling^[[0m clap_derive v4.6.4
portable	UNKNOWN STEP	2026-10-01T11:44:34.0325176Z ^[[1m^[[92m    Checking^[[0m clap_builder v4.6.6
portable	UNKNOWN STEP	2026-10-01T11:44:34.1555201Z ^[[1m^[[92m    Checking^[[0m gpui-pre-wgpu v0.3.7
portable	UNKNOWN STEP	2026-10-01T11:44:34.6334847Z ^[[1m^[[92m    Checking^[[0m gpui-pre-linux v0.3.7
portable	UNKNOWN STEP	2026-10-01T11:44:35.0915028Z ^[[1m^[[92m    Checking^[[0m gpui-rhai-registry v0.1.8 (/home/runner/work/gpui-rhai/gpui-rhai/registry)
portable	UNKNOWN STEP	2026-10-01T11:44:35.2602256Z ^[[1m^[[92m    Checking^[[0m clap v4.6.6
portable	UNKNOWN STEP	2026-10-01T11:44:35.8712669Z ^[[1m^[[92m    Checking^[[0m gpui-pre-platform v0.3.7
portable	UNKNOWN STEP	2026-10-01T11:44:38.0851640Z ^[[1m^[[92m    Checking^[[0m gpui-rhai v0.1.8 (/home/runner/work/gpui-rhai/gpui-rhai/crates/gpui-rhai)
portable	UNKNOWN STEP	2026-10-01T11:44:44.0139989Z ^[[1m^[[33mwarning^[[0m^[[1m: variable does not need to be mutable^[[0m
portable	UNKNOWN STEP	2026-10-01T11:44:44.0141202Z     ^[[1m^[[94m--> ^[[0mcrates/gpui-rhai/src/context.rs:4428:13
portable	UNKNOWN STEP	2026-10-01T11:44:44.0141929Z      ^[[1m^[[94m|^[[0m
portable	UNKNOWN STEP	2026-10-01T11:44:44.0150748Z ^[[1m^[[94m4428^[[0m ^[[1m^[[94m|^[[0m         let mut context = mounted_context(ExecutionPhase::Event);
portable	UNKNOWN STEP	2026-10-01T11:44:44.0151500Z      ^[[1m^[[94m|^[[0m             ^[[1m^[[94m----^[[0m^[[1m^[[33m^^^^^^^^[[0m
portable	UNKNOWN STEP	2026-10-01T11:44:44.0151932Z      ^[[1m^[[94m|^[[0m             ^[[1m^[[94m|^[[0m
portable	UNKNOWN STEP	2026-10-01T11:44:44.0152389Z      ^[[1m^[[94m|^[[0m             ^[[1m^[[94mhelp: remove this `mut`^[[0m
portable	UNKNOWN STEP	2026-10-01T11:44:44.0152812Z      ^[[1m^[[94m|^[[0m
portable	UNKNOWN STEP	2026-10-01T11:44:44.0153302Z      ^[[1m^[[94m= ^[[0m^[[1mnote^[[0m: `#[warn(unused_mut)]` (part of `#[warn(unused)]`) on by default
portable	UNKNOWN STEP	2026-10-01T11:44:44.0153883Z 
portable	UNKNOWN STEP	2026-10-01T11:44:46.3290634Z ^[[1m^[[92m    Checking^[[0m gpui-rhai-cli v0.1.8 (/home/runner/work/gpui-rhai/gpui-rhai/crates/gpui-rhai-cli)
portable	UNKNOWN STEP	2026-10-01T11:44:47.7215839Z ^[[1m^[[33mwarning^[[0m: `gpui-rhai` (lib test) generated 1 warning (run `cargo fix --lib -p gpui-rhai --tests` to apply 1 suggestion)
portable	UNKNOWN STEP	2026-10-01T11:44:48.3699149Z ^[[1m^[[92m    Finished^[[0m `dev` profile [unoptimized + debuginfo] target(s) in 1m 14s
portable	UNKNOWN STEP	2026-10-01T11:44:48.4176365Z ##[group]Run rustup toolchain install stable --profile minimal --no-self-update
portable	UNKNOWN STEP	2026-10-01T11:44:48.4176857Z ^[[36;1mrustup toolchain install stable --profile minimal --no-self-update^[[0m
portable	UNKNOWN STEP	2026-10-01T11:44:48.4177245Z ^[[36;1mcargo +stable check --workspace --all-targets --all-features^[[0m
portable	UNKNOWN STEP	2026-10-01T11:44:48.4231564Z shell: /usr/bin/bash -e {0}
portable	UNKNOWN STEP	2026-10-01T11:44:48.4231776Z env:
portable	UNKNOWN STEP	2026-10-01T11:44:48.4231973Z   CARGO_HOME: /home/runner/.cargo
portable	UNKNOWN STEP	2026-10-01T11:44:48.4232193Z   CARGO_INCREMENTAL: 0
portable	UNKNOWN STEP	2026-10-01T11:44:48.4232380Z   CARGO_TERM_COLOR: always
portable	UNKNOWN STEP	2026-10-01T11:44:48.4232563Z ##[endgroup]
portable	UNKNOWN STEP	2026-10-01T11:44:48.5506703Z info: syncing channel updates for stable-x86_64-unknown-linux-gnu
portable	UNKNOWN STEP	2026-10-01T11:44:48.7097282Z 
portable	UNKNOWN STEP	2026-10-01T11:44:48.7179229Z   stable-x86_64-unknown-linux-gnu unchanged - rustc 1.98.1 (48a229cea 2026-09-01)
portable	UNKNOWN STEP	2026-10-01T11:44:48.7179691Z 
portable	UNKNOWN STEP	2026-10-01T11:44:49.2939586Z ^[[1m^[[92m   Compiling^[[0m proc-macro2 v1.0.107
portable	UNKNOWN STEP	2026-10-01T11:44:49.2940596Z ^[[1m^[[92m   Compiling^[[0m quote v1.0.47
portable	UNKNOWN STEP	2026-10-01T11:44:49.2941023Z ^[[1m^[[92m   Compiling^[[0m unicode-ident v1.0.24
portable	UNKNOWN STEP	2026-10-01T11:44:49.2941425Z ^[[1m^[[92m   Compiling^[[0m serde_core v1.0.229
portable	UNKNOWN STEP	2026-10-01T11:44:49.5684745Z ^[[1m^[[92m    Checking^[[0m cfg-if v1.0.4
portable	UNKNOWN STEP	2026-10-01T11:44:49.5972355Z ^[[1m^[[92m   Compiling^[[0m serde v1.0.229
portable	UNKNOWN STEP	2026-10-01T11:44:49.7929702Z ^[[1m^[[92m   Compiling^[[0m typeid v1.0.3
portable	UNKNOWN STEP	2026-10-01T11:44:49.7952748Z ^[[1m^[[92m   Compiling^[[0m erased-serde v0.4.10
portable	UNKNOWN STEP	2026-10-01T11:44:49.9205158Z ^[[1m^[[92m   Compiling^[[0m libc v0.2.189
portable	UNKNOWN STEP	2026-10-01T11:44:49.9227969Z ^[[1m^[[92m    Checking^[[0m bitflags v2.13.1
portable	UNKNOWN STEP	2026-10-01T11:44:50.0185225Z ^[[1m^[[92m   Compiling^[[0m autocfg v1.5.1
portable	UNKNOWN STEP	2026-10-01T11:44:50.4455236Z ^[[1m^[[92m   Compiling^[[0m libm v0.2.16
portable	UNKNOWN STEP	2026-10-01T11:44:50.5074872Z ^[[1m^[[92m   Compiling^[[0m syn v3.0.4
portable	UNKNOWN STEP	2026-10-01T11:44:50.5914946Z ^[[1m^[[92m   Compiling^[[0m syn v2.0.119
portable	UNKNOWN STEP	2026-10-01T11:44:50.8860753Z ^[[1m^[[92m   Compiling^[[0m portable-atomic v1.15.0
portable	UNKNOWN STEP	2026-10-01T11:44:51.5644698Z ^[[1m^[[92m    Checking^[[0m serde_fmt v1.1.0
portable	UNKNOWN STEP	2026-10-01T11:44:51.6308059Z ^[[1m^[[92m    Checking^[[0m value-bag-serde1 v1.13.2
portable	UNKNOWN STEP	2026-10-01T11:44:51.6824799Z ^[[1m^[[92m    Checking^[[0m value-bag v1.13.2
portable	UNKNOWN STEP	2026-10-01T11:44:51.8611306Z ^[[1m^[[92m    Checking^[[0m log v0.4.34
portable	UNKNOWN STEP	2026-10-01T11:44:52.0422992Z ^[[1m^[[92m   Compiling^[[0m version_check v0.9.5
portable	UNKNOWN STEP	2026-10-01T11:44:52.0424119Z ^[[1m^[[92m    Checking^[[0m once_cell v1.21.4
portable	UNKNOWN STEP	2026-10-01T11:44:52.2114760Z ^[[1m^[[92m    Checking^[[0m pin-project-lite v0.2.17
portable	UNKNOWN STEP	2026-10-01T11:44:52.2495542Z ^[[1m^[[92m   Compiling^[[0m num-traits v0.2.19
portable	UNKNOWN STEP	2026-10-01T11:44:52.9064675Z ^[[1m^[[92m   Compiling^[[0m crossbeam-utils v0.8.22
portable	UNKNOWN STEP	2026-10-01T11:44:53.0455727Z ^[[1m^[[92m    Checking^[[0m futures-core v0.3.34
portable	UNKNOWN STEP	2026-10-01T11:44:53.3568792Z ^[[1m^[[92m   Compiling^[[0m rustix v1.1.4
portable	UNKNOWN STEP	2026-10-01T11:44:53.5334878Z ^[[1m^[[92m   Compiling^[[0m hashbrown v0.17.1
portable	UNKNOWN STEP	2026-10-01T11:44:53.8570487Z ^[[1m^[[92m   Compiling^[[0m equivalent v1.0.2
portable	UNKNOWN STEP	2026-10-01T11:44:53.9575040Z ^[[1m^[[92m   Compiling^[[0m indexmap v2.14.0
portable	UNKNOWN STEP	2026-10-01T11:44:54.1144802Z ^[[1m^[[92m    Checking^[[0m futures-io v0.3.34
portable	UNKNOWN STEP	2026-10-01T11:44:54.1664967Z ^[[1m^[[92m    Checking^[[0m linux-raw-sys v0.12.1
portable	UNKNOWN STEP	2026-10-01T11:44:54.3324864Z ^[[1m^[[92m   Compiling^[[0m serde_derive v1.0.229
portable	UNKNOWN STEP	2026-10-01T11:44:54.5164843Z ^[[1m^[[92m   Compiling^[[0m bytemuck_derive v1.12.1
portable	UNKNOWN STEP	2026-10-01T11:44:54.6355232Z ^[[1m^[[92m   Compiling^[[0m winnow v1.0.4
portable	UNKNOWN STEP	2026-10-01T11:44:55.3714877Z ^[[1m^[[92m    Checking^[[0m bytemuck v1.25.2
portable	UNKNOWN STEP	2026-10-01T11:44:55.5215133Z ^[[1m^[[92m    Checking^[[0m memchr v2.8.3
portable	UNKNOWN STEP	2026-10-01T11:44:55.5644630Z ^[[1m^[[92m    Checking^[[0m parking v2.2.1
portable	UNKNOWN STEP	2026-10-01T11:44:55.6114608Z ^[[1m^[[92m   Compiling^[[0m toml_parser v1.1.3+spec-1.1.0
portable	UNKNOWN STEP	2026-10-01T11:44:55.8244812Z ^[[1m^[[92m   Compiling^[[0m pkg-config v0.3.34
portable	UNKNOWN STEP	2026-10-01T11:44:56.0644906Z ^[[1m^[[92m   Compiling^[[0m toml_datetime v1.1.1+spec-1.1.0
portable	UNKNOWN STEP	2026-10-01T11:44:56.1925285Z ^[[1m^[[92m    Checking^[[0m slab v0.4.12
portable	UNKNOWN STEP	2026-10-01T11:44:56.2045125Z ^[[1m^[[92m    Checking^[[0m fastrand v2.5.0
portable	UNKNOWN STEP	2026-10-01T11:44:56.2794799Z ^[[1m^[[92m   Compiling^[[0m toml_edit v0.25.13+spec-1.1.0
portable	UNKNOWN STEP	2026-10-01T11:44:56.2943900Z ^[[1m^[[92m    Checking^[[0m arrayvec v0.7.8
portable	UNKNOWN STEP	2026-10-01T11:44:56.4654893Z ^[[1m^[[92m   Compiling^[[0m zerocopy v0.8.56
portable	UNKNOWN STEP	2026-10-01T11:44:56.9774772Z ^[[1m^[[92m    Checking^[[0m smallvec v1.15.2
portable	UNKNOWN STEP	2026-10-01T11:44:57.0904980Z ^[[1m^[[92m   Compiling^[[0m proc-macro-crate v3.5.0
portable	UNKNOWN STEP	2026-10-01T11:44:57.0984793Z ^[[1m^[[92m   Compiling^[[0m zerocopy-derive v0.8.56
portable	UNKNOWN STEP	2026-10-01T11:44:57.1115638Z ^[[1m^[[92m    Checking^[[0m simd-adler32 v0.3.10
portable	UNKNOWN STEP	2026-10-01T11:44:57.1944845Z ^[[1m^[[92m   Compiling^[[0m enumflags2_derive v0.7.12
portable	UNKNOWN STEP	2026-10-01T11:44:57.4305050Z ^[[1m^[[92m    Checking^[[0m libloading v0.8.9
portable	UNKNOWN STEP	2026-10-01T11:44:57.5028330Z ^[[1m^[[92m   Compiling^[[0m zvariant_utils v4.2.0
portable	UNKNOWN STEP	2026-10-01T11:44:57.5084382Z ^[[1m^[[92m    Checking^[[0m futures-lite v2.6.1
portable	UNKNOWN STEP	2026-10-01T11:44:57.6505455Z ^[[1m^[[92m    Checking^[[0m event-listener v5.4.2
portable	UNKNOWN STEP	2026-10-01T11:44:57.7836519Z ^[[1m^[[92m    Checking^[[0m concurrent-queue v2.5.0
portable	UNKNOWN STEP	2026-10-01T11:44:57.9887883Z ^[[1m^[[92m    Checking^[[0m adler2 v2.0.1
portable	UNKNOWN STEP	2026-10-01T11:44:58.0324783Z ^[[1m^[[92m    Checking^[[0m miniz_oxide v0.8.9
portable	UNKNOWN STEP	2026-10-01T11:44:58.2704993Z ^[[1m^[[92m   Compiling^[[0m zvariant_derive v5.15.0
portable	UNKNOWN STEP	2026-10-01T11:44:58.2974881Z ^[[1m^[[92m    Checking^[[0m event-listener-strategy v0.5.4
portable	UNKNOWN STEP	2026-10-01T11:44:58.3526274Z ^[[1m^[[92m   Compiling^[[0m synstructure v0.13.2
portable	UNKNOWN STEP	2026-10-01T11:44:58.4695327Z ^[[1m^[[92m    Checking^[[0m tracing-core v0.1.36
portable	UNKNOWN STEP	2026-10-01T11:44:58.7085263Z ^[[1m^[[92m   Compiling^[[0m find-msvc-tools v0.1.11
portable	UNKNOWN STEP	2026-10-01T11:44:58.7604899Z ^[[1m^[[92m   Compiling^[[0m shlex v2.0.1
portable	UNKNOWN STEP	2026-10-01T11:44:58.7855228Z ^[[1m^[[92m    Checking^[[0m async-task v4.7.1
portable	UNKNOWN STEP	2026-10-01T11:44:58.8545732Z ^[[1m^[[92m   Compiling^[[0m crc32fast v1.5.1
portable	UNKNOWN STEP	2026-10-01T11:44:58.8550697Z ^[[1m^[[92m    Checking^[[0m stable_deref_trait v1.2.1
portable	UNKNOWN STEP	2026-10-01T11:44:58.8825160Z ^[[1m^[[92m   Compiling^[[0m cc v1.4.4
portable	UNKNOWN STEP	2026-10-01T11:44:58.9094983Z ^[[1m^[[92m   Compiling^[[0m zerofrom-derive v0.1.7
portable	UNKNOWN STEP	2026-10-01T11:44:59.0004895Z ^[[1m^[[92m    Checking^[[0m dlib v0.5.3
portable	UNKNOWN STEP	2026-10-01T11:44:59.0404661Z ^[[1m^[[92m   Compiling^[[0m getrandom v0.4.3
portable	UNKNOWN STEP	2026-10-01T11:44:59.2464815Z ^[[1m^[[92m   Compiling^[[0m yoke-derive v0.8.2
portable	UNKNOWN STEP	2026-10-01T11:44:59.7589061Z ^[[1m^[[92m    Checking^[[0m zerofrom v0.1.8
portable	UNKNOWN STEP	2026-10-01T11:44:59.8144777Z ^[[1m^[[92m    Checking^[[0m async-channel v2.5.0
portable	UNKNOWN STEP	2026-10-01T11:44:59.9165064Z ^[[1m^[[92m    Checking^[[0m polling v3.11.0
portable	UNKNOWN STEP	2026-10-01T11:44:59.9865090Z ^[[1m^[[92m   Compiling^[[0m wayland-sys v0.31.11
portable	UNKNOWN STEP	2026-10-01T11:45:00.0084662Z ^[[1m^[[92m   Compiling^[[0m tracing-attributes v0.1.31
portable	UNKNOWN STEP	2026-10-01T11:45:00.0844959Z ^[[1m^[[92m   Compiling^[[0m generic-array v0.14.7
portable	UNKNOWN STEP	2026-10-01T11:45:00.2025214Z ^[[1m^[[92m    Checking^[[0m yoke v0.8.3
portable	UNKNOWN STEP	2026-10-01T11:45:00.2645303Z ^[[1m^[[92m    Checking^[[0m flate2 v1.1.9
portable	UNKNOWN STEP	2026-10-01T11:45:00.3774778Z ^[[1m^[[92m   Compiling^[[0m enumflags2 v0.7.12
portable	UNKNOWN STEP	2026-10-01T11:45:00.4765552Z ^[[1m^[[92m   Compiling^[[0m zcheapstr v1.1.0
portable	UNKNOWN STEP	2026-10-01T11:45:00.5294788Z ^[[1m^[[92m   Compiling^[[0m async-io v2.6.0
portable	UNKNOWN STEP	2026-10-01T11:45:00.5452819Z ^[[1m^[[92m   Compiling^[[0m anyhow v1.0.104
portable	UNKNOWN STEP	2026-10-01T11:45:00.6174768Z ^[[1m^[[92m   Compiling^[[0m endi v1.1.1
portable	UNKNOWN STEP	2026-10-01T11:45:00.6984815Z ^[[1m^[[92m   Compiling^[[0m cfg_aliases v0.2.2
portable	UNKNOWN STEP	2026-10-01T11:45:00.7294589Z ^[[1m^[[92m    Checking^[[0m typenum v1.20.1
portable	UNKNOWN STEP	2026-10-01T11:45:00.8835010Z ^[[1m^[[92m    Checking^[[0m tracing v0.1.44
portable	UNKNOWN STEP	2026-10-01T11:45:01.0544734Z ^[[1m^[[92m   Compiling^[[0m zvariant v5.15.0
portable	UNKNOWN STEP	2026-10-01T11:45:01.3394704Z ^[[1m^[[92m   Compiling^[[0m zerovec-derive v0.11.6
portable	UNKNOWN STEP	2026-10-01T11:45:01.6484759Z ^[[1m^[[92m    Checking^[[0m atomic-waker v1.1.2
portable	UNKNOWN STEP	2026-10-01T11:45:02.1105280Z ^[[1m^[[92m    Checking^[[0m sha1_smol v1.0.1
portable	UNKNOWN STEP	2026-10-01T11:45:02.1954749Z ^[[1m^[[92m    Checking^[[0m scopeguard v1.2.0
portable	UNKNOWN STEP	2026-10-01T11:45:02.2304628Z ^[[1m^[[92m    Checking^[[0m lock_api v0.4.14
portable	UNKNOWN STEP	2026-10-01T11:45:02.3554807Z ^[[1m^[[92m    Checking^[[0m uuid v1.26.0
portable	UNKNOWN STEP	2026-10-01T11:45:02.4000556Z ^[[1m^[[92m    Checking^[[0m zerovec v0.11.8
portable	UNKNOWN STEP	2026-10-01T11:45:02.5796779Z ^[[1m^[[92m    Checking^[[0m piper v0.2.5
portable	UNKNOWN STEP	2026-10-01T11:45:02.8815235Z ^[[1m^[[92m   Compiling^[[0m zbus_names v4.3.4
portable	UNKNOWN STEP	2026-10-01T11:45:02.9204717Z ^[[1m^[[92m   Compiling^[[0m displaydoc v0.2.7
portable	UNKNOWN STEP	2026-10-01T11:45:03.1674819Z ^[[1m^[[92m    Checking^[[0m core_maths v0.1.1
portable	UNKNOWN STEP	2026-10-01T11:45:03.2085860Z ^[[1m^[[92m    Checking^[[0m serde_bytes v0.11.19
portable	UNKNOWN STEP	2026-10-01T11:45:03.3035148Z ^[[1m^[[92m    Checking^[[0m errno v0.3.14
portable	UNKNOWN STEP	2026-10-01T11:45:03.3305018Z ^[[1m^[[92m   Compiling^[[0m getrandom v0.3.4
portable	UNKNOWN STEP	2026-10-01T11:45:03.3337833Z ^[[1m^[[92m   Compiling^[[0m zmij v1.0.23
portable	UNKNOWN STEP	2026-10-01T11:45:03.3645185Z ^[[1m^[[92m    Checking^[[0m futures-sink v0.3.34
portable	UNKNOWN STEP	2026-10-01T11:45:03.4062175Z ^[[1m^[[92m    Checking^[[0m signal-hook-registry v1.4.8
portable	UNKNOWN STEP	2026-10-01T11:45:03.4824925Z ^[[1m^[[92m    Checking^[[0m blocking v1.7.0
portable	UNKNOWN STEP	2026-10-01T11:45:03.4939749Z ^[[1m^[[92m    Checking^[[0m async-lock v3.4.2
portable	UNKNOWN STEP	2026-10-01T11:45:03.4984605Z ^[[1m^[[92m    Checking^[[0m siphasher v1.0.3
portable	UNKNOWN STEP	2026-10-01T11:45:03.5830268Z ^[[1m^[[92m    Checking^[[0m allocator-api2 v0.2.21
portable	UNKNOWN STEP	2026-10-01T11:45:03.5884544Z ^[[1m^[[92m    Checking^[[0m foldhash v0.2.0
portable	UNKNOWN STEP	2026-10-01T11:45:03.6475320Z ^[[1m^[[92m   Compiling^[[0m thiserror v2.0.20
portable	UNKNOWN STEP	2026-10-01T11:45:03.7844860Z ^[[1m^[[92m   Compiling^[[0m parking_lot_core v0.9.12
portable	UNKNOWN STEP	2026-10-01T11:45:03.7944637Z ^[[1m^[[92m    Checking^[[0m hashbrown v0.16.1
portable	UNKNOWN STEP	2026-10-01T11:45:03.9064593Z ^[[1m^[[92m    Checking^[[0m async-signal v0.2.14
portable	UNKNOWN STEP	2026-10-01T11:45:03.9565463Z ^[[1m^[[92m    Checking^[[0m futures-channel v0.3.34
portable	UNKNOWN STEP	2026-10-01T11:45:04.0026370Z ^[[1m^[[92m    Checking^[[0m half v2.7.1
portable	UNKNOWN STEP	2026-10-01T11:45:04.1025708Z ^[[1m^[[92m   Compiling^[[0m thiserror-impl v2.0.20
portable	UNKNOWN STEP	2026-10-01T11:45:04.2145146Z ^[[1m^[[92m   Compiling^[[0m futures-macro v0.3.34
portable	UNKNOWN STEP	2026-10-01T11:45:04.3255304Z ^[[1m^[[92m   Compiling^[[0m slotmap v1.1.1
portable	UNKNOWN STEP	2026-10-01T11:45:04.4184755Z ^[[1m^[[92m    Checking^[[0m static_assertions v1.1.0
portable	UNKNOWN STEP	2026-10-01T11:45:04.4534558Z ^[[1m^[[92m    Checking^[[0m futures-task v0.3.34
portable	UNKNOWN STEP	2026-10-01T11:45:04.5664789Z ^[[1m^[[92m    Checking^[[0m async-process v2.5.0
portable	UNKNOWN STEP	2026-10-01T11:45:04.7004888Z ^[[1m^[[92m    Checking^[[0m futures-util v0.3.34
portable	UNKNOWN STEP	2026-10-01T11:45:04.8462443Z ^[[1m^[[92m    Checking^[[0m tinystr v0.8.4
portable	UNKNOWN STEP	2026-10-01T11:45:04.9444570Z ^[[1m^[[92m    Checking^[[0m crypto-common v0.1.7
portable	UNKNOWN STEP	2026-10-01T11:45:04.9981329Z ^[[1m^[[92m   Compiling^[[0m wayland-backend v0.3.17
portable	UNKNOWN STEP	2026-10-01T11:45:05.0295583Z ^[[1m^[[92m    Checking^[[0m async-executor v1.14.0
portable	UNKNOWN STEP	2026-10-01T11:45:05.1455021Z ^[[1m^[[92m    Checking^[[0m itoa v1.0.18
portable	UNKNOWN STEP	2026-10-01T11:45:05.1540118Z ^[[1m^[[92m    Checking^[[0m litemap v0.8.3
portable	UNKNOWN STEP	2026-10-01T11:45:05.2264708Z ^[[1m^[[92m   Compiling^[[0m crossbeam-epoch v0.9.20
portable	UNKNOWN STEP	2026-10-01T11:45:05.2545189Z ^[[1m^[[92m    Checking^[[0m writeable v0.6.4
portable	UNKNOWN STEP	2026-10-01T11:45:05.3663806Z ^[[1m^[[92m    Checking^[[0m icu_locale_core v2.3.0
portable	UNKNOWN STEP	2026-10-01T11:45:05.6274865Z ^[[1m^[[92m    Checking^[[0m parking_lot v0.12.5
portable	UNKNOWN STEP	2026-10-01T11:45:05.7485197Z ^[[1m^[[92m    Checking^[[0m zerotrie v0.2.5
portable	UNKNOWN STEP	2026-10-01T11:45:05.8892357Z ^[[1m^[[92m   Compiling^[[0m zbus_macros v5.19.0
portable	UNKNOWN STEP	2026-10-01T11:45:05.8965026Z ^[[1m^[[92m    Checking^[[0m ttf-parser v0.25.1
portable	UNKNOWN STEP	2026-10-01T11:45:05.9502517Z ^[[1m^[[92m    Checking^[[0m potential_utf v0.1.6
portable	UNKNOWN STEP	2026-10-01T11:45:06.0048660Z ^[[1m^[[92m   Compiling^[[0m quick-xml v0.41.0
portable	UNKNOWN STEP	2026-10-01T11:45:06.4924818Z ^[[1m^[[92m    Checking^[[0m async-broadcast v0.7.2
portable	UNKNOWN STEP	2026-10-01T11:45:06.6104447Z ^[[1m^[[92m   Compiling^[[0m async-recursion v1.1.1
portable	UNKNOWN STEP	2026-10-01T11:45:06.7214886Z ^[[1m^[[92m   Compiling^[[0m async-trait v0.1.92
portable	UNKNOWN STEP	2026-10-01T11:45:06.9494773Z ^[[1m^[[92m   Compiling^[[0m serde_repr v0.1.21
portable	UNKNOWN STEP	2026-10-01T11:45:07.2024984Z ^[[1m^[[92m    Checking^[[0m ordered-stream v0.2.0
portable	UNKNOWN STEP	2026-10-01T11:45:07.2144702Z ^[[1m^[[92m    Checking^[[0m memmap2 v0.9.11
portable	UNKNOWN STEP	2026-10-01T11:45:07.3104704Z ^[[1m^[[92m    Checking^[[0m hex v0.4.3
portable	UNKNOWN STEP	2026-10-01T11:45:07.3224865Z ^[[1m^[[92m   Compiling^[[0m icu_normalizer_data v2.3.0
portable	UNKNOWN STEP	2026-10-01T11:45:07.3795091Z ^[[1m^[[92m    Checking^[[0m downcast-rs v1.2.1
portable	UNKNOWN STEP	2026-10-01T11:45:07.4115237Z ^[[1m^[[92m   Compiling^[[0m icu_properties_data v2.3.0
portable	UNKNOWN STEP	2026-10-01T11:45:07.4178978Z ^[[1m^[[92m   Compiling^[[0m crossbeam-deque v0.8.7
portable	UNKNOWN STEP	2026-10-01T11:45:07.4524839Z ^[[1m^[[92m    Checking^[[0m utf8_iter v1.0.4
portable	UNKNOWN STEP	2026-10-01T11:45:07.4956676Z ^[[1m^[[92m    Checking^[[0m float-cmp v0.9.0
portable	UNKNOWN STEP	2026-10-01T11:45:07.5051819Z ^[[1m^[[92m    Checking^[[0m roxmltree v0.20.0
portable	UNKNOWN STEP	2026-10-01T11:45:07.5225014Z ^[[1m^[[92m   Compiling^[[0m wayland-client v0.31.15
portable	UNKNOWN STEP	2026-10-01T11:45:07.5495657Z ^[[1m^[[92m    Checking^[[0m scoped-tls v1.0.1
portable	UNKNOWN STEP	2026-10-01T11:45:07.5865291Z ^[[1m^[[92m    Checking^[[0m tinyvec_macros v0.1.1
portable	UNKNOWN STEP	2026-10-01T11:45:07.6129796Z ^[[1m^[[92m    Checking^[[0m tinyvec v1.12.0
portable	UNKNOWN STEP	2026-10-01T11:45:07.7674928Z ^[[1m^[[92m    Checking^[[0m fontconfig-parser v0.5.8
portable	UNKNOWN STEP	2026-10-01T11:45:07.8415122Z ^[[1m^[[92m    Checking^[[0m strict-num v0.1.1
portable	UNKNOWN STEP	2026-10-01T11:45:07.9314770Z ^[[1m^[[92m    Checking^[[0m icu_collections v2.3.0
portable	UNKNOWN STEP	2026-10-01T11:45:08.0125005Z ^[[1m^[[92m    Checking^[[0m zbus v5.19.0
portable	UNKNOWN STEP	2026-10-01T11:45:08.0264226Z ^[[1m^[[92m   Compiling^[[0m wayland-scanner v0.31.11
portable	UNKNOWN STEP	2026-10-01T11:45:08.1374752Z ^[[1m^[[92m    Checking^[[0m icu_provider v2.3.1
portable	UNKNOWN STEP	2026-10-01T11:45:08.2904756Z ^[[1m^[[92m   Compiling^[[0m naga v29.0.4
portable	UNKNOWN STEP	2026-10-01T11:45:08.3925201Z ^[[1m^[[92m    Checking^[[0m fdeflate v0.3.7
portable	UNKNOWN STEP	2026-10-01T11:45:08.4345316Z ^[[1m^[[92m    Checking^[[0m euclid v0.22.14
portable	UNKNOWN STEP	2026-10-01T11:45:08.5715210Z ^[[1m^[[92m    Checking^[[0m bit-vec v0.9.1
portable	UNKNOWN STEP	2026-10-01T11:45:08.6864753Z ^[[1m^[[92m    Checking^[[0m raw-window-handle v0.6.2
portable	UNKNOWN STEP	2026-10-01T11:45:08.8004926Z ^[[1m^[[92m   Compiling^[[0m crunchy v0.2.4
portable	UNKNOWN STEP	2026-10-01T11:45:08.8934232Z ^[[1m^[[92m   Compiling^[[0m serde_json v1.0.151
portable	UNKNOWN STEP	2026-10-01T11:45:08.9219966Z ^[[1m^[[92m   Compiling^[[0m rayon-core v1.13.0
portable	UNKNOWN STEP	2026-10-01T11:45:08.9915125Z ^[[1m^[[92m    Checking^[[0m unicode-width v0.2.2
portable	UNKNOWN STEP	2026-10-01T11:45:09.1234821Z ^[[1m^[[92m   Compiling^[[0m ash v0.38.0+1.3.281
portable	UNKNOWN STEP	2026-10-01T11:45:09.1995225Z ^[[1m^[[92m    Checking^[[0m unicode-script v0.5.8
portable	UNKNOWN STEP	2026-10-01T11:45:09.2085194Z ^[[1m^[[92m    Checking^[[0m arrayref v0.3.9
portable	UNKNOWN STEP	2026-10-01T11:45:09.2334807Z ^[[1m^[[92m    Checking^[[0m tiny-skia-path v0.11.4
portable	UNKNOWN STEP	2026-10-01T11:45:09.3995974Z ^[[1m^[[92m    Checking^[[0m codespan-reporting v0.13.1
portable	UNKNOWN STEP	2026-10-01T11:45:09.5414913Z ^[[1m^[[92m    Checking^[[0m bit-set v0.9.1
portable	UNKNOWN STEP	2026-10-01T11:45:09.7894922Z ^[[1m^[[92m    Checking^[[0m fontdb v0.23.0
portable	UNKNOWN STEP	2026-10-01T11:45:09.9064453Z ^[[1m^[[92m    Checking^[[0m rand_core v0.9.5
portable	UNKNOWN STEP	2026-10-01T11:45:10.0004825Z ^[[1m^[[92m   Compiling^[[0m zbus_xml v5.2.1
portable	UNKNOWN STEP	2026-10-01T11:45:10.0464683Z ^[[1m^[[92m    Checking^[[0m block-buffer v0.10.4
portable	UNKNOWN STEP	2026-10-01T11:45:10.1012372Z ^[[1m^[[92m    Checking^[[0m ppv-lite86 v0.2.21
portable	UNKNOWN STEP	2026-10-01T11:45:10.1150991Z ^[[1m^[[92m    Checking^[[0m num-complex v0.4.6
portable	UNKNOWN STEP	2026-10-01T11:45:10.3285303Z ^[[1m^[[92m   Compiling^[[0m profiling-procmacros v1.0.18
portable	UNKNOWN STEP	2026-10-01T11:45:10.3954969Z ^[[1m^[[92m    Checking^[[0m spirv v0.4.0+sdk-1.4.341.0
portable	UNKNOWN STEP	2026-10-01T11:45:10.5075136Z ^[[1m^[[92m    Checking^[[0m unicode-bidi-mirroring v0.4.0
portable	UNKNOWN STEP	2026-10-01T11:45:10.5435174Z ^[[1m^[[92m    Checking^[[0m unicode-bidi v0.3.18
portable	UNKNOWN STEP	2026-10-01T11:45:10.7724956Z ^[[1m^[[92m   Compiling^[[0m paste v1.0.15
portable	UNKNOWN STEP	2026-10-01T11:45:10.8055981Z ^[[1m^[[92m   Compiling^[[0m tiny-keccak v2.0.2
portable	UNKNOWN STEP	2026-10-01T11:45:10.8856678Z ^[[1m^[[92m    Checking^[[0m foldhash v0.1.5
portable	UNKNOWN STEP	2026-10-01T11:45:10.9005174Z ^[[1m^[[92m   Compiling^[[0m heck v0.5.0
portable	UNKNOWN STEP	2026-10-01T11:45:10.9474772Z ^[[1m^[[92m    Checking^[[0m subtle v2.6.1
portable	UNKNOWN STEP	2026-10-01T11:45:11.0194812Z ^[[1m^[[92m    Checking^[[0m iana-time-zone v0.1.65
portable	UNKNOWN STEP	2026-10-01T11:45:11.0284929Z ^[[1m^[[92m    Checking^[[0m hexf-parse v0.2.1
portable	UNKNOWN STEP	2026-10-01T11:45:11.0764716Z ^[[1m^[[92m    Checking^[[0m rustc-hash v1.1.0
portable	UNKNOWN STEP	2026-10-01T11:45:11.0765373Z ^[[1m^[[92m    Checking^[[0m rustc-hash v2.1.3
portable	UNKNOWN STEP	2026-10-01T11:45:11.1154990Z ^[[1m^[[92m   Compiling^[[0m khronos-egl v6.0.0
portable	UNKNOWN STEP	2026-10-01T11:45:11.1244591Z ^[[1m^[[92m    Checking^[[0m lazy_static v1.5.0
portable	UNKNOWN STEP	2026-10-01T11:45:11.1544678Z ^[[1m^[[92m    Checking^[[0m unicode-ccc v0.4.0
portable	UNKNOWN STEP	2026-10-01T11:45:11.1954827Z ^[[1m^[[92m    Checking^[[0m unicode-properties v0.1.4
portable	UNKNOWN STEP	2026-10-01T11:45:11.1984113Z ^[[1m^[[92m   Compiling^[[0m semver v1.0.28
portable	UNKNOWN STEP	2026-10-01T11:45:11.2984693Z ^[[1m^[[92m    Checking^[[0m rustybuzz v0.20.1
portable	UNKNOWN STEP	2026-10-01T11:45:11.3755225Z ^[[1m^[[92m   Compiling^[[0m rustc_version v0.4.1
portable	UNKNOWN STEP	2026-10-01T11:45:11.5504713Z ^[[1m^[[92m    Checking^[[0m chrono v0.4.45
portable	UNKNOWN STEP	2026-10-01T11:45:11.6154741Z ^[[1m^[[92m    Checking^[[0m digest v0.10.7
portable	UNKNOWN STEP	2026-10-01T11:45:11.7305024Z ^[[1m^[[92m    Checking^[[0m hashbrown v0.15.5
portable	UNKNOWN STEP	2026-10-01T11:45:12.1214824Z ^[[1m^[[92m   Compiling^[[0m zbus-lockstep v0.5.2
portable	UNKNOWN STEP	2026-10-01T11:45:12.2244788Z ^[[1m^[[92m    Checking^[[0m profiling v1.0.18
portable	UNKNOWN STEP	2026-10-01T11:45:12.2504550Z ^[[1m^[[92m    Checking^[[0m rand_chacha v0.9.0
portable	UNKNOWN STEP	2026-10-01T11:45:12.5324953Z ^[[1m^[[92m    Checking^[[0m icu_properties v2.3.0
portable	UNKNOWN STEP	2026-10-01T11:45:12.6055081Z ^[[1m^[[92m    Checking^[[0m icu_normalizer v2.3.0
portable	UNKNOWN STEP	2026-10-01T11:45:13.2934722Z ^[[1m^[[92m    Checking^[[0m lyon_geom v1.0.19
portable	UNKNOWN STEP	2026-10-01T11:45:13.6244642Z ^[[1m^[[92m    Checking^[[0m wgpu-types v29.0.4
portable	UNKNOWN STEP	2026-10-01T11:45:13.6484810Z ^[[1m^[[92m    Checking^[[0m gpui-pre-util v0.3.7
portable	UNKNOWN STEP	2026-10-01T11:45:13.7314613Z ^[[1m^[[92m    Checking^[[0m futures-executor v0.3.34
portable	UNKNOWN STEP	2026-10-01T11:45:14.4184829Z ^[[1m^[[92m   Compiling^[[0m wgpu-hal v29.0.4
portable	UNKNOWN STEP	2026-10-01T11:45:14.6254786Z ^[[1m^[[92m    Checking^[[0m polycool v0.4.0
portable	UNKNOWN STEP	2026-10-01T11:45:14.7405020Z ^[[1m^[[92m    Checking^[[0m aho-corasick v1.1.5
portable	UNKNOWN STEP	2026-10-01T11:45:14.9275058Z ^[[1m^[[92m   Compiling^[[0m enumn v0.1.14
portable	UNKNOWN STEP	2026-10-01T11:45:15.1094947Z ^[[1m^[[92m   Compiling^[[0m zeroize_derive v1.5.0
portable	UNKNOWN STEP	2026-10-01T11:45:15.3292622Z ^[[1m^[[92m    Checking^[[0m num-integer v0.1.47
portable	UNKNOWN STEP	2026-10-01T11:45:15.4294856Z ^[[1m^[[92m   Compiling^[[0m pulp v0.22.3
portable	UNKNOWN STEP	2026-10-01T11:45:15.5095323Z ^[[1m^[[92m    Checking^[[0m simplecss v0.2.2
portable	UNKNOWN STEP	2026-10-01T11:45:15.5815381Z ^[[1m^[[92m    Checking^[[0m gpu-descriptor-types v0.2.0
portable	UNKNOWN STEP	2026-10-01T11:45:15.6424698Z ^[[1m^[[92m    Checking^[[0m weezl v0.1.12
portable	UNKNOWN STEP	2026-10-01T11:45:15.6604635Z ^[[1m^[[92m    Checking^[[0m byteorder v1.5.0
portable	UNKNOWN STEP	2026-10-01T11:45:15.7894719Z ^[[1m^[[92m    Checking^[[0m xmlwriter v0.1.0
portable	UNKNOWN STEP	2026-10-01T11:45:15.7984662Z ^[[1m^[[92m    Checking^[[0m quick-error v2.0.1
portable	UNKNOWN STEP	2026-10-01T11:45:15.8349946Z ^[[1m^[[92m    Checking^[[0m regex-syntax v0.8.11
portable	UNKNOWN STEP	2026-10-01T11:45:15.8475137Z ^[[1m^[[92m   Compiling^[[0m object v0.37.3
portable	UNKNOWN STEP	2026-10-01T11:45:15.9764877Z ^[[1m^[[92m    Checking^[[0m pico-args v0.5.0
portable	UNKNOWN STEP	2026-10-01T11:45:16.0494716Z ^[[1m^[[92m   Compiling^[[0m unicode-segmentation v1.13.3
portable	UNKNOWN STEP	2026-10-01T11:45:16.3365228Z ^[[1m^[[92m    Checking^[[0m data-url v0.3.2
portable	UNKNOWN STEP	2026-10-01T11:45:16.4424971Z ^[[1m^[[92m    Checking^[[0m zune-core v0.5.3
portable	UNKNOWN STEP	2026-10-01T11:45:16.5704801Z ^[[1m^[[92m    Checking^[[0m libbz2-rs-sys v0.2.5
portable	UNKNOWN STEP	2026-10-01T11:45:16.8375267Z ^[[1m^[[92m   Compiling^[[0m thiserror v1.0.69
portable	UNKNOWN STEP	2026-10-01T11:45:16.8588149Z ^[[1m^[[92m    Checking^[[0m unicode-vo v0.1.0
portable	UNKNOWN STEP	2026-10-01T11:45:16.9045529Z ^[[1m^[[92m    Checking^[[0m either v1.18.0
portable	UNKNOWN STEP	2026-10-01T11:45:16.9795020Z ^[[1m^[[92m    Checking^[[0m bitflags v1.3.2
portable	UNKNOWN STEP	2026-10-01T11:45:17.0404838Z ^[[1m^[[92m    Checking^[[0m base64 v0.22.1
portable	UNKNOWN STEP	2026-10-01T11:45:17.0645715Z ^[[1m^[[92m   Compiling^[[0m ref-cast v1.0.27
portable	UNKNOWN STEP	2026-10-01T11:45:17.1274878Z ^[[1m^[[92m    Checking^[[0m percent-encoding v2.3.2
portable	UNKNOWN STEP	2026-10-01T11:45:17.2022576Z ^[[1m^[[92m    Checking^[[0m presser v0.3.1
portable	UNKNOWN STEP	2026-10-01T11:45:17.2074343Z ^[[1m^[[92m    Checking^[[0m form_urlencoded v1.2.2
portable	UNKNOWN STEP	2026-10-01T11:45:17.2394841Z ^[[1m^[[92m   Compiling^[[0m phf_shared v0.13.1
portable	UNKNOWN STEP	2026-10-01T11:45:17.2513824Z ^[[1m^[[92m   Compiling^[[0m getrandom v0.2.17
portable	UNKNOWN STEP	2026-10-01T11:45:17.2671889Z ^[[1m^[[92m    Checking^[[0m png v0.17.16
portable	UNKNOWN STEP	2026-10-01T11:45:17.3829456Z ^[[1m^[[92m    Checking^[[0m regex-automata v0.4.18
portable	UNKNOWN STEP	2026-10-01T11:45:17.3985241Z ^[[1m^[[92m    Checking^[[0m bzip2 v0.6.1
portable	UNKNOWN STEP	2026-10-01T11:45:17.4944842Z ^[[1m^[[92m    Checking^[[0m wgpu-naga-bridge v29.0.4
portable	UNKNOWN STEP	2026-10-01T11:45:17.5391407Z ^[[1m^[[92m    Checking^[[0m zune-jpeg v0.5.15
portable	UNKNOWN STEP	2026-10-01T11:45:17.7265539Z ^[[1m^[[92m   Compiling^[[0m convert_case v0.10.0
portable	UNKNOWN STEP	2026-10-01T11:45:17.9081783Z ^[[1m^[[92m    Checking^[[0m gpu-descriptor v0.3.2
portable	UNKNOWN STEP	2026-10-01T11:45:17.9999958Z ^[[1m^[[92m    Checking^[[0m zeroize v1.9.0
portable	UNKNOWN STEP	2026-10-01T11:45:18.0214918Z ^[[1m^[[92m    Checking^[[0m accesskit v0.24.1
portable	UNKNOWN STEP	2026-10-01T11:45:18.0848338Z ^[[1m^[[92m    Checking^[[0m kurbo v0.13.1
portable	UNKNOWN STEP	2026-10-01T11:45:18.5164916Z ^[[1m^[[92m    Checking^[[0m futures v0.3.34
portable	UNKNOWN STEP	2026-10-01T11:45:18.5464806Z ^[[1m^[[92m    Checking^[[0m gpui-pre-collections v0.3.7
portable	UNKNOWN STEP	2026-10-01T11:45:18.5975291Z ^[[1m^[[92m    Checking^[[0m lyon_path v1.0.19
portable	UNKNOWN STEP	2026-10-01T11:45:18.6575368Z ^[[1m^[[92m    Checking^[[0m idna_adapter v1.2.2
portable	UNKNOWN STEP	2026-10-01T11:45:18.8363792Z ^[[1m^[[92m    Checking^[[0m rand v0.9.5
portable	UNKNOWN STEP	2026-10-01T11:45:18.8675218Z ^[[1m^[[92m   Compiling^[[0m zbus-lockstep-macros v0.5.2
portable	UNKNOWN STEP	2026-10-01T11:45:19.1895203Z ^[[1m^[[92m   Compiling^[[0m pathfinder_simd v0.5.6
portable	UNKNOWN STEP	2026-10-01T11:45:19.2834752Z ^[[1m^[[92m    Checking^[[0m sharded-slab v0.1.7
portable	UNKNOWN STEP	2026-10-01T11:45:19.3985489Z ^[[1m^[[92m    Checking^[[0m block-padding v0.3.3
portable	UNKNOWN STEP	2026-10-01T11:45:19.4470321Z ^[[1m^[[92m   Compiling^[[0m freetype-sys v0.20.1
portable	UNKNOWN STEP	2026-10-01T11:45:19.5654842Z ^[[1m^[[92m    Checking^[[0m tracing-log v0.2.0
portable	UNKNOWN STEP	2026-10-01T11:45:19.5984880Z ^[[1m^[[92m   Compiling^[[0m yeslogic-fontconfig-sys v6.0.1
portable	UNKNOWN STEP	2026-10-01T11:45:19.6254186Z ^[[1m^[[92m    Checking^[[0m font-types v0.12.5
portable	UNKNOWN STEP	2026-10-01T11:45:19.6337432Z ^[[1m^[[92m    Checking^[[0m font-types v0.11.3
portable	UNKNOWN STEP	2026-10-01T11:45:19.6954752Z ^[[1m^[[92m   Compiling^[[0m pin-project-internal v1.1.13
portable	UNKNOWN STEP	2026-10-01T11:45:19.8290485Z ^[[1m^[[92m   Compiling^[[0m thiserror-impl v1.0.69
portable	UNKNOWN STEP	2026-10-01T11:45:19.8334106Z ^[[1m^[[92m   Compiling^[[0m ref-cast-impl v1.0.27
portable	UNKNOWN STEP	2026-10-01T11:45:20.1115464Z ^[[1m^[[92m   Compiling^[[0m serde_derive_internals v0.30.0
portable	UNKNOWN STEP	2026-10-01T11:45:20.3985316Z ^[[1m^[[92m    Checking^[[0m ordered-float v5.5.0
portable	UNKNOWN STEP	2026-10-01T11:45:20.4945129Z ^[[1m^[[92m    Checking^[[0m gpu-allocator v0.28.0
portable	UNKNOWN STEP	2026-10-01T11:45:20.5669566Z ^[[1m^[[92m    Checking^[[0m raw-cpuid v11.6.0
portable	UNKNOWN STEP	2026-10-01T11:45:20.6485634Z ^[[1m^[[92m    Checking^[[0m thread_local v1.1.10
portable	UNKNOWN STEP	2026-10-01T11:45:20.6540306Z ^[[1m^[[92m    Checking^[[0m byteorder-lite v0.1.0
portable	UNKNOWN STEP	2026-10-01T11:45:20.7914796Z ^[[1m^[[92m    Checking^[[0m nu-ansi-term v0.50.3
portable	UNKNOWN STEP	2026-10-01T11:45:20.8014664Z ^[[1m^[[92m    Checking^[[0m color_quant v1.1.0
portable	UNKNOWN STEP	2026-10-01T11:45:20.8134825Z ^[[1m^[[92m    Checking^[[0m compression-core v0.4.32
portable	UNKNOWN STEP	2026-10-01T11:45:20.8574892Z ^[[1m^[[92m    Checking^[[0m reborrow v0.5.5
portable	UNKNOWN STEP	2026-10-01T11:45:20.8673308Z ^[[1m^[[92m    Checking^[[0m gimli v0.32.3
portable	UNKNOWN STEP	2026-10-01T11:45:20.8914877Z ^[[1m^[[92m    Checking^[[0m pulp-wasm-simd-flag v0.1.1
portable	UNKNOWN STEP	2026-10-01T11:45:20.9970980Z ^[[1m^[[92m    Checking^[[0m glow v0.17.0
portable	UNKNOWN STEP	2026-10-01T11:45:21.0014903Z ^[[1m^[[92m    Checking^[[0m bytes v1.12.1
portable	UNKNOWN STEP	2026-10-01T11:45:21.3154657Z ^[[1m^[[92m   Compiling^[[0m unicode-xid v0.2.6
portable	UNKNOWN STEP	2026-10-01T11:45:21.4814875Z ^[[1m^[[92m    Checking^[[0m same-file v1.0.6
portable	UNKNOWN STEP	2026-10-01T11:45:21.5355129Z ^[[1m^[[92m    Checking^[[0m renderdoc-sys v1.1.0
portable	UNKNOWN STEP	2026-10-01T11:45:21.5894923Z ^[[1m^[[92m   Compiling^[[0m heapless v0.9.3
portable	UNKNOWN STEP	2026-10-01T11:45:21.7304802Z ^[[1m^[[92m   Compiling^[[0m gpui-pre-ztracing v0.3.7
portable	UNKNOWN STEP	2026-10-01T11:45:21.9275824Z ^[[1m^[[92m    Checking^[[0m walkdir v2.5.0
portable	UNKNOWN STEP	2026-10-01T11:45:22.3712290Z ^[[1m^[[92m    Checking^[[0m addr2line v0.25.1
portable	UNKNOWN STEP	2026-10-01T11:45:22.5634797Z ^[[1m^[[92m   Compiling^[[0m derive_more-impl v2.1.1
portable	UNKNOWN STEP	2026-10-01T11:45:22.9824930Z ^[[1m^[[92m    Checking^[[0m http v1.5.0
portable	UNKNOWN STEP	2026-10-01T11:45:23.4344576Z ^[[1m^[[92m   Compiling^[[0m const-random-macro v0.1.16
portable	UNKNOWN STEP	2026-10-01T11:45:23.6074798Z ^[[1m^[[92m   Compiling^[[0m phf_generator v0.13.1
portable	UNKNOWN STEP	2026-10-01T11:45:23.7095190Z ^[[1m^[[92m    Checking^[[0m tracing-subscriber v0.3.23
portable	UNKNOWN STEP	2026-10-01T11:45:23.7114750Z ^[[1m^[[92m    Checking^[[0m compression-codecs v0.4.38
portable	UNKNOWN STEP	2026-10-01T11:45:23.8164786Z ^[[1m^[[92m    Checking^[[0m gif v0.14.2
portable	UNKNOWN STEP	2026-10-01T11:45:24.0154908Z ^[[1m^[[92m   Compiling^[[0m schemars_derive v1.2.2
portable	UNKNOWN STEP	2026-10-01T11:45:24.2995206Z ^[[1m^[[92m    Checking^[[0m image-webp v0.2.4
portable	UNKNOWN STEP	2026-10-01T11:45:24.4594619Z ^[[1m^[[92m    Checking^[[0m pin-project v1.1.13
portable	UNKNOWN STEP	2026-10-01T11:45:24.5366037Z ^[[1m^[[92m    Checking^[[0m read-fonts v0.37.0
portable	UNKNOWN STEP	2026-10-01T11:45:24.9420381Z ^[[1m^[[92m    Checking^[[0m read-fonts v0.41.0
portable	UNKNOWN STEP	2026-10-01T11:45:24.9732619Z ^[[1m^[[92m    Checking^[[0m inout v0.1.4
portable	UNKNOWN STEP	2026-10-01T11:45:25.0683202Z ^[[1m^[[92m    Checking^[[0m atspi-common v0.13.0
portable	UNKNOWN STEP	2026-10-01T11:45:25.1894758Z ^[[1m^[[92m    Checking^[[0m idna v1.1.0
portable	UNKNOWN STEP	2026-10-01T11:45:25.3295287Z ^[[1m^[[92m    Checking^[[0m svgtypes v0.16.1
portable	UNKNOWN STEP	2026-10-01T11:45:25.5765255Z ^[[1m^[[92m    Checking^[[0m gpui-pre-zlog v0.3.7
portable	UNKNOWN STEP	2026-10-01T11:45:27.6994786Z ^[[1m^[[92m    Checking^[[0m tiny-skia v0.11.4
portable	UNKNOWN STEP	2026-10-01T11:45:27.9374642Z ^[[1m^[[92m    Checking^[[0m rayon v1.12.0
portable	UNKNOWN STEP	2026-10-01T11:45:27.9834795Z ^[[1m^[[92m    Checking^[[0m hash32 v0.3.1
portable	UNKNOWN STEP	2026-10-01T11:45:28.0364820Z ^[[1m^[[92m    Checking^[[0m wayland-protocols v0.32.13
portable	UNKNOWN STEP	2026-10-01T11:45:28.4235240Z ^[[1m^[[92m    Checking^[[0m spin v0.9.9
portable	UNKNOWN STEP	2026-10-01T11:45:28.5184697Z ^[[1m^[[92m   Compiling^[[0m wgpu-core v29.0.4
portable	UNKNOWN STEP	2026-10-01T11:45:28.7122562Z ^[[1m^[[92m    Checking^[[0m zune-inflate v0.2.54
portable	UNKNOWN STEP	2026-10-01T11:45:28.7124434Z ^[[1m^[[92m    Checking^[[0m roxmltree v0.21.1
portable	UNKNOWN STEP	2026-10-01T11:45:28.8285058Z ^[[1m^[[92m    Checking^[[0m rgb v0.8.53
portable	UNKNOWN STEP	2026-10-01T11:45:28.9625247Z ^[[1m^[[92m   Compiling^[[0m ahash v0.8.12
portable	UNKNOWN STEP	2026-10-01T11:45:29.0305964Z ^[[1m^[[92m    Checking^[[0m xcursor v0.3.11
portable	UNKNOWN STEP	2026-10-01T11:45:29.0634685Z ^[[1m^[[92m   Compiling^[[0m litrs v1.0.0
portable	UNKNOWN STEP	2026-10-01T11:45:29.1174581Z ^[[1m^[[92m    Checking^[[0m dyn-clone v1.0.20
portable	UNKNOWN STEP	2026-10-01T11:45:29.1564630Z ^[[1m^[[92m    Checking^[[0m ryu v1.0.23
portable	UNKNOWN STEP	2026-10-01T11:45:29.2255295Z ^[[1m^[[92m    Checking^[[0m bit_field v0.10.3
portable	UNKNOWN STEP	2026-10-01T11:45:29.2691551Z ^[[1m^[[92m    Checking^[[0m fax v0.2.7
portable	UNKNOWN STEP	2026-10-01T11:45:29.2974748Z ^[[1m^[[92m    Checking^[[0m option-ext v0.2.0
portable	UNKNOWN STEP	2026-10-01T11:45:29.3404758Z ^[[1m^[[92m    Checking^[[0m imagesize v0.14.0
portable	UNKNOWN STEP	2026-10-01T11:45:29.4134827Z ^[[1m^[[92m    Checking^[[0m lebe v0.5.3
portable	UNKNOWN STEP	2026-10-01T11:45:29.4256362Z ^[[1m^[[92m    Checking^[[0m rustc-demangle v0.1.28
portable	UNKNOWN STEP	2026-10-01T11:45:29.4788884Z ^[[1m^[[92m    Checking^[[0m as-raw-xcb-connection v1.0.1
portable	UNKNOWN STEP	2026-10-01T11:45:29.4987245Z ^[[1m^[[92m    Checking^[[0m smol_str v0.3.6
portable	UNKNOWN STEP	2026-10-01T11:45:29.5141769Z ^[[1m^[[92m   Compiling^[[0m gpui-pre-ztracing-macro v0.3.7
portable	UNKNOWN STEP	2026-10-01T11:45:29.5815144Z ^[[1m^[[92m    Checking^[[0m float_next_after v1.0.0
portable	UNKNOWN STEP	2026-10-01T11:45:29.6101566Z ^[[1m^[[92m    Checking^[[0m pxfm v0.1.30
portable	UNKNOWN STEP	2026-10-01T11:45:29.6158240Z ^[[1m^[[92m    Checking^[[0m lyon_tessellation v1.0.20
portable	UNKNOWN STEP	2026-10-01T11:45:29.7614853Z ^[[1m^[[92m    Checking^[[0m backtrace v0.3.76
portable	UNKNOWN STEP	2026-10-01T11:45:29.8894786Z ^[[1m^[[92m    Checking^[[0m exr v1.74.2
portable	UNKNOWN STEP	2026-10-01T11:45:29.9764582Z ^[[1m^[[92m    Checking^[[0m usvg v0.46.0
portable	UNKNOWN STEP	2026-10-01T11:45:30.9114748Z ^[[1m^[[92m    Checking^[[0m tiff v0.11.3
portable	UNKNOWN STEP	2026-10-01T11:45:31.1714901Z ^[[1m^[[92m    Checking^[[0m moxcms v0.8.1
portable	UNKNOWN STEP	2026-10-01T11:45:31.4324800Z ^[[1m^[[92m   Compiling^[[0m document-features v0.2.12
portable	UNKNOWN STEP	2026-10-01T11:45:31.5534723Z ^[[1m^[[92m    Checking^[[0m dirs-sys v0.4.1
portable	UNKNOWN STEP	2026-10-01T11:45:31.6094600Z ^[[1m^[[92m    Checking^[[0m serde_urlencoded v0.7.1
portable	UNKNOWN STEP	2026-10-01T11:45:31.7346284Z ^[[1m^[[92m    Checking^[[0m schemars v1.2.2
portable	UNKNOWN STEP	2026-10-01T11:45:31.7914504Z ^[[1m^[[92m    Checking^[[0m skrifa v0.44.0
portable	UNKNOWN STEP	2026-10-01T11:45:31.8605072Z ^[[1m^[[92m    Checking^[[0m flume v0.12.0
portable	UNKNOWN STEP	2026-10-01T11:45:32.1737610Z ^[[1m^[[92m    Checking^[[0m url v2.5.8
portable	UNKNOWN STEP	2026-10-01T11:45:32.4665108Z ^[[1m^[[92m    Checking^[[0m cipher v0.4.4
portable	UNKNOWN STEP	2026-10-01T11:45:32.6054812Z ^[[1m^[[92m    Checking^[[0m derive_more v2.1.1
portable	UNKNOWN STEP	2026-10-01T11:45:32.6604660Z ^[[1m^[[92m   Compiling^[[0m gpui-pre-perf v0.3.7
portable	UNKNOWN STEP	2026-10-01T11:45:32.7604007Z ^[[1m^[[92m    Checking^[[0m async-compression v0.4.43
portable	UNKNOWN STEP	2026-10-01T11:45:32.9174820Z ^[[1m^[[92m    Checking^[[0m wgpu-core-deps-windows-linux-android v29.0.4
portable	UNKNOWN STEP	2026-10-01T11:45:32.9444675Z ^[[1m^[[92m   Compiling^[[0m phf_macros v0.13.1
portable	UNKNOWN STEP	2026-10-01T11:45:32.9525508Z ^[[1m^[[92m    Checking^[[0m const-random v0.1.18
portable	UNKNOWN STEP	2026-10-01T11:45:32.9759860Z ^[[1m^[[92m    Checking^[[0m http-body v1.1.0
portable	UNKNOWN STEP	2026-10-01T11:45:33.0444832Z ^[[1m^[[92m    Checking^[[0m lyon_algorithms v1.0.20
portable	UNKNOWN STEP	2026-10-01T11:45:33.1985135Z ^[[1m^[[92m    Checking^[[0m num-bigint v0.4.8
portable	UNKNOWN STEP	2026-10-01T11:45:33.2857337Z ^[[1m^[[92m    Checking^[[0m num-iter v0.1.46
portable	UNKNOWN STEP	2026-10-01T11:45:33.3405620Z ^[[1m^[[92m    Checking^[[0m hmac v0.12.1
portable	UNKNOWN STEP	2026-10-01T11:45:33.4074919Z ^[[1m^[[92m   Compiling^[[0m strum_macros v0.28.0
portable	UNKNOWN STEP	2026-10-01T11:45:33.4365205Z ^[[1m^[[92m    Checking^[[0m png v0.18.1
portable	UNKNOWN STEP	2026-10-01T11:45:33.6944614Z ^[[1m^[[92m   Compiling^[[0m wgpu v29.0.4
portable	UNKNOWN STEP	2026-10-01T11:45:34.0104781Z ^[[1m^[[92m    Checking^[[0m gethostname v1.1.0
portable	UNKNOWN STEP	2026-10-01T11:45:34.0254952Z ^[[1m^[[92m    Checking^[[0m qoi v0.4.1
portable	UNKNOWN STEP	2026-10-01T11:45:34.0485246Z ^[[1m^[[92m   Compiling^[[0m gpui-pre-derive-refineable v0.3.7
portable	UNKNOWN STEP	2026-10-01T11:45:34.0534449Z ^[[1m^[[92m    Checking^[[0m crossbeam-queue v0.3.13
portable	UNKNOWN STEP	2026-10-01T11:45:34.1302215Z ^[[1m^[[92m    Checking^[[0m atomic v0.5.3
portable	UNKNOWN STEP	2026-10-01T11:45:34.1478983Z ^[[1m^[[92m    Checking^[[0m cpufeatures v0.2.17
portable	UNKNOWN STEP	2026-10-01T11:45:34.1794803Z ^[[1m^[[92m   Compiling^[[0m xim-parser v0.2.2
portable	UNKNOWN STEP	2026-10-01T11:45:34.2145267Z ^[[1m^[[92m    Checking^[[0m svg_fmt v0.4.5
portable	UNKNOWN STEP	2026-10-01T11:45:34.2674714Z ^[[1m^[[92m    Checking^[[0m link-section v0.19.3
portable	UNKNOWN STEP	2026-10-01T11:45:34.3010382Z ^[[1m^[[92m    Checking^[[0m web-time v1.1.0
portable	UNKNOWN STEP	2026-10-01T11:45:34.3301363Z ^[[1m^[[92m   Compiling^[[0m linktime-proc-macro v0.2.3
portable	UNKNOWN STEP	2026-10-01T11:45:34.4085673Z ^[[1m^[[92m    Checking^[[0m pollster v0.2.5
portable	UNKNOWN STEP	2026-10-01T11:45:34.4614844Z ^[[1m^[[92m    Checking^[[0m yazi v0.2.1
portable	UNKNOWN STEP	2026-10-01T11:45:34.4644367Z ^[[1m^[[92m    Checking^[[0m zeno v0.3.3
portable	UNKNOWN STEP	2026-10-01T11:45:34.6834843Z ^[[1m^[[92m    Checking^[[0m x11rb-protocol v0.13.2
portable	UNKNOWN STEP	2026-10-01T11:45:34.8084807Z ^[[1m^[[92m   Compiling^[[0m zed-font-kit v0.14.1-zed
portable	UNKNOWN STEP	2026-10-01T11:45:34.9014799Z ^[[1m^[[92m   Compiling^[[0m gpui-pre v0.3.7
portable	UNKNOWN STEP	2026-10-01T11:45:34.9885307Z ^[[1m^[[92m   Compiling^[[0m num-bigint-dig v0.9.1
portable	UNKNOWN STEP	2026-10-01T11:45:35.0015153Z ^[[1m^[[92m    Checking^[[0m fixedbitset v0.5.7
portable	UNKNOWN STEP	2026-10-01T11:45:35.0485220Z ^[[1m^[[92m    Checking^[[0m strum v0.28.0
portable	UNKNOWN STEP	2026-10-01T11:45:35.0864745Z ^[[1m^[[92m    Checking^[[0m ctor v1.0.13
portable	UNKNOWN STEP	2026-10-01T11:45:35.0948046Z ^[[1m^[[92m    Checking^[[0m swash v0.2.10
portable	UNKNOWN STEP	2026-10-01T11:45:35.1194662Z ^[[1m^[[92m    Checking^[[0m futures-concurrency v7.7.1
portable	UNKNOWN STEP	2026-10-01T11:45:35.1634781Z ^[[1m^[[92m    Checking^[[0m postage v0.5.0
portable	UNKNOWN STEP	2026-10-01T11:45:35.3865292Z ^[[1m^[[92m    Checking^[[0m gpui-pre-refineable v0.3.7
portable	UNKNOWN STEP	2026-10-01T11:45:35.4384852Z ^[[1m^[[92m    Checking^[[0m gpui-pre-scheduler v0.3.7
portable	UNKNOWN STEP	2026-10-01T11:45:35.6534828Z ^[[1m^[[92m    Checking^[[0m etagere v0.2.15
portable	UNKNOWN STEP	2026-10-01T11:45:35.7854900Z ^[[1m^[[92m    Checking^[[0m image v0.25.10
portable	UNKNOWN STEP	2026-10-01T11:45:36.8592085Z ^[[1m^[[92m    Checking^[[0m num-rational v0.4.2
portable	UNKNOWN STEP	2026-10-01T11:45:37.0633314Z ^[[1m^[[92m    Checking^[[0m phf v0.13.1
portable	UNKNOWN STEP	2026-10-01T11:45:37.1544685Z ^[[1m^[[92m    Checking^[[0m lyon v1.0.19
portable	UNKNOWN STEP	2026-10-01T11:45:37.1874761Z ^[[1m^[[92m    Checking^[[0m gpui-pre-http-client v0.3.7
portable	UNKNOWN STEP	2026-10-01T11:45:37.6824991Z ^[[1m^[[92m   Compiling^[[0m gpui-pre-util-macros v0.3.7
portable	UNKNOWN STEP	2026-10-01T11:45:37.9224990Z ^[[1m^[[92m    Checking^[[0m pathfinder_geometry v0.5.1
portable	UNKNOWN STEP	2026-10-01T11:45:38.0364624Z ^[[1m^[[92m    Checking^[[0m gpui-pre-sum-tree v0.3.7
portable	UNKNOWN STEP	2026-10-01T11:45:38.3115321Z ^[[1m^[[92m    Checking^[[0m gpui-pre-shared-string v0.3.7
portable	UNKNOWN STEP	2026-10-01T11:45:38.3754815Z ^[[1m^[[92m    Checking^[[0m dirs v5.0.1
portable	UNKNOWN STEP	2026-10-01T11:45:38.4098612Z ^[[1m^[[92m    Checking^[[0m resvg v0.46.0
portable	UNKNOWN STEP	2026-10-01T11:45:38.5984976Z ^[[1m^[[92m    Checking^[[0m harfrust v0.5.2
portable	UNKNOWN STEP	2026-10-01T11:45:38.6927159Z ^[[1m^[[92m    Checking^[[0m skrifa v0.40.0
portable	UNKNOWN STEP	2026-10-01T11:45:40.0764058Z ^[[1m^[[92m    Checking^[[0m atspi-proxies v0.13.0
portable	UNKNOWN STEP	2026-10-01T11:45:40.5274847Z ^[[1m^[[92m    Checking^[[0m regex v1.13.1
portable	UNKNOWN STEP	2026-10-01T11:45:40.7244766Z ^[[1m^[[92m    Checking^[[0m accesskit_consumer v0.38.0
portable	UNKNOWN STEP	2026-10-01T11:45:40.8731058Z ^[[1m^[[92m    Checking^[[0m itertools v0.14.0
portable	UNKNOWN STEP	2026-10-01T11:45:41.0055080Z ^[[1m^[[92m   Compiling^[[0m gpui-pre-macros v0.3.7
portable	UNKNOWN STEP	2026-10-01T11:45:41.1634866Z ^[[1m^[[92m    Checking^[[0m taffy v0.13.0
portable	UNKNOWN STEP	2026-10-01T11:45:41.5517918Z ^[[1m^[[92m    Checking^[[0m x11rb v0.13.2
portable	UNKNOWN STEP	2026-10-01T11:45:41.8075301Z ^[[1m^[[92m    Checking^[[0m async-fs v2.2.0
portable	UNKNOWN STEP	2026-10-01T11:45:41.9425841Z ^[[1m^[[92m    Checking^[[0m spin v0.10.1
portable	UNKNOWN STEP	2026-10-01T11:45:42.0474734Z ^[[1m^[[92m    Checking^[[0m is-docker v0.2.0
portable	UNKNOWN STEP	2026-10-01T11:45:42.0814779Z ^[[1m^[[92m    Checking^[[0m num_cpus v1.17.0
portable	UNKNOWN STEP	2026-10-01T11:45:42.1685113Z ^[[1m^[[92m    Checking^[[0m encoding_rs v0.8.35
portable	UNKNOWN STEP	2026-10-01T11:45:42.1986151Z ^[[1m^[[92m    Checking^[[0m linebender_resource_handle v0.1.1
portable	UNKNOWN STEP	2026-10-01T11:45:42.2524817Z ^[[1m^[[92m    Checking^[[0m rangemap v1.8.0
portable	UNKNOWN STEP	2026-10-01T11:45:42.3435261Z ^[[1m^[[92m    Checking^[[0m float-ord v0.3.2
portable	UNKNOWN STEP	2026-10-01T11:45:42.3844830Z ^[[1m^[[92m    Checking^[[0m inventory v0.3.24
portable	UNKNOWN STEP	2026-10-01T11:45:42.4234665Z ^[[1m^[[92m    Checking^[[0m waker-fn v1.2.0
portable	UNKNOWN STEP	2026-10-01T11:45:42.4362498Z ^[[1m^[[92m    Checking^[[0m seahash v4.1.0
portable	UNKNOWN STEP	2026-10-01T11:45:42.4574913Z ^[[1m^[[92m    Checking^[[0m self_cell v1.3.0
portable	UNKNOWN STEP	2026-10-01T11:45:42.4933893Z ^[[1m^[[92m    Checking^[[0m pollster v0.4.0
portable	UNKNOWN STEP	2026-10-01T11:45:42.5014680Z ^[[1m^[[92m    Checking^[[0m unicode-linebreak v0.1.5
portable	UNKNOWN STEP	2026-10-01T11:45:42.5350174Z ^[[1m^[[92m   Compiling^[[0m inotify-sys v0.1.8
portable	UNKNOWN STEP	2026-10-01T11:45:42.6272101Z ^[[1m^[[92m    Checking^[[0m sys-locale v0.3.2
portable	UNKNOWN STEP	2026-10-01T11:45:42.6655326Z ^[[1m^[[92m    Checking^[[0m cosmic-text v0.19.0
portable	UNKNOWN STEP	2026-10-01T11:45:42.9014669Z ^[[1m^[[92m    Checking^[[0m xim-ctext v0.3.0
portable	UNKNOWN STEP	2026-10-01T11:45:42.9627822Z ^[[1m^[[92m    Checking^[[0m is-wsl v0.4.0
portable	UNKNOWN STEP	2026-10-01T11:45:42.9852172Z ^[[1m^[[92m    Checking^[[0m atspi v0.29.0
portable	UNKNOWN STEP	2026-10-01T11:45:43.0068692Z ^[[1m^[[92m    Checking^[[0m accesskit_atspi_common v0.19.1
portable	UNKNOWN STEP	2026-10-01T11:45:43.3605397Z ^[[1m^[[92m    Checking^[[0m num v0.4.3
portable	UNKNOWN STEP	2026-10-01T11:45:43.8895081Z ^[[1m^[[92m    Checking^[[0m sha2 v0.10.9
portable	UNKNOWN STEP	2026-10-01T11:45:44.0114816Z ^[[1m^[[92m    Checking^[[0m aes v0.8.4
portable	UNKNOWN STEP	2026-10-01T11:45:44.0637321Z ^[[1m^[[92m    Checking^[[0m pbkdf2 v0.12.2
portable	UNKNOWN STEP	2026-10-01T11:45:44.1134694Z ^[[1m^[[92m    Checking^[[0m hkdf v0.12.4
portable	UNKNOWN STEP	2026-10-01T11:45:44.1774822Z ^[[1m^[[92m    Checking^[[0m cbc v0.1.2
portable	UNKNOWN STEP	2026-10-01T11:45:44.2424621Z ^[[1m^[[92m    Checking^[[0m ashpd v0.13.13
portable	UNKNOWN STEP	2026-10-01T11:45:44.2864763Z ^[[1m^[[92m    Checking^[[0m md-5 v0.10.6
portable	UNKNOWN STEP	2026-10-01T11:45:44.3525271Z ^[[1m^[[92m    Checking^[[0m async-net v2.0.0
portable	UNKNOWN STEP	2026-10-01T11:45:44.4911195Z ^[[1m^[[92m    Checking^[[0m calloop v0.14.4
portable	UNKNOWN STEP	2026-10-01T11:45:44.5195061Z ^[[1m^[[92m    Checking^[[0m kurbo v0.11.3
portable	UNKNOWN STEP	2026-10-01T11:45:44.8553251Z ^[[1m^[[92m   Compiling^[[0m smartstring v1.0.1
portable	UNKNOWN STEP	2026-10-01T11:45:44.9525231Z ^[[1m^[[92m    Checking^[[0m xkeysym v0.2.1
portable	UNKNOWN STEP	2026-10-01T11:45:45.0824962Z ^[[1m^[[92m    Checking^[[0m bit-vec v0.8.0
portable	UNKNOWN STEP	2026-10-01T11:45:45.2055249Z ^[[1m^[[92m    Checking^[[0m hashbrown v0.14.5
portable	UNKNOWN STEP	2026-10-01T11:45:45.4094834Z ^[[1m^[[92m    Checking^[[0m oo7 v0.6.0
portable	UNKNOWN STEP	2026-10-01T11:45:45.4210915Z ^[[1m^[[92m    Checking^[[0m xkbcommon v0.8.0
portable	UNKNOWN STEP	2026-10-01T11:45:45.5684752Z ^[[1m^[[92m    Checking^[[0m zed-xim v0.4.0-zed
portable	UNKNOWN STEP	2026-10-01T11:45:45.5864598Z ^[[1m^[[92m    Checking^[[0m bit-set v0.8.0
portable	UNKNOWN STEP	2026-10-01T11:45:45.6694851Z ^[[1m^[[92m    Checking^[[0m svgtypes v0.15.3
portable	UNKNOWN STEP	2026-10-01T11:45:45.9057053Z ^[[1m^[[92m    Checking^[[0m calloop-wayland-source v0.4.1
portable	UNKNOWN STEP	2026-10-01T11:45:45.9651961Z ^[[1m^[[92m    Checking^[[0m smol v2.0.2
portable	UNKNOWN STEP	2026-10-01T11:45:46.0120023Z ^[[1m^[[92m    Checking^[[0m accesskit_unix v0.22.1
portable	UNKNOWN STEP	2026-10-01T11:45:46.3260196Z ^[[1m^[[92m    Checking^[[0m open v5.4.4
portable	UNKNOWN STEP	2026-10-01T11:45:46.3914945Z ^[[1m^[[92m    Checking^[[0m x11-clipboard v0.9.3
portable	UNKNOWN STEP	2026-10-01T11:45:46.5011513Z ^[[1m^[[92m    Checking^[[0m wayland-protocols-wlr v0.3.12
portable	UNKNOWN STEP	2026-10-01T11:45:46.5135837Z ^[[1m^[[92m    Checking^[[0m wayland-protocols-plasma v0.3.12
portable	UNKNOWN STEP	2026-10-01T11:45:47.2119134Z ^[[1m^[[92m    Checking^[[0m wayland-cursor v0.31.14
portable	UNKNOWN STEP	2026-10-01T11:45:47.2994831Z ^[[1m^[[92m    Checking^[[0m filedescriptor v0.8.3
portable	UNKNOWN STEP	2026-10-01T11:45:47.3835001Z ^[[1m^[[92m    Checking^[[0m notify-rust v4.18.0
portable	UNKNOWN STEP	2026-10-01T11:45:47.6455323Z ^[[1m^[[92m    Checking^[[0m toml_datetime v0.6.11
portable	UNKNOWN STEP	2026-10-01T11:45:47.7397497Z ^[[1m^[[92m    Checking^[[0m serde_spanned v0.6.9
portable	UNKNOWN STEP	2026-10-01T11:45:47.7475611Z ^[[1m^[[92m    Checking^[[0m imagesize v0.13.0
portable	UNKNOWN STEP	2026-10-01T11:45:47.7970738Z ^[[1m^[[92m    Checking^[[0m toml_write v0.1.2
portable	UNKNOWN STEP	2026-10-01T11:45:47.8931609Z ^[[1m^[[92m    Checking^[[0m linked-hash-map v0.5.6
portable	UNKNOWN STEP	2026-10-01T11:45:47.8994462Z ^[[1m^[[92m    Checking^[[0m winnow v0.7.15
portable	UNKNOWN STEP	2026-10-01T11:45:47.9905084Z ^[[1m^[[92m    Checking^[[0m yaml-rust v0.4.5
portable	UNKNOWN STEP	2026-10-01T11:45:48.0564697Z ^[[1m^[[92m    Checking^[[0m usvg v0.45.1
portable	UNKNOWN STEP	2026-10-01T11:45:48.1921166Z ^[[1m^[[92m    Checking^[[0m inotify v0.11.5
portable	UNKNOWN STEP	2026-10-01T11:45:48.5684735Z ^[[1m^[[92m    Checking^[[0m fancy-regex v0.16.2
portable	UNKNOWN STEP	2026-10-01T11:45:48.8568867Z ^[[1m^[[92m    Checking^[[0m bincode v1.3.3
portable	UNKNOWN STEP	2026-10-01T11:45:49.0215055Z ^[[1m^[[92m    Checking^[[0m toml_edit v0.22.27
portable	UNKNOWN STEP	2026-10-01T11:45:49.0314589Z ^[[1m^[[92m   Compiling^[[0m rhai_codegen v3.2.0
portable	UNKNOWN STEP	2026-10-01T11:45:49.1064761Z ^[[1m^[[92m    Checking^[[0m mio v1.2.2
portable	UNKNOWN STEP	2026-10-01T11:45:49.2424873Z ^[[1m^[[92m    Checking^[[0m notify-types v2.1.0
portable	UNKNOWN STEP	2026-10-01T11:45:49.3671403Z ^[[1m^[[92m    Checking^[[0m thin-vec v0.2.19
portable	UNKNOWN STEP	2026-10-01T11:45:49.5135164Z ^[[1m^[[92m    Checking^[[0m fnv v1.0.7
portable	UNKNOWN STEP	2026-10-01T11:45:49.5524821Z ^[[1m^[[92m    Checking^[[0m jiff-core v0.1.0
portable	UNKNOWN STEP	2026-10-01T11:45:49.9485353Z ^[[1m^[[92m    Checking^[[0m rhai v1.26.0
portable	UNKNOWN STEP	2026-10-01T11:45:50.0724920Z ^[[1m^[[92m    Checking^[[0m toml v0.8.23
portable	UNKNOWN STEP	2026-10-01T11:45:50.1739230Z ^[[1m^[[92m    Checking^[[0m jiff v0.2.35
portable	UNKNOWN STEP	2026-10-01T11:45:50.3114787Z ^[[1m^[[92m    Checking^[[0m syntect v5.3.0
portable	UNKNOWN STEP	2026-10-01T11:45:51.0944767Z ^[[1m^[[92m    Checking^[[0m notify v8.2.0
portable	UNKNOWN STEP	2026-10-01T11:45:51.2414707Z ^[[1m^[[92m    Checking^[[0m resvg v0.45.1
portable	UNKNOWN STEP	2026-10-01T11:45:51.4584841Z ^[[1m^[[92m    Checking^[[0m similar v3.2.0
portable	UNKNOWN STEP	2026-10-01T11:45:51.8822920Z ^[[1m^[[92m    Checking^[[0m gpui-pre-wgpu v0.3.7
portable	UNKNOWN STEP	2026-10-01T11:45:51.9593097Z ^[[1m^[[92m    Checking^[[0m tempfile v3.27.0
portable	UNKNOWN STEP	2026-10-01T11:45:51.9960659Z ^[[1m^[[92m    Checking^[[0m utf8parse v0.2.2
portable	UNKNOWN STEP	2026-10-01T11:45:52.0374641Z ^[[1m^[[92m    Checking^[[0m anstyle-parse v1.0.0
portable	UNKNOWN STEP	2026-10-01T11:45:52.0844768Z ^[[1m^[[92m    Checking^[[0m is_terminal_polyfill v1.70.2
portable	UNKNOWN STEP	2026-10-01T11:45:52.1144676Z ^[[1m^[[92m    Checking^[[0m anstyle-query v1.1.5
portable	UNKNOWN STEP	2026-10-01T11:45:52.1174293Z ^[[1m^[[92m    Checking^[[0m colorchoice v1.0.5
portable	UNKNOWN STEP	2026-10-01T11:45:52.1484565Z ^[[1m^[[92m    Checking^[[0m anstyle v1.0.14
portable	UNKNOWN STEP	2026-10-01T11:45:52.1535083Z ^[[1m^[[92m    Checking^[[0m strsim v0.11.1
portable	UNKNOWN STEP	2026-10-01T11:45:52.2425782Z ^[[1m^[[92m    Checking^[[0m clap_lex v1.1.0
portable	UNKNOWN STEP	2026-10-01T11:45:52.2509403Z ^[[1m^[[92m    Checking^[[0m anstream v1.0.0
portable	UNKNOWN STEP	2026-10-01T11:45:52.3107861Z ^[[1m^[[92m   Compiling^[[0m clap_derive v4.6.4
portable	UNKNOWN STEP	2026-10-01T11:45:52.3672186Z ^[[1m^[[92m    Checking^[[0m clap_builder v4.6.6
portable	UNKNOWN STEP	2026-10-01T11:45:52.4465332Z ^[[1m^[[92m    Checking^[[0m gpui-pre-linux v0.3.7
portable	UNKNOWN STEP	2026-10-01T11:45:53.5045134Z ^[[1m^[[92m    Checking^[[0m gpui-rhai-registry v0.1.8 (/home/runner/work/gpui-rhai/gpui-rhai/registry)
portable	UNKNOWN STEP	2026-10-01T11:45:53.6594949Z ^[[1m^[[92m    Checking^[[0m clap v4.6.6
portable	UNKNOWN STEP	2026-10-01T11:45:54.0557940Z ^[[1m^[[92m    Checking^[[0m gpui-pre-platform v0.3.7
portable	UNKNOWN STEP	2026-10-01T11:45:56.4795824Z ^[[1m^[[92m    Checking^[[0m gpui-rhai v0.1.8 (/home/runner/work/gpui-rhai/gpui-rhai/crates/gpui-rhai)
portable	UNKNOWN STEP	2026-10-01T11:46:02.5463831Z ^[[1m^[[33mwarning^[[0m^[[1m: variable does not need to be mutable^[[0m
portable	UNKNOWN STEP	2026-10-01T11:46:02.5464728Z     ^[[1m^[[94m--> ^[[0mcrates/gpui-rhai/src/context.rs:4428:13
portable	UNKNOWN STEP	2026-10-01T11:46:02.5465583Z      ^[[1m^[[94m|^[[0m
portable	UNKNOWN STEP	2026-10-01T11:46:02.5466480Z ^[[1m^[[94m4428^[[0m ^[[1m^[[94m|^[[0m         let mut context = mounted_context(ExecutionPhase::Event);
portable	UNKNOWN STEP	2026-10-01T11:46:02.5467093Z      ^[[1m^[[94m|^[[0m             ^[[1m^[[94m----^[[0m^[[1m^[[33m^^^^^^^^[[0m
portable	UNKNOWN STEP	2026-10-01T11:46:02.5467523Z      ^[[1m^[[94m|^[[0m             ^[[1m^[[94m|^[[0m
portable	UNKNOWN STEP	2026-10-01T11:46:02.5467996Z      ^[[1m^[[94m|^[[0m             ^[[1m^[[94mhelp: remove this `mut`^[[0m
portable	UNKNOWN STEP	2026-10-01T11:46:02.5468399Z      ^[[1m^[[94m|^[[0m
portable	UNKNOWN STEP	2026-10-01T11:46:02.5469173Z      ^[[1m^[[94m= ^[[0m^[[1mnote^[[0m: `#[warn(unused_mut)]` (part of `#[warn(unused)]`) on by default
portable	UNKNOWN STEP	2026-10-01T11:46:02.5469545Z 
portable	UNKNOWN STEP	2026-10-01T11:46:05.0505400Z ^[[1m^[[92m    Checking^[[0m gpui-rhai-cli v0.1.8 (/home/runner/work/gpui-rhai/gpui-rhai/crates/gpui-rhai-cli)
portable	UNKNOWN STEP	2026-10-01T11:46:06.3289148Z ^[[1m^[[33mwarning^[[0m: `gpui-rhai` (lib test) generated 1 warning (run `cargo fix --lib -p gpui-rhai --tests` to apply 1 suggestion)
portable	UNKNOWN STEP	2026-10-01T11:46:07.0030664Z ^[[1m^[[92m    Finished^[[0m `dev` profile [unoptimized + debuginfo] target(s) in 1m 18s
portable	UNKNOWN STEP	2026-10-01T11:46:07.0530980Z ##[group]Run cargo clippy --workspace --all-targets --all-features -- -D warnings
portable	UNKNOWN STEP	2026-10-01T11:46:07.0531476Z ^[[36;1mcargo clippy --workspace --all-targets --all-features -- -D warnings^[[0m
portable	UNKNOWN STEP	2026-10-01T11:46:07.0586755Z shell: /usr/bin/bash -e {0}
portable	UNKNOWN STEP	2026-10-01T11:46:07.0586963Z env:
portable	UNKNOWN STEP	2026-10-01T11:46:07.0587130Z   CARGO_HOME: /home/runner/.cargo
portable	UNKNOWN STEP	2026-10-01T11:46:07.0587344Z   CARGO_INCREMENTAL: 0
portable	UNKNOWN STEP	2026-10-01T11:46:07.0587525Z   CARGO_TERM_COLOR: always
portable	UNKNOWN STEP	2026-10-01T11:46:07.0587724Z ##[endgroup]
portable	UNKNOWN STEP	2026-10-01T11:46:07.4312803Z ^[[1m^[[92m    Checking^[[0m gpui-rhai v0.1.8 (/home/runner/work/gpui-rhai/gpui-rhai/crates/gpui-rhai)
portable	UNKNOWN STEP	2026-10-01T11:46:07.4314268Z ^[[1m^[[92m    Checking^[[0m gpui-rhai-registry v0.1.8 (/home/runner/work/gpui-rhai/gpui-rhai/registry)
portable	UNKNOWN STEP	2026-10-01T11:46:13.9262860Z ^[[1m^[[91merror^[[0m^[[1m: variable does not need to be mutable^[[0m
portable	UNKNOWN STEP	2026-10-01T11:46:13.9263939Z     ^[[1m^[[94m--> ^[[0mcrates/gpui-rhai/src/context.rs:4428:13
portable	UNKNOWN STEP	2026-10-01T11:46:13.9264650Z      ^[[1m^[[94m|^[[0m
portable	UNKNOWN STEP	2026-10-01T11:46:13.9268667Z ^[[1m^[[94m4428^[[0m ^[[1m^[[94m|^[[0m         let mut context = mounted_context(ExecutionPhase::Event);
portable	UNKNOWN STEP	2026-10-01T11:46:13.9269343Z      ^[[1m^[[94m|^[[0m             ^[[1m^[[94m----^[[0m^[[1m^[[91m^^^^^^^^[[0m
portable	UNKNOWN STEP	2026-10-01T11:46:13.9269813Z      ^[[1m^[[94m|^[[0m             ^[[1m^[[94m|^[[0m
portable	UNKNOWN STEP	2026-10-01T11:46:13.9270289Z      ^[[1m^[[94m|^[[0m             ^[[1m^[[94mhelp: remove this `mut`^[[0m
portable	UNKNOWN STEP	2026-10-01T11:46:13.9270671Z      ^[[1m^[[94m|^[[0m
portable	UNKNOWN STEP	2026-10-01T11:46:13.9271161Z      ^[[1m^[[94m= ^[[0m^[[1mnote^[[0m: `-D unused-mut` implied by `-D warnings`
portable	UNKNOWN STEP	2026-10-01T11:46:13.9271805Z      ^[[1m^[[94m= ^[[0m^[[1mhelp^[[0m: to override `-D warnings` add `#[allow(unused_mut)]`
portable	UNKNOWN STEP	2026-10-01T11:46:13.9272138Z 
portable	UNKNOWN STEP	2026-10-01T11:46:20.4961295Z ^[[1m^[[92m    Checking^[[0m gpui-rhai-cli v0.1.8 (/home/runner/work/gpui-rhai/gpui-rhai/crates/gpui-rhai-cli)
portable	UNKNOWN STEP	2026-10-01T11:46:22.5946619Z ^[[1m^[[91merror^[[0m: could not compile `gpui-rhai` (lib test) due to 1 previous error
portable	UNKNOWN STEP	2026-10-01T11:46:22.5947857Z ^[[1m^[[33mwarning^[[0m: build failed, waiting for other jobs to finish...
portable	UNKNOWN STEP	2026-10-01T11:46:22.9108612Z ##[error]Process completed with exit code 101.
portable	UNKNOWN STEP	2026-10-01T11:46:22.9256328Z Post job cleanup.
portable	UNKNOWN STEP	2026-10-01T11:46:22.9966294Z [command]/usr/bin/git version
portable	UNKNOWN STEP	2026-10-01T11:46:23.0001296Z git version 2.55.0
portable	UNKNOWN STEP	2026-10-01T11:46:23.0030254Z Temporarily overriding HOME='/home/runner/work/_temp/9c4aed05-393b-4191-bc23-8b82cb0dcdcc' before making global git config changes
portable	UNKNOWN STEP	2026-10-01T11:46:23.0031270Z Adding repository directory to the temporary git global config as a safe directory
portable	UNKNOWN STEP	2026-10-01T11:46:23.0035326Z [command]/usr/bin/git config --global --add safe.directory /home/runner/work/gpui-rhai/gpui-rhai
portable	UNKNOWN STEP	2026-10-01T11:46:23.0069347Z [command]/usr/bin/git config --local --name-only --get-regexp core\.sshCommand
portable	UNKNOWN STEP	2026-10-01T11:46:23.0099689Z [command]/usr/bin/git submodule foreach --recursive sh -c "git config --local --name-only --get-regexp 'core\.sshCommand' && git config --local --unset-all 'core.sshCommand' || :"
portable	UNKNOWN STEP	2026-10-01T11:46:23.0311600Z [command]/usr/bin/git config --local --name-only --get-regexp http\.https\:\/\/github\.com\/\.extraheader
portable	UNKNOWN STEP	2026-10-01T11:46:23.0335818Z http.https://github.com/.extraheader
portable	UNKNOWN STEP	2026-10-01T11:46:23.0345513Z [command]/usr/bin/git config --local --unset-all http.https://github.com/.extraheader
portable	UNKNOWN STEP	2026-10-01T11:46:23.0377996Z [command]/usr/bin/git submodule foreach --recursive sh -c "git config --local --name-only --get-regexp 'http\.https\:\/\/github\.com\/\.extraheader' && git config --local --unset-all 'http.https://github.com/.extraheader' || :"
portable	UNKNOWN STEP	2026-10-01T11:46:23.0611988Z [command]/usr/bin/git config --local --name-only --get-regexp ^includeIf\.gitdir:
portable	UNKNOWN STEP	2026-10-01T11:46:23.0647977Z [command]/usr/bin/git submodule foreach --recursive git config --local --show-origin --name-only --get-regexp remote.origin.url
portable	UNKNOWN STEP	2026-10-01T11:46:23.1001044Z Cleaning up orphan processes
