portable	UNKNOWN STEP	﻿2026-10-01T06:29:46.1117073Z Current runner version: '2.337.0'
portable	UNKNOWN STEP	2026-10-01T06:29:46.1140914Z ##[group]Runner Image Provisioner
portable	UNKNOWN STEP	2026-10-01T06:29:46.1141830Z Hosted Compute Agent
portable	UNKNOWN STEP	2026-10-01T06:29:46.1142526Z Version: 20260901.588
portable	UNKNOWN STEP	2026-10-01T06:29:46.1143216Z Commit: f88ec8081b781fac6c440065ac7ff9e710ce3d0b
portable	UNKNOWN STEP	2026-10-01T06:29:46.1143982Z Build Date: 2026-09-01T19:56:44Z
portable	UNKNOWN STEP	2026-10-01T06:29:46.1144697Z Worker ID: {8a16d58d-e0ad-4bb5-af98-925c45816dac}
portable	UNKNOWN STEP	2026-10-01T06:29:46.1145793Z Azure Region: westus
portable	UNKNOWN STEP	2026-10-01T06:29:46.1146452Z ##[endgroup]
portable	UNKNOWN STEP	2026-10-01T06:29:46.1147918Z ##[group]Operating System
portable	UNKNOWN STEP	2026-10-01T06:29:46.1148550Z Ubuntu
portable	UNKNOWN STEP	2026-10-01T06:29:46.1149163Z 24.04.5
portable	UNKNOWN STEP	2026-10-01T06:29:46.1149742Z LTS
portable	UNKNOWN STEP	2026-10-01T06:29:46.1150300Z ##[endgroup]
portable	UNKNOWN STEP	2026-10-01T06:29:46.1150835Z ##[group]Runner Image
portable	UNKNOWN STEP	2026-10-01T06:29:46.1151408Z Image: ubuntu-24.04
portable	UNKNOWN STEP	2026-10-01T06:29:46.1152028Z Version: 20260927.320.1
portable	UNKNOWN STEP	2026-10-01T06:29:46.1153282Z Included Software: https://github.com/actions/runner-images/blob/ubuntu24/20260927.320/images/ubuntu/Ubuntu2404-Readme.md
portable	UNKNOWN STEP	2026-10-01T06:29:46.1154948Z Image Release: https://github.com/actions/runner-images/releases/tag/ubuntu24%2F20260927.320
portable	UNKNOWN STEP	2026-10-01T06:29:46.1156140Z ##[endgroup]
portable	UNKNOWN STEP	2026-10-01T06:29:46.1157367Z ##[group]GITHUB_TOKEN Permissions
portable	UNKNOWN STEP	2026-10-01T06:29:46.1159176Z Contents: read
portable	UNKNOWN STEP	2026-10-01T06:29:46.1159887Z Metadata: read
portable	UNKNOWN STEP	2026-10-01T06:29:46.1160447Z ##[endgroup]
portable	UNKNOWN STEP	2026-10-01T06:29:46.1162487Z Secret source: Actions
portable	UNKNOWN STEP	2026-10-01T06:29:46.1163507Z Cache mode: write
portable	UNKNOWN STEP	2026-10-01T06:29:46.1164272Z Prepare workflow directory
portable	UNKNOWN STEP	2026-10-01T06:29:46.1495149Z Prepare all required actions
portable	UNKNOWN STEP	2026-10-01T06:29:46.1544924Z Getting action download info
portable	UNKNOWN STEP	2026-10-01T06:29:46.5280504Z Download action repository 'actions/checkout@v5' (SHA:fbc6f3992d24b796d5a048ff273f7fcc4a7b6c09)
portable	UNKNOWN STEP	2026-10-01T06:29:46.6347014Z Download action repository 'dtolnay/rust-toolchain@stable' (SHA:6bed0761d98439e5a578e2877258200ad565ba87)
portable	UNKNOWN STEP	2026-10-01T06:29:46.9744502Z Complete job name: portable
portable	UNKNOWN STEP	2026-10-01T06:29:47.0559352Z ##[group]Run actions/checkout@v5
portable	UNKNOWN STEP	2026-10-01T06:29:47.0560233Z with:
portable	UNKNOWN STEP	2026-10-01T06:29:47.0560681Z   repository: eddix/gpui-rhai
portable	UNKNOWN STEP	2026-10-01T06:29:47.0564340Z   token: ***
portable	UNKNOWN STEP	2026-10-01T06:29:47.0564767Z   ssh-strict: true
portable	UNKNOWN STEP	2026-10-01T06:29:47.0565403Z   ssh-user: git
portable	UNKNOWN STEP	2026-10-01T06:29:47.0565853Z   persist-credentials: true
portable	UNKNOWN STEP	2026-10-01T06:29:47.0566331Z   clean: true
portable	UNKNOWN STEP	2026-10-01T06:29:47.0566763Z   sparse-checkout-cone-mode: true
portable	UNKNOWN STEP	2026-10-01T06:29:47.0567273Z   fetch-depth: 1
portable	UNKNOWN STEP	2026-10-01T06:29:47.0567716Z   fetch-tags: false
portable	UNKNOWN STEP	2026-10-01T06:29:47.0568142Z   show-progress: true
portable	UNKNOWN STEP	2026-10-01T06:29:47.0568573Z   lfs: false
portable	UNKNOWN STEP	2026-10-01T06:29:47.0568967Z   submodules: false
portable	UNKNOWN STEP	2026-10-01T06:29:47.0569400Z   set-safe-directory: true
portable	UNKNOWN STEP	2026-10-01T06:29:47.0569889Z   allow-unsafe-pr-checkout: false
portable	UNKNOWN STEP	2026-10-01T06:29:47.0570665Z ##[endgroup]
portable	UNKNOWN STEP	2026-10-01T06:29:47.1552402Z Syncing repository: eddix/gpui-rhai
portable	UNKNOWN STEP	2026-10-01T06:29:47.1554368Z ##[group]Getting Git version info
portable	UNKNOWN STEP	2026-10-01T06:29:47.1555801Z Working directory is '/home/runner/work/gpui-rhai/gpui-rhai'
portable	UNKNOWN STEP	2026-10-01T06:29:47.1557680Z [command]/usr/bin/git version
portable	UNKNOWN STEP	2026-10-01T06:29:47.1654249Z git version 2.55.0
portable	UNKNOWN STEP	2026-10-01T06:29:47.1676562Z ##[endgroup]
portable	UNKNOWN STEP	2026-10-01T06:29:47.1696403Z Temporarily overriding HOME='/home/runner/work/_temp/f344baab-2b94-4fff-b1b1-8a73734d50cb' before making global git config changes
portable	UNKNOWN STEP	2026-10-01T06:29:47.1699024Z Adding repository directory to the temporary git global config as a safe directory
portable	UNKNOWN STEP	2026-10-01T06:29:47.1702928Z [command]/usr/bin/git config --global --add safe.directory /home/runner/work/gpui-rhai/gpui-rhai
portable	UNKNOWN STEP	2026-10-01T06:29:47.1760472Z Deleting the contents of '/home/runner/work/gpui-rhai/gpui-rhai'
portable	UNKNOWN STEP	2026-10-01T06:29:47.1766549Z ##[group]Initializing the repository
portable	UNKNOWN STEP	2026-10-01T06:29:47.1771937Z [command]/usr/bin/git init /home/runner/work/gpui-rhai/gpui-rhai
portable	UNKNOWN STEP	2026-10-01T06:29:47.1898411Z hint: Using 'master' as the name for the initial branch. This default branch name
portable	UNKNOWN STEP	2026-10-01T06:29:47.1900510Z hint: will change to "main" in Git 3.0. To configure the initial branch name
portable	UNKNOWN STEP	2026-10-01T06:29:47.1902397Z hint: to use in all of your new repositories, which will suppress this warning,
portable	UNKNOWN STEP	2026-10-01T06:29:47.1904352Z hint: call:
portable	UNKNOWN STEP	2026-10-01T06:29:47.1906138Z hint:
portable	UNKNOWN STEP	2026-10-01T06:29:47.1907509Z hint: 	git config --global init.defaultBranch <name>
portable	UNKNOWN STEP	2026-10-01T06:29:47.1910630Z hint:
portable	UNKNOWN STEP	2026-10-01T06:29:47.1912207Z hint: Names commonly chosen instead of 'master' are 'main', 'trunk' and
portable	UNKNOWN STEP	2026-10-01T06:29:47.1914116Z hint: 'development'. The just-created branch can be renamed via this command:
portable	UNKNOWN STEP	2026-10-01T06:29:47.1917139Z hint:
portable	UNKNOWN STEP	2026-10-01T06:29:47.1918456Z hint: 	git branch -m <name>
portable	UNKNOWN STEP	2026-10-01T06:29:47.1919616Z hint:
portable	UNKNOWN STEP	2026-10-01T06:29:47.1921067Z hint: Disable this message with "git config set advice.defaultBranchName false"
portable	UNKNOWN STEP	2026-10-01T06:29:47.1923173Z Initialized empty Git repository in /home/runner/work/gpui-rhai/gpui-rhai/.git/
portable	UNKNOWN STEP	2026-10-01T06:29:47.1927202Z [command]/usr/bin/git remote add origin https://github.com/eddix/gpui-rhai
portable	UNKNOWN STEP	2026-10-01T06:29:47.1990079Z ##[endgroup]
portable	UNKNOWN STEP	2026-10-01T06:29:47.1991741Z ##[group]Disabling automatic garbage collection
portable	UNKNOWN STEP	2026-10-01T06:29:47.1993178Z [command]/usr/bin/git config --local gc.auto 0
portable	UNKNOWN STEP	2026-10-01T06:29:47.2034123Z ##[endgroup]
portable	UNKNOWN STEP	2026-10-01T06:29:47.2035794Z ##[group]Setting up auth
portable	UNKNOWN STEP	2026-10-01T06:29:47.2037169Z [command]/usr/bin/git config --local --name-only --get-regexp core\.sshCommand
portable	UNKNOWN STEP	2026-10-01T06:29:47.2170561Z [command]/usr/bin/git submodule foreach --recursive sh -c "git config --local --name-only --get-regexp 'core\.sshCommand' && git config --local --unset-all 'core.sshCommand' || :"
portable	UNKNOWN STEP	2026-10-01T06:29:47.2536743Z [command]/usr/bin/git config --local --name-only --get-regexp http\.https\:\/\/github\.com\/\.extraheader
portable	UNKNOWN STEP	2026-10-01T06:29:47.2579551Z [command]/usr/bin/git submodule foreach --recursive sh -c "git config --local --name-only --get-regexp 'http\.https\:\/\/github\.com\/\.extraheader' && git config --local --unset-all 'http.https://github.com/.extraheader' || :"
portable	UNKNOWN STEP	2026-10-01T06:29:47.2836123Z [command]/usr/bin/git config --local --name-only --get-regexp ^includeIf\.gitdir:
portable	UNKNOWN STEP	2026-10-01T06:29:47.2870936Z [command]/usr/bin/git submodule foreach --recursive git config --local --show-origin --name-only --get-regexp remote.origin.url
portable	UNKNOWN STEP	2026-10-01T06:29:47.3097500Z [command]/usr/bin/git config --local http.https://github.com/.extraheader AUTHORIZATION: basic ***
portable	UNKNOWN STEP	2026-10-01T06:29:47.3137485Z ##[endgroup]
portable	UNKNOWN STEP	2026-10-01T06:29:47.3138883Z ##[group]Fetching the repository
portable	UNKNOWN STEP	2026-10-01T06:29:47.3149174Z [command]/usr/bin/git -c protocol.version=2 fetch --no-tags --prune --no-recurse-submodules --depth=1 origin +74519953b053ab499dfc9a207276550421bafbd8:refs/remotes/pull/96/merge
portable	UNKNOWN STEP	2026-10-01T06:29:48.3464316Z From https://github.com/eddix/gpui-rhai
portable	UNKNOWN STEP	2026-10-01T06:29:48.3466450Z  * [new ref]         74519953b053ab499dfc9a207276550421bafbd8 -> pull/96/merge
portable	UNKNOWN STEP	2026-10-01T06:29:48.3488144Z ##[endgroup]
portable	UNKNOWN STEP	2026-10-01T06:29:48.3489539Z ##[group]Determining the checkout info
portable	UNKNOWN STEP	2026-10-01T06:29:48.3491120Z ##[endgroup]
portable	UNKNOWN STEP	2026-10-01T06:29:48.3492129Z [command]/usr/bin/git sparse-checkout disable
portable	UNKNOWN STEP	2026-10-01T06:29:48.3535041Z [command]/usr/bin/git config --local --unset-all extensions.worktreeConfig
portable	UNKNOWN STEP	2026-10-01T06:29:48.3580503Z ##[group]Checking out the ref
portable	UNKNOWN STEP	2026-10-01T06:29:48.3584020Z [command]/usr/bin/git checkout --progress --force refs/remotes/pull/96/merge
portable	UNKNOWN STEP	2026-10-01T06:29:48.4898103Z Note: switching to 'refs/remotes/pull/96/merge'.
portable	UNKNOWN STEP	2026-10-01T06:29:48.4899425Z 
portable	UNKNOWN STEP	2026-10-01T06:29:48.4900049Z You are in 'detached HEAD' state. You can look around, make experimental
portable	UNKNOWN STEP	2026-10-01T06:29:48.4901395Z changes and commit them, and you can discard any commits you make in this
portable	UNKNOWN STEP	2026-10-01T06:29:48.4902738Z state without impacting any branches by switching back to a branch.
portable	UNKNOWN STEP	2026-10-01T06:29:48.4903556Z 
portable	UNKNOWN STEP	2026-10-01T06:29:48.4904167Z If you want to create a new branch to retain commits you create, you may
portable	UNKNOWN STEP	2026-10-01T06:29:48.4905749Z do so (now or later) by using -c with the switch command. Example:
portable	UNKNOWN STEP	2026-10-01T06:29:48.4906536Z 
portable	UNKNOWN STEP	2026-10-01T06:29:48.4906971Z   git switch -c <new-branch-name>
portable	UNKNOWN STEP	2026-10-01T06:29:48.4907546Z 
portable	UNKNOWN STEP	2026-10-01T06:29:48.4907919Z Or undo this operation with:
portable	UNKNOWN STEP	2026-10-01T06:29:48.4908717Z 
portable	UNKNOWN STEP	2026-10-01T06:29:48.4909044Z   git switch -
portable	UNKNOWN STEP	2026-10-01T06:29:48.4909484Z 
portable	UNKNOWN STEP	2026-10-01T06:29:48.4910538Z Turn off this advice by setting config variable advice.detachedHead to false
portable	UNKNOWN STEP	2026-10-01T06:29:48.4912047Z 
portable	UNKNOWN STEP	2026-10-01T06:29:48.4913170Z HEAD is now at 7451995 Merge befbe926ee7d53be2f540538112766ae07aec792 into 815bb82b8103c88ef6ba50620128780c9d64b216
portable	UNKNOWN STEP	2026-10-01T06:29:48.4916952Z ##[endgroup]
portable	UNKNOWN STEP	2026-10-01T06:29:48.4959073Z [command]/usr/bin/git log -1 --format=%H
portable	UNKNOWN STEP	2026-10-01T06:29:48.4984951Z 74519953b053ab499dfc9a207276550421bafbd8
portable	UNKNOWN STEP	2026-10-01T06:29:48.5622723Z ##[group]Run dtolnay/rust-toolchain@stable
portable	UNKNOWN STEP	2026-10-01T06:29:48.5623981Z with:
portable	UNKNOWN STEP	2026-10-01T06:29:48.5624919Z   toolchain: 1.95.0
portable	UNKNOWN STEP	2026-10-01T06:29:48.5626166Z   components: clippy,rustfmt
portable	UNKNOWN STEP	2026-10-01T06:29:48.5627261Z ##[endgroup]
portable	UNKNOWN STEP	2026-10-01T06:29:48.5720503Z ##[start-action display=Parse toolchain version;id=__dtolnay_rust-toolchain.parse]
portable	UNKNOWN STEP	2026-10-01T06:29:48.5803534Z ##[group]Run if [[ -z $toolchain ]]; then
portable	UNKNOWN STEP	2026-10-01T06:29:48.5804860Z ^[[36;1mif [[ -z $toolchain ]]; then^[[0m
portable	UNKNOWN STEP	2026-10-01T06:29:48.5806890Z ^[[36;1m  # GitHub does not enforce `required: true` inputs itself. https://github.com/actions/runner/issues/1070^[[0m
portable	UNKNOWN STEP	2026-10-01T06:29:48.5808833Z ^[[36;1m  echo "'toolchain' is a required input" >&2^[[0m
portable	UNKNOWN STEP	2026-10-01T06:29:48.5810028Z ^[[36;1m  exit 1^[[0m
portable	UNKNOWN STEP	2026-10-01T06:29:48.5811316Z ^[[36;1melif [[ $toolchain =~ ^stable' '[0-9]+' '(year|month|week|day)s?' 'ago$ ]]; then^[[0m
portable	UNKNOWN STEP	2026-10-01T06:29:48.5812840Z ^[[36;1m  if [[ Linux == macOS ]]; then^[[0m
portable	UNKNOWN STEP	2026-10-01T06:29:48.5814755Z ^[[36;1m    echo "toolchain=1.$((($(date -v-$(sed 's/stable \([0-9]*\) \(.\).*/\1\2/' <<< $toolchain) +%s)/60/60/24-16569)/7/6))" >> $GITHUB_OUTPUT^[[0m
portable	UNKNOWN STEP	2026-10-01T06:29:48.5817137Z ^[[36;1m  else^[[0m
portable	UNKNOWN STEP	2026-10-01T06:29:48.5818658Z ^[[36;1m    echo "toolchain=1.$((($(date --date "${toolchain#stable }" +%s)/60/60/24-16569)/7/6))" >> $GITHUB_OUTPUT^[[0m
portable	UNKNOWN STEP	2026-10-01T06:29:48.5820332Z ^[[36;1m  fi^[[0m
portable	UNKNOWN STEP	2026-10-01T06:29:48.5821530Z ^[[36;1melif [[ $toolchain =~ ^stable' 'minus' '[0-9]+' 'releases?$ ]]; then^[[0m
portable	UNKNOWN STEP	2026-10-01T06:29:48.5823450Z ^[[36;1m  echo "toolchain=1.$((($(date +%s)/60/60/24-16569)/7/6-${toolchain//[^0-9]/}))" >> $GITHUB_OUTPUT^[[0m
portable	UNKNOWN STEP	2026-10-01T06:29:48.5825144Z ^[[36;1melif [[ $toolchain =~ ^1\.[0-9]+$ ]]; then^[[0m
portable	UNKNOWN STEP	2026-10-01T06:29:48.5827159Z ^[[36;1m  echo "toolchain=1.$((i=${toolchain#1.}, c=($(date +%s)/60/60/24-16569)/7/6, i+9*i*(10*i<=c)+90*i*(100*i<=c)))" >> $GITHUB_OUTPUT^[[0m
portable	UNKNOWN STEP	2026-10-01T06:29:48.5828953Z ^[[36;1melse^[[0m
portable	UNKNOWN STEP	2026-10-01T06:29:48.5829979Z ^[[36;1m  echo "toolchain=$toolchain" >> $GITHUB_OUTPUT^[[0m
portable	UNKNOWN STEP	2026-10-01T06:29:48.5831170Z ^[[36;1mfi^[[0m
portable	UNKNOWN STEP	2026-10-01T06:29:48.6091596Z shell: /usr/bin/bash --noprofile --norc -e -o pipefail {0}
portable	UNKNOWN STEP	2026-10-01T06:29:48.6092949Z env:
portable	UNKNOWN STEP	2026-10-01T06:29:48.6093803Z   toolchain: 1.95.0
portable	UNKNOWN STEP	2026-10-01T06:29:48.6094738Z ##[endgroup]
portable	UNKNOWN STEP	2026-10-01T06:29:48.6248733Z ##[end-action id=__dtolnay_rust-toolchain.parse;outcome=success;conclusion=success;duration_ms=52]
portable	UNKNOWN STEP	2026-10-01T06:29:48.6266868Z ##[start-action display=Construct rustup command line;id=__dtolnay_rust-toolchain.flags]
portable	UNKNOWN STEP	2026-10-01T06:29:48.6382802Z ##[group]Run echo "targets=$(for t in ${targets//,/ }; do echo -n ' --target' $t; done)" >> $GITHUB_OUTPUT
portable	UNKNOWN STEP	2026-10-01T06:29:48.6385003Z ^[[36;1mecho "targets=$(for t in ${targets//,/ }; do echo -n ' --target' $t; done)" >> $GITHUB_OUTPUT^[[0m
portable	UNKNOWN STEP	2026-10-01T06:29:48.6387487Z ^[[36;1mecho "components=$(for c in ${components//,/ }; do echo -n ' --component' $c; done)" >> $GITHUB_OUTPUT^[[0m
portable	UNKNOWN STEP	2026-10-01T06:29:48.6389270Z ^[[36;1mecho "downgrade=" >> $GITHUB_OUTPUT^[[0m
portable	UNKNOWN STEP	2026-10-01T06:29:48.6448617Z shell: /usr/bin/bash --noprofile --norc -e -o pipefail {0}
portable	UNKNOWN STEP	2026-10-01T06:29:48.6449897Z env:
portable	UNKNOWN STEP	2026-10-01T06:29:48.6450699Z   targets: 
portable	UNKNOWN STEP	2026-10-01T06:29:48.6451571Z   components: clippy,rustfmt
portable	UNKNOWN STEP	2026-10-01T06:29:48.6452545Z ##[endgroup]
portable	UNKNOWN STEP	2026-10-01T06:29:48.6561683Z ##[end-action id=__dtolnay_rust-toolchain.flags;outcome=success;conclusion=success;duration_ms=29]
portable	UNKNOWN STEP	2026-10-01T06:29:48.6568207Z ##[start-action display=Set $CARGO_HOME;id=__dtolnay_rust-toolchain.__run]
portable	UNKNOWN STEP	2026-10-01T06:29:48.6614609Z ##[group]Run echo CARGO_HOME=${CARGO_HOME:-"$HOME/.cargo"} >> $GITHUB_ENV
portable	UNKNOWN STEP	2026-10-01T06:29:48.6616511Z ^[[36;1mecho CARGO_HOME=${CARGO_HOME:-"$HOME/.cargo"} >> $GITHUB_ENV^[[0m
portable	UNKNOWN STEP	2026-10-01T06:29:48.6675810Z shell: /usr/bin/bash --noprofile --norc -e -o pipefail {0}
portable	UNKNOWN STEP	2026-10-01T06:29:48.6677097Z ##[endgroup]
portable	UNKNOWN STEP	2026-10-01T06:29:48.6778873Z ##[end-action id=__dtolnay_rust-toolchain.__run;outcome=success;conclusion=success;duration_ms=20]
portable	UNKNOWN STEP	2026-10-01T06:29:48.6785632Z ##[start-action display=Install rustup if needed;id=__dtolnay_rust-toolchain.__run_2]
portable	UNKNOWN STEP	2026-10-01T06:29:48.6841774Z ##[group]Run if ! command -v rustup &>/dev/null; then
portable	UNKNOWN STEP	2026-10-01T06:29:48.6843090Z ^[[36;1mif ! command -v rustup &>/dev/null; then^[[0m
portable	UNKNOWN STEP	2026-10-01T06:29:48.6845815Z ^[[36;1m  curl --proto '=https' --tlsv1.2 --retry 10 --retry-connrefused --location --silent --show-error --fail https://sh.rustup.rs | sh -s -- --default-toolchain none -y^[[0m
portable	UNKNOWN STEP	2026-10-01T06:29:48.6848278Z ^[[36;1m  echo "$CARGO_HOME/bin" >> $GITHUB_PATH^[[0m
portable	UNKNOWN STEP	2026-10-01T06:29:48.6849416Z ^[[36;1mfi^[[0m
portable	UNKNOWN STEP	2026-10-01T06:29:48.6908302Z shell: /usr/bin/bash --noprofile --norc -e -o pipefail {0}
portable	UNKNOWN STEP	2026-10-01T06:29:48.6909556Z env:
portable	UNKNOWN STEP	2026-10-01T06:29:48.6910394Z   CARGO_HOME: /home/runner/.cargo
portable	UNKNOWN STEP	2026-10-01T06:29:48.6911398Z ##[endgroup]
portable	UNKNOWN STEP	2026-10-01T06:29:48.7010192Z ##[end-action id=__dtolnay_rust-toolchain.__run_2;outcome=success;conclusion=success;duration_ms=22]
portable	UNKNOWN STEP	2026-10-01T06:29:48.7017114Z ##[start-action display=Install rustup if needed on windows;id=__dtolnay_rust-toolchain.__run_3]
portable	UNKNOWN STEP	2026-10-01T06:29:48.7032342Z ##[end-action id=__dtolnay_rust-toolchain.__run_3;outcome=skipped;conclusion=skipped;duration_ms=0]
portable	UNKNOWN STEP	2026-10-01T06:29:48.7050133Z ##[start-action display=rustup toolchain install 1.95.0;id=__dtolnay_rust-toolchain.__run_4]
portable	UNKNOWN STEP	2026-10-01T06:29:48.7103811Z ##[group]Run rustup toolchain install 1.95.0 --component clippy --component rustfmt --profile minimal --no-self-update
portable	UNKNOWN STEP	2026-10-01T06:29:48.7106626Z ^[[36;1mrustup toolchain install 1.95.0 --component clippy --component rustfmt --profile minimal --no-self-update^[[0m
portable	UNKNOWN STEP	2026-10-01T06:29:48.7166241Z shell: /usr/bin/bash --noprofile --norc -e -o pipefail {0}
portable	UNKNOWN STEP	2026-10-01T06:29:48.7167513Z env:
portable	UNKNOWN STEP	2026-10-01T06:29:48.7168335Z   CARGO_HOME: /home/runner/.cargo
portable	UNKNOWN STEP	2026-10-01T06:29:48.7169355Z   RUSTUP_PERMIT_COPY_RENAME: 1
portable	UNKNOWN STEP	2026-10-01T06:29:48.7170303Z ##[endgroup]
portable	UNKNOWN STEP	2026-10-01T06:29:48.7677052Z info: syncing channel updates for 1.95.0-x86_64-unknown-linux-gnu
portable	UNKNOWN STEP	2026-10-01T06:29:48.8742899Z info: latest update on 2026-04-16 for version 1.95.0 (59807616e 2026-04-14)
portable	UNKNOWN STEP	2026-10-01T06:29:48.8745954Z info: downloading 5 components
portable	UNKNOWN STEP	2026-10-01T06:29:56.6133341Z 
portable	UNKNOWN STEP	2026-10-01T06:29:56.6203039Z   1.95.0-x86_64-unknown-linux-gnu installed - rustc 1.95.0 (59807616e 2026-04-14)
portable	UNKNOWN STEP	2026-10-01T06:29:56.6204623Z 
portable	UNKNOWN STEP	2026-10-01T06:29:56.6270869Z ##[end-action id=__dtolnay_rust-toolchain.__run_4;outcome=success;conclusion=success;duration_ms=7921]
portable	UNKNOWN STEP	2026-10-01T06:29:56.6279076Z ##[start-action display=rustup default 1.95.0;id=__dtolnay_rust-toolchain.__run_5]
portable	UNKNOWN STEP	2026-10-01T06:29:56.6334801Z ##[group]Run rustup default 1.95.0
portable	UNKNOWN STEP	2026-10-01T06:29:56.6335148Z ^[[36;1mrustup default 1.95.0^[[0m
portable	UNKNOWN STEP	2026-10-01T06:29:56.6402013Z shell: /usr/bin/bash --noprofile --norc -e -o pipefail {0}
portable	UNKNOWN STEP	2026-10-01T06:29:56.6402403Z env:
portable	UNKNOWN STEP	2026-10-01T06:29:56.6402650Z   CARGO_HOME: /home/runner/.cargo
portable	UNKNOWN STEP	2026-10-01T06:29:56.6402936Z ##[endgroup]
portable	UNKNOWN STEP	2026-10-01T06:29:56.6528793Z info: using existing install for 1.95.0-x86_64-unknown-linux-gnu
portable	UNKNOWN STEP	2026-10-01T06:29:56.6535096Z info: default toolchain set to 1.95.0-x86_64-unknown-linux-gnu
portable	UNKNOWN STEP	2026-10-01T06:29:56.6535969Z 
portable	UNKNOWN STEP	2026-10-01T06:29:56.6602513Z   1.95.0-x86_64-unknown-linux-gnu unchanged - rustc 1.95.0 (59807616e 2026-04-14)
portable	UNKNOWN STEP	2026-10-01T06:29:56.6603163Z 
portable	UNKNOWN STEP	2026-10-01T06:29:56.6603924Z info: note that the toolchain '1.95.0-x86_64-unknown-linux-gnu' is currently in use (overridden by '/home/runner/work/gpui-rhai/gpui-rhai/rust-toolchain.toml')
portable	UNKNOWN STEP	2026-10-01T06:29:56.6619254Z ##[end-action id=__dtolnay_rust-toolchain.__run_5;outcome=success;conclusion=success;duration_ms=33]
portable	UNKNOWN STEP	2026-10-01T06:29:56.6622187Z ##[start-action display=Create cachekey;id=__dtolnay_rust-toolchain.rustc-version]
portable	UNKNOWN STEP	2026-10-01T06:29:56.6652907Z ##[group]Run DATE=$(rustc +1.95.0 --version --verbose | sed -ne 's/^commit-date: \(20[0-9][0-9]\)-\([01][0-9]\)-\([0-3][0-9]\)$/\1\2\3/p')
portable	UNKNOWN STEP	2026-10-01T06:29:56.6653760Z ^[[36;1mDATE=$(rustc +1.95.0 --version --verbose | sed -ne 's/^commit-date: \(20[0-9][0-9]\)-\([01][0-9]\)-\([0-3][0-9]\)$/\1\2\3/p')^[[0m
portable	UNKNOWN STEP	2026-10-01T06:29:56.6654458Z ^[[36;1mHASH=$(rustc +1.95.0 --version --verbose | sed -ne 's/^commit-hash: //p')^[[0m
portable	UNKNOWN STEP	2026-10-01T06:29:56.6655157Z ^[[36;1mecho "cachekey=$(echo $DATE$HASH | head -c12)" >> $GITHUB_OUTPUT^[[0m
portable	UNKNOWN STEP	2026-10-01T06:29:56.6720171Z shell: /usr/bin/bash --noprofile --norc -e -o pipefail {0}
portable	UNKNOWN STEP	2026-10-01T06:29:56.6720557Z env:
portable	UNKNOWN STEP	2026-10-01T06:29:56.6720815Z   CARGO_HOME: /home/runner/.cargo
portable	UNKNOWN STEP	2026-10-01T06:29:56.6721112Z ##[endgroup]
portable	UNKNOWN STEP	2026-10-01T06:29:56.7059503Z ##[end-action id=__dtolnay_rust-toolchain.rustc-version;outcome=success;conclusion=success;duration_ms=43]
portable	UNKNOWN STEP	2026-10-01T06:29:56.7062506Z ##[start-action display=Disable incremental compilation;id=__dtolnay_rust-toolchain.__run_6]
portable	UNKNOWN STEP	2026-10-01T06:29:56.7092279Z ##[group]Run if [ -z "${CARGO_INCREMENTAL+set}" ]; then
portable	UNKNOWN STEP	2026-10-01T06:29:56.7092744Z ^[[36;1mif [ -z "${CARGO_INCREMENTAL+set}" ]; then^[[0m
portable	UNKNOWN STEP	2026-10-01T06:29:56.7093129Z ^[[36;1m  echo CARGO_INCREMENTAL=0 >> $GITHUB_ENV^[[0m
portable	UNKNOWN STEP	2026-10-01T06:29:56.7093458Z ^[[36;1mfi^[[0m
portable	UNKNOWN STEP	2026-10-01T06:29:56.7165117Z shell: /usr/bin/bash --noprofile --norc -e -o pipefail {0}
portable	UNKNOWN STEP	2026-10-01T06:29:56.7165979Z env:
portable	UNKNOWN STEP	2026-10-01T06:29:56.7166251Z   CARGO_HOME: /home/runner/.cargo
portable	UNKNOWN STEP	2026-10-01T06:29:56.7166546Z ##[endgroup]
portable	UNKNOWN STEP	2026-10-01T06:29:56.7262391Z ##[end-action id=__dtolnay_rust-toolchain.__run_6;outcome=success;conclusion=success;duration_ms=19]
portable	UNKNOWN STEP	2026-10-01T06:29:56.7265100Z ##[start-action display=Enable colors in Cargo output;id=__dtolnay_rust-toolchain.__run_7]
portable	UNKNOWN STEP	2026-10-01T06:29:56.7294670Z ##[group]Run if [ -z "${CARGO_TERM_COLOR+set}" ]; then
portable	UNKNOWN STEP	2026-10-01T06:29:56.7295091Z ^[[36;1mif [ -z "${CARGO_TERM_COLOR+set}" ]; then^[[0m
portable	UNKNOWN STEP	2026-10-01T06:29:56.7295864Z ^[[36;1m  echo CARGO_TERM_COLOR=always >> $GITHUB_ENV^[[0m
portable	UNKNOWN STEP	2026-10-01T06:29:56.7296212Z ^[[36;1mfi^[[0m
portable	UNKNOWN STEP	2026-10-01T06:29:56.7363003Z shell: /usr/bin/bash --noprofile --norc -e -o pipefail {0}
portable	UNKNOWN STEP	2026-10-01T06:29:56.7363391Z env:
portable	UNKNOWN STEP	2026-10-01T06:29:56.7363640Z   CARGO_HOME: /home/runner/.cargo
portable	UNKNOWN STEP	2026-10-01T06:29:56.7363953Z   CARGO_INCREMENTAL: 0
portable	UNKNOWN STEP	2026-10-01T06:29:56.7364218Z ##[endgroup]
portable	UNKNOWN STEP	2026-10-01T06:29:56.7455753Z ##[end-action id=__dtolnay_rust-toolchain.__run_7;outcome=success;conclusion=success;duration_ms=18]
portable	UNKNOWN STEP	2026-10-01T06:29:56.7458268Z ##[start-action display=Enable Cargo sparse registry;id=__dtolnay_rust-toolchain.__run_8]
portable	UNKNOWN STEP	2026-10-01T06:29:56.7544290Z ##[group]Run # implemented in 1.66, stabilized in 1.68, made default in 1.70
portable	UNKNOWN STEP	2026-10-01T06:29:56.7544843Z ^[[36;1m# implemented in 1.66, stabilized in 1.68, made default in 1.70^[[0m
portable	UNKNOWN STEP	2026-10-01T06:29:56.7545976Z ^[[36;1mif [ -z "${CARGO_REGISTRIES_CRATES_IO_PROTOCOL+set}" -o -f "/home/runner/work/_temp"/.implicit_cargo_registries_crates_io_protocol ]; then^[[0m
portable	UNKNOWN STEP	2026-10-01T06:29:56.7546778Z ^[[36;1m  if rustc +1.95.0 --version --verbose | grep -q '^release: 1\.6[89]\.'; then^[[0m
portable	UNKNOWN STEP	2026-10-01T06:29:56.7547412Z ^[[36;1m    touch "/home/runner/work/_temp"/.implicit_cargo_registries_crates_io_protocol || true^[[0m
portable	UNKNOWN STEP	2026-10-01T06:29:56.7548003Z ^[[36;1m    echo CARGO_REGISTRIES_CRATES_IO_PROTOCOL=sparse >> $GITHUB_ENV^[[0m
portable	UNKNOWN STEP	2026-10-01T06:29:56.7548544Z ^[[36;1m  elif rustc +1.95.0 --version --verbose | grep -q '^release: 1\.6[67]\.'; then^[[0m
portable	UNKNOWN STEP	2026-10-01T06:29:56.7549161Z ^[[36;1m    touch "/home/runner/work/_temp"/.implicit_cargo_registries_crates_io_protocol || true^[[0m
portable	UNKNOWN STEP	2026-10-01T06:29:56.7549728Z ^[[36;1m    echo CARGO_REGISTRIES_CRATES_IO_PROTOCOL=git >> $GITHUB_ENV^[[0m
portable	UNKNOWN STEP	2026-10-01T06:29:56.7550118Z ^[[36;1m  fi^[[0m
portable	UNKNOWN STEP	2026-10-01T06:29:56.7550354Z ^[[36;1mfi^[[0m
portable	UNKNOWN STEP	2026-10-01T06:29:56.7616286Z shell: /usr/bin/bash --noprofile --norc -e -o pipefail {0}
portable	UNKNOWN STEP	2026-10-01T06:29:56.7616676Z env:
portable	UNKNOWN STEP	2026-10-01T06:29:56.7616918Z   CARGO_HOME: /home/runner/.cargo
portable	UNKNOWN STEP	2026-10-01T06:29:56.7617452Z   CARGO_INCREMENTAL: 0
portable	UNKNOWN STEP	2026-10-01T06:29:56.7617722Z   CARGO_TERM_COLOR: always
portable	UNKNOWN STEP	2026-10-01T06:29:56.7617987Z ##[endgroup]
portable	UNKNOWN STEP	2026-10-01T06:29:56.7933762Z ##[end-action id=__dtolnay_rust-toolchain.__run_8;outcome=success;conclusion=success;duration_ms=47]
portable	UNKNOWN STEP	2026-10-01T06:29:56.7937008Z ##[start-action display=Work around spurious network errors in curl 8.0;id=__dtolnay_rust-toolchain.__run_9]
portable	UNKNOWN STEP	2026-10-01T06:29:56.7968139Z ##[group]Run # https://rust-lang.zulipchat.com/#narrow/stream/246057-t-cargo/topic/timeout.20investigation
portable	UNKNOWN STEP	2026-10-01T06:29:56.7969107Z ^[[36;1m# https://rust-lang.zulipchat.com/#narrow/stream/246057-t-cargo/topic/timeout.20investigation^[[0m
portable	UNKNOWN STEP	2026-10-01T06:29:56.7969793Z ^[[36;1mif rustc +1.95.0 --version --verbose | grep -q '^release: 1\.7[01]\.'; then^[[0m
portable	UNKNOWN STEP	2026-10-01T06:29:56.7970292Z ^[[36;1m  echo CARGO_HTTP_MULTIPLEXING=false >> $GITHUB_ENV^[[0m
portable	UNKNOWN STEP	2026-10-01T06:29:56.7970652Z ^[[36;1mfi^[[0m
portable	UNKNOWN STEP	2026-10-01T06:29:56.8040631Z shell: /usr/bin/bash --noprofile --norc -e -o pipefail {0}
portable	UNKNOWN STEP	2026-10-01T06:29:56.8041036Z env:
portable	UNKNOWN STEP	2026-10-01T06:29:56.8041283Z   CARGO_HOME: /home/runner/.cargo
portable	UNKNOWN STEP	2026-10-01T06:29:56.8041585Z   CARGO_INCREMENTAL: 0
portable	UNKNOWN STEP	2026-10-01T06:29:56.8041854Z   CARGO_TERM_COLOR: always
portable	UNKNOWN STEP	2026-10-01T06:29:56.8042121Z ##[endgroup]
portable	UNKNOWN STEP	2026-10-01T06:29:56.8248742Z ##[end-action id=__dtolnay_rust-toolchain.__run_9;outcome=success;conclusion=success;duration_ms=31]
portable	UNKNOWN STEP	2026-10-01T06:29:56.8252959Z ##[start-action display=rustc +1.95.0 --version --verbose;id=__dtolnay_rust-toolchain.__run_10]
portable	UNKNOWN STEP	2026-10-01T06:29:56.8304382Z ##[group]Run rustc +1.95.0 --version --verbose
portable	UNKNOWN STEP	2026-10-01T06:29:56.8304769Z ^[[36;1mrustc +1.95.0 --version --verbose^[[0m
portable	UNKNOWN STEP	2026-10-01T06:29:56.8373373Z shell: /usr/bin/bash --noprofile --norc -e -o pipefail {0}
portable	UNKNOWN STEP	2026-10-01T06:29:56.8373759Z env:
portable	UNKNOWN STEP	2026-10-01T06:29:56.8374002Z   CARGO_HOME: /home/runner/.cargo
portable	UNKNOWN STEP	2026-10-01T06:29:56.8374301Z   CARGO_INCREMENTAL: 0
portable	UNKNOWN STEP	2026-10-01T06:29:56.8374570Z   CARGO_TERM_COLOR: always
portable	UNKNOWN STEP	2026-10-01T06:29:56.8374838Z ##[endgroup]
portable	UNKNOWN STEP	2026-10-01T06:29:56.8563494Z rustc 1.95.0 (59807616e 2026-04-14)
portable	UNKNOWN STEP	2026-10-01T06:29:56.8564378Z binary: rustc
portable	UNKNOWN STEP	2026-10-01T06:29:56.8565624Z commit-hash: 59807616e1fa2540724bfbac14d7976d7e4a3860
portable	UNKNOWN STEP	2026-10-01T06:29:56.8566249Z commit-date: 2026-04-14
portable	UNKNOWN STEP	2026-10-01T06:29:56.8566669Z host: x86_64-unknown-linux-gnu
portable	UNKNOWN STEP	2026-10-01T06:29:56.8567024Z release: 1.95.0
portable	UNKNOWN STEP	2026-10-01T06:29:56.8567254Z LLVM version: 22.1.2
portable	UNKNOWN STEP	2026-10-01T06:29:56.8583247Z ##[end-action id=__dtolnay_rust-toolchain.__run_10;outcome=success;conclusion=success;duration_ms=32]
portable	UNKNOWN STEP	2026-10-01T06:29:56.8648552Z ##[group]Run sudo apt-get update
portable	UNKNOWN STEP	2026-10-01T06:29:56.8648878Z ^[[36;1msudo apt-get update^[[0m
portable	UNKNOWN STEP	2026-10-01T06:29:56.8649206Z ^[[36;1msudo apt-get install --yes --no-install-recommends \^[[0m
portable	UNKNOWN STEP	2026-10-01T06:29:56.8649558Z ^[[36;1m  libxcb1-dev \^[[0m
portable	UNKNOWN STEP	2026-10-01T06:29:56.8649801Z ^[[36;1m  libfontconfig1-dev \^[[0m
portable	UNKNOWN STEP	2026-10-01T06:29:56.8650051Z ^[[36;1m  libvulkan1 \^[[0m
portable	UNKNOWN STEP	2026-10-01T06:29:56.8650281Z ^[[36;1m  libwayland-dev \^[[0m
portable	UNKNOWN STEP	2026-10-01T06:29:56.8650521Z ^[[36;1m  libx11-xcb-dev \^[[0m
portable	UNKNOWN STEP	2026-10-01T06:29:56.8650769Z ^[[36;1m  libxkbcommon-dev \^[[0m
portable	UNKNOWN STEP	2026-10-01T06:29:56.8651019Z ^[[36;1m  libxkbcommon-x11-dev \^[[0m
portable	UNKNOWN STEP	2026-10-01T06:29:56.8651291Z ^[[36;1m  mesa-vulkan-drivers \^[[0m
portable	UNKNOWN STEP	2026-10-01T06:29:56.8651536Z ^[[36;1m  weston \^[[0m
portable	UNKNOWN STEP	2026-10-01T06:29:56.8651736Z ^[[36;1m  xvfb^[[0m
portable	UNKNOWN STEP	2026-10-01T06:29:56.8716968Z shell: /usr/bin/bash -e {0}
portable	UNKNOWN STEP	2026-10-01T06:29:56.8717230Z env:
portable	UNKNOWN STEP	2026-10-01T06:29:56.8717432Z   CARGO_HOME: /home/runner/.cargo
portable	UNKNOWN STEP	2026-10-01T06:29:56.8717696Z   CARGO_INCREMENTAL: 0
portable	UNKNOWN STEP	2026-10-01T06:29:56.8717949Z   CARGO_TERM_COLOR: always
portable	UNKNOWN STEP	2026-10-01T06:29:56.8718172Z ##[endgroup]
portable	UNKNOWN STEP	2026-10-01T06:29:56.9422400Z Get:1 file:/etc/apt/apt-mirrors.txt Mirrorlist [144 B]
portable	UNKNOWN STEP	2026-10-01T06:29:56.9725623Z Hit:2 http://azure.archive.ubuntu.com/ubuntu noble InRelease
portable	UNKNOWN STEP	2026-10-01T06:29:56.9727004Z Get:6 https://packages.microsoft.com/ubuntu/24.04/prod noble InRelease [3600 B]
portable	UNKNOWN STEP	2026-10-01T06:29:56.9748229Z Get:3 http://azure.archive.ubuntu.com/ubuntu noble-updates InRelease [126 kB]
portable	UNKNOWN STEP	2026-10-01T06:29:56.9778282Z Get:4 http://azure.archive.ubuntu.com/ubuntu noble-backports InRelease [126 kB]
portable	UNKNOWN STEP	2026-10-01T06:29:56.9813797Z Get:5 http://azure.archive.ubuntu.com/ubuntu noble-security InRelease [126 kB]
portable	UNKNOWN STEP	2026-10-01T06:29:57.1020501Z Get:7 https://packages.microsoft.com/ubuntu/24.04/prod noble/main amd64 Packages [509 kB]
portable	UNKNOWN STEP	2026-10-01T06:29:57.1147084Z Get:8 https://packages.microsoft.com/ubuntu/24.04/prod noble/main arm64 Packages [456 kB]
portable	UNKNOWN STEP	2026-10-01T06:29:57.1519983Z Get:9 http://azure.archive.ubuntu.com/ubuntu noble-updates/main amd64 Packages [1342 kB]
portable	UNKNOWN STEP	2026-10-01T06:29:57.1592319Z Get:10 http://azure.archive.ubuntu.com/ubuntu noble-updates/main Translation-en [302 kB]
portable	UNKNOWN STEP	2026-10-01T06:29:57.1614268Z Get:11 http://azure.archive.ubuntu.com/ubuntu noble-updates/main amd64 Components [181 kB]
portable	UNKNOWN STEP	2026-10-01T06:29:57.1632322Z Get:12 http://azure.archive.ubuntu.com/ubuntu noble-updates/universe amd64 Packages [1699 kB]
portable	UNKNOWN STEP	2026-10-01T06:29:57.1733484Z Get:13 http://azure.archive.ubuntu.com/ubuntu noble-updates/universe Translation-en [341 kB]
portable	UNKNOWN STEP	2026-10-01T06:29:57.1772336Z Get:14 http://azure.archive.ubuntu.com/ubuntu noble-updates/universe amd64 Components [388 kB]
portable	UNKNOWN STEP	2026-10-01T06:29:57.1797350Z Get:15 http://azure.archive.ubuntu.com/ubuntu noble-updates/restricted amd64 Packages [1697 kB]
portable	UNKNOWN STEP	2026-10-01T06:29:57.1883719Z Get:16 http://azure.archive.ubuntu.com/ubuntu noble-updates/restricted Translation-en [388 kB]
portable	UNKNOWN STEP	2026-10-01T06:29:57.1926601Z Get:17 http://azure.archive.ubuntu.com/ubuntu noble-updates/multiverse amd64 Components [940 B]
portable	UNKNOWN STEP	2026-10-01T06:29:57.2242431Z Get:18 http://azure.archive.ubuntu.com/ubuntu noble-backports/main amd64 Components [5760 B]
portable	UNKNOWN STEP	2026-10-01T06:29:57.2673541Z Get:19 http://azure.archive.ubuntu.com/ubuntu noble-backports/universe amd64 Components [12.6 kB]
portable	UNKNOWN STEP	2026-10-01T06:29:57.2779385Z Get:20 http://azure.archive.ubuntu.com/ubuntu noble-security/main amd64 Packages [1066 kB]
portable	UNKNOWN STEP	2026-10-01T06:29:57.2830257Z Get:21 http://azure.archive.ubuntu.com/ubuntu noble-security/main Translation-en [220 kB]
portable	UNKNOWN STEP	2026-10-01T06:29:57.2867382Z Get:22 http://azure.archive.ubuntu.com/ubuntu noble-security/main amd64 Components [46.4 kB]
portable	UNKNOWN STEP	2026-10-01T06:29:57.2876574Z Get:23 http://azure.archive.ubuntu.com/ubuntu noble-security/universe amd64 Packages [1216 kB]
portable	UNKNOWN STEP	2026-10-01T06:29:57.2932460Z Get:24 http://azure.archive.ubuntu.com/ubuntu noble-security/universe Translation-en [244 kB]
portable	UNKNOWN STEP	2026-10-01T06:29:57.2950152Z Get:25 http://azure.archive.ubuntu.com/ubuntu noble-security/universe amd64 Components [76.3 kB]
portable	UNKNOWN STEP	2026-10-01T06:29:57.2960825Z Get:26 http://azure.archive.ubuntu.com/ubuntu noble-security/restricted amd64 Packages [1566 kB]
portable	UNKNOWN STEP	2026-10-01T06:29:57.3029069Z Get:27 http://azure.archive.ubuntu.com/ubuntu noble-security/restricted Translation-en [361 kB]
portable	UNKNOWN STEP	2026-10-01T06:30:01.3406480Z Fetched 12.5 MB in 1s (9331 kB/s)
portable	UNKNOWN STEP	2026-10-01T06:30:02.1263813Z Reading package lists...
portable	UNKNOWN STEP	2026-10-01T06:30:02.1578219Z Reading package lists...
portable	UNKNOWN STEP	2026-10-01T06:30:02.3220607Z Building dependency tree...
portable	UNKNOWN STEP	2026-10-01T06:30:02.3228087Z Reading state information...
portable	UNKNOWN STEP	2026-10-01T06:30:02.4557843Z libvulkan1 is already the newest version (1.3.275.0-1build1).
portable	UNKNOWN STEP	2026-10-01T06:30:02.4558506Z libvulkan1 set to manually installed.
portable	UNKNOWN STEP	2026-10-01T06:30:02.4559011Z xvfb is already the newest version (2:21.1.12-1ubuntu1.8).
portable	UNKNOWN STEP	2026-10-01T06:30:02.4559571Z The following additional packages will be installed:
portable	UNKNOWN STEP	2026-10-01T06:30:02.4560208Z   libaml0t64 libass9 libasyncns0 libavcodec60 libavfilter9 libavformat60
portable	UNKNOWN STEP	2026-10-01T06:30:02.4560916Z   libavutil58 libblas3 libbluray2 libbrotli-dev libbs2b0 libbz2-dev
portable	UNKNOWN STEP	2026-10-01T06:30:02.4561584Z   libchromaprint1 libcjson1 libcodec2-1.2 libdav1d7 libegl-mesa0 libegl1
portable	UNKNOWN STEP	2026-10-01T06:30:02.4562167Z   libflac12t64 libflite1 libfontconfig-dev libfreerdp-server2-2t64
portable	UNKNOWN STEP	2026-10-01T06:30:02.4562717Z   libfreerdp2-2t64 libfreetype-dev libgbm1 libgl1-mesa-dri libgles2
portable	UNKNOWN STEP	2026-10-01T06:30:02.4563287Z   libglx-mesa0 libgme0 libgsm1 libgstreamer-plugins-base1.0-0 libhwy1t64
portable	UNKNOWN STEP	2026-10-01T06:30:02.4563898Z   libinput-bin libinput10 libjxl0.7 liblapack3 liblilv-0-0 libmbedcrypto7t64
portable	UNKNOWN STEP	2026-10-01T06:30:02.4564933Z   libmp3lame0 libmpg123-0t64 libmtdev1t64 libmysofa1 libneatvnc0
portable	UNKNOWN STEP	2026-10-01T06:30:02.4566864Z   libopenmpt0t64 libopus0 liborc-0.4-0t64 libpipewire-0.3-0t64 libplacebo338
portable	UNKNOWN STEP	2026-10-01T06:30:02.4567782Z   libpng-dev libpocketsphinx3 libpostproc57 libpthread-stubs0-dev libpulse0
portable	UNKNOWN STEP	2026-10-01T06:30:02.4568680Z   librav1e0 librist4 librsvg2-2 librubberband2 libsamplerate0 libseat1
portable	UNKNOWN STEP	2026-10-01T06:30:02.4569565Z   libserd-0-0 libshine3 libsndfile1 libsord-0-0 libsoxr0 libspa-0.2-modules
portable	UNKNOWN STEP	2026-10-01T06:30:02.4570631Z   libspeex1 libsphinxbase3t64 libsratom-0-0 libsrt1.5-gnutls libssh-gcrypt-4
portable	UNKNOWN STEP	2026-10-01T06:30:02.4571559Z   libsvtav1enc1d1 libswresample4 libswscale7 libtheora0 libturbojpeg
portable	UNKNOWN STEP	2026-10-01T06:30:02.4572428Z   libtwolame0 libudfread0 libunibreak5 libva-drm2 libva-x11-2 libva2 libvdpau1
portable	UNKNOWN STEP	2026-10-01T06:30:02.4573291Z   libvidstab1.1 libvorbisenc2 libvpl2 libvpx9 libwacom-common libwacom9
portable	UNKNOWN STEP	2026-10-01T06:30:02.4574165Z   libwayland-bin libwayland-server0 libwebrtc-audio-processing1 libweston-13-0
portable	UNKNOWN STEP	2026-10-01T06:30:02.4574991Z   libwinpr2-2t64 libx11-dev libx264-164 libx265-199 libxau-dev
portable	UNKNOWN STEP	2026-10-01T06:30:02.4576029Z   libxcb-composite0 libxcb-xkb-dev libxcb-xkb1 libxdmcp-dev libxkbcommon-x11-0
portable	UNKNOWN STEP	2026-10-01T06:30:02.4576944Z   libxvidcore4 libzimg2 libzix-0-0 libzvbi-common libzvbi0t64 mesa-libgallium
portable	UNKNOWN STEP	2026-10-01T06:30:02.4578012Z   ocl-icd-libopencl1 uuid-dev x11proto-dev xorg-sgml-doctools xtrans-dev
portable	UNKNOWN STEP	2026-10-01T06:30:02.4578411Z Suggested packages:
portable	UNKNOWN STEP	2026-10-01T06:30:02.4578725Z   libcuda1 libnvcuvid1 libnvidia-encode1 libbluray-bdj freerdp2-x11
portable	UNKNOWN STEP	2026-10-01T06:30:02.4579184Z   freetype2-doc libvisual-0.4-plugins opus-tools pipewire pulseaudio
portable	UNKNOWN STEP	2026-10-01T06:30:02.4579642Z   librsvg2-bin serdi sordi speex libwacom-bin libwayland-doc libx11-doc
portable	UNKNOWN STEP	2026-10-01T06:30:02.4580022Z   libxcb-doc opencl-icd wayland-utils
portable	UNKNOWN STEP	2026-10-01T06:30:02.4580288Z Recommended packages:
portable	UNKNOWN STEP	2026-10-01T06:30:02.4580610Z   libaacs0 bzip2-doc gstreamer1.0-plugins-base libpipewire-0.3-common
portable	UNKNOWN STEP	2026-10-01T06:30:02.4581111Z   libpng-tools pocketsphinx-en-us librsvg2-common va-driver-all | va-driver
portable	UNKNOWN STEP	2026-10-01T06:30:02.4581534Z   vdpau-driver-all | vdpau-driver
portable	UNKNOWN STEP	2026-10-01T06:30:02.5108162Z The following NEW packages will be installed:
portable	UNKNOWN STEP	2026-10-01T06:30:02.5109123Z   libaml0t64 libass9 libasyncns0 libavcodec60 libavfilter9 libavformat60
portable	UNKNOWN STEP	2026-10-01T06:30:02.5110144Z   libavutil58 libblas3 libbluray2 libbrotli-dev libbs2b0 libbz2-dev
portable	UNKNOWN STEP	2026-10-01T06:30:02.5111155Z   libchromaprint1 libcjson1 libcodec2-1.2 libdav1d7 libegl-mesa0 libegl1
portable	UNKNOWN STEP	2026-10-01T06:30:02.5112581Z   libflac12t64 libflite1 libfontconfig-dev libfontconfig1-dev
portable	UNKNOWN STEP	2026-10-01T06:30:02.5113680Z   libfreerdp-server2-2t64 libfreerdp2-2t64 libfreetype-dev libgles2 libgme0
portable	UNKNOWN STEP	2026-10-01T06:30:02.5114701Z   libgsm1 libgstreamer-plugins-base1.0-0 libhwy1t64 libinput-bin libinput10
portable	UNKNOWN STEP	2026-10-01T06:30:02.5115825Z   libjxl0.7 liblapack3 liblilv-0-0 libmbedcrypto7t64 libmp3lame0
portable	UNKNOWN STEP	2026-10-01T06:30:02.5116703Z   libmpg123-0t64 libmtdev1t64 libmysofa1 libneatvnc0 libopenmpt0t64 libopus0
portable	UNKNOWN STEP	2026-10-01T06:30:02.5117561Z   liborc-0.4-0t64 libpipewire-0.3-0t64 libplacebo338 libpng-dev
portable	UNKNOWN STEP	2026-10-01T06:30:02.5118400Z   libpocketsphinx3 libpostproc57 libpthread-stubs0-dev libpulse0 librav1e0
portable	UNKNOWN STEP	2026-10-01T06:30:02.5119033Z   librist4 librsvg2-2 librubberband2 libsamplerate0 libseat1 libserd-0-0
portable	UNKNOWN STEP	2026-10-01T06:30:02.5119644Z   libshine3 libsndfile1 libsord-0-0 libsoxr0 libspa-0.2-modules libspeex1
portable	UNKNOWN STEP	2026-10-01T06:30:02.5120235Z   libsphinxbase3t64 libsratom-0-0 libsrt1.5-gnutls libssh-gcrypt-4
portable	UNKNOWN STEP	2026-10-01T06:30:02.5120797Z   libsvtav1enc1d1 libswresample4 libswscale7 libtheora0 libturbojpeg
portable	UNKNOWN STEP	2026-10-01T06:30:02.5121477Z   libtwolame0 libudfread0 libunibreak5 libva-drm2 libva-x11-2 libva2 libvdpau1
portable	UNKNOWN STEP	2026-10-01T06:30:02.5122410Z   libvidstab1.1 libvorbisenc2 libvpl2 libvpx9 libwacom-common libwacom9
portable	UNKNOWN STEP	2026-10-01T06:30:02.5123333Z   libwayland-bin libwayland-dev libwayland-server0 libwebrtc-audio-processing1
portable	UNKNOWN STEP	2026-10-01T06:30:02.5124190Z   libweston-13-0 libwinpr2-2t64 libx11-dev libx11-xcb-dev libx264-164
portable	UNKNOWN STEP	2026-10-01T06:30:02.5124958Z   libx265-199 libxau-dev libxcb-composite0 libxcb-xkb-dev libxcb-xkb1
portable	UNKNOWN STEP	2026-10-01T06:30:02.5126013Z   libxcb1-dev libxdmcp-dev libxkbcommon-dev libxkbcommon-x11-0
portable	UNKNOWN STEP	2026-10-01T06:30:02.5126479Z   libxkbcommon-x11-dev libxvidcore4 libzimg2 libzix-0-0 libzvbi-common
portable	UNKNOWN STEP	2026-10-01T06:30:02.5126940Z   libzvbi0t64 mesa-vulkan-drivers ocl-icd-libopencl1 uuid-dev weston
portable	UNKNOWN STEP	2026-10-01T06:30:02.5127317Z   x11proto-dev xorg-sgml-doctools xtrans-dev
portable	UNKNOWN STEP	2026-10-01T06:30:02.5127617Z The following packages will be upgraded:
portable	UNKNOWN STEP	2026-10-01T06:30:02.5127958Z   libgbm1 libgl1-mesa-dri libglx-mesa0 mesa-libgallium
portable	UNKNOWN STEP	2026-10-01T06:30:02.5313619Z 4 upgraded, 117 newly installed, 0 to remove and 19 not upgraded.
portable	UNKNOWN STEP	2026-10-01T06:30:02.5314553Z Need to get 95.7 MB of archives.
portable	UNKNOWN STEP	2026-10-01T06:30:02.5315629Z After this operation, 295 MB of additional disk space will be used.
portable	UNKNOWN STEP	2026-10-01T06:30:02.5316330Z Get:1 file:/etc/apt/apt-mirrors.txt Mirrorlist [144 B]
portable	UNKNOWN STEP	2026-10-01T06:30:02.6897450Z Get:2 http://azure.archive.ubuntu.com/ubuntu noble/universe amd64 libaml0t64 amd64 0.3.0-1.1build1 [11.6 kB]
portable	UNKNOWN STEP	2026-10-01T06:30:02.8323118Z Get:3 http://azure.archive.ubuntu.com/ubuntu noble/universe amd64 libunibreak5 amd64 5.1-2build1 [25.0 kB]
portable	UNKNOWN STEP	2026-10-01T06:30:02.9741645Z Get:4 http://azure.archive.ubuntu.com/ubuntu noble/universe amd64 libass9 amd64 1:0.17.1-2build1 [104 kB]
portable	UNKNOWN STEP	2026-10-01T06:30:03.1196401Z Get:5 http://azure.archive.ubuntu.com/ubuntu noble/main amd64 libasyncns0 amd64 0.8-6build4 [11.3 kB]
portable	UNKNOWN STEP	2026-10-01T06:30:03.2612955Z Get:6 http://azure.archive.ubuntu.com/ubuntu noble-updates/universe amd64 libva2 amd64 2.20.0-2ubuntu0.2 [66.4 kB]
portable	UNKNOWN STEP	2026-10-01T06:30:03.4049662Z Get:7 http://azure.archive.ubuntu.com/ubuntu noble-updates/universe amd64 libva-drm2 amd64 2.20.0-2ubuntu0.2 [7124 B]
portable	UNKNOWN STEP	2026-10-01T06:30:03.5466193Z Get:8 http://azure.archive.ubuntu.com/ubuntu noble-updates/universe amd64 libva-x11-2 amd64 2.20.0-2ubuntu0.2 [12.0 kB]
portable	UNKNOWN STEP	2026-10-01T06:30:03.6882446Z Get:9 http://azure.archive.ubuntu.com/ubuntu noble/main amd64 libvdpau1 amd64 1.5-2build1 [27.8 kB]
portable	UNKNOWN STEP	2026-10-01T06:30:03.8303131Z Get:10 http://azure.archive.ubuntu.com/ubuntu noble/universe amd64 libvpl2 amd64 2023.3.0-1build1 [99.8 kB]
portable	UNKNOWN STEP	2026-10-01T06:30:03.9754781Z Get:11 http://azure.archive.ubuntu.com/ubuntu noble/universe amd64 ocl-icd-libopencl1 amd64 2.3.2-1build1 [38.5 kB]
portable	UNKNOWN STEP	2026-10-01T06:30:04.1196170Z Get:12 http://azure.archive.ubuntu.com/ubuntu noble/universe amd64 libavutil58 amd64 7:6.1.1-3ubuntu5 [401 kB]
portable	UNKNOWN STEP	2026-10-01T06:30:04.2794066Z Get:13 http://azure.archive.ubuntu.com/ubuntu noble/universe amd64 libcodec2-1.2 amd64 1.2.0-2build1 [8998 kB]
portable	UNKNOWN STEP	2026-10-01T06:30:04.8326059Z Get:14 http://azure.archive.ubuntu.com/ubuntu noble/universe amd64 libdav1d7 amd64 1.4.1-1build1 [604 kB]
portable	UNKNOWN STEP	2026-10-01T06:30:04.9997270Z Get:15 http://azure.archive.ubuntu.com/ubuntu noble/universe amd64 libgsm1 amd64 1.0.22-1build1 [27.8 kB]
portable	UNKNOWN STEP	2026-10-01T06:30:05.1420431Z Get:16 http://azure.archive.ubuntu.com/ubuntu noble/universe amd64 libhwy1t64 amd64 1.0.7-8.1build1 [584 kB]
portable	UNKNOWN STEP	2026-10-01T06:30:05.3138698Z Get:17 http://azure.archive.ubuntu.com/ubuntu noble-updates/universe amd64 libjxl0.7 amd64 0.7.0-10.2ubuntu6.1 [1001 kB]
portable	UNKNOWN STEP	2026-10-01T06:30:05.4944346Z Get:18 http://azure.archive.ubuntu.com/ubuntu noble/main amd64 libmp3lame0 amd64 3.100-6build1 [142 kB]
portable	UNKNOWN STEP	2026-10-01T06:30:05.6430501Z Get:19 http://azure.archive.ubuntu.com/ubuntu noble/main amd64 libopus0 amd64 1.4-1build1 [208 kB]
portable	UNKNOWN STEP	2026-10-01T06:30:05.7915743Z Get:20 http://azure.archive.ubuntu.com/ubuntu noble/universe amd64 librav1e0 amd64 0.7.1-2 [1022 kB]
portable	UNKNOWN STEP	2026-10-01T06:30:05.9797209Z Get:21 http://azure.archive.ubuntu.com/ubuntu noble/main amd64 librsvg2-2 amd64 2.58.0+dfsg-1build1 [2135 kB]
portable	UNKNOWN STEP	2026-10-01T06:30:06.2301043Z Get:22 http://azure.archive.ubuntu.com/ubuntu noble/universe amd64 libshine3 amd64 3.1.1-2build1 [23.2 kB]
portable	UNKNOWN STEP	2026-10-01T06:30:06.3719717Z Get:23 http://azure.archive.ubuntu.com/ubuntu noble-updates/main amd64 libspeex1 amd64 1.2.1-2ubuntu2.24.04.1 [59.6 kB]
portable	UNKNOWN STEP	2026-10-01T06:30:06.5149452Z Get:24 http://azure.archive.ubuntu.com/ubuntu noble/universe amd64 libsvtav1enc1d1 amd64 1.7.0+dfsg-2build1 [2425 kB]
portable	UNKNOWN STEP	2026-10-01T06:30:06.7639355Z Get:25 http://azure.archive.ubuntu.com/ubuntu noble/universe amd64 libsoxr0 amd64 0.1.3-4build3 [80.0 kB]
portable	UNKNOWN STEP	2026-10-01T06:30:06.9082892Z Get:26 http://azure.archive.ubuntu.com/ubuntu noble/universe amd64 libswresample4 amd64 7:6.1.1-3ubuntu5 [63.8 kB]
portable	UNKNOWN STEP	2026-10-01T06:30:07.0517190Z Get:27 http://azure.archive.ubuntu.com/ubuntu noble/main amd64 libtheora0 amd64 1.1.1+dfsg.1-16.1build3 [211 kB]
portable	UNKNOWN STEP	2026-10-01T06:30:07.2016967Z Get:28 http://azure.archive.ubuntu.com/ubuntu noble/main amd64 libtwolame0 amd64 0.4.0-2build3 [52.3 kB]
portable	UNKNOWN STEP	2026-10-01T06:30:07.3445140Z Get:29 http://azure.archive.ubuntu.com/ubuntu noble/main amd64 libvorbisenc2 amd64 1.3.7-1build3 [80.8 kB]
portable	UNKNOWN STEP	2026-10-01T06:30:07.4897658Z Get:30 http://azure.archive.ubuntu.com/ubuntu noble-updates/main amd64 libvpx9 amd64 1.14.0-1ubuntu2.3 [1143 kB]
portable	UNKNOWN STEP	2026-10-01T06:30:07.6810508Z Get:31 http://azure.archive.ubuntu.com/ubuntu noble/universe amd64 libx264-164 amd64 2:0.164.3108+git31e19f9-1 [604 kB]
portable	UNKNOWN STEP	2026-10-01T06:30:07.8482929Z Get:32 http://azure.archive.ubuntu.com/ubuntu noble/universe amd64 libx265-199 amd64 3.5-2build1 [1226 kB]
portable	UNKNOWN STEP	2026-10-01T06:30:08.0438614Z Get:33 http://azure.archive.ubuntu.com/ubuntu noble/universe amd64 libxvidcore4 amd64 2:1.3.7-1build1 [219 kB]
portable	UNKNOWN STEP	2026-10-01T06:30:08.1951621Z Get:34 http://azure.archive.ubuntu.com/ubuntu noble/universe amd64 libzvbi-common all 0.2.42-2 [42.4 kB]
portable	UNKNOWN STEP	2026-10-01T06:30:08.3381597Z Get:35 http://azure.archive.ubuntu.com/ubuntu noble/universe amd64 libzvbi0t64 amd64 0.2.42-2 [261 kB]
portable	UNKNOWN STEP	2026-10-01T06:30:08.4907338Z Get:36 http://azure.archive.ubuntu.com/ubuntu noble/universe amd64 libavcodec60 amd64 7:6.1.1-3ubuntu5 [5851 kB]
portable	UNKNOWN STEP	2026-10-01T06:30:08.8936017Z Get:37 http://azure.archive.ubuntu.com/ubuntu noble/universe amd64 libudfread0 amd64 1.1.2-1build1 [19.0 kB]
portable	UNKNOWN STEP	2026-10-01T06:30:09.0312670Z Get:38 http://azure.archive.ubuntu.com/ubuntu noble/universe amd64 libbluray2 amd64 1:1.3.4-1build1 [159 kB]
portable	UNKNOWN STEP	2026-10-01T06:30:09.1772499Z Get:39 http://azure.archive.ubuntu.com/ubuntu noble/universe amd64 libchromaprint1 amd64 1.5.1-5 [30.5 kB]
portable	UNKNOWN STEP	2026-10-01T06:30:09.3154353Z Get:40 http://azure.archive.ubuntu.com/ubuntu noble/universe amd64 libgme0 amd64 0.6.3-7build1 [134 kB]
portable	UNKNOWN STEP	2026-10-01T06:30:09.4601822Z Get:41 http://azure.archive.ubuntu.com/ubuntu noble-updates/main amd64 libmpg123-0t64 amd64 1.32.5-1ubuntu1.1 [169 kB]
portable	UNKNOWN STEP	2026-10-01T06:30:09.6066636Z Get:42 http://azure.archive.ubuntu.com/ubuntu noble/universe amd64 libopenmpt0t64 amd64 0.7.3-1.1build3 [647 kB]
portable	UNKNOWN STEP	2026-10-01T06:30:09.7810163Z Get:43 http://azure.archive.ubuntu.com/ubuntu noble/universe amd64 libcjson1 amd64 1.7.17-1 [24.8 kB]
portable	UNKNOWN STEP	2026-10-01T06:30:09.9192186Z Get:44 http://azure.archive.ubuntu.com/ubuntu noble/universe amd64 libmbedcrypto7t64 amd64 2.28.8-1 [209 kB]
portable	UNKNOWN STEP	2026-10-01T06:30:10.0691537Z Get:45 http://azure.archive.ubuntu.com/ubuntu noble/universe amd64 librist4 amd64 0.2.10+dfsg-2 [74.9 kB]
portable	UNKNOWN STEP	2026-10-01T06:30:10.2124595Z Get:46 http://azure.archive.ubuntu.com/ubuntu noble/universe amd64 libsrt1.5-gnutls amd64 1.5.3-1build2 [316 kB]
portable	UNKNOWN STEP	2026-10-01T06:30:10.3615486Z Get:47 http://azure.archive.ubuntu.com/ubuntu noble-updates/main amd64 libssh-gcrypt-4 amd64 0.10.6-2ubuntu0.5 [226 kB]
portable	UNKNOWN STEP	2026-10-01T06:30:10.5071510Z Get:48 http://azure.archive.ubuntu.com/ubuntu noble/universe amd64 libavformat60 amd64 7:6.1.1-3ubuntu5 [1153 kB]
portable	UNKNOWN STEP	2026-10-01T06:30:10.6913880Z Get:49 http://azure.archive.ubuntu.com/ubuntu noble/universe amd64 libbs2b0 amd64 3.1.0+dfsg-7build1 [10.6 kB]
portable	UNKNOWN STEP	2026-10-01T06:30:10.8278072Z Get:50 http://azure.archive.ubuntu.com/ubuntu noble/universe amd64 libflite1 amd64 2.2-6build3 [13.6 MB]
portable	UNKNOWN STEP	2026-10-01T06:30:11.5592059Z Get:51 http://azure.archive.ubuntu.com/ubuntu noble/universe amd64 libserd-0-0 amd64 0.32.2-1 [43.6 kB]
portable	UNKNOWN STEP	2026-10-01T06:30:11.6975937Z Get:52 http://azure.archive.ubuntu.com/ubuntu noble/universe amd64 libzix-0-0 amd64 0.4.2-2build1 [23.6 kB]
portable	UNKNOWN STEP	2026-10-01T06:30:11.8412954Z Get:53 http://azure.archive.ubuntu.com/ubuntu noble/universe amd64 libsord-0-0 amd64 0.16.16-2build1 [15.8 kB]
portable	UNKNOWN STEP	2026-10-01T06:30:11.9780926Z Get:54 http://azure.archive.ubuntu.com/ubuntu noble/universe amd64 libsratom-0-0 amd64 0.6.16-1build1 [17.3 kB]
portable	UNKNOWN STEP	2026-10-01T06:30:12.1154441Z Get:55 http://azure.archive.ubuntu.com/ubuntu noble/universe amd64 liblilv-0-0 amd64 0.24.22-1build1 [41.0 kB]
portable	UNKNOWN STEP	2026-10-01T06:30:12.2534030Z Get:56 http://azure.archive.ubuntu.com/ubuntu noble/universe amd64 libmysofa1 amd64 1.3.2+dfsg-2ubuntu2 [1158 kB]
portable	UNKNOWN STEP	2026-10-01T06:30:12.4391400Z Get:57 http://azure.archive.ubuntu.com/ubuntu noble/universe amd64 libplacebo338 amd64 6.338.2-2build1 [2654 kB]
portable	UNKNOWN STEP	2026-10-01T06:30:12.6906134Z Get:58 http://azure.archive.ubuntu.com/ubuntu noble-updates/main amd64 libblas3 amd64 3.12.0-3build1.1 [238 kB]
portable	UNKNOWN STEP	2026-10-01T06:30:12.8364129Z Get:59 http://azure.archive.ubuntu.com/ubuntu noble-updates/main amd64 liblapack3 amd64 3.12.0-3build1.1 [2646 kB]
portable	UNKNOWN STEP	2026-10-01T06:30:13.0887829Z Get:60 http://azure.archive.ubuntu.com/ubuntu noble/main amd64 libflac12t64 amd64 1.4.3+ds-2.1ubuntu2 [197 kB]
portable	UNKNOWN STEP	2026-10-01T06:30:13.2351191Z Get:61 http://azure.archive.ubuntu.com/ubuntu noble-updates/main amd64 libsndfile1 amd64 1.2.2-1ubuntu5.24.04.1 [209 kB]
portable	UNKNOWN STEP	2026-10-01T06:30:13.3826952Z Get:62 http://azure.archive.ubuntu.com/ubuntu noble-updates/main amd64 libpulse0 amd64 1:16.1+dfsg1-2ubuntu10.1 [292 kB]
portable	UNKNOWN STEP	2026-10-01T06:30:13.5323256Z Get:63 http://azure.archive.ubuntu.com/ubuntu noble/universe amd64 libsphinxbase3t64 amd64 0.8+5prealpha+1-17build2 [126 kB]
portable	UNKNOWN STEP	2026-10-01T06:30:13.6756562Z Get:64 http://azure.archive.ubuntu.com/ubuntu noble/universe amd64 libpocketsphinx3 amd64 0.8.0+real5prealpha+1-15ubuntu5 [133 kB]
portable	UNKNOWN STEP	2026-10-01T06:30:13.8190973Z Get:65 http://azure.archive.ubuntu.com/ubuntu noble/universe amd64 libpostproc57 amd64 7:6.1.1-3ubuntu5 [49.9 kB]
portable	UNKNOWN STEP	2026-10-01T06:30:13.9596885Z Get:66 http://azure.archive.ubuntu.com/ubuntu noble/main amd64 libsamplerate0 amd64 0.2.2-4build1 [1344 kB]
portable	UNKNOWN STEP	2026-10-01T06:30:14.1564573Z Get:67 http://azure.archive.ubuntu.com/ubuntu noble/universe amd64 librubberband2 amd64 3.3.0+dfsg-2build1 [130 kB]
portable	UNKNOWN STEP	2026-10-01T06:30:14.2988416Z Get:68 http://azure.archive.ubuntu.com/ubuntu noble/universe amd64 libswscale7 amd64 7:6.1.1-3ubuntu5 [193 kB]
portable	UNKNOWN STEP	2026-10-01T06:30:14.4446563Z Get:69 http://azure.archive.ubuntu.com/ubuntu noble/universe amd64 libvidstab1.1 amd64 1.1.0-2build1 [38.5 kB]
portable	UNKNOWN STEP	2026-10-01T06:30:14.5843943Z Get:70 http://azure.archive.ubuntu.com/ubuntu noble/universe amd64 libzimg2 amd64 3.0.5+ds1-1build1 [254 kB]
portable	UNKNOWN STEP	2026-10-01T06:30:14.7332708Z Get:71 http://azure.archive.ubuntu.com/ubuntu noble/universe amd64 libavfilter9 amd64 7:6.1.1-3ubuntu5 [4235 kB]
portable	UNKNOWN STEP	2026-10-01T06:30:15.0573225Z Get:72 http://azure.archive.ubuntu.com/ubuntu noble/main amd64 libbrotli-dev amd64 1.1.0-2build2 [353 kB]
portable	UNKNOWN STEP	2026-10-01T06:30:15.2008666Z Get:73 http://azure.archive.ubuntu.com/ubuntu noble-updates/main amd64 libbz2-dev amd64 1.0.8-5.1ubuntu0.1 [33.6 kB]
portable	UNKNOWN STEP	2026-10-01T06:30:15.3397338Z Get:74 http://azure.archive.ubuntu.com/ubuntu noble-updates/main amd64 libgl1-mesa-dri amd64 25.2.8-0ubuntu0.24.04.3 [37.9 kB]
portable	UNKNOWN STEP	2026-10-01T06:30:15.4786902Z Get:75 http://azure.archive.ubuntu.com/ubuntu noble/main amd64 libwayland-server0 amd64 1.22.0-2.1build1 [33.9 kB]
portable	UNKNOWN STEP	2026-10-01T06:30:15.6181441Z Get:76 http://azure.archive.ubuntu.com/ubuntu noble-updates/main amd64 libglx-mesa0 amd64 25.2.8-0ubuntu0.24.04.3 [110 kB]
portable	UNKNOWN STEP	2026-10-01T06:30:15.7556849Z Get:77 http://azure.archive.ubuntu.com/ubuntu noble-updates/main amd64 libgbm1 amd64 25.2.8-0ubuntu0.24.04.3 [34.3 kB]
portable	UNKNOWN STEP	2026-10-01T06:30:15.8930000Z Get:78 http://azure.archive.ubuntu.com/ubuntu noble-updates/main amd64 mesa-libgallium amd64 25.2.8-0ubuntu0.24.04.3 [10.8 MB]
portable	UNKNOWN STEP	2026-10-01T06:30:16.4957026Z Get:79 http://azure.archive.ubuntu.com/ubuntu noble-updates/main amd64 libegl-mesa0 amd64 25.2.8-0ubuntu0.24.04.3 [121 kB]
portable	UNKNOWN STEP	2026-10-01T06:30:16.6364258Z Get:80 http://azure.archive.ubuntu.com/ubuntu noble-updates/main amd64 libpng-dev amd64 1.6.43-5ubuntu0.6 [265 kB]
portable	UNKNOWN STEP	2026-10-01T06:30:16.7837356Z Get:81 http://azure.archive.ubuntu.com/ubuntu noble-updates/main amd64 libfreetype-dev amd64 2.13.2+dfsg-1ubuntu0.1 [575 kB]
portable	UNKNOWN STEP	2026-10-01T06:30:16.9451295Z Get:82 http://azure.archive.ubuntu.com/ubuntu noble-updates/main amd64 uuid-dev amd64 2.39.3-9ubuntu6.6 [33.5 kB]
portable	UNKNOWN STEP	2026-10-01T06:30:17.0823481Z Get:83 http://azure.archive.ubuntu.com/ubuntu noble/main amd64 libfontconfig-dev amd64 2.15.0-1.1ubuntu2 [161 kB]
portable	UNKNOWN STEP	2026-10-01T06:30:17.2249602Z Get:84 http://azure.archive.ubuntu.com/ubuntu noble/main amd64 libfontconfig1-dev amd64 2.15.0-1.1ubuntu2 [1840 B]
portable	UNKNOWN STEP	2026-10-01T06:30:17.3610874Z Get:85 http://azure.archive.ubuntu.com/ubuntu noble/universe amd64 libwinpr2-2t64 amd64 2.11.5+dfsg1-1build2 [350 kB]
portable	UNKNOWN STEP	2026-10-01T06:30:17.5113780Z Get:86 http://azure.archive.ubuntu.com/ubuntu noble/universe amd64 libfreerdp2-2t64 amd64 2.11.5+dfsg1-1build2 [559 kB]
portable	UNKNOWN STEP	2026-10-01T06:30:17.6710600Z Get:87 http://azure.archive.ubuntu.com/ubuntu noble/universe amd64 libfreerdp-server2-2t64 amd64 2.11.5+dfsg1-1build2 [108 kB]
portable	UNKNOWN STEP	2026-10-01T06:30:17.8110190Z Get:88 http://azure.archive.ubuntu.com/ubuntu noble-updates/main amd64 liborc-0.4-0t64 amd64 1:0.4.38-1ubuntu0.1 [207 kB]
portable	UNKNOWN STEP	2026-10-01T06:30:17.9553369Z Get:89 http://azure.archive.ubuntu.com/ubuntu noble-updates/main amd64 libgstreamer-plugins-base1.0-0 amd64 1.24.2-1ubuntu0.5 [862 kB]
portable	UNKNOWN STEP	2026-10-01T06:30:18.1296628Z Get:90 http://azure.archive.ubuntu.com/ubuntu noble/main amd64 libwacom-common all 2.10.0-2 [63.4 kB]
portable	UNKNOWN STEP	2026-10-01T06:30:18.2663292Z Get:91 http://azure.archive.ubuntu.com/ubuntu noble/main amd64 libwacom9 amd64 2.10.0-2 [23.9 kB]
portable	UNKNOWN STEP	2026-10-01T06:30:18.4045999Z Get:92 http://azure.archive.ubuntu.com/ubuntu noble-updates/main amd64 libinput-bin amd64 1.25.0-1ubuntu3.7 [23.6 kB]
portable	UNKNOWN STEP	2026-10-01T06:30:18.5412152Z Get:93 http://azure.archive.ubuntu.com/ubuntu noble/main amd64 libmtdev1t64 amd64 1.1.6-1.1build1 [14.4 kB]
portable	UNKNOWN STEP	2026-10-01T06:30:18.6817530Z Get:94 http://azure.archive.ubuntu.com/ubuntu noble-updates/main amd64 libinput10 amd64 1.25.0-1ubuntu3.7 [133 kB]
portable	UNKNOWN STEP	2026-10-01T06:30:18.8194701Z Get:95 http://azure.archive.ubuntu.com/ubuntu noble/universe amd64 libturbojpeg amd64 1:2.1.5-2ubuntu2 [192 kB]
portable	UNKNOWN STEP	2026-10-01T06:30:18.9632593Z Get:96 http://azure.archive.ubuntu.com/ubuntu noble/universe amd64 libneatvnc0 amd64 0.7.1+dfsg-2build3 [55.7 kB]
portable	UNKNOWN STEP	2026-10-01T06:30:19.1010828Z Get:97 http://azure.archive.ubuntu.com/ubuntu noble/main amd64 libwebrtc-audio-processing1 amd64 0.3.1-0ubuntu6 [290 kB]
portable	UNKNOWN STEP	2026-10-01T06:30:19.2491425Z Get:98 http://azure.archive.ubuntu.com/ubuntu noble-updates/main amd64 libspa-0.2-modules amd64 1.0.5-1ubuntu3.3 [628 kB]
portable	UNKNOWN STEP	2026-10-01T06:30:19.4143947Z Get:99 http://azure.archive.ubuntu.com/ubuntu noble-updates/main amd64 libpipewire-0.3-0t64 amd64 1.0.5-1ubuntu3.3 [252 kB]
portable	UNKNOWN STEP	2026-10-01T06:30:19.5622243Z Get:100 http://azure.archive.ubuntu.com/ubuntu noble/main amd64 libpthread-stubs0-dev amd64 0.4-1build3 [4746 B]
portable	UNKNOWN STEP	2026-10-01T06:30:19.6985146Z Get:101 http://azure.archive.ubuntu.com/ubuntu noble/universe amd64 libseat1 amd64 0.8.0-1 [28.3 kB]
portable	UNKNOWN STEP	2026-10-01T06:30:19.8349393Z Get:102 http://azure.archive.ubuntu.com/ubuntu noble/main amd64 libegl1 amd64 1.7.0-1build1 [28.7 kB]
portable	UNKNOWN STEP	2026-10-01T06:30:19.9199841Z Get:103 http://azure.archive.ubuntu.com/ubuntu noble/main amd64 libgles2 amd64 1.7.0-1build1 [17.1 kB]
portable	UNKNOWN STEP	2026-10-01T06:30:20.2939874Z Get:104 http://azure.archive.ubuntu.com/ubuntu noble/main amd64 libxcb-composite0 amd64 1.15-1ubuntu2 [5304 B]
portable	UNKNOWN STEP	2026-10-01T06:30:20.3781004Z Get:105 http://azure.archive.ubuntu.com/ubuntu noble/main amd64 libxcb-xkb1 amd64 1.15-1ubuntu2 [32.3 kB]
portable	UNKNOWN STEP	2026-10-01T06:30:20.7694647Z Get:106 http://azure.archive.ubuntu.com/ubuntu noble/universe amd64 libweston-13-0 amd64 13.0.0-4build3 [415 kB]
portable	UNKNOWN STEP	2026-10-01T06:30:38.6662928Z Get:107 http://azure.archive.ubuntu.com/ubuntu noble/main amd64 xorg-sgml-doctools all 1:1.11-1.1 [10.9 kB]
portable	UNKNOWN STEP	2026-10-01T06:30:38.7690590Z Get:108 http://azure.archive.ubuntu.com/ubuntu noble/main amd64 x11proto-dev all 2023.2-1 [602 kB]
portable	UNKNOWN STEP	2026-10-01T06:30:40.2024598Z Get:109 http://azure.archive.ubuntu.com/ubuntu noble/main amd64 libxau-dev amd64 1:1.0.9-1build6 [9570 B]
portable	UNKNOWN STEP	2026-10-01T06:30:40.6328871Z Get:110 http://azure.archive.ubuntu.com/ubuntu noble/main amd64 libxdmcp-dev amd64 1:1.1.3-0ubuntu6 [26.5 kB]
portable	UNKNOWN STEP	2026-10-01T06:30:40.7713969Z Get:111 http://azure.archive.ubuntu.com/ubuntu noble/main amd64 xtrans-dev all 1.4.0-1 [68.9 kB]
portable	UNKNOWN STEP	2026-10-01T06:30:40.8829035Z Get:112 http://azure.archive.ubuntu.com/ubuntu noble/main amd64 libxcb1-dev amd64 1.15-1ubuntu2 [85.8 kB]
portable	UNKNOWN STEP	2026-10-01T06:30:40.9989308Z Get:113 http://azure.archive.ubuntu.com/ubuntu noble/main amd64 libx11-dev amd64 2:1.8.7-1build1 [732 kB]
portable	UNKNOWN STEP	2026-10-01T06:30:41.1393726Z Get:114 http://azure.archive.ubuntu.com/ubuntu noble/main amd64 libx11-xcb-dev amd64 2:1.8.7-1build1 [9950 B]
portable	UNKNOWN STEP	2026-10-01T06:30:41.2547349Z Get:115 http://azure.archive.ubuntu.com/ubuntu noble/main amd64 libxcb-xkb-dev amd64 1.15-1ubuntu2 [42.5 kB]
portable	UNKNOWN STEP	2026-10-01T06:30:41.6906130Z Get:116 http://azure.archive.ubuntu.com/ubuntu noble/main amd64 libxkbcommon-dev amd64 1.6.0-1build1 [56.3 kB]
portable	UNKNOWN STEP	2026-10-01T06:30:42.9559162Z Get:117 http://azure.archive.ubuntu.com/ubuntu noble/main amd64 libxkbcommon-x11-0 amd64 1.6.0-1build1 [14.5 kB]
portable	UNKNOWN STEP	2026-10-01T06:30:43.2668397Z Get:118 http://azure.archive.ubuntu.com/ubuntu noble-updates/main amd64 mesa-vulkan-drivers amd64 25.2.8-0ubuntu0.24.04.3 [17.5 MB]
portable	UNKNOWN STEP	2026-10-01T06:30:51.9110762Z Get:119 http://azure.archive.ubuntu.com/ubuntu noble/universe amd64 weston amd64 13.0.0-4build3 [953 kB]
portable	UNKNOWN STEP	2026-10-01T06:30:52.2128664Z Get:120 http://azure.archive.ubuntu.com/ubuntu noble/main amd64 libwayland-bin amd64 1.22.0-2.1build1 [20.6 kB]
portable	UNKNOWN STEP	2026-10-01T06:30:52.3314484Z Get:121 http://azure.archive.ubuntu.com/ubuntu noble/main amd64 libwayland-dev amd64 1.22.0-2.1build1 [71.3 kB]
portable	UNKNOWN STEP	2026-10-01T06:30:52.4600537Z Get:122 http://azure.archive.ubuntu.com/ubuntu noble/main amd64 libxkbcommon-x11-dev amd64 1.6.0-1build1 [5586 B]
portable	UNKNOWN STEP	2026-10-01T06:30:52.8097924Z Fetched 95.7 MB in 50s (1917 kB/s)
portable	UNKNOWN STEP	2026-10-01T06:30:52.8340974Z Selecting previously unselected package libaml0t64:amd64.
portable	UNKNOWN STEP	2026-10-01T06:30:52.8612913Z (Reading database ... 
portable	UNKNOWN STEP	2026-10-01T06:30:52.8614019Z (Reading database ... 5%
portable	UNKNOWN STEP	2026-10-01T06:30:52.8614516Z (Reading database ... 10%
portable	UNKNOWN STEP	2026-10-01T06:30:52.8614944Z (Reading database ... 15%
portable	UNKNOWN STEP	2026-10-01T06:30:52.8615652Z (Reading database ... 20%
portable	UNKNOWN STEP	2026-10-01T06:30:52.8616128Z (Reading database ... 25%
portable	UNKNOWN STEP	2026-10-01T06:30:52.8616621Z (Reading database ... 30%
portable	UNKNOWN STEP	2026-10-01T06:30:52.8616994Z (Reading database ... 35%
portable	UNKNOWN STEP	2026-10-01T06:30:52.8617289Z (Reading database ... 40%
portable	UNKNOWN STEP	2026-10-01T06:30:52.8617576Z (Reading database ... 45%
portable	UNKNOWN STEP	2026-10-01T06:30:52.8617865Z (Reading database ... 50%
portable	UNKNOWN STEP	2026-10-01T06:30:52.8667065Z (Reading database ... 55%
portable	UNKNOWN STEP	2026-10-01T06:30:52.9923164Z (Reading database ... 60%
portable	UNKNOWN STEP	2026-10-01T06:30:53.1833317Z (Reading database ... 65%
portable	UNKNOWN STEP	2026-10-01T06:30:53.3926808Z (Reading database ... 70%
portable	UNKNOWN STEP	2026-10-01T06:30:53.5870949Z (Reading database ... 75%
portable	UNKNOWN STEP	2026-10-01T06:30:53.7301391Z (Reading database ... 80%
portable	UNKNOWN STEP	2026-10-01T06:30:53.9395269Z (Reading database ... 85%
portable	UNKNOWN STEP	2026-10-01T06:30:54.1488917Z (Reading database ... 90%
portable	UNKNOWN STEP	2026-10-01T06:30:54.2966607Z (Reading database ... 95%
portable	UNKNOWN STEP	2026-10-01T06:30:54.2967109Z (Reading database ... 100%
portable	UNKNOWN STEP	2026-10-01T06:30:54.2967726Z (Reading database ... 202296 files and directories currently installed.)
portable	UNKNOWN STEP	2026-10-01T06:30:54.3007742Z Preparing to unpack .../000-libaml0t64_0.3.0-1.1build1_amd64.deb ...
portable	UNKNOWN STEP	2026-10-01T06:30:54.3044980Z Unpacking libaml0t64:amd64 (0.3.0-1.1build1) ...
portable	UNKNOWN STEP	2026-10-01T06:30:54.3267609Z Selecting previously unselected package libunibreak5:amd64.
portable	UNKNOWN STEP	2026-10-01T06:30:54.3394363Z Preparing to unpack .../001-libunibreak5_5.1-2build1_amd64.deb ...
portable	UNKNOWN STEP	2026-10-01T06:30:54.3403296Z Unpacking libunibreak5:amd64 (5.1-2build1) ...
portable	UNKNOWN STEP	2026-10-01T06:30:54.3616370Z Selecting previously unselected package libass9:amd64.
portable	UNKNOWN STEP	2026-10-01T06:30:54.3736166Z Preparing to unpack .../002-libass9_1%3a0.17.1-2build1_amd64.deb ...
portable	UNKNOWN STEP	2026-10-01T06:30:54.3744823Z Unpacking libass9:amd64 (1:0.17.1-2build1) ...
portable	UNKNOWN STEP	2026-10-01T06:30:54.3956532Z Selecting previously unselected package libasyncns0:amd64.
portable	UNKNOWN STEP	2026-10-01T06:30:54.4073332Z Preparing to unpack .../003-libasyncns0_0.8-6build4_amd64.deb ...
portable	UNKNOWN STEP	2026-10-01T06:30:54.4082507Z Unpacking libasyncns0:amd64 (0.8-6build4) ...
portable	UNKNOWN STEP	2026-10-01T06:30:54.4280006Z Selecting previously unselected package libva2:amd64.
portable	UNKNOWN STEP	2026-10-01T06:30:54.4395422Z Preparing to unpack .../004-libva2_2.20.0-2ubuntu0.2_amd64.deb ...
portable	UNKNOWN STEP	2026-10-01T06:30:54.4404872Z Unpacking libva2:amd64 (2.20.0-2ubuntu0.2) ...
portable	UNKNOWN STEP	2026-10-01T06:30:54.4612639Z Selecting previously unselected package libva-drm2:amd64.
portable	UNKNOWN STEP	2026-10-01T06:30:54.4728911Z Preparing to unpack .../005-libva-drm2_2.20.0-2ubuntu0.2_amd64.deb ...
portable	UNKNOWN STEP	2026-10-01T06:30:54.4738875Z Unpacking libva-drm2:amd64 (2.20.0-2ubuntu0.2) ...
portable	UNKNOWN STEP	2026-10-01T06:30:54.4938959Z Selecting previously unselected package libva-x11-2:amd64.
portable	UNKNOWN STEP	2026-10-01T06:30:54.5056081Z Preparing to unpack .../006-libva-x11-2_2.20.0-2ubuntu0.2_amd64.deb ...
portable	UNKNOWN STEP	2026-10-01T06:30:54.5065118Z Unpacking libva-x11-2:amd64 (2.20.0-2ubuntu0.2) ...
portable	UNKNOWN STEP	2026-10-01T06:30:54.5274668Z Selecting previously unselected package libvdpau1:amd64.
portable	UNKNOWN STEP	2026-10-01T06:30:54.5389000Z Preparing to unpack .../007-libvdpau1_1.5-2build1_amd64.deb ...
portable	UNKNOWN STEP	2026-10-01T06:30:54.5397570Z Unpacking libvdpau1:amd64 (1.5-2build1) ...
portable	UNKNOWN STEP	2026-10-01T06:30:54.5607644Z Selecting previously unselected package libvpl2.
portable	UNKNOWN STEP	2026-10-01T06:30:54.5721976Z Preparing to unpack .../008-libvpl2_2023.3.0-1build1_amd64.deb ...
portable	UNKNOWN STEP	2026-10-01T06:30:54.5731384Z Unpacking libvpl2 (2023.3.0-1build1) ...
portable	UNKNOWN STEP	2026-10-01T06:30:54.5952548Z Selecting previously unselected package ocl-icd-libopencl1:amd64.
portable	UNKNOWN STEP	2026-10-01T06:30:54.6067070Z Preparing to unpack .../009-ocl-icd-libopencl1_2.3.2-1build1_amd64.deb ...
portable	UNKNOWN STEP	2026-10-01T06:30:54.6077024Z Unpacking ocl-icd-libopencl1:amd64 (2.3.2-1build1) ...
portable	UNKNOWN STEP	2026-10-01T06:30:54.6311360Z Selecting previously unselected package libavutil58:amd64.
portable	UNKNOWN STEP	2026-10-01T06:30:54.6424887Z Preparing to unpack .../010-libavutil58_7%3a6.1.1-3ubuntu5_amd64.deb ...
portable	UNKNOWN STEP	2026-10-01T06:30:54.6435142Z Unpacking libavutil58:amd64 (7:6.1.1-3ubuntu5) ...
portable	UNKNOWN STEP	2026-10-01T06:30:54.6674732Z Selecting previously unselected package libcodec2-1.2:amd64.
portable	UNKNOWN STEP	2026-10-01T06:30:54.6791508Z Preparing to unpack .../011-libcodec2-1.2_1.2.0-2build1_amd64.deb ...
portable	UNKNOWN STEP	2026-10-01T06:30:54.6800001Z Unpacking libcodec2-1.2:amd64 (1.2.0-2build1) ...
portable	UNKNOWN STEP	2026-10-01T06:30:54.7527689Z Selecting previously unselected package libdav1d7:amd64.
portable	UNKNOWN STEP	2026-10-01T06:30:54.7650824Z Preparing to unpack .../012-libdav1d7_1.4.1-1build1_amd64.deb ...
portable	UNKNOWN STEP	2026-10-01T06:30:54.7659926Z Unpacking libdav1d7:amd64 (1.4.1-1build1) ...
portable	UNKNOWN STEP	2026-10-01T06:30:54.7921863Z Selecting previously unselected package libgsm1:amd64.
portable	UNKNOWN STEP	2026-10-01T06:30:54.8043308Z Preparing to unpack .../013-libgsm1_1.0.22-1build1_amd64.deb ...
portable	UNKNOWN STEP	2026-10-01T06:30:54.8052180Z Unpacking libgsm1:amd64 (1.0.22-1build1) ...
portable	UNKNOWN STEP	2026-10-01T06:30:54.8270114Z Selecting previously unselected package libhwy1t64:amd64.
portable	UNKNOWN STEP	2026-10-01T06:30:54.8387521Z Preparing to unpack .../014-libhwy1t64_1.0.7-8.1build1_amd64.deb ...
portable	UNKNOWN STEP	2026-10-01T06:30:54.8395912Z Unpacking libhwy1t64:amd64 (1.0.7-8.1build1) ...
portable	UNKNOWN STEP	2026-10-01T06:30:54.8700751Z Selecting previously unselected package libjxl0.7:amd64.
portable	UNKNOWN STEP	2026-10-01T06:30:54.8820257Z Preparing to unpack .../015-libjxl0.7_0.7.0-10.2ubuntu6.1_amd64.deb ...
portable	UNKNOWN STEP	2026-10-01T06:30:54.8829282Z Unpacking libjxl0.7:amd64 (0.7.0-10.2ubuntu6.1) ...
portable	UNKNOWN STEP	2026-10-01T06:30:54.9151221Z Selecting previously unselected package libmp3lame0:amd64.
portable	UNKNOWN STEP	2026-10-01T06:30:54.9269584Z Preparing to unpack .../016-libmp3lame0_3.100-6build1_amd64.deb ...
portable	UNKNOWN STEP	2026-10-01T06:30:54.9284113Z Unpacking libmp3lame0:amd64 (3.100-6build1) ...
portable	UNKNOWN STEP	2026-10-01T06:30:54.9500024Z Selecting previously unselected package libopus0:amd64.
portable	UNKNOWN STEP	2026-10-01T06:30:54.9617329Z Preparing to unpack .../017-libopus0_1.4-1build1_amd64.deb ...
portable	UNKNOWN STEP	2026-10-01T06:30:54.9625891Z Unpacking libopus0:amd64 (1.4-1build1) ...
portable	UNKNOWN STEP	2026-10-01T06:30:54.9848967Z Selecting previously unselected package librav1e0:amd64.
portable	UNKNOWN STEP	2026-10-01T06:30:54.9967514Z Preparing to unpack .../018-librav1e0_0.7.1-2_amd64.deb ...
portable	UNKNOWN STEP	2026-10-01T06:30:54.9975443Z Unpacking librav1e0:amd64 (0.7.1-2) ...
portable	UNKNOWN STEP	2026-10-01T06:30:55.0301569Z Selecting previously unselected package librsvg2-2:amd64.
portable	UNKNOWN STEP	2026-10-01T06:30:55.0419531Z Preparing to unpack .../019-librsvg2-2_2.58.0+dfsg-1build1_amd64.deb ...
portable	UNKNOWN STEP	2026-10-01T06:30:55.0428262Z Unpacking librsvg2-2:amd64 (2.58.0+dfsg-1build1) ...
portable	UNKNOWN STEP	2026-10-01T06:30:55.0874588Z Selecting previously unselected package libshine3:amd64.
portable	UNKNOWN STEP	2026-10-01T06:30:55.0993693Z Preparing to unpack .../020-libshine3_3.1.1-2build1_amd64.deb ...
portable	UNKNOWN STEP	2026-10-01T06:30:55.1001438Z Unpacking libshine3:amd64 (3.1.1-2build1) ...
portable	UNKNOWN STEP	2026-10-01T06:30:55.1189057Z Selecting previously unselected package libspeex1:amd64.
portable	UNKNOWN STEP	2026-10-01T06:30:55.1307877Z Preparing to unpack .../021-libspeex1_1.2.1-2ubuntu2.24.04.1_amd64.deb ...
portable	UNKNOWN STEP	2026-10-01T06:30:55.1315440Z Unpacking libspeex1:amd64 (1.2.1-2ubuntu2.24.04.1) ...
portable	UNKNOWN STEP	2026-10-01T06:30:55.1503882Z Selecting previously unselected package libsvtav1enc1d1:amd64.
portable	UNKNOWN STEP	2026-10-01T06:30:55.1620982Z Preparing to unpack .../022-libsvtav1enc1d1_1.7.0+dfsg-2build1_amd64.deb ...
portable	UNKNOWN STEP	2026-10-01T06:30:55.1628271Z Unpacking libsvtav1enc1d1:amd64 (1.7.0+dfsg-2build1) ...
portable	UNKNOWN STEP	2026-10-01T06:30:55.2081581Z Selecting previously unselected package libsoxr0:amd64.
portable	UNKNOWN STEP	2026-10-01T06:30:55.2201332Z Preparing to unpack .../023-libsoxr0_0.1.3-4build3_amd64.deb ...
portable	UNKNOWN STEP	2026-10-01T06:30:55.2208445Z Unpacking libsoxr0:amd64 (0.1.3-4build3) ...
portable	UNKNOWN STEP	2026-10-01T06:30:55.2405782Z Selecting previously unselected package libswresample4:amd64.
portable	UNKNOWN STEP	2026-10-01T06:30:55.2526960Z Preparing to unpack .../024-libswresample4_7%3a6.1.1-3ubuntu5_amd64.deb ...
portable	UNKNOWN STEP	2026-10-01T06:30:55.2544442Z Unpacking libswresample4:amd64 (7:6.1.1-3ubuntu5) ...
portable	UNKNOWN STEP	2026-10-01T06:30:55.2751923Z Selecting previously unselected package libtheora0:amd64.
portable	UNKNOWN STEP	2026-10-01T06:30:55.2870618Z Preparing to unpack .../025-libtheora0_1.1.1+dfsg.1-16.1build3_amd64.deb ...
portable	UNKNOWN STEP	2026-10-01T06:30:55.2877678Z Unpacking libtheora0:amd64 (1.1.1+dfsg.1-16.1build3) ...
portable	UNKNOWN STEP	2026-10-01T06:30:55.3099443Z Selecting previously unselected package libtwolame0:amd64.
portable	UNKNOWN STEP	2026-10-01T06:30:55.3217960Z Preparing to unpack .../026-libtwolame0_0.4.0-2build3_amd64.deb ...
portable	UNKNOWN STEP	2026-10-01T06:30:55.3225656Z Unpacking libtwolame0:amd64 (0.4.0-2build3) ...
portable	UNKNOWN STEP	2026-10-01T06:30:55.3422895Z Selecting previously unselected package libvorbisenc2:amd64.
portable	UNKNOWN STEP	2026-10-01T06:30:55.3541260Z Preparing to unpack .../027-libvorbisenc2_1.3.7-1build3_amd64.deb ...
portable	UNKNOWN STEP	2026-10-01T06:30:55.3548591Z Unpacking libvorbisenc2:amd64 (1.3.7-1build3) ...
portable	UNKNOWN STEP	2026-10-01T06:30:55.3765656Z Selecting previously unselected package libvpx9:amd64.
portable	UNKNOWN STEP	2026-10-01T06:30:55.3882666Z Preparing to unpack .../028-libvpx9_1.14.0-1ubuntu2.3_amd64.deb ...
portable	UNKNOWN STEP	2026-10-01T06:30:55.3889754Z Unpacking libvpx9:amd64 (1.14.0-1ubuntu2.3) ...
portable	UNKNOWN STEP	2026-10-01T06:30:55.4205912Z Selecting previously unselected package libx264-164:amd64.
portable	UNKNOWN STEP	2026-10-01T06:30:55.4323912Z Preparing to unpack .../029-libx264-164_2%3a0.164.3108+git31e19f9-1_amd64.deb ...
portable	UNKNOWN STEP	2026-10-01T06:30:55.4331031Z Unpacking libx264-164:amd64 (2:0.164.3108+git31e19f9-1) ...
portable	UNKNOWN STEP	2026-10-01T06:30:55.4588904Z Selecting previously unselected package libx265-199:amd64.
portable	UNKNOWN STEP	2026-10-01T06:30:55.4705855Z Preparing to unpack .../030-libx265-199_3.5-2build1_amd64.deb ...
portable	UNKNOWN STEP	2026-10-01T06:30:55.4729340Z Unpacking libx265-199:amd64 (3.5-2build1) ...
portable	UNKNOWN STEP	2026-10-01T06:30:55.5353198Z Selecting previously unselected package libxvidcore4:amd64.
portable	UNKNOWN STEP	2026-10-01T06:30:55.5472789Z Preparing to unpack .../031-libxvidcore4_2%3a1.3.7-1build1_amd64.deb ...
portable	UNKNOWN STEP	2026-10-01T06:30:55.5479241Z Unpacking libxvidcore4:amd64 (2:1.3.7-1build1) ...
portable	UNKNOWN STEP	2026-10-01T06:30:55.5682680Z Selecting previously unselected package libzvbi-common.
portable	UNKNOWN STEP	2026-10-01T06:30:55.5802977Z Preparing to unpack .../032-libzvbi-common_0.2.42-2_all.deb ...
portable	UNKNOWN STEP	2026-10-01T06:30:55.5809906Z Unpacking libzvbi-common (0.2.42-2) ...
portable	UNKNOWN STEP	2026-10-01T06:30:55.6435874Z Selecting previously unselected package libzvbi0t64:amd64.
portable	UNKNOWN STEP	2026-10-01T06:30:55.6554541Z Preparing to unpack .../033-libzvbi0t64_0.2.42-2_amd64.deb ...
portable	UNKNOWN STEP	2026-10-01T06:30:55.6562482Z Unpacking libzvbi0t64:amd64 (0.2.42-2) ...
portable	UNKNOWN STEP	2026-10-01T06:30:55.6796301Z Selecting previously unselected package libavcodec60:amd64.
portable	UNKNOWN STEP	2026-10-01T06:30:55.6915507Z Preparing to unpack .../034-libavcodec60_7%3a6.1.1-3ubuntu5_amd64.deb ...
portable	UNKNOWN STEP	2026-10-01T06:30:55.6926691Z Unpacking libavcodec60:amd64 (7:6.1.1-3ubuntu5) ...
portable	UNKNOWN STEP	2026-10-01T06:30:55.7748116Z Selecting previously unselected package libudfread0:amd64.
portable	UNKNOWN STEP	2026-10-01T06:30:55.7870840Z Preparing to unpack .../035-libudfread0_1.1.2-1build1_amd64.deb ...
portable	UNKNOWN STEP	2026-10-01T06:30:55.7877890Z Unpacking libudfread0:amd64 (1.1.2-1build1) ...
portable	UNKNOWN STEP	2026-10-01T06:30:55.8073159Z Selecting previously unselected package libbluray2:amd64.
portable	UNKNOWN STEP	2026-10-01T06:30:55.8198453Z Preparing to unpack .../036-libbluray2_1%3a1.3.4-1build1_amd64.deb ...
portable	UNKNOWN STEP	2026-10-01T06:30:55.8206933Z Unpacking libbluray2:amd64 (1:1.3.4-1build1) ...
portable	UNKNOWN STEP	2026-10-01T06:30:55.8415884Z Selecting previously unselected package libchromaprint1:amd64.
portable	UNKNOWN STEP	2026-10-01T06:30:55.8537862Z Preparing to unpack .../037-libchromaprint1_1.5.1-5_amd64.deb ...
portable	UNKNOWN STEP	2026-10-01T06:30:55.8545474Z Unpacking libchromaprint1:amd64 (1.5.1-5) ...
portable	UNKNOWN STEP	2026-10-01T06:30:55.8740228Z Selecting previously unselected package libgme0:amd64.
portable	UNKNOWN STEP	2026-10-01T06:30:55.8863137Z Preparing to unpack .../038-libgme0_0.6.3-7build1_amd64.deb ...
portable	UNKNOWN STEP	2026-10-01T06:30:55.8870147Z Unpacking libgme0:amd64 (0.6.3-7build1) ...
portable	UNKNOWN STEP	2026-10-01T06:30:55.9077257Z Selecting previously unselected package libmpg123-0t64:amd64.
portable	UNKNOWN STEP	2026-10-01T06:30:55.9199998Z Preparing to unpack .../039-libmpg123-0t64_1.32.5-1ubuntu1.1_amd64.deb ...
portable	UNKNOWN STEP	2026-10-01T06:30:55.9207879Z Unpacking libmpg123-0t64:amd64 (1.32.5-1ubuntu1.1) ...
portable	UNKNOWN STEP	2026-10-01T06:30:55.9418753Z Selecting previously unselected package libopenmpt0t64:amd64.
portable	UNKNOWN STEP	2026-10-01T06:30:55.9540588Z Preparing to unpack .../040-libopenmpt0t64_0.7.3-1.1build3_amd64.deb ...
portable	UNKNOWN STEP	2026-10-01T06:30:55.9547671Z Unpacking libopenmpt0t64:amd64 (0.7.3-1.1build3) ...
portable	UNKNOWN STEP	2026-10-01T06:30:55.9810816Z Selecting previously unselected package libcjson1:amd64.
portable	UNKNOWN STEP	2026-10-01T06:30:55.9932926Z Preparing to unpack .../041-libcjson1_1.7.17-1_amd64.deb ...
portable	UNKNOWN STEP	2026-10-01T06:30:55.9940356Z Unpacking libcjson1:amd64 (1.7.17-1) ...
portable	UNKNOWN STEP	2026-10-01T06:30:56.0142193Z Selecting previously unselected package libmbedcrypto7t64:amd64.
portable	UNKNOWN STEP	2026-10-01T06:30:56.0263806Z Preparing to unpack .../042-libmbedcrypto7t64_2.28.8-1_amd64.deb ...
portable	UNKNOWN STEP	2026-10-01T06:30:56.0271250Z Unpacking libmbedcrypto7t64:amd64 (2.28.8-1) ...
portable	UNKNOWN STEP	2026-10-01T06:30:56.0490785Z Selecting previously unselected package librist4:amd64.
portable	UNKNOWN STEP	2026-10-01T06:30:56.0610797Z Preparing to unpack .../043-librist4_0.2.10+dfsg-2_amd64.deb ...
portable	UNKNOWN STEP	2026-10-01T06:30:56.0617927Z Unpacking librist4:amd64 (0.2.10+dfsg-2) ...
portable	UNKNOWN STEP	2026-10-01T06:30:56.0812081Z Selecting previously unselected package libsrt1.5-gnutls:amd64.
portable	UNKNOWN STEP	2026-10-01T06:30:56.0929316Z Preparing to unpack .../044-libsrt1.5-gnutls_1.5.3-1build2_amd64.deb ...
portable	UNKNOWN STEP	2026-10-01T06:30:56.0936812Z Unpacking libsrt1.5-gnutls:amd64 (1.5.3-1build2) ...
portable	UNKNOWN STEP	2026-10-01T06:30:56.1161955Z Selecting previously unselected package libssh-gcrypt-4:amd64.
portable	UNKNOWN STEP	2026-10-01T06:30:56.1279815Z Preparing to unpack .../045-libssh-gcrypt-4_0.10.6-2ubuntu0.5_amd64.deb ...
portable	UNKNOWN STEP	2026-10-01T06:30:56.1289064Z Unpacking libssh-gcrypt-4:amd64 (0.10.6-2ubuntu0.5) ...
portable	UNKNOWN STEP	2026-10-01T06:30:56.1514485Z Selecting previously unselected package libavformat60:amd64.
portable	UNKNOWN STEP	2026-10-01T06:30:56.1631908Z Preparing to unpack .../046-libavformat60_7%3a6.1.1-3ubuntu5_amd64.deb ...
portable	UNKNOWN STEP	2026-10-01T06:30:56.1638917Z Unpacking libavformat60:amd64 (7:6.1.1-3ubuntu5) ...
portable	UNKNOWN STEP	2026-10-01T06:30:56.1937029Z Selecting previously unselected package libbs2b0:amd64.
portable	UNKNOWN STEP	2026-10-01T06:30:56.2052722Z Preparing to unpack .../047-libbs2b0_3.1.0+dfsg-7build1_amd64.deb ...
portable	UNKNOWN STEP	2026-10-01T06:30:56.2060499Z Unpacking libbs2b0:amd64 (3.1.0+dfsg-7build1) ...
portable	UNKNOWN STEP	2026-10-01T06:30:56.2277222Z Selecting previously unselected package libflite1:amd64.
portable	UNKNOWN STEP	2026-10-01T06:30:56.2394535Z Preparing to unpack .../048-libflite1_2.2-6build3_amd64.deb ...
portable	UNKNOWN STEP	2026-10-01T06:30:56.2403011Z Unpacking libflite1:amd64 (2.2-6build3) ...
portable	UNKNOWN STEP	2026-10-01T06:30:56.3443201Z Selecting previously unselected package libserd-0-0:amd64.
portable	UNKNOWN STEP	2026-10-01T06:30:56.3567679Z Preparing to unpack .../049-libserd-0-0_0.32.2-1_amd64.deb ...
portable	UNKNOWN STEP	2026-10-01T06:30:56.3575604Z Unpacking libserd-0-0:amd64 (0.32.2-1) ...
portable	UNKNOWN STEP	2026-10-01T06:30:56.3769343Z Selecting previously unselected package libzix-0-0:amd64.
portable	UNKNOWN STEP	2026-10-01T06:30:56.3891070Z Preparing to unpack .../050-libzix-0-0_0.4.2-2build1_amd64.deb ...
portable	UNKNOWN STEP	2026-10-01T06:30:56.3899471Z Unpacking libzix-0-0:amd64 (0.4.2-2build1) ...
portable	UNKNOWN STEP	2026-10-01T06:30:56.4091961Z Selecting previously unselected package libsord-0-0:amd64.
portable	UNKNOWN STEP	2026-10-01T06:30:56.4212526Z Preparing to unpack .../051-libsord-0-0_0.16.16-2build1_amd64.deb ...
portable	UNKNOWN STEP	2026-10-01T06:30:56.4220121Z Unpacking libsord-0-0:amd64 (0.16.16-2build1) ...
portable	UNKNOWN STEP	2026-10-01T06:30:56.4409743Z Selecting previously unselected package libsratom-0-0:amd64.
portable	UNKNOWN STEP	2026-10-01T06:30:56.4532222Z Preparing to unpack .../052-libsratom-0-0_0.6.16-1build1_amd64.deb ...
portable	UNKNOWN STEP	2026-10-01T06:30:56.4538960Z Unpacking libsratom-0-0:amd64 (0.6.16-1build1) ...
portable	UNKNOWN STEP	2026-10-01T06:30:56.4730203Z Selecting previously unselected package liblilv-0-0:amd64.
portable	UNKNOWN STEP	2026-10-01T06:30:56.4851287Z Preparing to unpack .../053-liblilv-0-0_0.24.22-1build1_amd64.deb ...
portable	UNKNOWN STEP	2026-10-01T06:30:56.4857488Z Unpacking liblilv-0-0:amd64 (0.24.22-1build1) ...
portable	UNKNOWN STEP	2026-10-01T06:30:56.5050964Z Selecting previously unselected package libmysofa1:amd64.
portable	UNKNOWN STEP	2026-10-01T06:30:56.5170084Z Preparing to unpack .../054-libmysofa1_1.3.2+dfsg-2ubuntu2_amd64.deb ...
portable	UNKNOWN STEP	2026-10-01T06:30:56.5177355Z Unpacking libmysofa1:amd64 (1.3.2+dfsg-2ubuntu2) ...
portable	UNKNOWN STEP	2026-10-01T06:30:56.5410691Z Selecting previously unselected package libplacebo338:amd64.
portable	UNKNOWN STEP	2026-10-01T06:30:56.5529750Z Preparing to unpack .../055-libplacebo338_6.338.2-2build1_amd64.deb ...
portable	UNKNOWN STEP	2026-10-01T06:30:56.5538189Z Unpacking libplacebo338:amd64 (6.338.2-2build1) ...
portable	UNKNOWN STEP	2026-10-01T06:30:56.6041577Z Selecting previously unselected package libblas3:amd64.
portable	UNKNOWN STEP	2026-10-01T06:30:56.6163886Z Preparing to unpack .../056-libblas3_3.12.0-3build1.1_amd64.deb ...
portable	UNKNOWN STEP	2026-10-01T06:30:56.6192563Z Unpacking libblas3:amd64 (3.12.0-3build1.1) ...
portable	UNKNOWN STEP	2026-10-01T06:30:56.6421674Z Selecting previously unselected package liblapack3:amd64.
portable	UNKNOWN STEP	2026-10-01T06:30:56.6540229Z Preparing to unpack .../057-liblapack3_3.12.0-3build1.1_amd64.deb ...
portable	UNKNOWN STEP	2026-10-01T06:30:56.6568155Z Unpacking liblapack3:amd64 (3.12.0-3build1.1) ...
portable	UNKNOWN STEP	2026-10-01T06:30:56.7024014Z Selecting previously unselected package libflac12t64:amd64.
portable	UNKNOWN STEP	2026-10-01T06:30:56.7144430Z Preparing to unpack .../058-libflac12t64_1.4.3+ds-2.1ubuntu2_amd64.deb ...
portable	UNKNOWN STEP	2026-10-01T06:30:56.7151513Z Unpacking libflac12t64:amd64 (1.4.3+ds-2.1ubuntu2) ...
portable	UNKNOWN STEP	2026-10-01T06:30:56.7364620Z Selecting previously unselected package libsndfile1:amd64.
portable	UNKNOWN STEP	2026-10-01T06:30:56.7482945Z Preparing to unpack .../059-libsndfile1_1.2.2-1ubuntu5.24.04.1_amd64.deb ...
portable	UNKNOWN STEP	2026-10-01T06:30:56.7490333Z Unpacking libsndfile1:amd64 (1.2.2-1ubuntu5.24.04.1) ...
portable	UNKNOWN STEP	2026-10-01T06:30:56.7725554Z Selecting previously unselected package libpulse0:amd64.
portable	UNKNOWN STEP	2026-10-01T06:30:56.7842969Z Preparing to unpack .../060-libpulse0_1%3a16.1+dfsg1-2ubuntu10.1_amd64.deb ...
portable	UNKNOWN STEP	2026-10-01T06:30:56.7922893Z Unpacking libpulse0:amd64 (1:16.1+dfsg1-2ubuntu10.1) ...
portable	UNKNOWN STEP	2026-10-01T06:30:56.8166722Z Selecting previously unselected package libsphinxbase3t64:amd64.
portable	UNKNOWN STEP	2026-10-01T06:30:56.8285449Z Preparing to unpack .../061-libsphinxbase3t64_0.8+5prealpha+1-17build2_amd64.deb ...
portable	UNKNOWN STEP	2026-10-01T06:30:56.8293530Z Unpacking libsphinxbase3t64:amd64 (0.8+5prealpha+1-17build2) ...
portable	UNKNOWN STEP	2026-10-01T06:30:56.8501583Z Selecting previously unselected package libpocketsphinx3:amd64.
portable	UNKNOWN STEP	2026-10-01T06:30:56.8620086Z Preparing to unpack .../062-libpocketsphinx3_0.8.0+real5prealpha+1-15ubuntu5_amd64.deb ...
portable	UNKNOWN STEP	2026-10-01T06:30:56.8634292Z Unpacking libpocketsphinx3:amd64 (0.8.0+real5prealpha+1-15ubuntu5) ...
portable	UNKNOWN STEP	2026-10-01T06:30:56.8845381Z Selecting previously unselected package libpostproc57:amd64.
portable	UNKNOWN STEP	2026-10-01T06:30:56.8963852Z Preparing to unpack .../063-libpostproc57_7%3a6.1.1-3ubuntu5_amd64.deb ...
portable	UNKNOWN STEP	2026-10-01T06:30:56.8972171Z Unpacking libpostproc57:amd64 (7:6.1.1-3ubuntu5) ...
portable	UNKNOWN STEP	2026-10-01T06:30:56.9172756Z Selecting previously unselected package libsamplerate0:amd64.
portable	UNKNOWN STEP	2026-10-01T06:30:56.9288093Z Preparing to unpack .../064-libsamplerate0_0.2.2-4build1_amd64.deb ...
portable	UNKNOWN STEP	2026-10-01T06:30:56.9297510Z Unpacking libsamplerate0:amd64 (0.2.2-4build1) ...
portable	UNKNOWN STEP	2026-10-01T06:30:56.9541907Z Selecting previously unselected package librubberband2:amd64.
portable	UNKNOWN STEP	2026-10-01T06:30:56.9656988Z Preparing to unpack .../065-librubberband2_3.3.0+dfsg-2build1_amd64.deb ...
portable	UNKNOWN STEP	2026-10-01T06:30:56.9665233Z Unpacking librubberband2:amd64 (3.3.0+dfsg-2build1) ...
portable	UNKNOWN STEP	2026-10-01T06:30:56.9875487Z Selecting previously unselected package libswscale7:amd64.
portable	UNKNOWN STEP	2026-10-01T06:30:56.9989918Z Preparing to unpack .../066-libswscale7_7%3a6.1.1-3ubuntu5_amd64.deb ...
portable	UNKNOWN STEP	2026-10-01T06:30:56.9998188Z Unpacking libswscale7:amd64 (7:6.1.1-3ubuntu5) ...
portable	UNKNOWN STEP	2026-10-01T06:30:57.0214582Z Selecting previously unselected package libvidstab1.1:amd64.
portable	UNKNOWN STEP	2026-10-01T06:30:57.0330169Z Preparing to unpack .../067-libvidstab1.1_1.1.0-2build1_amd64.deb ...
portable	UNKNOWN STEP	2026-10-01T06:30:57.0337020Z Unpacking libvidstab1.1:amd64 (1.1.0-2build1) ...
portable	UNKNOWN STEP	2026-10-01T06:30:57.0528868Z Selecting previously unselected package libzimg2:amd64.
portable	UNKNOWN STEP	2026-10-01T06:30:57.0644217Z Preparing to unpack .../068-libzimg2_3.0.5+ds1-1build1_amd64.deb ...
portable	UNKNOWN STEP	2026-10-01T06:30:57.0652634Z Unpacking libzimg2:amd64 (3.0.5+ds1-1build1) ...
portable	UNKNOWN STEP	2026-10-01T06:30:57.0879353Z Selecting previously unselected package libavfilter9:amd64.
portable	UNKNOWN STEP	2026-10-01T06:30:57.0996686Z Preparing to unpack .../069-libavfilter9_7%3a6.1.1-3ubuntu5_amd64.deb ...
portable	UNKNOWN STEP	2026-10-01T06:30:57.1003309Z Unpacking libavfilter9:amd64 (7:6.1.1-3ubuntu5) ...
portable	UNKNOWN STEP	2026-10-01T06:30:57.1665933Z Selecting previously unselected package libbrotli-dev:amd64.
portable	UNKNOWN STEP	2026-10-01T06:30:57.1790263Z Preparing to unpack .../070-libbrotli-dev_1.1.0-2build2_amd64.deb ...
portable	UNKNOWN STEP	2026-10-01T06:30:57.1797871Z Unpacking libbrotli-dev:amd64 (1.1.0-2build2) ...
portable	UNKNOWN STEP	2026-10-01T06:30:57.2046436Z Selecting previously unselected package libbz2-dev:amd64.
portable	UNKNOWN STEP	2026-10-01T06:30:57.2167855Z Preparing to unpack .../071-libbz2-dev_1.0.8-5.1ubuntu0.1_amd64.deb ...
portable	UNKNOWN STEP	2026-10-01T06:30:57.2175214Z Unpacking libbz2-dev:amd64 (1.0.8-5.1ubuntu0.1) ...
portable	UNKNOWN STEP	2026-10-01T06:30:57.2493276Z Preparing to unpack .../072-libgl1-mesa-dri_25.2.8-0ubuntu0.24.04.3_amd64.deb ...
portable	UNKNOWN STEP	2026-10-01T06:30:57.2634261Z Unpacking libgl1-mesa-dri:amd64 (25.2.8-0ubuntu0.24.04.3) over (25.2.8-0ubuntu0.24.04.2) ...
portable	UNKNOWN STEP	2026-10-01T06:30:57.3072900Z Selecting previously unselected package libwayland-server0:amd64.
portable	UNKNOWN STEP	2026-10-01T06:30:57.3195953Z Preparing to unpack .../073-libwayland-server0_1.22.0-2.1build1_amd64.deb ...
portable	UNKNOWN STEP	2026-10-01T06:30:57.3203588Z Unpacking libwayland-server0:amd64 (1.22.0-2.1build1) ...
portable	UNKNOWN STEP	2026-10-01T06:30:57.3516536Z Preparing to unpack .../074-libglx-mesa0_25.2.8-0ubuntu0.24.04.3_amd64.deb ...
portable	UNKNOWN STEP	2026-10-01T06:30:57.3541297Z Unpacking libglx-mesa0:amd64 (25.2.8-0ubuntu0.24.04.3) over (25.2.8-0ubuntu0.24.04.2) ...
portable	UNKNOWN STEP	2026-10-01T06:30:57.3885852Z Preparing to unpack .../075-libgbm1_25.2.8-0ubuntu0.24.04.3_amd64.deb ...
portable	UNKNOWN STEP	2026-10-01T06:30:57.3971311Z Unpacking libgbm1:amd64 (25.2.8-0ubuntu0.24.04.3) over (25.2.8-0ubuntu0.24.04.2) ...
portable	UNKNOWN STEP	2026-10-01T06:30:57.4308499Z Preparing to unpack .../076-mesa-libgallium_25.2.8-0ubuntu0.24.04.3_amd64.deb ...
portable	UNKNOWN STEP	2026-10-01T06:30:57.4331039Z Unpacking mesa-libgallium:amd64 (25.2.8-0ubuntu0.24.04.3) over (25.2.8-0ubuntu0.24.04.2) ...
portable	UNKNOWN STEP	2026-10-01T06:30:57.6005906Z Selecting previously unselected package libegl-mesa0:amd64.
portable	UNKNOWN STEP	2026-10-01T06:30:57.6128391Z Preparing to unpack .../077-libegl-mesa0_25.2.8-0ubuntu0.24.04.3_amd64.deb ...
portable	UNKNOWN STEP	2026-10-01T06:30:57.6135743Z Unpacking libegl-mesa0:amd64 (25.2.8-0ubuntu0.24.04.3) ...
portable	UNKNOWN STEP	2026-10-01T06:30:57.6379201Z Selecting previously unselected package libpng-dev:amd64.
portable	UNKNOWN STEP	2026-10-01T06:30:57.6500986Z Preparing to unpack .../078-libpng-dev_1.6.43-5ubuntu0.6_amd64.deb ...
portable	UNKNOWN STEP	2026-10-01T06:30:57.6508675Z Unpacking libpng-dev:amd64 (1.6.43-5ubuntu0.6) ...
portable	UNKNOWN STEP	2026-10-01T06:30:57.7050207Z Selecting previously unselected package libfreetype-dev:amd64.
portable	UNKNOWN STEP	2026-10-01T06:30:57.7170046Z Preparing to unpack .../079-libfreetype-dev_2.13.2+dfsg-1ubuntu0.1_amd64.deb ...
portable	UNKNOWN STEP	2026-10-01T06:30:57.7175912Z Unpacking libfreetype-dev:amd64 (2.13.2+dfsg-1ubuntu0.1) ...
portable	UNKNOWN STEP	2026-10-01T06:30:57.7492497Z Selecting previously unselected package uuid-dev:amd64.
portable	UNKNOWN STEP	2026-10-01T06:30:57.7613382Z Preparing to unpack .../080-uuid-dev_2.39.3-9ubuntu6.6_amd64.deb ...
portable	UNKNOWN STEP	2026-10-01T06:30:57.7620143Z Unpacking uuid-dev:amd64 (2.39.3-9ubuntu6.6) ...
portable	UNKNOWN STEP	2026-10-01T06:30:57.7852915Z Selecting previously unselected package libfontconfig-dev:amd64.
portable	UNKNOWN STEP	2026-10-01T06:30:57.7971646Z Preparing to unpack .../081-libfontconfig-dev_2.15.0-1.1ubuntu2_amd64.deb ...
portable	UNKNOWN STEP	2026-10-01T06:30:57.7978918Z Unpacking libfontconfig-dev:amd64 (2.15.0-1.1ubuntu2) ...
portable	UNKNOWN STEP	2026-10-01T06:30:57.8200485Z Selecting previously unselected package libfontconfig1-dev:amd64.
portable	UNKNOWN STEP	2026-10-01T06:30:57.8318604Z Preparing to unpack .../082-libfontconfig1-dev_2.15.0-1.1ubuntu2_amd64.deb ...
portable	UNKNOWN STEP	2026-10-01T06:30:57.8324749Z Unpacking libfontconfig1-dev:amd64 (2.15.0-1.1ubuntu2) ...
portable	UNKNOWN STEP	2026-10-01T06:30:57.8514142Z Selecting previously unselected package libwinpr2-2t64:amd64.
portable	UNKNOWN STEP	2026-10-01T06:30:57.8632435Z Preparing to unpack .../083-libwinpr2-2t64_2.11.5+dfsg1-1build2_amd64.deb ...
portable	UNKNOWN STEP	2026-10-01T06:30:57.8638768Z Unpacking libwinpr2-2t64:amd64 (2.11.5+dfsg1-1build2) ...
portable	UNKNOWN STEP	2026-10-01T06:30:57.8886472Z Selecting previously unselected package libfreerdp2-2t64:amd64.
portable	UNKNOWN STEP	2026-10-01T06:30:57.9005444Z Preparing to unpack .../084-libfreerdp2-2t64_2.11.5+dfsg1-1build2_amd64.deb ...
portable	UNKNOWN STEP	2026-10-01T06:30:57.9013318Z Unpacking libfreerdp2-2t64:amd64 (2.11.5+dfsg1-1build2) ...
portable	UNKNOWN STEP	2026-10-01T06:30:57.9274074Z Selecting previously unselected package libfreerdp-server2-2t64:amd64.
portable	UNKNOWN STEP	2026-10-01T06:30:57.9392182Z Preparing to unpack .../085-libfreerdp-server2-2t64_2.11.5+dfsg1-1build2_amd64.deb ...
portable	UNKNOWN STEP	2026-10-01T06:30:57.9398737Z Unpacking libfreerdp-server2-2t64:amd64 (2.11.5+dfsg1-1build2) ...
portable	UNKNOWN STEP	2026-10-01T06:30:57.9600084Z Selecting previously unselected package liborc-0.4-0t64:amd64.
portable	UNKNOWN STEP	2026-10-01T06:30:57.9714464Z Preparing to unpack .../086-liborc-0.4-0t64_1%3a0.4.38-1ubuntu0.1_amd64.deb ...
portable	UNKNOWN STEP	2026-10-01T06:30:57.9721651Z Unpacking liborc-0.4-0t64:amd64 (1:0.4.38-1ubuntu0.1) ...
portable	UNKNOWN STEP	2026-10-01T06:30:57.9948250Z Selecting previously unselected package libgstreamer-plugins-base1.0-0:amd64.
portable	UNKNOWN STEP	2026-10-01T06:30:58.0062482Z Preparing to unpack .../087-libgstreamer-plugins-base1.0-0_1.24.2-1ubuntu0.5_amd64.deb ...
portable	UNKNOWN STEP	2026-10-01T06:30:58.0068413Z Unpacking libgstreamer-plugins-base1.0-0:amd64 (1.24.2-1ubuntu0.5) ...
portable	UNKNOWN STEP	2026-10-01T06:30:58.0370130Z Selecting previously unselected package libwacom-common.
portable	UNKNOWN STEP	2026-10-01T06:30:58.0485414Z Preparing to unpack .../088-libwacom-common_2.10.0-2_all.deb ...
portable	UNKNOWN STEP	2026-10-01T06:30:58.0496236Z Unpacking libwacom-common (2.10.0-2) ...
portable	UNKNOWN STEP	2026-10-01T06:30:58.1506145Z Selecting previously unselected package libwacom9:amd64.
portable	UNKNOWN STEP	2026-10-01T06:30:58.1628250Z Preparing to unpack .../089-libwacom9_2.10.0-2_amd64.deb ...
portable	UNKNOWN STEP	2026-10-01T06:30:58.1635004Z Unpacking libwacom9:amd64 (2.10.0-2) ...
portable	UNKNOWN STEP	2026-10-01T06:30:58.1820538Z Selecting previously unselected package libinput-bin.
portable	UNKNOWN STEP	2026-10-01T06:30:58.1940875Z Preparing to unpack .../090-libinput-bin_1.25.0-1ubuntu3.7_amd64.deb ...
portable	UNKNOWN STEP	2026-10-01T06:30:58.1947345Z Unpacking libinput-bin (1.25.0-1ubuntu3.7) ...
portable	UNKNOWN STEP	2026-10-01T06:30:58.2220481Z Selecting previously unselected package libmtdev1t64:amd64.
portable	UNKNOWN STEP	2026-10-01T06:30:58.2341616Z Preparing to unpack .../091-libmtdev1t64_1.1.6-1.1build1_amd64.deb ...
portable	UNKNOWN STEP	2026-10-01T06:30:58.2352815Z Unpacking libmtdev1t64:amd64 (1.1.6-1.1build1) ...
portable	UNKNOWN STEP	2026-10-01T06:30:58.2566106Z Selecting previously unselected package libinput10:amd64.
portable	UNKNOWN STEP	2026-10-01T06:30:58.2685460Z Preparing to unpack .../092-libinput10_1.25.0-1ubuntu3.7_amd64.deb ...
portable	UNKNOWN STEP	2026-10-01T06:30:58.2695050Z Unpacking libinput10:amd64 (1.25.0-1ubuntu3.7) ...
portable	UNKNOWN STEP	2026-10-01T06:30:58.2913626Z Selecting previously unselected package libturbojpeg:amd64.
portable	UNKNOWN STEP	2026-10-01T06:30:58.3032093Z Preparing to unpack .../093-libturbojpeg_1%3a2.1.5-2ubuntu2_amd64.deb ...
portable	UNKNOWN STEP	2026-10-01T06:30:58.3040848Z Unpacking libturbojpeg:amd64 (1:2.1.5-2ubuntu2) ...
portable	UNKNOWN STEP	2026-10-01T06:30:58.3257232Z Selecting previously unselected package libneatvnc0:amd64.
portable	UNKNOWN STEP	2026-10-01T06:30:58.3375584Z Preparing to unpack .../094-libneatvnc0_0.7.1+dfsg-2build3_amd64.deb ...
portable	UNKNOWN STEP	2026-10-01T06:30:58.3390656Z Unpacking libneatvnc0:amd64 (0.7.1+dfsg-2build3) ...
portable	UNKNOWN STEP	2026-10-01T06:30:58.3591109Z Selecting previously unselected package libwebrtc-audio-processing1:amd64.
portable	UNKNOWN STEP	2026-10-01T06:30:58.3708382Z Preparing to unpack .../095-libwebrtc-audio-processing1_0.3.1-0ubuntu6_amd64.deb ...
portable	UNKNOWN STEP	2026-10-01T06:30:58.3718363Z Unpacking libwebrtc-audio-processing1:amd64 (0.3.1-0ubuntu6) ...
portable	UNKNOWN STEP	2026-10-01T06:30:58.3924287Z Selecting previously unselected package libspa-0.2-modules:amd64.
portable	UNKNOWN STEP	2026-10-01T06:30:58.4041754Z Preparing to unpack .../096-libspa-0.2-modules_1.0.5-1ubuntu3.3_amd64.deb ...
portable	UNKNOWN STEP	2026-10-01T06:30:58.4049141Z Unpacking libspa-0.2-modules:amd64 (1.0.5-1ubuntu3.3) ...
portable	UNKNOWN STEP	2026-10-01T06:30:58.4352481Z Selecting previously unselected package libpipewire-0.3-0t64:amd64.
portable	UNKNOWN STEP	2026-10-01T06:30:58.4473747Z Preparing to unpack .../097-libpipewire-0.3-0t64_1.0.5-1ubuntu3.3_amd64.deb ...
portable	UNKNOWN STEP	2026-10-01T06:30:58.4527866Z Unpacking libpipewire-0.3-0t64:amd64 (1.0.5-1ubuntu3.3) ...
portable	UNKNOWN STEP	2026-10-01T06:30:58.4750803Z Selecting previously unselected package libpthread-stubs0-dev:amd64.
portable	UNKNOWN STEP	2026-10-01T06:30:58.4870597Z Preparing to unpack .../098-libpthread-stubs0-dev_0.4-1build3_amd64.deb ...
portable	UNKNOWN STEP	2026-10-01T06:30:58.4879852Z Unpacking libpthread-stubs0-dev:amd64 (0.4-1build3) ...
portable	UNKNOWN STEP	2026-10-01T06:30:58.5074490Z Selecting previously unselected package libseat1:amd64.
portable	UNKNOWN STEP	2026-10-01T06:30:58.5195061Z Preparing to unpack .../099-libseat1_0.8.0-1_amd64.deb ...
portable	UNKNOWN STEP	2026-10-01T06:30:58.5201966Z Unpacking libseat1:amd64 (0.8.0-1) ...
portable	UNKNOWN STEP	2026-10-01T06:30:58.5395115Z Selecting previously unselected package libegl1:amd64.
portable	UNKNOWN STEP	2026-10-01T06:30:58.5512678Z Preparing to unpack .../100-libegl1_1.7.0-1build1_amd64.deb ...
portable	UNKNOWN STEP	2026-10-01T06:30:58.5520084Z Unpacking libegl1:amd64 (1.7.0-1build1) ...
portable	UNKNOWN STEP	2026-10-01T06:30:58.5802663Z Selecting previously unselected package libgles2:amd64.
portable	UNKNOWN STEP	2026-10-01T06:30:58.5919787Z Preparing to unpack .../101-libgles2_1.7.0-1build1_amd64.deb ...
portable	UNKNOWN STEP	2026-10-01T06:30:58.5927199Z Unpacking libgles2:amd64 (1.7.0-1build1) ...
portable	UNKNOWN STEP	2026-10-01T06:30:58.6127609Z Selecting previously unselected package libxcb-composite0:amd64.
portable	UNKNOWN STEP	2026-10-01T06:30:58.6243452Z Preparing to unpack .../102-libxcb-composite0_1.15-1ubuntu2_amd64.deb ...
portable	UNKNOWN STEP	2026-10-01T06:30:58.6250692Z Unpacking libxcb-composite0:amd64 (1.15-1ubuntu2) ...
portable	UNKNOWN STEP	2026-10-01T06:30:58.6449379Z Selecting previously unselected package libxcb-xkb1:amd64.
portable	UNKNOWN STEP	2026-10-01T06:30:58.6565745Z Preparing to unpack .../103-libxcb-xkb1_1.15-1ubuntu2_amd64.deb ...
portable	UNKNOWN STEP	2026-10-01T06:30:58.6572568Z Unpacking libxcb-xkb1:amd64 (1.15-1ubuntu2) ...
portable	UNKNOWN STEP	2026-10-01T06:30:58.6787278Z Selecting previously unselected package libweston-13-0:amd64.
portable	UNKNOWN STEP	2026-10-01T06:30:58.6902909Z Preparing to unpack .../104-libweston-13-0_13.0.0-4build3_amd64.deb ...
portable	UNKNOWN STEP	2026-10-01T06:30:58.6910477Z Unpacking libweston-13-0:amd64 (13.0.0-4build3) ...
portable	UNKNOWN STEP	2026-10-01T06:30:58.7162002Z Selecting previously unselected package xorg-sgml-doctools.
portable	UNKNOWN STEP	2026-10-01T06:30:58.7281057Z Preparing to unpack .../105-xorg-sgml-doctools_1%3a1.11-1.1_all.deb ...
portable	UNKNOWN STEP	2026-10-01T06:30:58.7288155Z Unpacking xorg-sgml-doctools (1:1.11-1.1) ...
portable	UNKNOWN STEP	2026-10-01T06:30:58.7516795Z Selecting previously unselected package x11proto-dev.
portable	UNKNOWN STEP	2026-10-01T06:30:58.7634742Z Preparing to unpack .../106-x11proto-dev_2023.2-1_all.deb ...
portable	UNKNOWN STEP	2026-10-01T06:30:58.7644757Z Unpacking x11proto-dev (2023.2-1) ...
portable	UNKNOWN STEP	2026-10-01T06:30:58.8118828Z Selecting previously unselected package libxau-dev:amd64.
portable	UNKNOWN STEP	2026-10-01T06:30:58.8241856Z Preparing to unpack .../107-libxau-dev_1%3a1.0.9-1build6_amd64.deb ...
portable	UNKNOWN STEP	2026-10-01T06:30:58.8249911Z Unpacking libxau-dev:amd64 (1:1.0.9-1build6) ...
portable	UNKNOWN STEP	2026-10-01T06:30:58.8449924Z Selecting previously unselected package libxdmcp-dev:amd64.
portable	UNKNOWN STEP	2026-10-01T06:30:58.8569762Z Preparing to unpack .../108-libxdmcp-dev_1%3a1.1.3-0ubuntu6_amd64.deb ...
portable	UNKNOWN STEP	2026-10-01T06:30:58.8576088Z Unpacking libxdmcp-dev:amd64 (1:1.1.3-0ubuntu6) ...
portable	UNKNOWN STEP	2026-10-01T06:30:58.8761879Z Selecting previously unselected package xtrans-dev.
portable	UNKNOWN STEP	2026-10-01T06:30:58.8881648Z Preparing to unpack .../109-xtrans-dev_1.4.0-1_all.deb ...
portable	UNKNOWN STEP	2026-10-01T06:30:58.8896085Z Unpacking xtrans-dev (1.4.0-1) ...
portable	UNKNOWN STEP	2026-10-01T06:30:58.9127338Z Selecting previously unselected package libxcb1-dev:amd64.
portable	UNKNOWN STEP	2026-10-01T06:30:58.9246122Z Preparing to unpack .../110-libxcb1-dev_1.15-1ubuntu2_amd64.deb ...
portable	UNKNOWN STEP	2026-10-01T06:30:58.9255587Z Unpacking libxcb1-dev:amd64 (1.15-1ubuntu2) ...
portable	UNKNOWN STEP	2026-10-01T06:30:58.9467343Z Selecting previously unselected package libx11-dev:amd64.
portable	UNKNOWN STEP	2026-10-01T06:30:58.9585018Z Preparing to unpack .../111-libx11-dev_2%3a1.8.7-1build1_amd64.deb ...
portable	UNKNOWN STEP	2026-10-01T06:30:58.9594954Z Unpacking libx11-dev:amd64 (2:1.8.7-1build1) ...
portable	UNKNOWN STEP	2026-10-01T06:30:58.9877118Z Selecting previously unselected package libx11-xcb-dev:amd64.
portable	UNKNOWN STEP	2026-10-01T06:30:58.9997592Z Preparing to unpack .../112-libx11-xcb-dev_2%3a1.8.7-1build1_amd64.deb ...
portable	UNKNOWN STEP	2026-10-01T06:30:59.0007725Z Unpacking libx11-xcb-dev:amd64 (2:1.8.7-1build1) ...
portable	UNKNOWN STEP	2026-10-01T06:30:59.0194925Z Selecting previously unselected package libxcb-xkb-dev:amd64.
portable	UNKNOWN STEP	2026-10-01T06:30:59.0312167Z Preparing to unpack .../113-libxcb-xkb-dev_1.15-1ubuntu2_amd64.deb ...
portable	UNKNOWN STEP	2026-10-01T06:30:59.0337640Z Unpacking libxcb-xkb-dev:amd64 (1.15-1ubuntu2) ...
portable	UNKNOWN STEP	2026-10-01T06:30:59.0532875Z Selecting previously unselected package libxkbcommon-dev:amd64.
portable	UNKNOWN STEP	2026-10-01T06:30:59.0660201Z Preparing to unpack .../114-libxkbcommon-dev_1.6.0-1build1_amd64.deb ...
portable	UNKNOWN STEP	2026-10-01T06:30:59.0668303Z Unpacking libxkbcommon-dev:amd64 (1.6.0-1build1) ...
portable	UNKNOWN STEP	2026-10-01T06:30:59.0895655Z Selecting previously unselected package libxkbcommon-x11-0:amd64.
portable	UNKNOWN STEP	2026-10-01T06:30:59.1017748Z Preparing to unpack .../115-libxkbcommon-x11-0_1.6.0-1build1_amd64.deb ...
portable	UNKNOWN STEP	2026-10-01T06:30:59.1025243Z Unpacking libxkbcommon-x11-0:amd64 (1.6.0-1build1) ...
portable	UNKNOWN STEP	2026-10-01T06:30:59.1226202Z Selecting previously unselected package mesa-vulkan-drivers:amd64.
portable	UNKNOWN STEP	2026-10-01T06:30:59.1346363Z Preparing to unpack .../116-mesa-vulkan-drivers_25.2.8-0ubuntu0.24.04.3_amd64.deb ...
portable	UNKNOWN STEP	2026-10-01T06:30:59.1352686Z Unpacking mesa-vulkan-drivers:amd64 (25.2.8-0ubuntu0.24.04.3) ...
portable	UNKNOWN STEP	2026-10-01T06:30:59.4281210Z Selecting previously unselected package weston.
portable	UNKNOWN STEP	2026-10-01T06:30:59.4406058Z Preparing to unpack .../117-weston_13.0.0-4build3_amd64.deb ...
portable	UNKNOWN STEP	2026-10-01T06:30:59.4415871Z Unpacking weston (13.0.0-4build3) ...
portable	UNKNOWN STEP	2026-10-01T06:30:59.4886205Z Selecting previously unselected package libwayland-bin.
portable	UNKNOWN STEP	2026-10-01T06:30:59.5011847Z Preparing to unpack .../118-libwayland-bin_1.22.0-2.1build1_amd64.deb ...
portable	UNKNOWN STEP	2026-10-01T06:30:59.5020890Z Unpacking libwayland-bin (1.22.0-2.1build1) ...
portable	UNKNOWN STEP	2026-10-01T06:30:59.5211333Z Selecting previously unselected package libwayland-dev:amd64.
portable	UNKNOWN STEP	2026-10-01T06:30:59.5334948Z Preparing to unpack .../119-libwayland-dev_1.22.0-2.1build1_amd64.deb ...
portable	UNKNOWN STEP	2026-10-01T06:30:59.5341395Z Unpacking libwayland-dev:amd64 (1.22.0-2.1build1) ...
portable	UNKNOWN STEP	2026-10-01T06:30:59.5578023Z Selecting previously unselected package libxkbcommon-x11-dev:amd64.
portable	UNKNOWN STEP	2026-10-01T06:30:59.5702184Z Preparing to unpack .../120-libxkbcommon-x11-dev_1.6.0-1build1_amd64.deb ...
portable	UNKNOWN STEP	2026-10-01T06:30:59.5709252Z Unpacking libxkbcommon-x11-dev:amd64 (1.6.0-1build1) ...
portable	UNKNOWN STEP	2026-10-01T06:30:59.6183497Z Setting up libgme0:amd64 (0.6.3-7build1) ...
portable	UNKNOWN STEP	2026-10-01T06:30:59.6206806Z Setting up libchromaprint1:amd64 (1.5.1-5) ...
portable	UNKNOWN STEP	2026-10-01T06:30:59.6229348Z Setting up libssh-gcrypt-4:amd64 (0.10.6-2ubuntu0.5) ...
portable	UNKNOWN STEP	2026-10-01T06:30:59.6246915Z Setting up libhwy1t64:amd64 (1.0.7-8.1build1) ...
portable	UNKNOWN STEP	2026-10-01T06:30:59.6265780Z Setting up mesa-vulkan-drivers:amd64 (25.2.8-0ubuntu0.24.04.3) ...
portable	UNKNOWN STEP	2026-10-01T06:30:59.6282666Z Setting up libudfread0:amd64 (1.1.2-1build1) ...
portable	UNKNOWN STEP	2026-10-01T06:30:59.6300935Z Setting up libwayland-server0:amd64 (1.22.0-2.1build1) ...
portable	UNKNOWN STEP	2026-10-01T06:30:59.6319995Z Setting up mesa-libgallium:amd64 (25.2.8-0ubuntu0.24.04.3) ...
portable	UNKNOWN STEP	2026-10-01T06:30:59.6339601Z Setting up libspeex1:amd64 (1.2.1-2ubuntu2.24.04.1) ...
portable	UNKNOWN STEP	2026-10-01T06:30:59.6357382Z Setting up libshine3:amd64 (3.1.1-2build1) ...
portable	UNKNOWN STEP	2026-10-01T06:30:59.6378673Z Setting up libvpl2 (2023.3.0-1build1) ...
portable	UNKNOWN STEP	2026-10-01T06:30:59.6397139Z Setting up libx264-164:amd64 (2:0.164.3108+git31e19f9-1) ...
portable	UNKNOWN STEP	2026-10-01T06:30:59.6417855Z Setting up libtwolame0:amd64 (0.4.0-2build3) ...
portable	UNKNOWN STEP	2026-10-01T06:30:59.6435252Z Setting up libmbedcrypto7t64:amd64 (2.28.8-1) ...
portable	UNKNOWN STEP	2026-10-01T06:30:59.6453191Z Setting up libgbm1:amd64 (25.2.8-0ubuntu0.24.04.3) ...
portable	UNKNOWN STEP	2026-10-01T06:30:59.6472343Z Setting up libgsm1:amd64 (1.0.22-1build1) ...
portable	UNKNOWN STEP	2026-10-01T06:30:59.6492381Z Setting up libaml0t64:amd64 (0.3.0-1.1build1) ...
portable	UNKNOWN STEP	2026-10-01T06:30:59.6514411Z Setting up libsoxr0:amd64 (0.1.3-4build3) ...
portable	UNKNOWN STEP	2026-10-01T06:30:59.6531707Z Setting up libzix-0-0:amd64 (0.4.2-2build1) ...
portable	UNKNOWN STEP	2026-10-01T06:30:59.6549292Z Setting up libcodec2-1.2:amd64 (1.2.0-2build1) ...
portable	UNKNOWN STEP	2026-10-01T06:30:59.6570668Z Setting up libwinpr2-2t64:amd64 (2.11.5+dfsg1-1build2) ...
portable	UNKNOWN STEP	2026-10-01T06:30:59.6588653Z Setting up libxkbcommon-dev:amd64 (1.6.0-1build1) ...
portable	UNKNOWN STEP	2026-10-01T06:30:59.6606276Z Setting up libgl1-mesa-dri:amd64 (25.2.8-0ubuntu0.24.04.3) ...
portable	UNKNOWN STEP	2026-10-01T06:30:59.6686268Z Setting up libpng-dev:amd64 (1.6.43-5ubuntu0.6) ...
portable	UNKNOWN STEP	2026-10-01T06:30:59.6706337Z Setting up libmysofa1:amd64 (1.3.2+dfsg-2ubuntu2) ...
portable	UNKNOWN STEP	2026-10-01T06:30:59.6727746Z Setting up libwebrtc-audio-processing1:amd64 (0.3.1-0ubuntu6) ...
portable	UNKNOWN STEP	2026-10-01T06:30:59.6744475Z Setting up libsvtav1enc1d1:amd64 (1.7.0+dfsg-2build1) ...
portable	UNKNOWN STEP	2026-10-01T06:30:59.6762370Z Setting up libmpg123-0t64:amd64 (1.32.5-1ubuntu1.1) ...
portable	UNKNOWN STEP	2026-10-01T06:30:59.6781783Z Setting up libcjson1:amd64 (1.7.17-1) ...
portable	UNKNOWN STEP	2026-10-01T06:30:59.6800844Z Setting up libxvidcore4:amd64 (2:1.3.7-1build1) ...
portable	UNKNOWN STEP	2026-10-01T06:30:59.6820634Z Setting up libpthread-stubs0-dev:amd64 (0.4-1build3) ...
portable	UNKNOWN STEP	2026-10-01T06:30:59.6837529Z Setting up librav1e0:amd64 (0.7.1-2) ...
portable	UNKNOWN STEP	2026-10-01T06:30:59.6854897Z Setting up liborc-0.4-0t64:amd64 (1:0.4.38-1ubuntu0.1) ...
portable	UNKNOWN STEP	2026-10-01T06:30:59.6874069Z Setting up libxcb-xkb1:amd64 (1.15-1ubuntu2) ...
portable	UNKNOWN STEP	2026-10-01T06:30:59.6893873Z Setting up librist4:amd64 (0.2.10+dfsg-2) ...
portable	UNKNOWN STEP	2026-10-01T06:30:59.6910885Z Setting up librsvg2-2:amd64 (2.58.0+dfsg-1build1) ...
portable	UNKNOWN STEP	2026-10-01T06:30:59.6931477Z Setting up xtrans-dev (1.4.0-1) ...
portable	UNKNOWN STEP	2026-10-01T06:30:59.6948799Z Setting up libwayland-bin (1.22.0-2.1build1) ...
portable	UNKNOWN STEP	2026-10-01T06:30:59.6972028Z Setting up libblas3:amd64 (3.12.0-3build1.1) ...
portable	UNKNOWN STEP	2026-10-01T06:30:59.7030981Z update-alternatives: using /usr/lib/x86_64-linux-gnu/blas/libblas.so.3 to provide /usr/lib/x86_64-linux-gnu/libblas.so.3 (libblas.so.3-x86_64-linux-gnu) in auto mode
portable	UNKNOWN STEP	2026-10-01T06:30:59.7048067Z Setting up libegl-mesa0:amd64 (25.2.8-0ubuntu0.24.04.3) ...
portable	UNKNOWN STEP	2026-10-01T06:30:59.7067347Z Setting up libplacebo338:amd64 (6.338.2-2build1) ...
portable	UNKNOWN STEP	2026-10-01T06:30:59.7084806Z Setting up libgles2:amd64 (1.7.0-1build1) ...
portable	UNKNOWN STEP	2026-10-01T06:30:59.7102385Z Setting up libva2:amd64 (2.20.0-2ubuntu0.2) ...
portable	UNKNOWN STEP	2026-10-01T06:30:59.7124671Z Setting up libspa-0.2-modules:amd64 (1.0.5-1ubuntu3.3) ...
portable	UNKNOWN STEP	2026-10-01T06:30:59.7145220Z Setting up uuid-dev:amd64 (2.39.3-9ubuntu6.6) ...
portable	UNKNOWN STEP	2026-10-01T06:30:59.7162355Z Setting up libopus0:amd64 (1.4-1build1) ...
portable	UNKNOWN STEP	2026-10-01T06:30:59.7181378Z Setting up libxkbcommon-x11-0:amd64 (1.6.0-1build1) ...
portable	UNKNOWN STEP	2026-10-01T06:30:59.7201398Z Setting up libunibreak5:amd64 (5.1-2build1) ...
portable	UNKNOWN STEP	2026-10-01T06:30:59.7220142Z Setting up libjxl0.7:amd64 (0.7.0-10.2ubuntu6.1) ...
portable	UNKNOWN STEP	2026-10-01T06:30:59.7239421Z Setting up libx265-199:amd64 (3.5-2build1) ...
portable	UNKNOWN STEP	2026-10-01T06:30:59.7259134Z Setting up libturbojpeg:amd64 (1:2.1.5-2ubuntu2) ...
portable	UNKNOWN STEP	2026-10-01T06:30:59.7279304Z Setting up libvidstab1.1:amd64 (1.1.0-2build1) ...
portable	UNKNOWN STEP	2026-10-01T06:30:59.7299685Z Setting up libvpx9:amd64 (1.14.0-1ubuntu2.3) ...
portable	UNKNOWN STEP	2026-10-01T06:30:59.7320971Z Setting up libsrt1.5-gnutls:amd64 (1.5.3-1build2) ...
portable	UNKNOWN STEP	2026-10-01T06:30:59.7339971Z Setting up libxcb-composite0:amd64 (1.15-1ubuntu2) ...
portable	UNKNOWN STEP	2026-10-01T06:30:59.7359379Z Setting up libflite1:amd64 (2.2-6build3) ...
portable	UNKNOWN STEP	2026-10-01T06:30:59.7379060Z Setting up libdav1d7:amd64 (1.4.1-1build1) ...
portable	UNKNOWN STEP	2026-10-01T06:30:59.7395972Z Setting up libmtdev1t64:amd64 (1.1.6-1.1build1) ...
portable	UNKNOWN STEP	2026-10-01T06:30:59.7416136Z Setting up libva-drm2:amd64 (2.20.0-2ubuntu0.2) ...
portable	UNKNOWN STEP	2026-10-01T06:30:59.7436167Z Setting up ocl-icd-libopencl1:amd64 (2.3.2-1build1) ...
portable	UNKNOWN STEP	2026-10-01T06:30:59.7455515Z Setting up libasyncns0:amd64 (0.8-6build4) ...
portable	UNKNOWN STEP	2026-10-01T06:30:59.7481790Z Setting up libvdpau1:amd64 (1.5-2build1) ...
portable	UNKNOWN STEP	2026-10-01T06:30:59.7507727Z Setting up libbs2b0:amd64 (3.1.0+dfsg-7build1) ...
portable	UNKNOWN STEP	2026-10-01T06:30:59.7527635Z Setting up libtheora0:amd64 (1.1.1+dfsg.1-16.1build3) ...
portable	UNKNOWN STEP	2026-10-01T06:30:59.7550751Z Setting up libegl1:amd64 (1.7.0-1build1) ...
portable	UNKNOWN STEP	2026-10-01T06:30:59.7573406Z Setting up libfreerdp2-2t64:amd64 (2.11.5+dfsg1-1build2) ...
portable	UNKNOWN STEP	2026-10-01T06:30:59.7593468Z Setting up libzimg2:amd64 (3.0.5+ds1-1build1) ...
portable	UNKNOWN STEP	2026-10-01T06:30:59.7611839Z Setting up xorg-sgml-doctools (1:1.11-1.1) ...
portable	UNKNOWN STEP	2026-10-01T06:30:59.7632311Z Setting up libflac12t64:amd64 (1.4.3+ds-2.1ubuntu2) ...
portable	UNKNOWN STEP	2026-10-01T06:30:59.7655834Z Setting up libseat1:amd64 (0.8.0-1) ...
portable	UNKNOWN STEP	2026-10-01T06:30:59.7675821Z Setting up libbluray2:amd64 (1:1.3.4-1build1) ...
portable	UNKNOWN STEP	2026-10-01T06:30:59.7696076Z Setting up libsamplerate0:amd64 (0.2.2-4build1) ...
portable	UNKNOWN STEP	2026-10-01T06:30:59.7714399Z Setting up libva-x11-2:amd64 (2.20.0-2ubuntu0.2) ...
portable	UNKNOWN STEP	2026-10-01T06:30:59.7734324Z Setting up libpipewire-0.3-0t64:amd64 (1.0.5-1ubuntu3.3) ...
portable	UNKNOWN STEP	2026-10-01T06:30:59.7772836Z Setting up libopenmpt0t64:amd64 (0.7.3-1.1build3) ...
portable	UNKNOWN STEP	2026-10-01T06:30:59.7794451Z Setting up libbrotli-dev:amd64 (1.1.0-2build2) ...
portable	UNKNOWN STEP	2026-10-01T06:30:59.7815132Z Setting up libzvbi-common (0.2.42-2) ...
portable	UNKNOWN STEP	2026-10-01T06:30:59.7833249Z Setting up libmp3lame0:amd64 (3.100-6build1) ...
portable	UNKNOWN STEP	2026-10-01T06:30:59.7854729Z Setting up libvorbisenc2:amd64 (1.3.7-1build3) ...
portable	UNKNOWN STEP	2026-10-01T06:30:59.7875044Z Setting up libserd-0-0:amd64 (0.32.2-1) ...
portable	UNKNOWN STEP	2026-10-01T06:30:59.7893622Z Setting up libwacom-common (2.10.0-2) ...
portable	UNKNOWN STEP	2026-10-01T06:30:59.7911704Z Setting up libbz2-dev:amd64 (1.0.8-5.1ubuntu0.1) ...
portable	UNKNOWN STEP	2026-10-01T06:30:59.7929793Z Setting up liblapack3:amd64 (3.12.0-3build1.1) ...
portable	UNKNOWN STEP	2026-10-01T06:30:59.7988791Z update-alternatives: using /usr/lib/x86_64-linux-gnu/lapack/liblapack.so.3 to provide /usr/lib/x86_64-linux-gnu/liblapack.so.3 (liblapack.so.3-x86_64-linux-gnu) in auto mode
portable	UNKNOWN STEP	2026-10-01T06:30:59.8008412Z Setting up libglx-mesa0:amd64 (25.2.8-0ubuntu0.24.04.3) ...
portable	UNKNOWN STEP	2026-10-01T06:30:59.8273198Z Setting up libzvbi0t64:amd64 (0.2.42-2) ...
portable	UNKNOWN STEP	2026-10-01T06:30:59.8292803Z Setting up libwacom9:amd64 (2.10.0-2) ...
portable	UNKNOWN STEP	2026-10-01T06:30:59.8311794Z Setting up libgstreamer-plugins-base1.0-0:amd64 (1.24.2-1ubuntu0.5) ...
portable	UNKNOWN STEP	2026-10-01T06:30:59.8329199Z Setting up libavutil58:amd64 (7:6.1.1-3ubuntu5) ...
portable	UNKNOWN STEP	2026-10-01T06:30:59.8346987Z Setting up libwayland-dev:amd64 (1.22.0-2.1build1) ...
portable	UNKNOWN STEP	2026-10-01T06:30:59.8364276Z Setting up libinput-bin (1.25.0-1ubuntu3.7) ...
portable	UNKNOWN STEP	2026-10-01T06:30:59.8385994Z Setting up libfreetype-dev:amd64 (2.13.2+dfsg-1ubuntu0.1) ...
portable	UNKNOWN STEP	2026-10-01T06:30:59.8409577Z Setting up libass9:amd64 (1:0.17.1-2build1) ...
portable	UNKNOWN STEP	2026-10-01T06:30:59.8427205Z Setting up libswresample4:amd64 (7:6.1.1-3ubuntu5) ...
portable	UNKNOWN STEP	2026-10-01T06:30:59.8447808Z Setting up libfreerdp-server2-2t64:amd64 (2.11.5+dfsg1-1build2) ...
portable	UNKNOWN STEP	2026-10-01T06:30:59.8465095Z Setting up libavcodec60:amd64 (7:6.1.1-3ubuntu5) ...
portable	UNKNOWN STEP	2026-10-01T06:30:59.8485361Z Setting up librubberband2:amd64 (3.3.0+dfsg-2build1) ...
portable	UNKNOWN STEP	2026-10-01T06:30:59.8504041Z Setting up libsord-0-0:amd64 (0.16.16-2build1) ...
portable	UNKNOWN STEP	2026-10-01T06:30:59.8524465Z Setting up libpostproc57:amd64 (7:6.1.1-3ubuntu5) ...
portable	UNKNOWN STEP	2026-10-01T06:30:59.8544866Z Setting up libsratom-0-0:amd64 (0.6.16-1build1) ...
portable	UNKNOWN STEP	2026-10-01T06:30:59.8566868Z Setting up libsndfile1:amd64 (1.2.2-1ubuntu5.24.04.1) ...
portable	UNKNOWN STEP	2026-10-01T06:30:59.8584904Z Setting up liblilv-0-0:amd64 (0.24.22-1build1) ...
portable	UNKNOWN STEP	2026-10-01T06:30:59.8603662Z Setting up libswscale7:amd64 (7:6.1.1-3ubuntu5) ...
portable	UNKNOWN STEP	2026-10-01T06:30:59.8622424Z Setting up libinput10:amd64 (1.25.0-1ubuntu3.7) ...
portable	UNKNOWN STEP	2026-10-01T06:30:59.8639927Z Setting up libpulse0:amd64 (1:16.1+dfsg1-2ubuntu10.1) ...
portable	UNKNOWN STEP	2026-10-01T06:30:59.8711173Z Setting up libfontconfig-dev:amd64 (2.15.0-1.1ubuntu2) ...
portable	UNKNOWN STEP	2026-10-01T06:30:59.8730344Z Setting up libavformat60:amd64 (7:6.1.1-3ubuntu5) ...
portable	UNKNOWN STEP	2026-10-01T06:30:59.8748477Z Setting up libsphinxbase3t64:amd64 (0.8+5prealpha+1-17build2) ...
portable	UNKNOWN STEP	2026-10-01T06:30:59.8765669Z Setting up libfontconfig1-dev:amd64 (2.15.0-1.1ubuntu2) ...
portable	UNKNOWN STEP	2026-10-01T06:30:59.8785933Z Setting up libpocketsphinx3:amd64 (0.8.0+real5prealpha+1-15ubuntu5) ...
portable	UNKNOWN STEP	2026-10-01T06:30:59.8805045Z Setting up libavfilter9:amd64 (7:6.1.1-3ubuntu5) ...
portable	UNKNOWN STEP	2026-10-01T06:30:59.8822978Z Setting up libneatvnc0:amd64 (0.7.1+dfsg-2build3) ...
portable	UNKNOWN STEP	2026-10-01T06:30:59.8857638Z Setting up libweston-13-0:amd64 (13.0.0-4build3) ...
portable	UNKNOWN STEP	2026-10-01T06:30:59.8877064Z Setting up weston (13.0.0-4build3) ...
portable	UNKNOWN STEP	2026-10-01T06:30:59.8932511Z Processing triggers for libc-bin (2.39-0ubuntu8.9) ...
portable	UNKNOWN STEP	2026-10-01T06:30:59.9311465Z Processing triggers for man-db (2.12.0-4build2) ...
portable	UNKNOWN STEP	2026-10-01T06:30:59.9332170Z Not building database; man-db/auto-update is not 'true'.
portable	UNKNOWN STEP	2026-10-01T06:30:59.9345867Z Processing triggers for udev (255.4-1ubuntu8.17) ...
portable	UNKNOWN STEP	2026-10-01T06:31:00.4457439Z Processing triggers for sgml-base (1.31) ...
portable	UNKNOWN STEP	2026-10-01T06:31:00.4646608Z Setting up x11proto-dev (2023.2-1) ...
portable	UNKNOWN STEP	2026-10-01T06:31:00.4671063Z Setting up libxau-dev:amd64 (1:1.0.9-1build6) ...
portable	UNKNOWN STEP	2026-10-01T06:31:00.4694234Z Setting up libxdmcp-dev:amd64 (1:1.1.3-0ubuntu6) ...
portable	UNKNOWN STEP	2026-10-01T06:31:00.4720777Z Setting up libxcb1-dev:amd64 (1.15-1ubuntu2) ...
portable	UNKNOWN STEP	2026-10-01T06:31:00.4744076Z Setting up libxcb-xkb-dev:amd64 (1.15-1ubuntu2) ...
portable	UNKNOWN STEP	2026-10-01T06:31:00.4767891Z Setting up libx11-dev:amd64 (2:1.8.7-1build1) ...
portable	UNKNOWN STEP	2026-10-01T06:31:00.4790285Z Setting up libxkbcommon-x11-dev:amd64 (1.6.0-1build1) ...
portable	UNKNOWN STEP	2026-10-01T06:31:00.4811378Z Setting up libx11-xcb-dev:amd64 (2:1.8.7-1build1) ...
portable	UNKNOWN STEP	2026-10-01T06:31:01.1209312Z 
portable	UNKNOWN STEP	2026-10-01T06:31:01.1209819Z Running kernel seems to be up-to-date.
portable	UNKNOWN STEP	2026-10-01T06:31:01.1210235Z 
portable	UNKNOWN STEP	2026-10-01T06:31:01.1210402Z No services need to be restarted.
portable	UNKNOWN STEP	2026-10-01T06:31:01.1210693Z 
portable	UNKNOWN STEP	2026-10-01T06:31:01.1210886Z No containers need to be restarted.
portable	UNKNOWN STEP	2026-10-01T06:31:01.1211189Z 
portable	UNKNOWN STEP	2026-10-01T06:31:01.1211400Z No user sessions are running outdated binaries.
portable	UNKNOWN STEP	2026-10-01T06:31:01.1211754Z 
portable	UNKNOWN STEP	2026-10-01T06:31:01.1212080Z No VM guests are running outdated hypervisor (qemu) binaries on this host.
portable	UNKNOWN STEP	2026-10-01T06:31:01.9039945Z ##[group]Run if cargo tree --workspace | grep -q 'gpui-component'; then
portable	UNKNOWN STEP	2026-10-01T06:31:01.9040469Z ^[[36;1mif cargo tree --workspace | grep -q 'gpui-component'; then^[[0m
portable	UNKNOWN STEP	2026-10-01T06:31:01.9040913Z ^[[36;1m  echo 'gpui-component must not appear in the dependency graph'^[[0m
portable	UNKNOWN STEP	2026-10-01T06:31:01.9041263Z ^[[36;1m  exit 1^[[0m
portable	UNKNOWN STEP	2026-10-01T06:31:01.9041452Z ^[[36;1mfi^[[0m
portable	UNKNOWN STEP	2026-10-01T06:31:01.9103997Z shell: /usr/bin/bash -e {0}
portable	UNKNOWN STEP	2026-10-01T06:31:01.9104248Z env:
portable	UNKNOWN STEP	2026-10-01T06:31:01.9104453Z   CARGO_HOME: /home/runner/.cargo
portable	UNKNOWN STEP	2026-10-01T06:31:01.9104722Z   CARGO_INCREMENTAL: 0
portable	UNKNOWN STEP	2026-10-01T06:31:01.9104966Z   CARGO_TERM_COLOR: always
portable	UNKNOWN STEP	2026-10-01T06:31:01.9105478Z ##[endgroup]
portable	UNKNOWN STEP	2026-10-01T06:31:01.9786685Z ^[[1m^[[92m    Updating^[[0m crates.io index
portable	UNKNOWN STEP	2026-10-01T06:31:02.8824176Z ^[[1m^[[92m Downloading^[[0m crates ...
portable	UNKNOWN STEP	2026-10-01T06:31:02.9520840Z ^[[1m^[[92m  Downloaded^[[0m as-raw-xcb-connection v1.0.1
portable	UNKNOWN STEP	2026-10-01T06:31:02.9555708Z ^[[1m^[[92m  Downloaded^[[0m anstyle-query v1.1.5
portable	UNKNOWN STEP	2026-10-01T06:31:02.9590526Z ^[[1m^[[92m  Downloaded^[[0m cfg_aliases v0.2.2
portable	UNKNOWN STEP	2026-10-01T06:31:02.9625608Z ^[[1m^[[92m  Downloaded^[[0m event-listener-strategy v0.5.4
portable	UNKNOWN STEP	2026-10-01T06:31:02.9664908Z ^[[1m^[[92m  Downloaded^[[0m generic-array v0.14.7
portable	UNKNOWN STEP	2026-10-01T06:31:02.9705278Z ^[[1m^[[92m  Downloaded^[[0m float-ord v0.3.2
portable	UNKNOWN STEP	2026-10-01T06:31:02.9740811Z ^[[1m^[[92m  Downloaded^[[0m gpui-pre-http-client v0.3.7
portable	UNKNOWN STEP	2026-10-01T06:31:02.9778214Z ^[[1m^[[92m  Downloaded^[[0m gpui-pre-scheduler v0.3.7
portable	UNKNOWN STEP	2026-10-01T06:31:02.9814935Z ^[[1m^[[92m  Downloaded^[[0m async-channel v2.5.0
portable	UNKNOWN STEP	2026-10-01T06:31:02.9853467Z ^[[1m^[[92m  Downloaded^[[0m gpui-pre-wgpu v0.3.7
portable	UNKNOWN STEP	2026-10-01T06:31:02.9903062Z ^[[1m^[[92m  Downloaded^[[0m addr2line v0.25.1
portable	UNKNOWN STEP	2026-10-01T06:31:02.9947082Z ^[[1m^[[92m  Downloaded^[[0m float_next_after v1.0.0
portable	UNKNOWN STEP	2026-10-01T06:31:02.9981187Z ^[[1m^[[92m  Downloaded^[[0m gpu-descriptor v0.3.2
portable	UNKNOWN STEP	2026-10-01T06:31:03.0020825Z ^[[1m^[[92m  Downloaded^[[0m defmt-parser v1.0.0
portable	UNKNOWN STEP	2026-10-01T06:31:03.0071239Z ^[[1m^[[92m  Downloaded^[[0m gethostname v1.1.0
portable	UNKNOWN STEP	2026-10-01T06:31:03.0122100Z ^[[1m^[[92m  Downloaded^[[0m idna_adapter v1.2.2
portable	UNKNOWN STEP	2026-10-01T06:31:03.0166602Z ^[[1m^[[92m  Downloaded^[[0m gpui-pre-refineable v0.3.7
portable	UNKNOWN STEP	2026-10-01T06:31:03.0205000Z ^[[1m^[[92m  Downloaded^[[0m hex v0.4.3
portable	UNKNOWN STEP	2026-10-01T06:31:03.0262127Z ^[[1m^[[92m  Downloaded^[[0m itoa v1.0.18
portable	UNKNOWN STEP	2026-10-01T06:31:03.0369011Z ^[[1m^[[92m  Downloaded^[[0m loop9 v0.1.5
portable	UNKNOWN STEP	2026-10-01T06:31:03.0484081Z ^[[1m^[[92m  Downloaded^[[0m num-iter v0.1.46
portable	UNKNOWN STEP	2026-10-01T06:31:03.0592468Z ^[[1m^[[92m  Downloaded^[[0m profiling-procmacros v1.0.18
portable	UNKNOWN STEP	2026-10-01T06:31:03.0693286Z ^[[1m^[[92m  Downloaded^[[0m serde_repr v0.1.21
portable	UNKNOWN STEP	2026-10-01T06:31:03.0783163Z ^[[1m^[[92m  Downloaded^[[0m sval_fmt v2.21.1
portable	UNKNOWN STEP	2026-10-01T06:31:03.0884206Z ^[[1m^[[92m  Downloaded^[[0m toml_writer v1.1.2+spec-1.1.0
portable	UNKNOWN STEP	2026-10-01T06:31:03.0953467Z ^[[1m^[[92m  Downloaded^[[0m xim-parser v0.2.2
portable	UNKNOWN STEP	2026-10-01T06:31:03.1009717Z ^[[1m^[[92m  Downloaded^[[0m tracing-attributes v0.1.31
portable	UNKNOWN STEP	2026-10-01T06:31:03.1079524Z ^[[1m^[[92m  Downloaded^[[0m walkdir v2.5.0
portable	UNKNOWN STEP	2026-10-01T06:31:03.1147944Z ^[[1m^[[92m  Downloaded^[[0m wasm-bindgen-macro v0.2.127
portable	UNKNOWN STEP	2026-10-01T06:31:03.1190448Z ^[[1m^[[92m  Downloaded^[[0m y4m v0.8.0
portable	UNKNOWN STEP	2026-10-01T06:31:03.1238208Z ^[[1m^[[92m  Downloaded^[[0m zvariant_utils v4.2.0
portable	UNKNOWN STEP	2026-10-01T06:31:03.1277765Z ^[[1m^[[92m  Downloaded^[[0m zeno v0.3.3
portable	UNKNOWN STEP	2026-10-01T06:31:03.1316671Z ^[[1m^[[92m  Downloaded^[[0m zerovec-derive v0.11.6
portable	UNKNOWN STEP	2026-10-01T06:31:03.1345461Z ^[[1m^[[92m  Downloaded^[[0m zcheapstr v1.1.0
portable	UNKNOWN STEP	2026-10-01T06:31:03.1375687Z ^[[1m^[[92m  Downloaded^[[0m zune-inflate v0.2.54
portable	UNKNOWN STEP	2026-10-01T06:31:03.1404534Z ^[[1m^[[92m  Downloaded^[[0m wgpu-types v29.0.4
portable	UNKNOWN STEP	2026-10-01T06:31:03.1452583Z ^[[1m^[[92m  Downloaded^[[0m zune-jpeg v0.5.15
portable	UNKNOWN STEP	2026-10-01T06:31:03.1500898Z ^[[1m^[[92m  Downloaded^[[0m xkeysym v0.2.1
portable	UNKNOWN STEP	2026-10-01T06:31:03.1536677Z ^[[1m^[[92m  Downloaded^[[0m unicode-width v0.2.2
portable	UNKNOWN STEP	2026-10-01T06:31:03.1606897Z ^[[1m^[[92m  Downloaded^[[0m zvariant v5.15.0
portable	UNKNOWN STEP	2026-10-01T06:31:03.1684334Z ^[[1m^[[92m  Downloaded^[[0m zerovec v0.11.8
portable	UNKNOWN STEP	2026-10-01T06:31:03.1750882Z ^[[1m^[[92m  Downloaded^[[0m typeid v1.0.3
portable	UNKNOWN STEP	2026-10-01T06:31:03.1769064Z ^[[1m^[[92m  Downloaded^[[0m zerotrie v0.2.5
portable	UNKNOWN STEP	2026-10-01T06:31:03.1814301Z ^[[1m^[[92m  Downloaded^[[0m wayland-protocols-plasma v0.3.12
portable	UNKNOWN STEP	2026-10-01T06:31:03.1871694Z ^[[1m^[[92m  Downloaded^[[0m wgpu-core v29.0.4
portable	UNKNOWN STEP	2026-10-01T06:31:03.1970197Z ^[[1m^[[92m  Downloaded^[[0m x11rb v0.13.2
portable	UNKNOWN STEP	2026-10-01T06:31:03.2057434Z ^[[1m^[[92m  Downloaded^[[0m encoding_rs v0.8.35
portable	UNKNOWN STEP	2026-10-01T06:31:03.2257672Z ^[[1m^[[92m  Downloaded^[[0m tracing v0.1.44
portable	UNKNOWN STEP	2026-10-01T06:31:03.2419163Z ^[[1m^[[92m  Downloaded^[[0m zbus-lockstep-macros v0.5.2
portable	UNKNOWN STEP	2026-10-01T06:31:03.2432291Z ^[[1m^[[92m  Downloaded^[[0m zerocopy-derive v0.8.56
portable	UNKNOWN STEP	2026-10-01T06:31:03.2531278Z ^[[1m^[[92m  Downloaded^[[0m zed-xim v0.4.0-zed
portable	UNKNOWN STEP	2026-10-01T06:31:03.2560236Z ^[[1m^[[92m  Downloaded^[[0m zed-font-kit v0.14.1-zed
portable	UNKNOWN STEP	2026-10-01T06:31:03.2605305Z ^[[1m^[[92m  Downloaded^[[0m zbus v5.19.0
portable	UNKNOWN STEP	2026-10-01T06:31:03.2705967Z ^[[1m^[[92m  Downloaded^[[0m wgpu-hal v29.0.4
portable	UNKNOWN STEP	2026-10-01T06:31:03.2816129Z ^[[1m^[[92m  Downloaded^[[0m wasm-bindgen-macro-support v0.2.127
portable	UNKNOWN STEP	2026-10-01T06:31:03.2840199Z ^[[1m^[[92m  Downloaded^[[0m zerofrom-derive v0.1.7
portable	UNKNOWN STEP	2026-10-01T06:31:03.2853342Z ^[[1m^[[92m  Downloaded^[[0m x11rb-protocol v0.13.2
portable	UNKNOWN STEP	2026-10-01T06:31:03.2977677Z ^[[1m^[[92m  Downloaded^[[0m cosmic-text v0.19.0
portable	UNKNOWN STEP	2026-10-01T06:31:03.3289042Z ^[[1m^[[92m  Downloaded^[[0m rav1e v0.8.1
portable	UNKNOWN STEP	2026-10-01T06:31:03.3618979Z ^[[1m^[[92m  Downloaded^[[0m winnow v1.0.4
portable	UNKNOWN STEP	2026-10-01T06:31:03.3719155Z ^[[1m^[[92m  Downloaded^[[0m syntect v5.3.0
portable	UNKNOWN STEP	2026-10-01T06:31:03.3817057Z ^[[1m^[[92m  Downloaded^[[0m winnow v0.7.15
portable	UNKNOWN STEP	2026-10-01T06:31:03.3914629Z ^[[1m^[[92m  Downloaded^[[0m url v2.5.8
portable	UNKNOWN STEP	2026-10-01T06:31:03.3943027Z ^[[1m^[[92m  Downloaded^[[0m wgpu v29.0.4
portable	UNKNOWN STEP	2026-10-01T06:31:03.4091854Z ^[[1m^[[92m  Downloaded^[[0m wayland-backend v0.3.17
portable	UNKNOWN STEP	2026-10-01T06:31:03.4135376Z ^[[1m^[[92m  Downloaded^[[0m wasm-bindgen v0.2.127
portable	UNKNOWN STEP	2026-10-01T06:31:03.4164819Z ^[[1m^[[92m  Downloaded^[[0m zmij v1.0.23
portable	UNKNOWN STEP	2026-10-01T06:31:03.4185103Z ^[[1m^[[92m  Downloaded^[[0m toml_edit v0.22.27
portable	UNKNOWN STEP	2026-10-01T06:31:03.4229902Z ^[[1m^[[92m  Downloaded^[[0m typenum v1.20.1
portable	UNKNOWN STEP	2026-10-01T06:31:03.4266257Z ^[[1m^[[92m  Downloaded^[[0m yoke v0.8.3
portable	UNKNOWN STEP	2026-10-01T06:31:03.4286423Z ^[[1m^[[92m  Downloaded^[[0m xkbcommon v0.8.0
portable	UNKNOWN STEP	2026-10-01T06:31:03.4308686Z ^[[1m^[[92m  Downloaded^[[0m wayland-protocols v0.32.13
portable	UNKNOWN STEP	2026-10-01T06:31:03.4397081Z ^[[1m^[[92m  Downloaded^[[0m wayland-client v0.31.15
portable	UNKNOWN STEP	2026-10-01T06:31:03.4418674Z ^[[1m^[[92m  Downloaded^[[0m zbus_xml v5.2.1
portable	UNKNOWN STEP	2026-10-01T06:31:03.4446556Z ^[[1m^[[92m  Downloaded^[[0m zbus_names v4.3.4
portable	UNKNOWN STEP	2026-10-01T06:31:03.4463813Z ^[[1m^[[92m  Downloaded^[[0m zbus_macros v5.19.0
portable	UNKNOWN STEP	2026-10-01T06:31:03.4480803Z ^[[1m^[[92m  Downloaded^[[0m yoke-derive v0.8.2
portable	UNKNOWN STEP	2026-10-01T06:31:03.4493561Z ^[[1m^[[92m  Downloaded^[[0m x11 v2.21.0
portable	UNKNOWN STEP	2026-10-01T06:31:03.4526668Z ^[[1m^[[92m  Downloaded^[[0m weezl v0.1.12
portable	UNKNOWN STEP	2026-10-01T06:31:03.4553347Z ^[[1m^[[92m  Downloaded^[[0m usvg v0.46.0
portable	UNKNOWN STEP	2026-10-01T06:31:03.4599436Z ^[[1m^[[92m  Downloaded^[[0m tiny-skia v0.11.4
portable	UNKNOWN STEP	2026-10-01T06:31:03.4737327Z ^[[1m^[[92m  Downloaded^[[0m syn v3.0.4
portable	UNKNOWN STEP	2026-10-01T06:31:03.4843547Z ^[[1m^[[92m  Downloaded^[[0m syn v2.0.119
portable	UNKNOWN STEP	2026-10-01T06:31:03.4950528Z ^[[1m^[[92m  Downloaded^[[0m zeroize_derive v1.5.0
portable	UNKNOWN STEP	2026-10-01T06:31:03.4962191Z ^[[1m^[[92m  Downloaded^[[0m zeroize v1.9.0
portable	UNKNOWN STEP	2026-10-01T06:31:03.4980462Z ^[[1m^[[92m  Downloaded^[[0m zbus-lockstep v0.5.2
portable	UNKNOWN STEP	2026-10-01T06:31:03.4992204Z ^[[1m^[[92m  Downloaded^[[0m yeslogic-fontconfig-sys v6.0.1
portable	UNKNOWN STEP	2026-10-01T06:31:03.5002061Z ^[[1m^[[92m  Downloaded^[[0m ttf-parser v0.25.1
portable	UNKNOWN STEP	2026-10-01T06:31:03.5100306Z ^[[1m^[[92m  Downloaded^[[0m rhai v1.26.0
portable	UNKNOWN STEP	2026-10-01T06:31:03.5248583Z ^[[1m^[[92m  Downloaded^[[0m regex-automata v0.4.18
portable	UNKNOWN STEP	2026-10-01T06:31:03.5390311Z ^[[1m^[[92m  Downloaded^[[0m x11-clipboard v0.9.3
portable	UNKNOWN STEP	2026-10-01T06:31:03.5407219Z ^[[1m^[[92m  Downloaded^[[0m wgpu-naga-bridge v29.0.4
portable	UNKNOWN STEP	2026-10-01T06:31:03.5417002Z ^[[1m^[[92m  Downloaded^[[0m wgpu-core-deps-windows-linux-android v29.0.4
portable	UNKNOWN STEP	2026-10-01T06:31:03.5427288Z ^[[1m^[[92m  Downloaded^[[0m web-time v1.1.0
portable	UNKNOWN STEP	2026-10-01T06:31:03.5445778Z ^[[1m^[[92m  Downloaded^[[0m wayland-scanner v0.31.11
portable	UNKNOWN STEP	2026-10-01T06:31:03.5469014Z ^[[1m^[[92m  Downloaded^[[0m version_check v0.9.5
portable	UNKNOWN STEP	2026-10-01T06:31:03.5483514Z ^[[1m^[[92m  Downloaded^[[0m usvg v0.45.1
portable	UNKNOWN STEP	2026-10-01T06:31:03.5527975Z ^[[1m^[[92m  Downloaded^[[0m unicode-segmentation v1.13.3
portable	UNKNOWN STEP	2026-10-01T06:31:03.5558138Z ^[[1m^[[92m  Downloaded^[[0m unicode-bidi v0.3.18
portable	UNKNOWN STEP	2026-10-01T06:31:03.5584576Z ^[[1m^[[92m  Downloaded^[[0m read-fonts v0.41.0
portable	UNKNOWN STEP	2026-10-01T06:31:03.5775944Z ^[[1m^[[92m  Downloaded^[[0m zvariant_derive v5.15.0
portable	UNKNOWN STEP	2026-10-01T06:31:03.5790064Z ^[[1m^[[92m  Downloaded^[[0m zune-core v0.5.3
portable	UNKNOWN STEP	2026-10-01T06:31:03.5814382Z ^[[1m^[[92m  Downloaded^[[0m zerofrom v0.1.8
portable	UNKNOWN STEP	2026-10-01T06:31:03.5825520Z ^[[1m^[[92m  Downloaded^[[0m yazi v0.2.1
portable	UNKNOWN STEP	2026-10-01T06:31:03.5841445Z ^[[1m^[[92m  Downloaded^[[0m yaml-rust v0.4.5
portable	UNKNOWN STEP	2026-10-01T06:31:03.5867792Z ^[[1m^[[92m  Downloaded^[[0m xim-ctext v0.3.0
portable	UNKNOWN STEP	2026-10-01T06:31:03.5877266Z ^[[1m^[[92m  Downloaded^[[0m wayland-sys v0.31.11
portable	UNKNOWN STEP	2026-10-01T06:31:03.5891061Z ^[[1m^[[92m  Downloaded^[[0m wayland-protocols-wlr v0.3.12
portable	UNKNOWN STEP	2026-10-01T06:31:03.5915245Z ^[[1m^[[92m  Downloaded^[[0m wayland-cursor v0.31.14
portable	UNKNOWN STEP	2026-10-01T06:31:03.5926566Z ^[[1m^[[92m  Downloaded^[[0m wasm-bindgen-shared v0.2.127
portable	UNKNOWN STEP	2026-10-01T06:31:03.5938858Z ^[[1m^[[92m  Downloaded^[[0m value-bag-sval2 v1.13.2
portable	UNKNOWN STEP	2026-10-01T06:31:03.5948342Z ^[[1m^[[92m  Downloaded^[[0m value-bag v1.13.2
portable	UNKNOWN STEP	2026-10-01T06:31:03.5979006Z ^[[1m^[[92m  Downloaded^[[0m unicode-properties v0.1.4
portable	UNKNOWN STEP	2026-10-01T06:31:03.5999428Z ^[[1m^[[92m  Downloaded^[[0m unicode-ccc v0.4.0
portable	UNKNOWN STEP	2026-10-01T06:31:03.6010443Z ^[[1m^[[92m  Downloaded^[[0m unicode-bidi-mirroring v0.4.0
portable	UNKNOWN STEP	2026-10-01T06:31:03.6021033Z ^[[1m^[[92m  Downloaded^[[0m swash v0.2.10
portable	UNKNOWN STEP	2026-10-01T06:31:03.6097955Z ^[[1m^[[92m  Downloaded^[[0m rustix v1.1.4
portable	UNKNOWN STEP	2026-10-01T06:31:03.6376389Z ^[[1m^[[92m  Downloaded^[[0m pxfm v0.1.30
portable	UNKNOWN STEP	2026-10-01T06:31:03.6628598Z ^[[1m^[[92m  Downloaded^[[0m zerocopy v0.8.56
portable	UNKNOWN STEP	2026-10-01T06:31:03.6848180Z ^[[1m^[[92m  Downloaded^[[0m xmlwriter v0.1.0
portable	UNKNOWN STEP	2026-10-01T06:31:03.6859860Z ^[[1m^[[92m  Downloaded^[[0m xcursor v0.3.11
portable	UNKNOWN STEP	2026-10-01T06:31:03.6869548Z ^[[1m^[[92m  Downloaded^[[0m xcb v1.7.1
portable	UNKNOWN STEP	2026-10-01T06:31:03.6955645Z ^[[1m^[[92m  Downloaded^[[0m writeable v0.6.4
portable	UNKNOWN STEP	2026-10-01T06:31:03.6977819Z ^[[1m^[[92m  Downloaded^[[0m uuid v1.26.0
portable	UNKNOWN STEP	2026-10-01T06:31:03.7008314Z ^[[1m^[[92m  Downloaded^[[0m utf8_iter v1.0.4
portable	UNKNOWN STEP	2026-10-01T06:31:03.7020156Z ^[[1m^[[92m  Downloaded^[[0m unicode-script v0.5.8
portable	UNKNOWN STEP	2026-10-01T06:31:03.7040025Z ^[[1m^[[92m  Downloaded^[[0m unicode-linebreak v0.1.5
portable	UNKNOWN STEP	2026-10-01T06:31:03.7050152Z ^[[1m^[[92m  Downloaded^[[0m unicode-ident v1.0.24
portable	UNKNOWN STEP	2026-10-01T06:31:03.7084278Z ^[[1m^[[92m  Downloaded^[[0m tracing-core v0.1.36
portable	UNKNOWN STEP	2026-10-01T06:31:03.7112202Z ^[[1m^[[92m  Downloaded^[[0m thiserror v1.0.69
portable	UNKNOWN STEP	2026-10-01T06:31:03.7171342Z ^[[1m^[[92m  Downloaded^[[0m taffy v0.13.0
portable	UNKNOWN STEP	2026-10-01T06:31:03.7239877Z ^[[1m^[[92m  Downloaded^[[0m smol v2.0.2
portable	UNKNOWN STEP	2026-10-01T06:31:03.7279317Z ^[[1m^[[92m  Downloaded^[[0m skrifa v0.40.0
portable	UNKNOWN STEP	2026-10-01T06:31:03.7371609Z ^[[1m^[[92m  Downloaded^[[0m regex-syntax v0.8.11
portable	UNKNOWN STEP	2026-10-01T06:31:03.7438407Z ^[[1m^[[92m  Downloaded^[[0m read-fonts v0.37.0
portable	UNKNOWN STEP	2026-10-01T06:31:03.7593182Z ^[[1m^[[92m  Downloaded^[[0m linux-raw-sys v0.12.1
portable	UNKNOWN STEP	2026-10-01T06:31:03.8212392Z ^[[1m^[[92m  Downloaded^[[0m libc v0.2.189
portable	UNKNOWN STEP	2026-10-01T06:31:03.8657338Z ^[[1m^[[92m  Downloaded^[[0m v_frame v0.3.9
portable	UNKNOWN STEP	2026-10-01T06:31:03.8674318Z ^[[1m^[[92m  Downloaded^[[0m utf8parse v0.2.2
portable	UNKNOWN STEP	2026-10-01T06:31:03.8685455Z ^[[1m^[[92m  Downloaded^[[0m tiff v0.11.3
portable	UNKNOWN STEP	2026-10-01T06:31:03.8729972Z ^[[1m^[[92m  Downloaded^[[0m skrifa v0.44.0
portable	UNKNOWN STEP	2026-10-01T06:31:03.8824985Z ^[[1m^[[92m  Downloaded^[[0m naga v29.0.4
portable	UNKNOWN STEP	2026-10-01T06:31:03.9028392Z ^[[1m^[[92m  Downloaded^[[0m waker-fn v1.2.0
portable	UNKNOWN STEP	2026-10-01T06:31:03.9038296Z ^[[1m^[[92m  Downloaded^[[0m value-bag-serde1 v1.13.2
portable	UNKNOWN STEP	2026-10-01T06:31:03.9047072Z ^[[1m^[[92m  Downloaded^[[0m unicode-xid v0.2.6
portable	UNKNOWN STEP	2026-10-01T06:31:03.9061237Z ^[[1m^[[92m  Downloaded^[[0m unicode-vo v0.1.0
portable	UNKNOWN STEP	2026-10-01T06:31:03.9071116Z ^[[1m^[[92m  Downloaded^[[0m tracing-subscriber v0.3.23
portable	UNKNOWN STEP	2026-10-01T06:31:03.9154550Z ^[[1m^[[92m  Downloaded^[[0m tracing-log v0.2.0
portable	UNKNOWN STEP	2026-10-01T06:31:03.9169972Z ^[[1m^[[92m  Downloaded^[[0m toml_parser v1.1.3+spec-1.1.0
portable	UNKNOWN STEP	2026-10-01T06:31:03.9193441Z ^[[1m^[[92m  Downloaded^[[0m toml_edit v0.25.13+spec-1.1.0
portable	UNKNOWN STEP	2026-10-01T06:31:03.9233388Z ^[[1m^[[92m  Downloaded^[[0m toml_datetime v1.1.1+spec-1.1.0
portable	UNKNOWN STEP	2026-10-01T06:31:03.9247402Z ^[[1m^[[92m  Downloaded^[[0m toml_datetime v0.6.11
portable	UNKNOWN STEP	2026-10-01T06:31:03.9259654Z ^[[1m^[[92m  Downloaded^[[0m tinyvec_macros v0.1.1
portable	UNKNOWN STEP	2026-10-01T06:31:03.9268928Z ^[[1m^[[92m  Downloaded^[[0m sysinfo v0.31.4
portable	UNKNOWN STEP	2026-10-01T06:31:03.9368269Z ^[[1m^[[92m  Downloaded^[[0m sval v2.21.1
portable	UNKNOWN STEP	2026-10-01T06:31:03.9403066Z ^[[1m^[[92m  Downloaded^[[0m smol_str v0.3.6
portable	UNKNOWN STEP	2026-10-01T06:31:03.9420240Z ^[[1m^[[92m  Downloaded^[[0m regex v1.13.1
portable	UNKNOWN STEP	2026-10-01T06:31:03.9473741Z ^[[1m^[[92m  Downloaded^[[0m rayon v1.12.0
portable	UNKNOWN STEP	2026-10-01T06:31:03.9569953Z ^[[1m^[[92m  Downloaded^[[0m raw-cpuid v11.6.0
portable	UNKNOWN STEP	2026-10-01T06:31:03.9604475Z ^[[1m^[[92m  Downloaded^[[0m postage v0.5.0
portable	UNKNOWN STEP	2026-10-01T06:31:03.9696826Z ^[[1m^[[92m  Downloaded^[[0m toml_write v0.1.2
portable	UNKNOWN STEP	2026-10-01T06:31:03.9710306Z ^[[1m^[[92m  Downloaded^[[0m toml v1.1.4+spec-1.1.0
portable	UNKNOWN STEP	2026-10-01T06:31:03.9751999Z ^[[1m^[[92m  Downloaded^[[0m toml v0.8.23
portable	UNKNOWN STEP	2026-10-01T06:31:03.9776155Z ^[[1m^[[92m  Downloaded^[[0m tinyvec v1.12.0
portable	UNKNOWN STEP	2026-10-01T06:31:03.9803254Z ^[[1m^[[92m  Downloaded^[[0m tiny-skia-path v0.11.4
portable	UNKNOWN STEP	2026-10-01T06:31:03.9823259Z ^[[1m^[[92m  Downloaded^[[0m thiserror-impl v2.0.20
portable	UNKNOWN STEP	2026-10-01T06:31:03.9838737Z ^[[1m^[[92m  Downloaded^[[0m thiserror v2.0.20
portable	UNKNOWN STEP	2026-10-01T06:31:03.9905857Z ^[[1m^[[92m  Downloaded^[[0m thin-vec v0.2.19
portable	UNKNOWN STEP	2026-10-01T06:31:03.9921385Z ^[[1m^[[92m  Downloaded^[[0m tempfile v3.27.0
portable	UNKNOWN STEP	2026-10-01T06:31:03.9948006Z ^[[1m^[[92m  Downloaded^[[0m sys-locale v0.3.2
portable	UNKNOWN STEP	2026-10-01T06:31:03.9962185Z ^[[1m^[[92m  Downloaded^[[0m svg_fmt v0.4.5
portable	UNKNOWN STEP	2026-10-01T06:31:03.9972522Z ^[[1m^[[92m  Downloaded^[[0m sval_serde v2.21.1
portable	UNKNOWN STEP	2026-10-01T06:31:03.9983856Z ^[[1m^[[92m  Downloaded^[[0m sval_nested v2.21.1
portable	UNKNOWN STEP	2026-10-01T06:31:03.9997614Z ^[[1m^[[92m  Downloaded^[[0m sval_json v2.21.1
portable	UNKNOWN STEP	2026-10-01T06:31:04.0011162Z ^[[1m^[[92m  Downloaded^[[0m sval_buffer v2.21.1
portable	UNKNOWN STEP	2026-10-01T06:31:04.0031169Z ^[[1m^[[92m  Downloaded^[[0m strum v0.28.0
portable	UNKNOWN STEP	2026-10-01T06:31:04.0041064Z ^[[1m^[[92m  Downloaded^[[0m freetype-sys v0.20.1
portable	UNKNOWN STEP	2026-10-01T06:31:04.0997555Z ^[[1m^[[92m  Downloaded^[[0m spin v0.10.1
portable	UNKNOWN STEP	2026-10-01T06:31:04.1021918Z ^[[1m^[[92m  Downloaded^[[0m spin v0.9.9
portable	UNKNOWN STEP	2026-10-01T06:31:04.1045490Z ^[[1m^[[92m  Downloaded^[[0m slotmap v1.1.1
portable	UNKNOWN STEP	2026-10-01T06:31:04.1067372Z ^[[1m^[[92m  Downloaded^[[0m rustybuzz v0.20.1
portable	UNKNOWN STEP	2026-10-01T06:31:04.1164744Z ^[[1m^[[92m  Downloaded^[[0m resvg v0.45.1
portable	UNKNOWN STEP	2026-10-01T06:31:04.1193976Z ^[[1m^[[92m  Downloaded^[[0m jiff v0.2.35
portable	UNKNOWN STEP	2026-10-01T06:31:04.1346377Z ^[[1m^[[92m  Downloaded^[[0m tinystr v0.8.4
portable	UNKNOWN STEP	2026-10-01T06:31:04.1367790Z ^[[1m^[[92m  Downloaded^[[0m tiny-keccak v2.0.2
portable	UNKNOWN STEP	2026-10-01T06:31:04.1393289Z ^[[1m^[[92m  Downloaded^[[0m zed-scap v0.0.8-zed
portable	UNKNOWN STEP	2026-10-01T06:31:04.1540233Z ^[[1m^[[92m  Downloaded^[[0m thread_local v1.1.10
portable	UNKNOWN STEP	2026-10-01T06:31:04.1554059Z ^[[1m^[[92m  Downloaded^[[0m thiserror-impl v1.0.69
portable	UNKNOWN STEP	2026-10-01T06:31:04.1567887Z ^[[1m^[[92m  Downloaded^[[0m termcolor v1.4.1
portable	UNKNOWN STEP	2026-10-01T06:31:04.1580953Z ^[[1m^[[92m  Downloaded^[[0m svgtypes v0.16.1
portable	UNKNOWN STEP	2026-10-01T06:31:04.1606153Z ^[[1m^[[92m  Downloaded^[[0m sval_ref v2.21.1
portable	UNKNOWN STEP	2026-10-01T06:31:04.1620579Z ^[[1m^[[92m  Downloaded^[[0m sval_dynamic v2.21.1
portable	UNKNOWN STEP	2026-10-01T06:31:04.1630558Z ^[[1m^[[92m  Downloaded^[[0m subtle v2.6.1
portable	UNKNOWN STEP	2026-10-01T06:31:04.1642788Z ^[[1m^[[92m  Downloaded^[[0m strsim v0.11.1
portable	UNKNOWN STEP	2026-10-01T06:31:04.1656681Z ^[[1m^[[92m  Downloaded^[[0m strict-num v0.1.1
portable	UNKNOWN STEP	2026-10-01T06:31:04.1667863Z ^[[1m^[[92m  Downloaded^[[0m static_assertions v1.1.0
portable	UNKNOWN STEP	2026-10-01T06:31:04.1682437Z ^[[1m^[[92m  Downloaded^[[0m spirv v0.4.0+sdk-1.4.341.0
portable	UNKNOWN STEP	2026-10-01T06:31:04.1694999Z ^[[1m^[[92m  Downloaded^[[0m smartstring v1.0.1
portable	UNKNOWN STEP	2026-10-01T06:31:04.1717643Z ^[[1m^[[92m  Downloaded^[[0m smallvec v1.15.2
portable	UNKNOWN STEP	2026-10-01T06:31:04.1733071Z ^[[1m^[[92m  Downloaded^[[0m slab v0.4.12
portable	UNKNOWN STEP	2026-10-01T06:31:04.1746783Z ^[[1m^[[92m  Downloaded^[[0m similar v3.2.0
portable	UNKNOWN STEP	2026-10-01T06:31:04.1783335Z ^[[1m^[[92m  Downloaded^[[0m serde_json v1.0.151
portable	UNKNOWN STEP	2026-10-01T06:31:04.1857657Z ^[[1m^[[92m  Downloaded^[[0m seahash v4.1.0
portable	UNKNOWN STEP	2026-10-01T06:31:04.1874174Z ^[[1m^[[92m  Downloaded^[[0m scopeguard v1.2.0
portable	UNKNOWN STEP	2026-10-01T06:31:04.1887054Z ^[[1m^[[92m  Downloaded^[[0m schemars_derive v1.2.2
portable	UNKNOWN STEP	2026-10-01T06:31:04.1906707Z ^[[1m^[[92m  Downloaded^[[0m ryu v1.0.23
portable	UNKNOWN STEP	2026-10-01T06:31:04.1939950Z ^[[1m^[[92m  Downloaded^[[0m rustversion v1.0.23
portable	UNKNOWN STEP	2026-10-01T06:31:04.1969848Z ^[[1m^[[92m  Downloaded^[[0m rustc_version v0.4.1
portable	UNKNOWN STEP	2026-10-01T06:31:04.1983281Z ^[[1m^[[92m  Downloaded^[[0m roxmltree v0.20.0
portable	UNKNOWN STEP	2026-10-01T06:31:04.2115437Z ^[[1m^[[92m  Downloaded^[[0m rhai_codegen v3.2.0
portable	UNKNOWN STEP	2026-10-01T06:31:04.2207348Z ^[[1m^[[92m  Downloaded^[[0m resvg v0.46.0
portable	UNKNOWN STEP	2026-10-01T06:31:04.2236562Z ^[[1m^[[92m  Downloaded^[[0m ref-cast v1.0.27
portable	UNKNOWN STEP	2026-10-01T06:31:04.2266828Z ^[[1m^[[92m  Downloaded^[[0m reborrow v0.5.5
portable	UNKNOWN STEP	2026-10-01T06:31:04.2274492Z ^[[1m^[[92m  Downloaded^[[0m rayon-core v1.13.0
portable	UNKNOWN STEP	2026-10-01T06:31:04.2312452Z ^[[1m^[[92m  Downloaded^[[0m rand_core v0.9.5
portable	UNKNOWN STEP	2026-10-01T06:31:04.2326761Z ^[[1m^[[92m  Downloaded^[[0m quick-xml v0.41.0
portable	UNKNOWN STEP	2026-10-01T06:31:04.2385573Z ^[[1m^[[92m  Downloaded^[[0m icu_normalizer v2.3.0
portable	UNKNOWN STEP	2026-10-01T06:31:04.2479777Z ^[[1m^[[92m  Downloaded^[[0m synstructure v0.13.2
portable	UNKNOWN STEP	2026-10-01T06:31:04.2490524Z ^[[1m^[[92m  Downloaded^[[0m svgtypes v0.15.3
portable	UNKNOWN STEP	2026-10-01T06:31:04.2515039Z ^[[1m^[[92m  Downloaded^[[0m strum_macros v0.28.0
portable	UNKNOWN STEP	2026-10-01T06:31:04.2540382Z ^[[1m^[[92m  Downloaded^[[0m stable_deref_trait v1.2.1
portable	UNKNOWN STEP	2026-10-01T06:31:04.2549660Z ^[[1m^[[92m  Downloaded^[[0m simd-adler32 v0.3.10
portable	UNKNOWN STEP	2026-10-01T06:31:04.2569066Z ^[[1m^[[92m  Downloaded^[[0m signal-hook-registry v1.4.8
portable	UNKNOWN STEP	2026-10-01T06:31:04.2581473Z ^[[1m^[[92m  Downloaded^[[0m sharded-slab v0.1.7
portable	UNKNOWN STEP	2026-10-01T06:31:04.2615775Z ^[[1m^[[92m  Downloaded^[[0m sha2 v0.10.9
portable	UNKNOWN STEP	2026-10-01T06:31:04.2643726Z ^[[1m^[[92m  Downloaded^[[0m serde_spanned v0.6.9
portable	UNKNOWN STEP	2026-10-01T06:31:04.2654652Z ^[[1m^[[92m  Downloaded^[[0m serde_derive_internals v0.30.0
portable	UNKNOWN STEP	2026-10-01T06:31:04.2670544Z ^[[1m^[[92m  Downloaded^[[0m serde_derive v1.0.229
portable	UNKNOWN STEP	2026-10-01T06:31:04.2701429Z ^[[1m^[[92m  Downloaded^[[0m serde_core v1.0.229
portable	UNKNOWN STEP	2026-10-01T06:31:04.2729303Z ^[[1m^[[92m  Downloaded^[[0m serde v1.0.229
portable	UNKNOWN STEP	2026-10-01T06:31:04.2763863Z ^[[1m^[[92m  Downloaded^[[0m semver v1.0.28
portable	UNKNOWN STEP	2026-10-01T06:31:04.2787804Z ^[[1m^[[92m  Downloaded^[[0m self_cell v1.3.0
portable	UNKNOWN STEP	2026-10-01T06:31:04.2798525Z ^[[1m^[[92m  Downloaded^[[0m scoped-tls v1.0.1
portable	UNKNOWN STEP	2026-10-01T06:31:04.2809062Z ^[[1m^[[92m  Downloaded^[[0m schemars v1.2.2
portable	UNKNOWN STEP	2026-10-01T06:31:04.2985286Z ^[[1m^[[92m  Downloaded^[[0m same-file v1.0.6
portable	UNKNOWN STEP	2026-10-01T06:31:04.2999934Z ^[[1m^[[92m  Downloaded^[[0m rustc-hash v2.1.3
portable	UNKNOWN STEP	2026-10-01T06:31:04.3013532Z ^[[1m^[[92m  Downloaded^[[0m rustc-hash v1.1.0
portable	UNKNOWN STEP	2026-10-01T06:31:04.3023436Z ^[[1m^[[92m  Downloaded^[[0m rustc-demangle v0.1.28
portable	UNKNOWN STEP	2026-10-01T06:31:04.3040808Z ^[[1m^[[92m  Downloaded^[[0m roxmltree v0.21.1
portable	UNKNOWN STEP	2026-10-01T06:31:04.3174693Z ^[[1m^[[92m  Downloaded^[[0m rgb v0.8.53
portable	UNKNOWN STEP	2026-10-01T06:31:04.3199796Z ^[[1m^[[92m  Downloaded^[[0m renderdoc-sys v1.1.0
portable	UNKNOWN STEP	2026-10-01T06:31:04.3209825Z ^[[1m^[[92m  Downloaded^[[0m ref-cast-impl v1.0.27
portable	UNKNOWN STEP	2026-10-01T06:31:04.3218994Z ^[[1m^[[92m  Downloaded^[[0m raw-window-handle v0.6.2
portable	UNKNOWN STEP	2026-10-01T06:31:04.3238409Z ^[[1m^[[92m  Downloaded^[[0m ravif v0.13.0
portable	UNKNOWN STEP	2026-10-01T06:31:04.3251479Z ^[[1m^[[92m  Downloaded^[[0m rangemap v1.8.0
portable	UNKNOWN STEP	2026-10-01T06:31:04.3274810Z ^[[1m^[[92m  Downloaded^[[0m rand v0.9.5
portable	UNKNOWN STEP	2026-10-01T06:31:04.3313377Z ^[[1m^[[92m  Downloaded^[[0m pulp v0.22.3
portable	UNKNOWN STEP	2026-10-01T06:31:04.3362829Z ^[[1m^[[92m  Downloaded^[[0m portable-atomic v1.15.0
portable	UNKNOWN STEP	2026-10-01T06:31:04.3437281Z ^[[1m^[[92m  Downloaded^[[0m png v0.18.1
portable	UNKNOWN STEP	2026-10-01T06:31:04.3478981Z ^[[1m^[[92m  Downloaded^[[0m png v0.17.16
portable	UNKNOWN STEP	2026-10-01T06:31:04.3517837Z ^[[1m^[[92m  Downloaded^[[0m object v0.37.3
portable	UNKNOWN STEP	2026-10-01T06:31:04.3626671Z ^[[1m^[[92m  Downloaded^[[0m image v0.25.10
portable	UNKNOWN STEP	2026-10-01T06:31:04.3718931Z ^[[1m^[[92m  Downloaded^[[0m av-scenechange v0.14.1
portable	UNKNOWN STEP	2026-10-01T06:31:04.3828133Z ^[[1m^[[92m  Downloaded^[[0m ash v0.38.0+1.3.281
portable	UNKNOWN STEP	2026-10-01T06:31:04.3983978Z ^[[1m^[[92m  Downloaded^[[0m siphasher v1.0.3
portable	UNKNOWN STEP	2026-10-01T06:31:04.3998287Z ^[[1m^[[92m  Downloaded^[[0m simplecss v0.2.2
portable	UNKNOWN STEP	2026-10-01T06:31:04.4016570Z ^[[1m^[[92m  Downloaded^[[0m gpui-pre v0.3.7
portable	UNKNOWN STEP	2026-10-01T06:31:04.4429682Z ^[[1m^[[92m  Downloaded^[[0m simd_helpers v0.1.0
portable	UNKNOWN STEP	2026-10-01T06:31:04.4438492Z ^[[1m^[[92m  Downloaded^[[0m shlex v2.0.1
portable	UNKNOWN STEP	2026-10-01T06:31:04.4451880Z ^[[1m^[[92m  Downloaded^[[0m sha1_smol v1.0.1
portable	UNKNOWN STEP	2026-10-01T06:31:04.4465740Z ^[[1m^[[92m  Downloaded^[[0m serde_urlencoded v0.7.1
portable	UNKNOWN STEP	2026-10-01T06:31:04.4482724Z ^[[1m^[[92m  Downloaded^[[0m serde_spanned v1.1.1
portable	UNKNOWN STEP	2026-10-01T06:31:04.4494504Z ^[[1m^[[92m  Downloaded^[[0m serde_fmt v1.1.0
portable	UNKNOWN STEP	2026-10-01T06:31:04.4504707Z ^[[1m^[[92m  Downloaded^[[0m serde_bytes v0.11.19
portable	UNKNOWN STEP	2026-10-01T06:31:04.4520933Z ^[[1m^[[92m  Downloaded^[[0m rand_core v0.6.4
portable	UNKNOWN STEP	2026-10-01T06:31:04.4534661Z ^[[1m^[[92m  Downloaded^[[0m rand_chacha v0.9.0
portable	UNKNOWN STEP	2026-10-01T06:31:04.4546593Z ^[[1m^[[92m  Downloaded^[[0m rand v0.8.8
portable	UNKNOWN STEP	2026-10-01T06:31:04.4579615Z ^[[1m^[[92m  Downloaded^[[0m quote v1.0.47
portable	UNKNOWN STEP	2026-10-01T06:31:04.4606798Z ^[[1m^[[92m  Downloaded^[[0m qoi v0.4.1
portable	UNKNOWN STEP	2026-10-01T06:31:04.4635089Z ^[[1m^[[92m  Downloaded^[[0m pulp-wasm-simd-flag v0.1.1
portable	UNKNOWN STEP	2026-10-01T06:31:04.4642142Z ^[[1m^[[92m  Downloaded^[[0m profiling v1.0.18
portable	UNKNOWN STEP	2026-10-01T06:31:04.4654141Z ^[[1m^[[92m  Downloaded^[[0m proc-macro2 v1.0.107
portable	UNKNOWN STEP	2026-10-01T06:31:04.4683969Z ^[[1m^[[92m  Downloaded^[[0m proc-macro-crate v3.5.0
portable	UNKNOWN STEP	2026-10-01T06:31:04.4697584Z ^[[1m^[[92m  Downloaded^[[0m presser v0.3.1
portable	UNKNOWN STEP	2026-10-01T06:31:04.4714557Z ^[[1m^[[92m  Downloaded^[[0m polling v3.11.0
portable	UNKNOWN STEP	2026-10-01T06:31:04.4745041Z ^[[1m^[[92m  Downloaded^[[0m pkg-config v0.3.34
portable	UNKNOWN STEP	2026-10-01T06:31:04.4760492Z ^[[1m^[[92m  Downloaded^[[0m pin-project-lite v0.2.17
portable	UNKNOWN STEP	2026-10-01T06:31:04.4819766Z ^[[1m^[[92m  Downloaded^[[0m pin-project-internal v1.1.13
portable	UNKNOWN STEP	2026-10-01T06:31:04.4835189Z ^[[1m^[[92m  Downloaded^[[0m pin-project v1.1.13
portable	UNKNOWN STEP	2026-10-01T06:31:04.4972686Z ^[[1m^[[92m  Downloaded^[[0m num-bigint-dig v0.9.1
portable	UNKNOWN STEP	2026-10-01T06:31:04.5018083Z ^[[1m^[[92m  Downloaded^[[0m nom v8.0.0
portable	UNKNOWN STEP	2026-10-01T06:31:04.5071337Z ^[[1m^[[92m  Downloaded^[[0m moxcms v0.8.1
portable	UNKNOWN STEP	2026-10-01T06:31:04.5176834Z ^[[1m^[[92m  Downloaded^[[0m lyon_tessellation v1.0.20
portable	UNKNOWN STEP	2026-10-01T06:31:04.5210821Z ^[[1m^[[92m  Downloaded^[[0m kurbo v0.13.1
portable	UNKNOWN STEP	2026-10-01T06:31:04.5261881Z ^[[1m^[[92m  Downloaded^[[0m harfrust v0.5.2
portable	UNKNOWN STEP	2026-10-01T06:31:04.5343765Z ^[[1m^[[92m  Downloaded^[[0m gimli v0.32.3
portable	UNKNOWN STEP	2026-10-01T06:31:04.5411449Z ^[[1m^[[92m  Downloaded^[[0m chrono v0.4.45
portable	UNKNOWN STEP	2026-10-01T06:31:04.5476931Z ^[[1m^[[92m  Downloaded^[[0m bstr v1.13.1
portable	UNKNOWN STEP	2026-10-01T06:31:04.5553870Z ^[[1m^[[92m  Downloaded^[[0m rand_chacha v0.3.1
portable	UNKNOWN STEP	2026-10-01T06:31:04.5565331Z ^[[1m^[[92m  Downloaded^[[0m quick-error v2.0.1
portable	UNKNOWN STEP	2026-10-01T06:31:04.5578212Z ^[[1m^[[92m  Downloaded^[[0m ppv-lite86 v0.2.21
portable	UNKNOWN STEP	2026-10-01T06:31:04.5591435Z ^[[1m^[[92m  Downloaded^[[0m potential_utf v0.1.6
portable	UNKNOWN STEP	2026-10-01T06:31:04.5602627Z ^[[1m^[[92m  Downloaded^[[0m polycool v0.4.0
portable	UNKNOWN STEP	2026-10-01T06:31:04.5619251Z ^[[1m^[[92m  Downloaded^[[0m pollster v0.4.0
portable	UNKNOWN STEP	2026-10-01T06:31:04.5632038Z ^[[1m^[[92m  Downloaded^[[0m pollster v0.2.5
portable	UNKNOWN STEP	2026-10-01T06:31:04.5644399Z ^[[1m^[[92m  Downloaded^[[0m piper v0.2.5
portable	UNKNOWN STEP	2026-10-01T06:31:04.5660829Z ^[[1m^[[92m  Downloaded^[[0m pathfinder_simd v0.5.6
portable	UNKNOWN STEP	2026-10-01T06:31:04.5679954Z ^[[1m^[[92m  Downloaded^[[0m paste v1.0.15
portable	UNKNOWN STEP	2026-10-01T06:31:04.5712546Z ^[[1m^[[92m  Downloaded^[[0m parking_lot_core v0.9.12
portable	UNKNOWN STEP	2026-10-01T06:31:04.5733571Z ^[[1m^[[92m  Downloaded^[[0m parking_lot v0.12.5
portable	UNKNOWN STEP	2026-10-01T06:31:04.5758787Z ^[[1m^[[92m  Downloaded^[[0m open v5.4.4
portable	UNKNOWN STEP	2026-10-01T06:31:04.5775053Z ^[[1m^[[92m  Downloaded^[[0m oo7 v0.6.0
portable	UNKNOWN STEP	2026-10-01T06:31:04.5820704Z ^[[1m^[[92m  Downloaded^[[0m once_cell v1.21.4
portable	UNKNOWN STEP	2026-10-01T06:31:04.5845913Z ^[[1m^[[92m  Downloaded^[[0m num-traits v0.2.19
portable	UNKNOWN STEP	2026-10-01T06:31:04.5871742Z ^[[1m^[[92m  Downloaded^[[0m num-bigint v0.4.8
portable	UNKNOWN STEP	2026-10-01T06:31:04.5919145Z ^[[1m^[[92m  Downloaded^[[0m notify-rust v4.18.0
portable	UNKNOWN STEP	2026-10-01T06:31:04.5951569Z ^[[1m^[[92m  Downloaded^[[0m miniz_oxide v0.8.9
portable	UNKNOWN STEP	2026-10-01T06:31:04.5975860Z ^[[1m^[[92m  Downloaded^[[0m memchr v2.8.3
portable	UNKNOWN STEP	2026-10-01T06:31:04.6031046Z ^[[1m^[[92m  Downloaded^[[0m libm v0.2.16
portable	UNKNOWN STEP	2026-10-01T06:31:04.6141660Z ^[[1m^[[92m  Downloaded^[[0m kurbo v0.11.3
portable	UNKNOWN STEP	2026-10-01T06:31:04.6185030Z ^[[1m^[[92m  Downloaded^[[0m jiff-core v0.1.0
portable	UNKNOWN STEP	2026-10-01T06:31:04.6220039Z ^[[1m^[[92m  Downloaded^[[0m itertools v0.14.0
portable	UNKNOWN STEP	2026-10-01T06:31:04.6289593Z ^[[1m^[[92m  Downloaded^[[0m indexmap v2.14.0
portable	UNKNOWN STEP	2026-10-01T06:31:04.6331430Z ^[[1m^[[92m  Downloaded^[[0m idna v1.1.0
portable	UNKNOWN STEP	2026-10-01T06:31:04.6365535Z ^[[1m^[[92m  Downloaded^[[0m icu_properties_data v2.3.0
portable	UNKNOWN STEP	2026-10-01T06:31:04.6473423Z ^[[1m^[[92m  Downloaded^[[0m hkdf v0.12.4
portable	UNKNOWN STEP	2026-10-01T06:31:04.6496888Z ^[[1m^[[92m  Downloaded^[[0m heapless v0.9.3
portable	UNKNOWN STEP	2026-10-01T06:31:04.6547960Z ^[[1m^[[92m  Downloaded^[[0m hashbrown v0.17.1
portable	UNKNOWN STEP	2026-10-01T06:31:04.6600856Z ^[[1m^[[92m  Downloaded^[[0m hashbrown v0.16.1
portable	UNKNOWN STEP	2026-10-01T06:31:04.6651079Z ^[[1m^[[92m  Downloaded^[[0m hashbrown v0.15.5
portable	UNKNOWN STEP	2026-10-01T06:31:04.6699702Z ^[[1m^[[92m  Downloaded^[[0m hashbrown v0.14.5
portable	UNKNOWN STEP	2026-10-01T06:31:04.6746227Z ^[[1m^[[92m  Downloaded^[[0m gpui-pre-linux v0.3.7
portable	UNKNOWN STEP	2026-10-01T06:31:04.6789101Z ^[[1m^[[92m  Downloaded^[[0m glow v0.17.0
portable	UNKNOWN STEP	2026-10-01T06:31:04.6833304Z ^[[1m^[[92m  Downloaded^[[0m futures-util v0.3.34
portable	UNKNOWN STEP	2026-10-01T06:31:04.6966945Z ^[[1m^[[92m  Downloaded^[[0m derive_more-impl v2.1.1
portable	UNKNOWN STEP	2026-10-01T06:31:04.7020097Z ^[[1m^[[92m  Downloaded^[[0m clap_builder v4.6.6
portable	UNKNOWN STEP	2026-10-01T06:31:04.7084592Z ^[[1m^[[92m  Downloaded^[[0m backtrace v0.3.76
portable	UNKNOWN STEP	2026-10-01T06:31:04.7135176Z ^[[1m^[[92m  Downloaded^[[0m atspi-common v0.13.0
portable	UNKNOWN STEP	2026-10-01T06:31:04.7185242Z ^[[1m^[[92m  Downloaded^[[0m pico-args v0.5.0
portable	UNKNOWN STEP	2026-10-01T06:31:04.7199266Z ^[[1m^[[92m  Downloaded^[[0m phf_shared v0.13.1
portable	UNKNOWN STEP	2026-10-01T06:31:04.7208824Z ^[[1m^[[92m  Downloaded^[[0m phf_macros v0.13.1
portable	UNKNOWN STEP	2026-10-01T06:31:04.7219128Z ^[[1m^[[92m  Downloaded^[[0m phf_generator v0.13.1
portable	UNKNOWN STEP	2026-10-01T06:31:04.7230495Z ^[[1m^[[92m  Downloaded^[[0m phf v0.13.1
portable	UNKNOWN STEP	2026-10-01T06:31:04.7242927Z ^[[1m^[[92m  Downloaded^[[0m percent-encoding v2.3.2
portable	UNKNOWN STEP	2026-10-01T06:31:04.7251740Z ^[[1m^[[92m  Downloaded^[[0m pbkdf2 v0.12.2
portable	UNKNOWN STEP	2026-10-01T06:31:04.7264880Z ^[[1m^[[92m  Downloaded^[[0m pathfinder_geometry v0.5.1
portable	UNKNOWN STEP	2026-10-01T06:31:04.7276419Z ^[[1m^[[92m  Downloaded^[[0m pastey v0.1.1
portable	UNKNOWN STEP	2026-10-01T06:31:04.7293550Z ^[[1m^[[92m  Downloaded^[[0m parking v2.2.1
portable	UNKNOWN STEP	2026-10-01T06:31:04.7304588Z ^[[1m^[[92m  Downloaded^[[0m ordered-stream v0.2.0
portable	UNKNOWN STEP	2026-10-01T06:31:04.7316420Z ^[[1m^[[92m  Downloaded^[[0m ordered-float v5.5.0
portable	UNKNOWN STEP	2026-10-01T06:31:04.7333138Z ^[[1m^[[92m  Downloaded^[[0m option-ext v0.2.0
portable	UNKNOWN STEP	2026-10-01T06:31:04.7341762Z ^[[1m^[[92m  Downloaded^[[0m num_cpus v1.17.0
portable	UNKNOWN STEP	2026-10-01T06:31:04.7373739Z ^[[1m^[[92m  Downloaded^[[0m num-rational v0.4.2
portable	UNKNOWN STEP	2026-10-01T06:31:04.7385992Z ^[[1m^[[92m  Downloaded^[[0m num-integer v0.1.47
portable	UNKNOWN STEP	2026-10-01T06:31:04.7402051Z ^[[1m^[[92m  Downloaded^[[0m nu-ansi-term v0.50.3
portable	UNKNOWN STEP	2026-10-01T06:31:04.7426014Z ^[[1m^[[92m  Downloaded^[[0m no_std_io2 v0.9.4
portable	UNKNOWN STEP	2026-10-01T06:31:04.7445517Z ^[[1m^[[92m  Downloaded^[[0m memmap2 v0.9.11
portable	UNKNOWN STEP	2026-10-01T06:31:04.7462681Z ^[[1m^[[92m  Downloaded^[[0m md-5 v0.10.6
portable	UNKNOWN STEP	2026-10-01T06:31:04.7478462Z ^[[1m^[[92m  Downloaded^[[0m lyon_path v1.0.19
portable	UNKNOWN STEP	2026-10-01T06:31:04.7493734Z ^[[1m^[[92m  Downloaded^[[0m lyon_geom v1.0.19
portable	UNKNOWN STEP	2026-10-01T06:31:04.7510906Z ^[[1m^[[92m  Downloaded^[[0m lyon_algorithms v1.0.20
portable	UNKNOWN STEP	2026-10-01T06:31:04.7527339Z ^[[1m^[[92m  Downloaded^[[0m log v0.4.34
portable	UNKNOWN STEP	2026-10-01T06:31:04.7551810Z ^[[1m^[[92m  Downloaded^[[0m litemap v0.8.3
portable	UNKNOWN STEP	2026-10-01T06:31:04.7574389Z ^[[1m^[[92m  Downloaded^[[0m link-section v0.19.3
portable	UNKNOWN STEP	2026-10-01T06:31:04.7623463Z ^[[1m^[[92m  Downloaded^[[0m libbz2-rs-sys v0.2.5
portable	UNKNOWN STEP	2026-10-01T06:31:04.7642105Z ^[[1m^[[92m  Downloaded^[[0m image-webp v0.2.4
portable	UNKNOWN STEP	2026-10-01T06:31:04.7663991Z ^[[1m^[[92m  Downloaded^[[0m icu_properties v2.3.0
portable	UNKNOWN STEP	2026-10-01T06:31:04.7694927Z ^[[1m^[[92m  Downloaded^[[0m icu_normalizer_data v2.3.0
portable	UNKNOWN STEP	2026-10-01T06:31:04.7716415Z ^[[1m^[[92m  Downloaded^[[0m icu_locale_core v2.3.0
portable	UNKNOWN STEP	2026-10-01T06:31:04.7787321Z ^[[1m^[[92m  Downloaded^[[0m icu_collections v2.3.0
portable	UNKNOWN STEP	2026-10-01T06:31:04.7849376Z ^[[1m^[[92m  Downloaded^[[0m http v1.5.0
portable	UNKNOWN STEP	2026-10-01T06:31:04.7885669Z ^[[1m^[[92m  Downloaded^[[0m gpui-pre-platform v0.3.7
portable	UNKNOWN STEP	2026-10-01T06:31:04.7900395Z ^[[1m^[[92m  Downloaded^[[0m futures-concurrency v7.7.1
portable	UNKNOWN STEP	2026-10-01T06:31:04.7984645Z ^[[1m^[[92m  Downloaded^[[0m fontdb v0.23.0
portable	UNKNOWN STEP	2026-10-01T06:31:04.8008008Z ^[[1m^[[92m  Downloaded^[[0m flume v0.12.0
portable	UNKNOWN STEP	2026-10-01T06:31:04.8041929Z ^[[1m^[[92m  Downloaded^[[0m fancy-regex v0.16.2
portable	UNKNOWN STEP	2026-10-01T06:31:04.8078062Z ^[[1m^[[92m  Downloaded^[[0m euclid v0.22.14
portable	UNKNOWN STEP	2026-10-01T06:31:04.8109986Z ^[[1m^[[92m  Downloaded^[[0m derive_more v2.1.1
portable	UNKNOWN STEP	2026-10-01T06:31:04.8244749Z ^[[1m^[[92m  Downloaded^[[0m codespan-reporting v0.13.1
portable	UNKNOWN STEP	2026-10-01T06:31:04.8320013Z ^[[1m^[[92m  Downloaded^[[0m clap v4.6.6
portable	UNKNOWN STEP	2026-10-01T06:31:04.8427258Z ^[[1m^[[92m  Downloaded^[[0m cc v1.4.4
portable	UNKNOWN STEP	2026-10-01T06:31:04.8447826Z ^[[1m^[[92m  Downloaded^[[0m calloop v0.14.4
portable	UNKNOWN STEP	2026-10-01T06:31:04.8482363Z ^[[1m^[[92m  Downloaded^[[0m bzip2 v0.6.1
portable	UNKNOWN STEP	2026-10-01T06:31:04.8499638Z ^[[1m^[[92m  Downloaded^[[0m bytes v1.12.1
portable	UNKNOWN STEP	2026-10-01T06:31:04.8534394Z ^[[1m^[[92m  Downloaded^[[0m bytemuck v1.25.2
portable	UNKNOWN STEP	2026-10-01T06:31:04.8565889Z ^[[1m^[[92m  Downloaded^[[0m borsh v1.8.1
portable	UNKNOWN STEP	2026-10-01T06:31:04.8639813Z ^[[1m^[[92m  Downloaded^[[0m bitstream-io v4.10.0
portable	UNKNOWN STEP	2026-10-01T06:31:04.8667816Z ^[[1m^[[92m  Downloaded^[[0m bitflags v2.13.1
portable	UNKNOWN STEP	2026-10-01T06:31:04.8712738Z ^[[1m^[[92m  Downloaded^[[0m base64 v0.22.1
portable	UNKNOWN STEP	2026-10-01T06:31:04.8750512Z ^[[1m^[[92m  Downloaded^[[0m av1-grain v0.2.5
portable	UNKNOWN STEP	2026-10-01T06:31:04.8773857Z ^[[1m^[[92m  Downloaded^[[0m aho-corasick v1.1.5
portable	UNKNOWN STEP	2026-10-01T06:31:04.8825645Z ^[[1m^[[92m  Downloaded^[[0m num-derive v0.4.2
portable	UNKNOWN STEP	2026-10-01T06:31:04.8843285Z ^[[1m^[[92m  Downloaded^[[0m num-complex v0.4.6
portable	UNKNOWN STEP	2026-10-01T06:31:04.8857527Z ^[[1m^[[92m  Downloaded^[[0m num v0.4.3
portable	UNKNOWN STEP	2026-10-01T06:31:04.8867348Z ^[[1m^[[92m  Downloaded^[[0m noop_proc_macro v0.3.0
portable	UNKNOWN STEP	2026-10-01T06:31:04.8876633Z ^[[1m^[[92m  Downloaded^[[0m new_debug_unreachable v1.0.6
portable	UNKNOWN STEP	2026-10-01T06:31:04.8887019Z ^[[1m^[[92m  Downloaded^[[0m maybe-rayon v0.1.1
portable	UNKNOWN STEP	2026-10-01T06:31:04.8894862Z ^[[1m^[[92m  Downloaded^[[0m lyon v1.0.19
portable	UNKNOWN STEP	2026-10-01T06:31:04.8902175Z ^[[1m^[[92m  Downloaded^[[0m lock_api v0.4.14
portable	UNKNOWN STEP	2026-10-01T06:31:04.8914481Z ^[[1m^[[92m  Downloaded^[[0m litrs v1.0.0
portable	UNKNOWN STEP	2026-10-01T06:31:04.8943947Z ^[[1m^[[92m  Downloaded^[[0m linktime-proc-macro v0.2.3
portable	UNKNOWN STEP	2026-10-01T06:31:04.8957924Z ^[[1m^[[92m  Downloaded^[[0m linked-hash-map v0.5.6
portable	UNKNOWN STEP	2026-10-01T06:31:04.8968895Z ^[[1m^[[92m  Downloaded^[[0m linebender_resource_handle v0.1.1
portable	UNKNOWN STEP	2026-10-01T06:31:04.8980192Z ^[[1m^[[92m  Downloaded^[[0m libloading v0.8.9
portable	UNKNOWN STEP	2026-10-01T06:31:04.9003438Z ^[[1m^[[92m  Downloaded^[[0m khronos-egl v6.0.0
portable	UNKNOWN STEP	2026-10-01T06:31:04.9022366Z ^[[1m^[[92m  Downloaded^[[0m jobserver v0.1.35
portable	UNKNOWN STEP	2026-10-01T06:31:04.9041796Z ^[[1m^[[92m  Downloaded^[[0m is-wsl v0.4.0
portable	UNKNOWN STEP	2026-10-01T06:31:04.9052571Z ^[[1m^[[92m  Downloaded^[[0m imgref v1.12.3
portable	UNKNOWN STEP	2026-10-01T06:31:04.9063950Z ^[[1m^[[92m  Downloaded^[[0m imagesize v0.14.0
portable	UNKNOWN STEP	2026-10-01T06:31:04.9090864Z ^[[1m^[[92m  Downloaded^[[0m imagesize v0.13.0
portable	UNKNOWN STEP	2026-10-01T06:31:04.9116160Z ^[[1m^[[92m  Downloaded^[[0m icu_provider v2.3.1
portable	UNKNOWN STEP	2026-10-01T06:31:04.9142147Z ^[[1m^[[92m  Downloaded^[[0m iana-time-zone v0.1.65
portable	UNKNOWN STEP	2026-10-01T06:31:04.9171400Z ^[[1m^[[92m  Downloaded^[[0m hmac v0.12.1
portable	UNKNOWN STEP	2026-10-01T06:31:04.9191191Z ^[[1m^[[92m  Downloaded^[[0m heck v0.5.0
portable	UNKNOWN STEP	2026-10-01T06:31:04.9203992Z ^[[1m^[[92m  Downloaded^[[0m half v2.7.1
portable	UNKNOWN STEP	2026-10-01T06:31:04.9230675Z ^[[1m^[[92m  Downloaded^[[0m gpui-pre-zlog v0.3.7
portable	UNKNOWN STEP	2026-10-01T06:31:04.9241577Z ^[[1m^[[92m  Downloaded^[[0m gpu-allocator v0.28.0
portable	UNKNOWN STEP	2026-10-01T06:31:04.9269993Z ^[[1m^[[92m  Downloaded^[[0m gif v0.14.2
portable	UNKNOWN STEP	2026-10-01T06:31:04.9287049Z ^[[1m^[[92m  Downloaded^[[0m getrandom v0.4.3
portable	UNKNOWN STEP	2026-10-01T06:31:04.9324582Z ^[[1m^[[92m  Downloaded^[[0m getrandom v0.3.4
portable	UNKNOWN STEP	2026-10-01T06:31:04.9359079Z ^[[1m^[[92m  Downloaded^[[0m getrandom v0.2.17
portable	UNKNOWN STEP	2026-10-01T06:31:04.9388532Z ^[[1m^[[92m  Downloaded^[[0m futures-lite v2.6.1
portable	UNKNOWN STEP	2026-10-01T06:31:04.9405119Z ^[[1m^[[92m  Downloaded^[[0m futures v0.3.34
portable	UNKNOWN STEP	2026-10-01T06:31:04.9455078Z ^[[1m^[[92m  Downloaded^[[0m flate2 v1.1.9
portable	UNKNOWN STEP	2026-10-01T06:31:04.9504550Z ^[[1m^[[92m  Downloaded^[[0m fastrand v2.5.0
portable	UNKNOWN STEP	2026-10-01T06:31:04.9518743Z ^[[1m^[[92m  Downloaded^[[0m enumflags2 v0.7.12
portable	UNKNOWN STEP	2026-10-01T06:31:04.9532296Z ^[[1m^[[92m  Downloaded^[[0m embed-resource v3.0.11
portable	UNKNOWN STEP	2026-10-01T06:31:04.9549990Z ^[[1m^[[92m  Downloaded^[[0m either v1.18.0
portable	UNKNOWN STEP	2026-10-01T06:31:04.9564714Z ^[[1m^[[92m  Downloaded^[[0m crossbeam-utils v0.8.22
portable	UNKNOWN STEP	2026-10-01T06:31:04.9592422Z ^[[1m^[[92m  Downloaded^[[0m crossbeam-queue v0.3.13
portable	UNKNOWN STEP	2026-10-01T06:31:04.9605445Z ^[[1m^[[92m  Downloaded^[[0m crossbeam-epoch v0.9.20
portable	UNKNOWN STEP	2026-10-01T06:31:04.9630235Z ^[[1m^[[92m  Downloaded^[[0m crossbeam-deque v0.8.7
portable	UNKNOWN STEP	2026-10-01T06:31:04.9645038Z ^[[1m^[[92m  Downloaded^[[0m crc32fast v1.5.1
portable	UNKNOWN STEP	2026-10-01T06:31:04.9666616Z ^[[1m^[[92m  Downloaded^[[0m concurrent-queue v2.5.0
portable	UNKNOWN STEP	2026-10-01T06:31:04.9683426Z ^[[1m^[[92m  Downloaded^[[0m clap_derive v4.6.4
portable	UNKNOWN STEP	2026-10-01T06:31:04.9704879Z ^[[1m^[[92m  Downloaded^[[0m cipher v0.4.4
portable	UNKNOWN STEP	2026-10-01T06:31:04.9720164Z ^[[1m^[[92m  Downloaded^[[0m byteorder v1.5.0
portable	UNKNOWN STEP	2026-10-01T06:31:04.9735931Z ^[[1m^[[92m  Downloaded^[[0m bytemuck_derive v1.12.1
portable	UNKNOWN STEP	2026-10-01T06:31:04.9749546Z ^[[1m^[[92m  Downloaded^[[0m built v0.8.1
portable	UNKNOWN STEP	2026-10-01T06:31:04.9769647Z ^[[1m^[[92m  Downloaded^[[0m blocking v1.7.0
portable	UNKNOWN STEP	2026-10-01T06:31:04.9781818Z ^[[1m^[[92m  Downloaded^[[0m bit-vec v0.9.1
portable	UNKNOWN STEP	2026-10-01T06:31:04.9798284Z ^[[1m^[[92m  Downloaded^[[0m bit-set v0.8.0
portable	UNKNOWN STEP	2026-10-01T06:31:04.9812056Z ^[[1m^[[92m  Downloaded^[[0m avif-serialize v0.8.9
portable	UNKNOWN STEP	2026-10-01T06:31:04.9823359Z ^[[1m^[[92m  Downloaded^[[0m atspi-proxies v0.13.0
portable	UNKNOWN STEP	2026-10-01T06:31:04.9846147Z ^[[1m^[[92m  Downloaded^[[0m atspi v0.29.0
portable	UNKNOWN STEP	2026-10-01T06:31:04.9856730Z ^[[1m^[[92m  Downloaded^[[0m async-task v4.7.1
portable	UNKNOWN STEP	2026-10-01T06:31:04.9882239Z ^[[1m^[[92m  Downloaded^[[0m async-io v2.6.0
portable	UNKNOWN STEP	2026-10-01T06:31:04.9911212Z ^[[1m^[[92m  Downloaded^[[0m async-broadcast v0.7.2
portable	UNKNOWN STEP	2026-10-01T06:31:04.9928658Z ^[[1m^[[92m  Downloaded^[[0m ashpd v0.13.13
portable	UNKNOWN STEP	2026-10-01T06:31:04.9996518Z ^[[1m^[[92m  Downloaded^[[0m arrayvec v0.7.8
portable	UNKNOWN STEP	2026-10-01T06:31:05.0016927Z ^[[1m^[[92m  Downloaded^[[0m aes v0.8.4
portable	UNKNOWN STEP	2026-10-01T06:31:05.0050868Z ^[[1m^[[92m  Downloaded^[[0m lebe v0.5.3
portable	UNKNOWN STEP	2026-10-01T06:31:05.0063043Z ^[[1m^[[92m  Downloaded^[[0m lazy_static v1.5.0
portable	UNKNOWN STEP	2026-10-01T06:31:05.0080950Z ^[[1m^[[92m  Downloaded^[[0m is_terminal_polyfill v1.70.2
portable	UNKNOWN STEP	2026-10-01T06:31:05.0090243Z ^[[1m^[[92m  Downloaded^[[0m inventory v0.3.24
portable	UNKNOWN STEP	2026-10-01T06:31:05.0111964Z ^[[1m^[[92m  Downloaded^[[0m inout v0.1.4
portable	UNKNOWN STEP	2026-10-01T06:31:05.0122822Z ^[[1m^[[92m  Downloaded^[[0m gpui-pre-sum-tree v0.3.7
portable	UNKNOWN STEP	2026-10-01T06:31:05.0134594Z ^[[1m^[[92m  Downloaded^[[0m gpui-pre-macros v0.3.7
portable	UNKNOWN STEP	2026-10-01T06:31:05.0152615Z ^[[1m^[[92m  Downloaded^[[0m futures-executor v0.3.34
portable	UNKNOWN STEP	2026-10-01T06:31:05.0167948Z ^[[1m^[[92m  Downloaded^[[0m fontconfig-parser v0.5.8
portable	UNKNOWN STEP	2026-10-01T06:31:05.0224909Z ^[[1m^[[92m  Downloaded^[[0m font-types v0.11.3
portable	UNKNOWN STEP	2026-10-01T06:31:05.0242839Z ^[[1m^[[92m  Downloaded^[[0m foldhash v0.1.5
portable	UNKNOWN STEP	2026-10-01T06:31:05.0255106Z ^[[1m^[[92m  Downloaded^[[0m fixedbitset v0.5.7
portable	UNKNOWN STEP	2026-10-01T06:31:05.0273632Z ^[[1m^[[92m  Downloaded^[[0m find-msvc-tools v0.1.11
portable	UNKNOWN STEP	2026-10-01T06:31:05.0289343Z ^[[1m^[[92m  Downloaded^[[0m fax v0.2.7
portable	UNKNOWN STEP	2026-10-01T06:31:05.0309348Z ^[[1m^[[92m  Downloaded^[[0m etagere v0.2.15
portable	UNKNOWN STEP	2026-10-01T06:31:05.0322967Z ^[[1m^[[92m  Downloaded^[[0m errno v0.3.14
portable	UNKNOWN STEP	2026-10-01T06:31:05.0338242Z ^[[1m^[[92m  Downloaded^[[0m erased-serde v0.4.10
portable	UNKNOWN STEP	2026-10-01T06:31:05.0362410Z ^[[1m^[[92m  Downloaded^[[0m dyn-clone v1.0.20
portable	UNKNOWN STEP	2026-10-01T06:31:05.0378977Z ^[[1m^[[92m  Downloaded^[[0m document-features v0.2.12
portable	UNKNOWN STEP	2026-10-01T06:31:05.0391393Z ^[[1m^[[92m  Downloaded^[[0m displaydoc v0.2.7
portable	UNKNOWN STEP	2026-10-01T06:31:05.0411632Z ^[[1m^[[92m  Downloaded^[[0m digest v0.10.7
portable	UNKNOWN STEP	2026-10-01T06:31:05.0429628Z ^[[1m^[[92m  Downloaded^[[0m convert_case v0.10.0
portable	UNKNOWN STEP	2026-10-01T06:31:05.0447036Z ^[[1m^[[92m  Downloaded^[[0m compression-codecs v0.4.38
portable	UNKNOWN STEP	2026-10-01T06:31:05.0486547Z ^[[1m^[[92m  Downloaded^[[0m byteorder-lite v0.1.0
portable	UNKNOWN STEP	2026-10-01T06:31:05.0496501Z ^[[1m^[[92m  Downloaded^[[0m bitflags v1.3.2
portable	UNKNOWN STEP	2026-10-01T06:31:05.0529131Z ^[[1m^[[92m  Downloaded^[[0m bit-vec v0.8.0
portable	UNKNOWN STEP	2026-10-01T06:31:05.0544771Z ^[[1m^[[92m  Downloaded^[[0m bit-set v0.9.1
portable	UNKNOWN STEP	2026-10-01T06:31:05.0559047Z ^[[1m^[[92m  Downloaded^[[0m bincode v1.3.3
portable	UNKNOWN STEP	2026-10-01T06:31:05.0581505Z ^[[1m^[[92m  Downloaded^[[0m autocfg v1.5.1
portable	UNKNOWN STEP	2026-10-01T06:31:05.0600212Z ^[[1m^[[92m  Downloaded^[[0m async-trait v0.1.92
portable	UNKNOWN STEP	2026-10-01T06:31:05.0637769Z ^[[1m^[[92m  Downloaded^[[0m async-lock v3.4.2
portable	UNKNOWN STEP	2026-10-01T06:31:05.0659621Z ^[[1m^[[92m  Downloaded^[[0m is-docker v0.2.0
portable	UNKNOWN STEP	2026-10-01T06:31:05.0670166Z ^[[1m^[[92m  Downloaded^[[0m http-body v1.1.0
portable	UNKNOWN STEP	2026-10-01T06:31:05.0680411Z ^[[1m^[[92m  Downloaded^[[0m hexf-parse v0.2.1
portable	UNKNOWN STEP	2026-10-01T06:31:05.0686977Z ^[[1m^[[92m  Downloaded^[[0m gpui-pre-ztracing v0.3.7
portable	UNKNOWN STEP	2026-10-01T06:31:05.0696531Z ^[[1m^[[92m  Downloaded^[[0m gpui-pre-util-macros v0.3.7
portable	UNKNOWN STEP	2026-10-01T06:31:05.0703758Z ^[[1m^[[92m  Downloaded^[[0m gpui-pre-util v0.3.7
portable	UNKNOWN STEP	2026-10-01T06:31:05.0712021Z ^[[1m^[[92m  Downloaded^[[0m gpu-descriptor-types v0.2.0
portable	UNKNOWN STEP	2026-10-01T06:31:05.0719043Z ^[[1m^[[92m  Downloaded^[[0m futures-sink v0.3.34
portable	UNKNOWN STEP	2026-10-01T06:31:05.0727355Z ^[[1m^[[92m  Downloaded^[[0m enumflags2_derive v0.7.12
portable	UNKNOWN STEP	2026-10-01T06:31:05.0735209Z ^[[1m^[[92m  Downloaded^[[0m crunchy v0.2.4
portable	UNKNOWN STEP	2026-10-01T06:31:05.0743394Z ^[[1m^[[92m  Downloaded^[[0m cpufeatures v0.2.17
portable	UNKNOWN STEP	2026-10-01T06:31:05.0757540Z ^[[1m^[[92m  Downloaded^[[0m colorchoice v1.0.5
portable	UNKNOWN STEP	2026-10-01T06:31:05.0767066Z ^[[1m^[[92m  Downloaded^[[0m cfg-if v1.0.4
portable	UNKNOWN STEP	2026-10-01T06:31:05.0780064Z ^[[1m^[[92m  Downloaded^[[0m gpui-pre-ztracing-macro v0.3.7
portable	UNKNOWN STEP	2026-10-01T06:31:05.0786774Z ^[[1m^[[92m  Downloaded^[[0m gpui-pre-shared-string v0.3.7
portable	UNKNOWN STEP	2026-10-01T06:31:05.0793248Z ^[[1m^[[92m  Downloaded^[[0m gpui-pre-perf v0.3.7
portable	UNKNOWN STEP	2026-10-01T06:31:05.0802803Z ^[[1m^[[92m  Downloaded^[[0m futures-macro v0.3.34
portable	UNKNOWN STEP	2026-10-01T06:31:05.0812950Z ^[[1m^[[92m  Downloaded^[[0m futures-io v0.3.34
portable	UNKNOWN STEP	2026-10-01T06:31:05.0822142Z ^[[1m^[[92m  Downloaded^[[0m futures-channel v0.3.34
portable	UNKNOWN STEP	2026-10-01T06:31:05.0841090Z ^[[1m^[[92m  Downloaded^[[0m font-types v0.12.5
portable	UNKNOWN STEP	2026-10-01T06:31:05.0859249Z ^[[1m^[[92m  Downloaded^[[0m dlib v0.5.3
portable	UNKNOWN STEP	2026-10-01T06:31:05.0869167Z ^[[1m^[[92m  Downloaded^[[0m dirs-sys v0.4.1
portable	UNKNOWN STEP	2026-10-01T06:31:05.0880838Z ^[[1m^[[92m  Downloaded^[[0m core_maths v0.1.1
portable	UNKNOWN STEP	2026-10-01T06:31:05.0888462Z ^[[1m^[[92m  Downloaded^[[0m const-random v0.1.18
portable	UNKNOWN STEP	2026-10-01T06:31:05.0899204Z ^[[1m^[[92m  Downloaded^[[0m color_quant v1.1.0
portable	UNKNOWN STEP	2026-10-01T06:31:05.0909597Z ^[[1m^[[92m  Downloaded^[[0m calloop-wayland-source v0.4.1
portable	UNKNOWN STEP	2026-10-01T06:31:05.0921261Z ^[[1m^[[92m  Downloaded^[[0m block-buffer v0.10.4
portable	UNKNOWN STEP	2026-10-01T06:31:05.0931550Z ^[[1m^[[92m  Downloaded^[[0m atomic v0.5.3
portable	UNKNOWN STEP	2026-10-01T06:31:05.0941975Z ^[[1m^[[92m  Downloaded^[[0m async-compression v0.4.43
portable	UNKNOWN STEP	2026-10-01T06:31:05.1013285Z ^[[1m^[[92m  Downloaded^[[0m anstyle v1.0.14
portable	UNKNOWN STEP	2026-10-01T06:31:05.1027457Z ^[[1m^[[92m  Downloaded^[[0m gpui-pre-derive-refineable v0.3.7
portable	UNKNOWN STEP	2026-10-01T06:31:05.1034747Z ^[[1m^[[92m  Downloaded^[[0m futures-core v0.3.34
portable	UNKNOWN STEP	2026-10-01T06:31:05.1048198Z ^[[1m^[[92m  Downloaded^[[0m form_urlencoded v1.2.2
portable	UNKNOWN STEP	2026-10-01T06:31:05.1056195Z ^[[1m^[[92m  Downloaded^[[0m filedescriptor v0.8.3
portable	UNKNOWN STEP	2026-10-01T06:31:05.1065712Z ^[[1m^[[92m  Downloaded^[[0m endi v1.1.1
portable	UNKNOWN STEP	2026-10-01T06:31:05.1076896Z ^[[1m^[[92m  Downloaded^[[0m downcast-rs v1.2.1
portable	UNKNOWN STEP	2026-10-01T06:31:05.1090520Z ^[[1m^[[92m  Downloaded^[[0m dirs v5.0.1
portable	UNKNOWN STEP	2026-10-01T06:31:05.1102835Z ^[[1m^[[92m  Downloaded^[[0m const-random-macro v0.1.16
portable	UNKNOWN STEP	2026-10-01T06:31:05.1111024Z ^[[1m^[[92m  Downloaded^[[0m compression-core v0.4.32
portable	UNKNOWN STEP	2026-10-01T06:31:05.1121289Z ^[[1m^[[92m  Downloaded^[[0m bumpalo v3.20.3
portable	UNKNOWN STEP	2026-10-01T06:31:05.1147246Z ^[[1m^[[92m  Downloaded^[[0m async-signal v0.2.14
portable	UNKNOWN STEP	2026-10-01T06:31:05.1161329Z ^[[1m^[[92m  Downloaded^[[0m async-process v2.5.0
portable	UNKNOWN STEP	2026-10-01T06:31:05.1178574Z ^[[1m^[[92m  Downloaded^[[0m async-net v2.0.0
portable	UNKNOWN STEP	2026-10-01T06:31:05.1190528Z ^[[1m^[[92m  Downloaded^[[0m anyhow v1.0.104
portable	UNKNOWN STEP	2026-10-01T06:31:05.1230595Z ^[[1m^[[92m  Downloaded^[[0m anstyle-parse v1.0.0
portable	UNKNOWN STEP	2026-10-01T06:31:05.1245914Z ^[[1m^[[92m  Downloaded^[[0m anstream v1.0.0
portable	UNKNOWN STEP	2026-10-01T06:31:05.1265177Z ^[[1m^[[92m  Downloaded^[[0m hash32 v0.3.1
portable	UNKNOWN STEP	2026-10-01T06:31:05.1279568Z ^[[1m^[[92m  Downloaded^[[0m gpui-pre-collections v0.3.7
portable	UNKNOWN STEP	2026-10-01T06:31:05.1287851Z ^[[1m^[[92m  Downloaded^[[0m futures-task v0.3.34
portable	UNKNOWN STEP	2026-10-01T06:31:05.1299582Z ^[[1m^[[92m  Downloaded^[[0m float-cmp v0.9.0
portable	UNKNOWN STEP	2026-10-01T06:31:05.1311004Z ^[[1m^[[92m  Downloaded^[[0m equator v0.4.2
portable	UNKNOWN STEP	2026-10-01T06:31:05.1324260Z ^[[1m^[[92m  Downloaded^[[0m clap_lex v1.1.0
portable	UNKNOWN STEP	2026-10-01T06:31:05.1334934Z ^[[1m^[[92m  Downloaded^[[0m block-padding v0.3.3
portable	UNKNOWN STEP	2026-10-01T06:31:05.1343586Z ^[[1m^[[92m  Downloaded^[[0m bit_field v0.10.3
portable	UNKNOWN STEP	2026-10-01T06:31:05.1355661Z ^[[1m^[[92m  Downloaded^[[0m atomic-waker v1.1.2
portable	UNKNOWN STEP	2026-10-01T06:31:05.1367347Z ^[[1m^[[92m  Downloaded^[[0m fnv v1.0.7
portable	UNKNOWN STEP	2026-10-01T06:31:05.1375972Z ^[[1m^[[92m  Downloaded^[[0m async-fs v2.2.0
portable	UNKNOWN STEP	2026-10-01T06:31:05.1385899Z ^[[1m^[[92m  Downloaded^[[0m allocator-api2 v0.2.21
portable	UNKNOWN STEP	2026-10-01T06:31:05.1411190Z ^[[1m^[[92m  Downloaded^[[0m as-slice v0.2.1
portable	UNKNOWN STEP	2026-10-01T06:31:05.1421056Z ^[[1m^[[92m  Downloaded^[[0m arg_enum_proc_macro v0.3.4
portable	UNKNOWN STEP	2026-10-01T06:31:05.1432322Z ^[[1m^[[92m  Downloaded^[[0m aligned-vec v0.6.4
portable	UNKNOWN STEP	2026-10-01T06:31:05.1442076Z ^[[1m^[[92m  Downloaded^[[0m foldhash v0.2.0
portable	UNKNOWN STEP	2026-10-01T06:31:05.1454183Z ^[[1m^[[92m  Downloaded^[[0m enumn v0.1.14
portable	UNKNOWN STEP	2026-10-01T06:31:05.1465500Z ^[[1m^[[92m  Downloaded^[[0m exr v1.74.2
portable	UNKNOWN STEP	2026-10-01T06:31:05.1569999Z ^[[1m^[[92m  Downloaded^[[0m equator-macro v0.4.2
portable	UNKNOWN STEP	2026-10-01T06:31:05.1577902Z ^[[1m^[[92m  Downloaded^[[0m async-executor v1.14.0
portable	UNKNOWN STEP	2026-10-01T06:31:05.1596481Z ^[[1m^[[92m  Downloaded^[[0m data-url v0.3.2
portable	UNKNOWN STEP	2026-10-01T06:31:05.1611396Z ^[[1m^[[92m  Downloaded^[[0m async-recursion v1.1.1
portable	UNKNOWN STEP	2026-10-01T06:31:05.1649076Z ^[[1m^[[92m  Downloaded^[[0m arrayref v0.3.9
portable	UNKNOWN STEP	2026-10-01T06:31:05.1661714Z ^[[1m^[[92m  Downloaded^[[0m adler2 v2.0.1
portable	UNKNOWN STEP	2026-10-01T06:31:05.1673688Z ^[[1m^[[92m  Downloaded^[[0m accesskit_consumer v0.38.0
portable	UNKNOWN STEP	2026-10-01T06:31:05.1690002Z ^[[1m^[[92m  Downloaded^[[0m defmt v1.1.1
portable	UNKNOWN STEP	2026-10-01T06:31:05.1738491Z ^[[1m^[[92m  Downloaded^[[0m ctor v1.0.13
portable	UNKNOWN STEP	2026-10-01T06:31:05.1762924Z ^[[1m^[[92m  Downloaded^[[0m accesskit_atspi_common v0.19.1
portable	UNKNOWN STEP	2026-10-01T06:31:05.1779951Z ^[[1m^[[92m  Downloaded^[[0m event-listener v5.4.2
portable	UNKNOWN STEP	2026-10-01T06:31:05.1797436Z ^[[1m^[[92m  Downloaded^[[0m defmt-macros v1.1.1
portable	UNKNOWN STEP	2026-10-01T06:31:05.1833506Z ^[[1m^[[92m  Downloaded^[[0m cbc v0.1.2
portable	UNKNOWN STEP	2026-10-01T06:31:05.1848483Z ^[[1m^[[92m  Downloaded^[[0m ahash v0.8.12
portable	UNKNOWN STEP	2026-10-01T06:31:05.1871669Z ^[[1m^[[92m  Downloaded^[[0m fdeflate v0.3.7
portable	UNKNOWN STEP	2026-10-01T06:31:05.1887765Z ^[[1m^[[92m  Downloaded^[[0m aligned v0.4.3
portable	UNKNOWN STEP	2026-10-01T06:31:05.1899203Z ^[[1m^[[92m  Downloaded^[[0m crypto-common v0.1.7
portable	UNKNOWN STEP	2026-10-01T06:31:05.1908416Z ^[[1m^[[92m  Downloaded^[[0m accesskit_unix v0.22.1
portable	UNKNOWN STEP	2026-10-01T06:31:05.1929840Z ^[[1m^[[92m  Downloaded^[[0m accesskit v0.24.1
portable	UNKNOWN STEP	2026-10-01T06:31:05.1941771Z ^[[1m^[[92m  Downloaded^[[0m equivalent v1.0.2
portable	UNKNOWN STEP	2026-10-01T06:31:05.3025768Z ##[group]Run cargo fmt --all -- --check
portable	UNKNOWN STEP	2026-10-01T06:31:05.3026135Z ^[[36;1mcargo fmt --all -- --check^[[0m
portable	UNKNOWN STEP	2026-10-01T06:31:05.3088182Z shell: /usr/bin/bash -e {0}
portable	UNKNOWN STEP	2026-10-01T06:31:05.3088422Z env:
portable	UNKNOWN STEP	2026-10-01T06:31:05.3088624Z   CARGO_HOME: /home/runner/.cargo
portable	UNKNOWN STEP	2026-10-01T06:31:05.3088874Z   CARGO_INCREMENTAL: 0
portable	UNKNOWN STEP	2026-10-01T06:31:05.3089088Z   CARGO_TERM_COLOR: always
portable	UNKNOWN STEP	2026-10-01T06:31:05.3089306Z ##[endgroup]
portable	UNKNOWN STEP	2026-10-01T06:31:06.2331469Z Diff in /home/runner/work/gpui-rhai/gpui-rhai/crates/gpui-rhai/src/engine.rs:4942:
portable	UNKNOWN STEP	2026-10-01T06:31:06.2331908Z  
portable	UNKNOWN STEP	2026-10-01T06:31:06.2332102Z      #[test]
portable	UNKNOWN STEP	2026-10-01T06:31:06.2332348Z      fn operation_limit_is_host_configurable() {
portable	UNKNOWN STEP	2026-10-01T06:31:06.2332663Z -        let heavy =
portable	UNKNOWN STEP	2026-10-01T06:31:06.2332968Z -            r#"fn view() { let n = 0; for i in 0..60000 { n += 1; } text(`${n}`) }"#;
portable	UNKNOWN STEP	2026-10-01T06:31:06.2333432Z +        let heavy = r#"fn view() { let n = 0; for i in 0..60000 { n += 1; } text(`${n}`) }"#;
portable	UNKNOWN STEP	2026-10-01T06:31:06.2337655Z          let mut runtime = RuntimeEngine::new();
portable	UNKNOWN STEP	2026-10-01T06:31:06.2338148Z          assert_eq!(runtime.operation_limit(), MAX_SCRIPT_OPERATIONS);
portable	UNKNOWN STEP	2026-10-01T06:31:06.2338651Z -        let compiled = runtime.compile_self_contained_named("limit", heavy).unwrap();
portable	UNKNOWN STEP	2026-10-01T06:31:06.2339067Z +        let compiled = runtime
portable	UNKNOWN STEP	2026-10-01T06:31:06.2339359Z +            .compile_self_contained_named("limit", heavy)
portable	UNKNOWN STEP	2026-10-01T06:31:06.2339653Z +            .unwrap();
portable	UNKNOWN STEP	2026-10-01T06:31:06.2339862Z          assert!(
portable	UNKNOWN STEP	2026-10-01T06:31:06.2340085Z              runtime.render(&compiled).is_ok(),
portable	UNKNOWN STEP	2026-10-01T06:31:06.2340388Z              "the same work fits the default budget"
portable	UNKNOWN STEP	2026-10-01T06:31:06.8901487Z ##[error]Process completed with exit code 1.
portable	UNKNOWN STEP	2026-10-01T06:31:06.9076052Z Post job cleanup.
portable	UNKNOWN STEP	2026-10-01T06:31:06.9917755Z [command]/usr/bin/git version
portable	UNKNOWN STEP	2026-10-01T06:31:06.9961867Z git version 2.55.0
portable	UNKNOWN STEP	2026-10-01T06:31:07.0006201Z Temporarily overriding HOME='/home/runner/work/_temp/a315ba8f-60a5-479f-b3e4-02356d490bf4' before making global git config changes
portable	UNKNOWN STEP	2026-10-01T06:31:07.0007255Z Adding repository directory to the temporary git global config as a safe directory
portable	UNKNOWN STEP	2026-10-01T06:31:07.0012278Z [command]/usr/bin/git config --global --add safe.directory /home/runner/work/gpui-rhai/gpui-rhai
portable	UNKNOWN STEP	2026-10-01T06:31:07.0052651Z [command]/usr/bin/git config --local --name-only --get-regexp core\.sshCommand
portable	UNKNOWN STEP	2026-10-01T06:31:07.0088597Z [command]/usr/bin/git submodule foreach --recursive sh -c "git config --local --name-only --get-regexp 'core\.sshCommand' && git config --local --unset-all 'core.sshCommand' || :"
portable	UNKNOWN STEP	2026-10-01T06:31:07.0336194Z [command]/usr/bin/git config --local --name-only --get-regexp http\.https\:\/\/github\.com\/\.extraheader
portable	UNKNOWN STEP	2026-10-01T06:31:07.0370636Z http.https://github.com/.extraheader
portable	UNKNOWN STEP	2026-10-01T06:31:07.0384407Z [command]/usr/bin/git config --local --unset-all http.https://github.com/.extraheader
portable	UNKNOWN STEP	2026-10-01T06:31:07.0419503Z [command]/usr/bin/git submodule foreach --recursive sh -c "git config --local --name-only --get-regexp 'http\.https\:\/\/github\.com\/\.extraheader' && git config --local --unset-all 'http.https://github.com/.extraheader' || :"
portable	UNKNOWN STEP	2026-10-01T06:31:07.0677578Z [command]/usr/bin/git config --local --name-only --get-regexp ^includeIf\.gitdir:
portable	UNKNOWN STEP	2026-10-01T06:31:07.0715623Z [command]/usr/bin/git submodule foreach --recursive git config --local --show-origin --name-only --get-regexp remote.origin.url
portable	UNKNOWN STEP	2026-10-01T06:31:07.1131237Z Cleaning up orphan processes
