portable	Test	﻿2026-10-02T15:35:11.5792705Z ##[group]Run cargo test --workspace --all-targets --all-features
portable	Test	2026-10-02T15:35:11.5793205Z ^[[36;1mcargo test --workspace --all-targets --all-features^[[0m
portable	Test	2026-10-02T15:35:11.5854879Z shell: /usr/bin/bash -e {0}
portable	Test	2026-10-02T15:35:11.5855131Z env:
portable	Test	2026-10-02T15:35:11.5855562Z   CARGO_HOME: /home/runner/.cargo
portable	Test	2026-10-02T15:35:11.5855831Z   CARGO_INCREMENTAL: 0
portable	Test	2026-10-02T15:35:11.5856049Z   CARGO_TERM_COLOR: always
portable	Test	2026-10-02T15:35:11.5856271Z ##[endgroup]
portable	Test	2026-10-02T15:35:12.0279303Z ^[[1m^[[92m   Compiling^[[0m unicode-ident v1.0.24
portable	Test	2026-10-02T15:35:12.0282103Z ^[[1m^[[92m   Compiling^[[0m cfg-if v1.0.4
portable	Test	2026-10-02T15:35:12.0282888Z ^[[1m^[[92m   Compiling^[[0m serde_core v1.0.229
portable	Test	2026-10-02T15:35:12.0376546Z ^[[1m^[[92m   Compiling^[[0m libc v0.2.189
portable	Test	2026-10-02T15:35:12.0630410Z ^[[1m^[[92m   Compiling^[[0m bitflags v2.13.1
portable	Test	2026-10-02T15:35:12.0950319Z ^[[1m^[[92m   Compiling^[[0m proc-macro2 v1.0.107
portable	Test	2026-10-02T15:35:12.2315584Z ^[[1m^[[92m   Compiling^[[0m typeid v1.0.3
portable	Test	2026-10-02T15:35:12.2819751Z ^[[1m^[[92m   Compiling^[[0m libm v0.2.16
portable	Test	2026-10-02T15:35:12.8726694Z ^[[1m^[[92m   Compiling^[[0m quote v1.0.47
portable	Test	2026-10-02T15:35:13.0266312Z ^[[1m^[[92m   Compiling^[[0m syn v3.0.4
portable	Test	2026-10-02T15:35:13.1077452Z ^[[1m^[[92m   Compiling^[[0m syn v2.0.119
portable	Test	2026-10-02T15:35:13.6946699Z ^[[1m^[[92m   Compiling^[[0m equivalent v1.0.2
portable	Test	2026-10-02T15:35:13.7332341Z ^[[1m^[[92m   Compiling^[[0m portable-atomic v1.15.0
portable	Test	2026-10-02T15:35:14.0566793Z ^[[1m^[[92m   Compiling^[[0m once_cell v1.21.4
portable	Test	2026-10-02T15:35:14.2136714Z ^[[1m^[[92m   Compiling^[[0m hashbrown v0.17.1
portable	Test	2026-10-02T15:35:14.3916788Z ^[[1m^[[92m   Compiling^[[0m erased-serde v0.4.10
portable	Test	2026-10-02T15:35:14.7847127Z ^[[1m^[[92m   Compiling^[[0m serde_fmt v1.1.0
portable	Test	2026-10-02T15:35:14.8986758Z ^[[1m^[[92m   Compiling^[[0m value-bag-serde1 v1.13.2
portable	Test	2026-10-02T15:35:14.9367058Z ^[[1m^[[92m   Compiling^[[0m value-bag v1.13.2
portable	Test	2026-10-02T15:35:14.9402759Z ^[[1m^[[92m   Compiling^[[0m indexmap v2.14.0
portable	Test	2026-10-02T15:35:15.3807523Z ^[[1m^[[92m   Compiling^[[0m log v0.4.34
portable	Test	2026-10-02T15:35:15.6187153Z ^[[1m^[[92m   Compiling^[[0m pin-project-lite v0.2.17
portable	Test	2026-10-02T15:35:15.6626456Z ^[[1m^[[92m   Compiling^[[0m memchr v2.8.3
portable	Test	2026-10-02T15:35:15.7526629Z ^[[1m^[[92m   Compiling^[[0m num-traits v0.2.19
portable	Test	2026-10-02T15:35:16.4346692Z ^[[1m^[[92m   Compiling^[[0m futures-core v0.3.34
portable	Test	2026-10-02T15:35:16.4637084Z ^[[1m^[[92m   Compiling^[[0m crossbeam-utils v0.8.22
portable	Test	2026-10-02T15:35:16.5247119Z ^[[1m^[[92m   Compiling^[[0m futures-io v0.3.34
portable	Test	2026-10-02T15:35:16.6312400Z ^[[1m^[[92m   Compiling^[[0m linux-raw-sys v0.12.1
portable	Test	2026-10-02T15:35:16.9216347Z ^[[1m^[[92m   Compiling^[[0m winnow v1.0.4
portable	Test	2026-10-02T15:35:18.0306842Z ^[[1m^[[92m   Compiling^[[0m rustix v1.1.4
portable	Test	2026-10-02T15:35:18.1007056Z ^[[1m^[[92m   Compiling^[[0m serde_derive v1.0.229
portable	Test	2026-10-02T15:35:18.1826690Z ^[[1m^[[92m   Compiling^[[0m bytemuck_derive v1.12.1
portable	Test	2026-10-02T15:35:18.3257042Z ^[[1m^[[92m   Compiling^[[0m parking v2.2.1
portable	Test	2026-10-02T15:35:18.4284419Z ^[[1m^[[92m   Compiling^[[0m toml_parser v1.1.3+spec-1.1.0
portable	Test	2026-10-02T15:35:19.0446625Z ^[[1m^[[92m   Compiling^[[0m slab v0.4.12
portable	Test	2026-10-02T15:35:19.1616512Z ^[[1m^[[92m   Compiling^[[0m fastrand v2.5.0
portable	Test	2026-10-02T15:35:19.2846936Z ^[[1m^[[92m   Compiling^[[0m bytemuck v1.25.2
portable	Test	2026-10-02T15:35:19.3216784Z ^[[1m^[[92m   Compiling^[[0m toml_edit v0.25.13+spec-1.1.0
portable	Test	2026-10-02T15:35:19.4926724Z ^[[1m^[[92m   Compiling^[[0m arrayvec v0.7.8
portable	Test	2026-10-02T15:35:19.6526810Z ^[[1m^[[92m   Compiling^[[0m zerocopy-derive v0.8.56
portable	Test	2026-10-02T15:35:20.4048383Z ^[[1m^[[92m   Compiling^[[0m proc-macro-crate v3.5.0
portable	Test	2026-10-02T15:35:20.8386795Z ^[[1m^[[92m   Compiling^[[0m simd-adler32 v0.3.10
portable	Test	2026-10-02T15:35:20.9927074Z ^[[1m^[[92m   Compiling^[[0m enumflags2_derive v0.7.12
portable	Test	2026-10-02T15:35:21.1808367Z ^[[1m^[[92m   Compiling^[[0m zerocopy v0.8.56
portable	Test	2026-10-02T15:35:21.1944298Z ^[[1m^[[92m   Compiling^[[0m serde v1.0.229
portable	Test	2026-10-02T15:35:21.7346962Z ^[[1m^[[92m   Compiling^[[0m smallvec v1.15.2
portable	Test	2026-10-02T15:35:21.9171835Z ^[[1m^[[92m   Compiling^[[0m libloading v0.8.9
portable	Test	2026-10-02T15:35:21.9556879Z ^[[1m^[[92m   Compiling^[[0m zvariant_utils v4.2.0
portable	Test	2026-10-02T15:35:22.0557135Z ^[[1m^[[92m   Compiling^[[0m futures-lite v2.6.1
portable	Test	2026-10-02T15:35:22.7826741Z ^[[1m^[[92m   Compiling^[[0m event-listener v5.4.2
portable	Test	2026-10-02T15:35:22.9387232Z ^[[1m^[[92m   Compiling^[[0m concurrent-queue v2.5.0
portable	Test	2026-10-02T15:35:22.9697028Z ^[[1m^[[92m   Compiling^[[0m adler2 v2.0.1
portable	Test	2026-10-02T15:35:23.0446669Z ^[[1m^[[92m   Compiling^[[0m miniz_oxide v0.8.9
portable	Test	2026-10-02T15:35:23.0867074Z ^[[1m^[[92m   Compiling^[[0m event-listener-strategy v0.5.4
portable	Test	2026-10-02T15:35:23.1626855Z ^[[1m^[[92m   Compiling^[[0m synstructure v0.13.2
portable	Test	2026-10-02T15:35:23.3966704Z ^[[1m^[[92m   Compiling^[[0m zvariant_derive v5.15.0
portable	Test	2026-10-02T15:35:23.6577536Z ^[[1m^[[92m   Compiling^[[0m endi v1.1.1
portable	Test	2026-10-02T15:35:23.6872100Z ^[[1m^[[92m   Compiling^[[0m tracing-core v0.1.36
portable	Test	2026-10-02T15:35:23.7546064Z ^[[1m^[[92m   Compiling^[[0m stable_deref_trait v1.2.1
portable	Test	2026-10-02T15:35:23.7670731Z ^[[1m^[[92m   Compiling^[[0m async-task v4.7.1
portable	Test	2026-10-02T15:35:23.7956739Z ^[[1m^[[92m   Compiling^[[0m zerofrom-derive v0.1.7
portable	Test	2026-10-02T15:35:23.9317012Z ^[[1m^[[92m   Compiling^[[0m dlib v0.5.3
portable	Test	2026-10-02T15:35:23.9937011Z ^[[1m^[[92m   Compiling^[[0m crc32fast v1.5.1
portable	Test	2026-10-02T15:35:24.1577107Z ^[[1m^[[92m   Compiling^[[0m yoke-derive v0.8.2
portable	Test	2026-10-02T15:35:24.2967795Z ^[[1m^[[92m   Compiling^[[0m async-channel v2.5.0
portable	Test	2026-10-02T15:35:24.4496715Z ^[[1m^[[92m   Compiling^[[0m polling v3.11.0
portable	Test	2026-10-02T15:35:24.6659189Z ^[[1m^[[92m   Compiling^[[0m tracing-attributes v0.1.31
portable	Test	2026-10-02T15:35:24.9484699Z ^[[1m^[[92m   Compiling^[[0m zerofrom v0.1.8
portable	Test	2026-10-02T15:35:25.0337441Z ^[[1m^[[92m   Compiling^[[0m flate2 v1.1.9
portable	Test	2026-10-02T15:35:25.0956993Z ^[[1m^[[92m   Compiling^[[0m getrandom v0.4.3
portable	Test	2026-10-02T15:35:25.1266610Z ^[[1m^[[92m   Compiling^[[0m yoke v0.8.3
portable	Test	2026-10-02T15:35:25.2216774Z ^[[1m^[[92m   Compiling^[[0m zcheapstr v1.1.0
portable	Test	2026-10-02T15:35:25.2707679Z ^[[1m^[[92m   Compiling^[[0m enumflags2 v0.7.12
portable	Test	2026-10-02T15:35:25.3378327Z ^[[1m^[[92m   Compiling^[[0m typenum v1.20.1
portable	Test	2026-10-02T15:35:25.4186678Z ^[[1m^[[92m   Compiling^[[0m siphasher v1.0.3
portable	Test	2026-10-02T15:35:25.4416621Z ^[[1m^[[92m   Compiling^[[0m zvariant v5.15.0
portable	Test	2026-10-02T15:35:25.5656755Z ^[[1m^[[92m   Compiling^[[0m wayland-sys v0.31.11
portable	Test	2026-10-02T15:35:25.8406507Z ^[[1m^[[92m   Compiling^[[0m tracing v0.1.44
portable	Test	2026-10-02T15:35:26.0117356Z ^[[1m^[[92m   Compiling^[[0m zerovec-derive v0.11.6
portable	Test	2026-10-02T15:35:26.0387313Z ^[[1m^[[92m   Compiling^[[0m generic-array v0.14.7
portable	Test	2026-10-02T15:35:26.6262480Z ^[[1m^[[92m   Compiling^[[0m sha1_smol v1.0.1
portable	Test	2026-10-02T15:35:26.7847120Z ^[[1m^[[92m   Compiling^[[0m atomic-waker v1.1.2
portable	Test	2026-10-02T15:35:26.8436744Z ^[[1m^[[92m   Compiling^[[0m scopeguard v1.2.0
portable	Test	2026-10-02T15:35:26.8927126Z ^[[1m^[[92m   Compiling^[[0m lock_api v0.4.14
portable	Test	2026-10-02T15:35:27.0147148Z ^[[1m^[[92m   Compiling^[[0m zerovec v0.11.8
portable	Test	2026-10-02T15:35:27.0886805Z ^[[1m^[[92m   Compiling^[[0m piper v0.2.5
portable	Test	2026-10-02T15:35:27.2496610Z ^[[1m^[[92m   Compiling^[[0m uuid v1.26.0
portable	Test	2026-10-02T15:35:27.5638408Z ^[[1m^[[92m   Compiling^[[0m async-io v2.6.0
portable	Test	2026-10-02T15:35:27.8387045Z ^[[1m^[[92m   Compiling^[[0m zbus_names v4.3.4
portable	Test	2026-10-02T15:35:28.3896725Z ^[[1m^[[92m   Compiling^[[0m displaydoc v0.2.7
portable	Test	2026-10-02T15:35:28.3986672Z ^[[1m^[[92m   Compiling^[[0m serde_bytes v0.11.19
portable	Test	2026-10-02T15:35:28.5126669Z ^[[1m^[[92m   Compiling^[[0m core_maths v0.1.1
portable	Test	2026-10-02T15:35:28.5677281Z ^[[1m^[[92m   Compiling^[[0m errno v0.3.14
portable	Test	2026-10-02T15:35:28.5716704Z ^[[1m^[[92m   Compiling^[[0m futures-sink v0.3.34
portable	Test	2026-10-02T15:35:28.6194543Z ^[[1m^[[92m   Compiling^[[0m itoa v1.0.18
portable	Test	2026-10-02T15:35:28.6487917Z ^[[1m^[[92m   Compiling^[[0m signal-hook-registry v1.4.8
portable	Test	2026-10-02T15:35:28.7486600Z ^[[1m^[[92m   Compiling^[[0m blocking v1.7.0
portable	Test	2026-10-02T15:35:28.9976904Z ^[[1m^[[92m   Compiling^[[0m async-lock v3.4.2
portable	Test	2026-10-02T15:35:29.0096584Z ^[[1m^[[92m   Compiling^[[0m allocator-api2 v0.2.21
portable	Test	2026-10-02T15:35:29.3046844Z ^[[1m^[[92m   Compiling^[[0m foldhash v0.2.0
portable	Test	2026-10-02T15:35:29.4127192Z ^[[1m^[[92m   Compiling^[[0m hashbrown v0.16.1
portable	Test	2026-10-02T15:35:29.9875616Z ^[[1m^[[92m   Compiling^[[0m async-signal v0.2.14
portable	Test	2026-10-02T15:35:30.1395934Z ^[[1m^[[92m   Compiling^[[0m getrandom v0.3.4
portable	Test	2026-10-02T15:35:30.2876776Z ^[[1m^[[92m   Compiling^[[0m futures-channel v0.3.34
portable	Test	2026-10-02T15:35:30.3099387Z ^[[1m^[[92m   Compiling^[[0m half v2.7.1
portable	Test	2026-10-02T15:35:30.4667283Z ^[[1m^[[92m   Compiling^[[0m thiserror-impl v2.0.20
portable	Test	2026-10-02T15:35:30.7657290Z ^[[1m^[[92m   Compiling^[[0m futures-macro v0.3.34
portable	Test	2026-10-02T15:35:31.4627321Z ^[[1m^[[92m   Compiling^[[0m static_assertions v1.1.0
portable	Test	2026-10-02T15:35:31.5046831Z ^[[1m^[[92m   Compiling^[[0m futures-task v0.3.34
portable	Test	2026-10-02T15:35:31.6186377Z ^[[1m^[[92m   Compiling^[[0m futures-util v0.3.34
portable	Test	2026-10-02T15:35:31.6577168Z ^[[1m^[[92m   Compiling^[[0m thiserror v2.0.20
portable	Test	2026-10-02T15:35:31.7156865Z ^[[1m^[[92m   Compiling^[[0m async-process v2.5.0
portable	Test	2026-10-02T15:35:31.8156553Z ^[[1m^[[92m   Compiling^[[0m parking_lot_core v0.9.12
portable	Test	2026-10-02T15:35:32.4586588Z ^[[1m^[[92m   Compiling^[[0m anyhow v1.0.104
portable	Test	2026-10-02T15:35:32.7057175Z ^[[1m^[[92m   Compiling^[[0m zmij v1.0.23
portable	Test	2026-10-02T15:35:32.7417547Z ^[[1m^[[92m   Compiling^[[0m tinystr v0.8.4
portable	Test	2026-10-02T15:35:32.8257137Z ^[[1m^[[92m   Compiling^[[0m crypto-common v0.1.7
portable	Test	2026-10-02T15:35:32.8867167Z ^[[1m^[[92m   Compiling^[[0m async-executor v1.14.0
portable	Test	2026-10-02T15:35:32.8936221Z ^[[1m^[[92m   Compiling^[[0m litemap v0.8.3
portable	Test	2026-10-02T15:35:33.0056499Z ^[[1m^[[92m   Compiling^[[0m writeable v0.6.4
portable	Test	2026-10-02T15:35:33.0336083Z ^[[1m^[[92m   Compiling^[[0m parking_lot v0.12.5
portable	Test	2026-10-02T15:35:33.1836712Z ^[[1m^[[92m   Compiling^[[0m icu_locale_core v2.3.0
portable	Test	2026-10-02T15:35:33.2347401Z ^[[1m^[[92m   Compiling^[[0m slotmap v1.1.1
portable	Test	2026-10-02T15:35:33.4687837Z ^[[1m^[[92m   Compiling^[[0m zerotrie v0.2.5
portable	Test	2026-10-02T15:35:33.6796732Z ^[[1m^[[92m   Compiling^[[0m ttf-parser v0.25.1
portable	Test	2026-10-02T15:35:33.7327236Z ^[[1m^[[92m   Compiling^[[0m zbus_macros v5.19.0
portable	Test	2026-10-02T15:35:34.3067770Z ^[[1m^[[92m   Compiling^[[0m potential_utf v0.1.6
portable	Test	2026-10-02T15:35:34.4006776Z ^[[1m^[[92m   Compiling^[[0m async-broadcast v0.7.2
portable	Test	2026-10-02T15:35:34.4496766Z ^[[1m^[[92m   Compiling^[[0m async-recursion v1.1.1
portable	Test	2026-10-02T15:35:34.5646587Z ^[[1m^[[92m   Compiling^[[0m serde_repr v0.1.21
portable	Test	2026-10-02T15:35:34.8696668Z ^[[1m^[[92m   Compiling^[[0m async-trait v0.1.92
portable	Test	2026-10-02T15:35:34.8826711Z ^[[1m^[[92m   Compiling^[[0m ordered-stream v0.2.0
portable	Test	2026-10-02T15:35:35.1556855Z ^[[1m^[[92m   Compiling^[[0m quick-xml v0.41.0
portable	Test	2026-10-02T15:35:35.6669837Z ^[[1m^[[92m   Compiling^[[0m memmap2 v0.9.11
portable	Test	2026-10-02T15:35:35.8296597Z ^[[1m^[[92m   Compiling^[[0m float-cmp v0.9.0
portable	Test	2026-10-02T15:35:35.8943302Z ^[[1m^[[92m   Compiling^[[0m utf8_iter v1.0.4
portable	Test	2026-10-02T15:35:35.9826686Z ^[[1m^[[92m   Compiling^[[0m scoped-tls v1.0.1
portable	Test	2026-10-02T15:35:36.0246842Z ^[[1m^[[92m   Compiling^[[0m roxmltree v0.20.0
portable	Test	2026-10-02T15:35:36.1136623Z ^[[1m^[[92m   Compiling^[[0m rustc-hash v2.1.3
portable	Test	2026-10-02T15:35:36.1724027Z ^[[1m^[[92m   Compiling^[[0m tinyvec_macros v0.1.1
portable	Test	2026-10-02T15:35:36.2066738Z ^[[1m^[[92m   Compiling^[[0m hex v0.4.3
portable	Test	2026-10-02T15:35:36.4117271Z ^[[1m^[[92m   Compiling^[[0m downcast-rs v1.2.1
portable	Test	2026-10-02T15:35:36.4675111Z ^[[1m^[[92m   Compiling^[[0m wayland-backend v0.3.17
portable	Test	2026-10-02T15:35:36.4676916Z ^[[1m^[[92m   Compiling^[[0m zbus v5.19.0
portable	Test	2026-10-02T15:35:36.5793882Z ^[[1m^[[92m   Compiling^[[0m fontconfig-parser v0.5.8
portable	Test	2026-10-02T15:35:36.8376754Z ^[[1m^[[92m   Compiling^[[0m tinyvec v1.12.0
portable	Test	2026-10-02T15:35:37.1786722Z ^[[1m^[[92m   Compiling^[[0m wayland-scanner v0.31.11
portable	Test	2026-10-02T15:35:37.3747251Z ^[[1m^[[92m   Compiling^[[0m icu_collections v2.3.0
portable	Test	2026-10-02T15:35:37.9146926Z ^[[1m^[[92m   Compiling^[[0m strict-num v0.1.1
portable	Test	2026-10-02T15:35:38.0096908Z ^[[1m^[[92m   Compiling^[[0m icu_provider v2.3.1
portable	Test	2026-10-02T15:35:38.0158813Z ^[[1m^[[92m   Compiling^[[0m crossbeam-epoch v0.9.20
portable	Test	2026-10-02T15:35:38.2886761Z ^[[1m^[[92m   Compiling^[[0m gpui-pre-util v0.3.7
portable	Test	2026-10-02T15:35:38.3056833Z ^[[1m^[[92m   Compiling^[[0m fdeflate v0.3.7
portable	Test	2026-10-02T15:35:38.4737049Z ^[[1m^[[92m   Compiling^[[0m euclid v0.22.14
portable	Test	2026-10-02T15:35:38.7336891Z ^[[1m^[[92m   Compiling^[[0m unicode-script v0.5.8
portable	Test	2026-10-02T15:35:38.7418881Z ^[[1m^[[92m   Compiling^[[0m unicode-width v0.2.2
portable	Test	2026-10-02T15:35:38.9195000Z ^[[1m^[[92m   Compiling^[[0m unicode-segmentation v1.13.3
portable	Test	2026-10-02T15:35:39.0076832Z ^[[1m^[[92m   Compiling^[[0m raw-window-handle v0.6.2
portable	Test	2026-10-02T15:35:39.1936882Z ^[[1m^[[92m   Compiling^[[0m bit-vec v0.9.1
portable	Test	2026-10-02T15:35:39.1996329Z ^[[1m^[[92m   Compiling^[[0m arrayref v0.3.9
portable	Test	2026-10-02T15:35:39.2314075Z ^[[1m^[[92m   Compiling^[[0m tiny-skia-path v0.11.4
portable	Test	2026-10-02T15:35:39.3006674Z ^[[1m^[[92m   Compiling^[[0m codespan-reporting v0.13.1
portable	Test	2026-10-02T15:35:39.3886612Z ^[[1m^[[92m   Compiling^[[0m bit-set v0.9.1
portable	Test	2026-10-02T15:35:39.4916675Z ^[[1m^[[92m   Compiling^[[0m wayland-client v0.31.15
portable	Test	2026-10-02T15:35:39.7937009Z ^[[1m^[[92m   Compiling^[[0m gpui-pre-collections v0.3.7
portable	Test	2026-10-02T15:35:39.8546762Z ^[[1m^[[92m   Compiling^[[0m crossbeam-deque v0.8.7
portable	Test	2026-10-02T15:35:39.9840543Z ^[[1m^[[92m   Compiling^[[0m fontdb v0.23.0
portable	Test	2026-10-02T15:35:39.9996701Z ^[[1m^[[92m   Compiling^[[0m icu_properties_data v2.3.0
portable	Test	2026-10-02T15:35:40.1036577Z ^[[1m^[[92m   Compiling^[[0m icu_normalizer_data v2.3.0
portable	Test	2026-10-02T15:35:40.1456565Z ^[[1m^[[92m   Compiling^[[0m rand_core v0.9.5
portable	Test	2026-10-02T15:35:40.2997159Z ^[[1m^[[92m   Compiling^[[0m zbus_xml v5.2.1
portable	Test	2026-10-02T15:35:40.6086835Z ^[[1m^[[92m   Compiling^[[0m block-buffer v0.10.4
portable	Test	2026-10-02T15:35:40.6837238Z ^[[1m^[[92m   Compiling^[[0m ppv-lite86 v0.2.21
portable	Test	2026-10-02T15:35:41.0046738Z ^[[1m^[[92m   Compiling^[[0m num-complex v0.4.6
portable	Test	2026-10-02T15:35:41.4196985Z ^[[1m^[[92m   Compiling^[[0m profiling-procmacros v1.0.18
portable	Test	2026-10-02T15:35:41.5747282Z ^[[1m^[[92m   Compiling^[[0m spirv v0.4.0+sdk-1.4.341.0
portable	Test	2026-10-02T15:35:41.6147119Z ^[[1m^[[92m   Compiling^[[0m unicode-properties v0.1.4
portable	Test	2026-10-02T15:35:41.6586642Z ^[[1m^[[92m   Compiling^[[0m unicode-bidi v0.3.18
portable	Test	2026-10-02T15:35:41.7486584Z ^[[1m^[[92m   Compiling^[[0m foldhash v0.1.5
portable	Test	2026-10-02T15:35:41.8607131Z ^[[1m^[[92m   Compiling^[[0m unicode-bidi-mirroring v0.4.0
portable	Test	2026-10-02T15:35:41.9176989Z ^[[1m^[[92m   Compiling^[[0m iana-time-zone v0.1.65
portable	Test	2026-10-02T15:35:42.1406589Z ^[[1m^[[92m   Compiling^[[0m subtle v2.6.1
portable	Test	2026-10-02T15:35:42.2527159Z ^[[1m^[[92m   Compiling^[[0m lazy_static v1.5.0
portable	Test	2026-10-02T15:35:42.2955752Z ^[[1m^[[92m   Compiling^[[0m hexf-parse v0.2.1
portable	Test	2026-10-02T15:35:42.3211660Z ^[[1m^[[92m   Compiling^[[0m unicode-ccc v0.4.0
portable	Test	2026-10-02T15:35:42.3847850Z ^[[1m^[[92m   Compiling^[[0m rustc-hash v1.1.0
portable	Test	2026-10-02T15:35:42.3956915Z ^[[1m^[[92m   Compiling^[[0m rustybuzz v0.20.1
portable	Test	2026-10-02T15:35:42.4314474Z ^[[1m^[[92m   Compiling^[[0m digest v0.10.7
portable	Test	2026-10-02T15:35:42.6016736Z ^[[1m^[[92m   Compiling^[[0m chrono v0.4.45
portable	Test	2026-10-02T15:35:43.8256849Z ^[[1m^[[92m   Compiling^[[0m naga v29.0.4
portable	Test	2026-10-02T15:35:44.3707129Z ^[[1m^[[92m   Compiling^[[0m hashbrown v0.15.5
portable	Test	2026-10-02T15:35:44.9036770Z ^[[1m^[[92m   Compiling^[[0m profiling v1.0.18
portable	Test	2026-10-02T15:35:44.9375884Z ^[[1m^[[92m   Compiling^[[0m rand_chacha v0.9.0
portable	Test	2026-10-02T15:35:45.3846846Z ^[[1m^[[92m   Compiling^[[0m zbus-lockstep v0.5.2
portable	Test	2026-10-02T15:35:45.5182008Z ^[[1m^[[92m   Compiling^[[0m icu_normalizer v2.3.0
portable	Test	2026-10-02T15:35:45.8646850Z ^[[1m^[[92m   Compiling^[[0m icu_properties v2.3.0
portable	Test	2026-10-02T15:35:46.1026278Z ^[[1m^[[92m   Compiling^[[0m rayon-core v1.13.0
portable	Test	2026-10-02T15:35:46.9047106Z ^[[1m^[[92m   Compiling^[[0m serde_json v1.0.151
portable	Test	2026-10-02T15:35:47.3017476Z ^[[1m^[[92m   Compiling^[[0m ash v0.38.0+1.3.281
portable	Test	2026-10-02T15:35:48.3836792Z ^[[1m^[[92m   Compiling^[[0m lyon_geom v1.0.19
portable	Test	2026-10-02T15:35:48.7866884Z ^[[1m^[[92m   Compiling^[[0m wgpu-types v29.0.4
portable	Test	2026-10-02T15:35:50.0216596Z ^[[1m^[[92m   Compiling^[[0m futures-executor v0.3.34
portable	Test	2026-10-02T15:35:51.3556783Z ^[[1m^[[92m   Compiling^[[0m polycool v0.4.0
portable	Test	2026-10-02T15:35:51.5236784Z ^[[1m^[[92m   Compiling^[[0m zeroize_derive v1.5.0
portable	Test	2026-10-02T15:35:51.6996751Z ^[[1m^[[92m   Compiling^[[0m enumn v0.1.14
portable	Test	2026-10-02T15:35:51.9526504Z ^[[1m^[[92m   Compiling^[[0m num-integer v0.1.47
portable	Test	2026-10-02T15:35:51.9616796Z ^[[1m^[[92m   Compiling^[[0m aho-corasick v1.1.5
portable	Test	2026-10-02T15:35:52.2517420Z ^[[1m^[[92m   Compiling^[[0m simplecss v0.2.2
portable	Test	2026-10-02T15:35:52.7146629Z ^[[1m^[[92m   Compiling^[[0m gpu-descriptor-types v0.2.0
portable	Test	2026-10-02T15:35:52.8716760Z ^[[1m^[[92m   Compiling^[[0m percent-encoding v2.3.2
portable	Test	2026-10-02T15:35:53.0016671Z ^[[1m^[[92m   Compiling^[[0m pico-args v0.5.0
portable	Test	2026-10-02T15:35:53.1716897Z ^[[1m^[[92m   Compiling^[[0m data-url v0.3.2
portable	Test	2026-10-02T15:35:53.4526723Z ^[[1m^[[92m   Compiling^[[0m unicode-vo v0.1.0
portable	Test	2026-10-02T15:35:53.5146918Z ^[[1m^[[92m   Compiling^[[0m presser v0.3.1
portable	Test	2026-10-02T15:35:53.5886581Z ^[[1m^[[92m   Compiling^[[0m libbz2-rs-sys v0.2.5
portable	Test	2026-10-02T15:35:54.3785238Z ^[[1m^[[92m   Compiling^[[0m regex-syntax v0.8.11
portable	Test	2026-10-02T15:35:54.3825002Z ^[[1m^[[92m   Compiling^[[0m either v1.18.0
portable	Test	2026-10-02T15:35:54.5608353Z ^[[1m^[[92m   Compiling^[[0m xmlwriter v0.1.0
portable	Test	2026-10-02T15:35:54.7416542Z ^[[1m^[[92m   Compiling^[[0m byteorder v1.5.0
portable	Test	2026-10-02T15:35:54.9347073Z ^[[1m^[[92m   Compiling^[[0m zune-core v0.5.3
portable	Test	2026-10-02T15:35:55.1598158Z ^[[1m^[[92m   Compiling^[[0m bitflags v1.3.2
portable	Test	2026-10-02T15:35:55.1976602Z ^[[1m^[[92m   Compiling^[[0m quick-error v2.0.1
portable	Test	2026-10-02T15:35:55.2468379Z ^[[1m^[[92m   Compiling^[[0m weezl v0.1.12
portable	Test	2026-10-02T15:35:55.6947168Z ^[[1m^[[92m   Compiling^[[0m base64 v0.22.1
portable	Test	2026-10-02T15:35:55.9677037Z ^[[1m^[[92m   Compiling^[[0m png v0.17.16
portable	Test	2026-10-02T15:35:57.0926938Z ^[[1m^[[92m   Compiling^[[0m regex-automata v0.4.18
portable	Test	2026-10-02T15:35:57.3947195Z ^[[1m^[[92m   Compiling^[[0m zune-jpeg v0.5.15
portable	Test	2026-10-02T15:35:58.3246589Z ^[[1m^[[92m   Compiling^[[0m gpu-allocator v0.28.0
portable	Test	2026-10-02T15:35:58.7206690Z ^[[1m^[[92m   Compiling^[[0m bzip2 v0.6.1
portable	Test	2026-10-02T15:35:58.8716812Z ^[[1m^[[92m   Compiling^[[0m form_urlencoded v1.2.2
portable	Test	2026-10-02T15:35:58.9886837Z ^[[1m^[[92m   Compiling^[[0m gpu-descriptor v0.3.2
portable	Test	2026-10-02T15:35:59.0807223Z ^[[1m^[[92m   Compiling^[[0m wgpu-naga-bridge v29.0.4
portable	Test	2026-10-02T15:35:59.1547022Z ^[[1m^[[92m   Compiling^[[0m accesskit v0.24.1
portable	Test	2026-10-02T15:35:59.1627125Z ^[[1m^[[92m   Compiling^[[0m zeroize v1.9.0
portable	Test	2026-10-02T15:35:59.2876693Z ^[[1m^[[92m   Compiling^[[0m kurbo v0.13.1
portable	Test	2026-10-02T15:35:59.7936784Z ^[[1m^[[92m   Compiling^[[0m futures v0.3.34
portable	Test	2026-10-02T15:35:59.8326738Z ^[[1m^[[92m   Compiling^[[0m lyon_path v1.0.19
portable	Test	2026-10-02T15:36:00.3406545Z ^[[1m^[[92m   Compiling^[[0m getrandom v0.2.17
portable	Test	2026-10-02T15:36:00.3456549Z ^[[1m^[[92m   Compiling^[[0m idna_adapter v1.2.2
portable	Test	2026-10-02T15:36:00.4146971Z ^[[1m^[[92m   Compiling^[[0m zbus-lockstep-macros v0.5.2
portable	Test	2026-10-02T15:36:00.4507231Z ^[[1m^[[92m   Compiling^[[0m rand v0.9.5
portable	Test	2026-10-02T15:36:00.7976657Z ^[[1m^[[92m   Compiling^[[0m khronos-egl v6.0.0
portable	Test	2026-10-02T15:36:00.8884452Z ^[[1m^[[92m   Compiling^[[0m sharded-slab v0.1.7
portable	Test	2026-10-02T15:36:01.0527207Z ^[[1m^[[92m   Compiling^[[0m convert_case v0.10.0
portable	Test	2026-10-02T15:36:01.1476916Z ^[[1m^[[92m   Compiling^[[0m block-padding v0.3.3
portable	Test	2026-10-02T15:36:01.2136188Z ^[[1m^[[92m   Compiling^[[0m phf_shared v0.13.1
portable	Test	2026-10-02T15:36:01.2816801Z ^[[1m^[[92m   Compiling^[[0m tracing-log v0.2.0
portable	Test	2026-10-02T15:36:01.3676682Z ^[[1m^[[92m   Compiling^[[0m font-types v0.11.3
portable	Test	2026-10-02T15:36:01.4032724Z ^[[1m^[[92m   Compiling^[[0m font-types v0.12.5
portable	Test	2026-10-02T15:36:01.4417254Z ^[[1m^[[92m   Compiling^[[0m thiserror-impl v1.0.69
portable	Test	2026-10-02T15:36:01.7076780Z ^[[1m^[[92m   Compiling^[[0m pin-project-internal v1.1.13
portable	Test	2026-10-02T15:36:01.7916726Z ^[[1m^[[92m   Compiling^[[0m ref-cast-impl v1.0.27
portable	Test	2026-10-02T15:36:02.1447293Z ^[[1m^[[92m   Compiling^[[0m ordered-float v5.5.0
portable	Test	2026-10-02T15:36:02.3966839Z ^[[1m^[[92m   Compiling^[[0m serde_derive_internals v0.30.0
portable	Test	2026-10-02T15:36:02.5046715Z ^[[1m^[[92m   Compiling^[[0m raw-cpuid v11.6.0
portable	Test	2026-10-02T15:36:02.7096592Z ^[[1m^[[92m   Compiling^[[0m thread_local v1.1.10
portable	Test	2026-10-02T15:36:02.8847099Z ^[[1m^[[92m   Compiling^[[0m pulp-wasm-simd-flag v0.1.1
portable	Test	2026-10-02T15:36:02.9176863Z ^[[1m^[[92m   Compiling^[[0m nu-ansi-term v0.50.3
portable	Test	2026-10-02T15:36:03.0246765Z ^[[1m^[[92m   Compiling^[[0m byteorder-lite v0.1.0
portable	Test	2026-10-02T15:36:03.2182333Z ^[[1m^[[92m   Compiling^[[0m bytes v1.12.1
portable	Test	2026-10-02T15:36:03.2407146Z ^[[1m^[[92m   Compiling^[[0m color_quant v1.1.0
portable	Test	2026-10-02T15:36:03.2917026Z ^[[1m^[[92m   Compiling^[[0m reborrow v0.5.5
portable	Test	2026-10-02T15:36:03.3338651Z ^[[1m^[[92m   Compiling^[[0m gimli v0.32.3
portable	Test	2026-10-02T15:36:03.3737227Z ^[[1m^[[92m   Compiling^[[0m glow v0.17.0
portable	Test	2026-10-02T15:36:03.8596546Z ^[[1m^[[92m   Compiling^[[0m compression-core v0.4.32
portable	Test	2026-10-02T15:36:03.9468924Z ^[[1m^[[92m   Compiling^[[0m same-file v1.0.6
portable	Test	2026-10-02T15:36:04.0476717Z ^[[1m^[[92m   Compiling^[[0m renderdoc-sys v1.1.0
portable	Test	2026-10-02T15:36:04.1326763Z ^[[1m^[[92m   Compiling^[[0m walkdir v2.5.0
portable	Test	2026-10-02T15:36:04.4377364Z ^[[1m^[[92m   Compiling^[[0m pulp v0.22.3
portable	Test	2026-10-02T15:36:04.8175975Z ^[[1m^[[92m   Compiling^[[0m wgpu-hal v29.0.4
portable	Test	2026-10-02T15:36:05.3676579Z ^[[1m^[[92m   Compiling^[[0m phf_generator v0.13.1
portable	Test	2026-10-02T15:36:05.4906794Z ^[[1m^[[92m   Compiling^[[0m addr2line v0.25.1
portable	Test	2026-10-02T15:36:05.6806786Z ^[[1m^[[92m   Compiling^[[0m derive_more-impl v2.1.1
portable	Test	2026-10-02T15:36:05.7917220Z ^[[1m^[[92m   Compiling^[[0m compression-codecs v0.4.38
portable	Test	2026-10-02T15:36:06.0116741Z ^[[1m^[[92m   Compiling^[[0m http v1.5.0
portable	Test	2026-10-02T15:36:07.1157154Z ^[[1m^[[92m   Compiling^[[0m gif v0.14.2
portable	Test	2026-10-02T15:36:07.8446678Z ^[[1m^[[92m   Compiling^[[0m schemars_derive v1.2.2
portable	Test	2026-10-02T15:36:07.8869523Z ^[[1m^[[92m   Compiling^[[0m image-webp v0.2.4
portable	Test	2026-10-02T15:36:08.8217180Z ^[[1m^[[92m   Compiling^[[0m tracing-subscriber v0.3.23
portable	Test	2026-10-02T15:36:09.3516986Z ^[[1m^[[92m   Compiling^[[0m const-random-macro v0.1.16
portable	Test	2026-10-02T15:36:09.4956715Z ^[[1m^[[92m   Compiling^[[0m pin-project v1.1.13
portable	Test	2026-10-02T15:36:09.5377876Z ^[[1m^[[92m   Compiling^[[0m thiserror v1.0.69
portable	Test	2026-10-02T15:36:09.5653102Z ^[[1m^[[92m   Compiling^[[0m ref-cast v1.0.27
portable	Test	2026-10-02T15:36:09.5866825Z ^[[1m^[[92m   Compiling^[[0m read-fonts v0.41.0
portable	Test	2026-10-02T15:36:09.6066717Z ^[[1m^[[92m   Compiling^[[0m read-fonts v0.37.0
portable	Test	2026-10-02T15:36:10.5828355Z ^[[1m^[[92m   Compiling^[[0m inout v0.1.4
portable	Test	2026-10-02T15:36:10.6620001Z ^[[1m^[[92m   Compiling^[[0m atspi-common v0.13.0
portable	Test	2026-10-02T15:36:12.7576674Z ^[[1m^[[92m   Compiling^[[0m idna v1.1.0
portable	Test	2026-10-02T15:36:13.6316534Z ^[[1m^[[92m   Compiling^[[0m svgtypes v0.16.1
portable	Test	2026-10-02T15:36:15.5136370Z ^[[1m^[[92m   Compiling^[[0m tiny-skia v0.11.4
portable	Test	2026-10-02T15:36:17.1776759Z ^[[1m^[[92m   Compiling^[[0m object v0.37.3
portable	Test	2026-10-02T15:36:17.7827198Z ^[[1m^[[92m   Compiling^[[0m hash32 v0.3.1
portable	Test	2026-10-02T15:36:17.8657000Z ^[[1m^[[92m   Compiling^[[0m rayon v1.12.0
portable	Test	2026-10-02T15:36:19.2897109Z ^[[1m^[[92m   Compiling^[[0m gpui-pre-zlog v0.3.7
portable	Test	2026-10-02T15:36:19.9596741Z ^[[1m^[[92m   Compiling^[[0m wayland-protocols v0.32.13
portable	Test	2026-10-02T15:36:19.9694748Z ^[[1m^[[92m   Compiling^[[0m spin v0.9.9
portable	Test	2026-10-02T15:36:20.0956915Z ^[[1m^[[92m   Compiling^[[0m zune-inflate v0.2.54
portable	Test	2026-10-02T15:36:20.1016696Z ^[[1m^[[92m   Compiling^[[0m rgb v0.8.53
portable	Test	2026-10-02T15:36:20.3446766Z ^[[1m^[[92m   Compiling^[[0m roxmltree v0.21.1
portable	Test	2026-10-02T15:36:20.3886732Z ^[[1m^[[92m   Compiling^[[0m dyn-clone v1.0.20
portable	Test	2026-10-02T15:36:20.4627031Z ^[[1m^[[92m   Compiling^[[0m float_next_after v1.0.0
portable	Test	2026-10-02T15:36:20.5067201Z ^[[1m^[[92m   Compiling^[[0m xcursor v0.3.11
portable	Test	2026-10-02T15:36:20.5646771Z ^[[1m^[[92m   Compiling^[[0m pxfm v0.1.30
portable	Test	2026-10-02T15:36:20.8606786Z ^[[1m^[[92m   Compiling^[[0m rustc-demangle v0.1.28
portable	Test	2026-10-02T15:36:21.2046664Z ^[[1m^[[92m   Compiling^[[0m bit_field v0.10.3
portable	Test	2026-10-02T15:36:21.2907048Z ^[[1m^[[92m   Compiling^[[0m option-ext v0.2.0
portable	Test	2026-10-02T15:36:21.3047157Z ^[[1m^[[92m   Compiling^[[0m lebe v0.5.3
portable	Test	2026-10-02T15:36:21.3306664Z ^[[1m^[[92m   Compiling^[[0m fax v0.2.7
portable	Test	2026-10-02T15:36:21.4523544Z ^[[1m^[[92m   Compiling^[[0m smol_str v0.3.6
portable	Test	2026-10-02T15:36:21.5666632Z ^[[1m^[[92m   Compiling^[[0m ryu v1.0.23
portable	Test	2026-10-02T15:36:21.6406685Z ^[[1m^[[92m   Compiling^[[0m imagesize v0.14.0
portable	Test	2026-10-02T15:36:21.6927491Z ^[[1m^[[92m   Compiling^[[0m as-raw-xcb-connection v1.0.1
portable	Test	2026-10-02T15:36:21.7357278Z ^[[1m^[[92m   Compiling^[[0m serde_urlencoded v0.7.1
portable	Test	2026-10-02T15:36:21.9396675Z ^[[1m^[[92m   Compiling^[[0m usvg v0.46.0
portable	Test	2026-10-02T15:36:22.0576753Z ^[[1m^[[92m   Compiling^[[0m tiff v0.11.3
portable	Test	2026-10-02T15:36:23.9327196Z ^[[1m^[[92m   Compiling^[[0m moxcms v0.8.1
portable	Test	2026-10-02T15:36:24.5186520Z ^[[1m^[[92m   Compiling^[[0m exr v1.74.2
portable	Test	2026-10-02T15:36:25.8184665Z ^[[1m^[[92m   Compiling^[[0m dirs-sys v0.4.1
portable	Test	2026-10-02T15:36:26.0666782Z ^[[1m^[[92m   Compiling^[[0m backtrace v0.3.76
portable	Test	2026-10-02T15:36:27.8326934Z ^[[1m^[[92m   Compiling^[[0m lyon_tessellation v1.0.20
portable	Test	2026-10-02T15:36:27.9936622Z ^[[1m^[[92m   Compiling^[[0m schemars v1.2.2
portable	Test	2026-10-02T15:36:28.8407149Z ^[[1m^[[92m   Compiling^[[0m gpui-pre-ztracing v0.3.7
portable	Test	2026-10-02T15:36:28.8837194Z ^[[1m^[[92m   Compiling^[[0m flume v0.12.0
portable	Test	2026-10-02T15:36:28.9546679Z ^[[1m^[[92m   Compiling^[[0m heapless v0.9.3
portable	Test	2026-10-02T15:36:29.1406605Z ^[[1m^[[92m   Compiling^[[0m skrifa v0.44.0
portable	Test	2026-10-02T15:36:29.5656682Z ^[[1m^[[92m   Compiling^[[0m gpui-pre-perf v0.3.7
portable	Test	2026-10-02T15:36:29.8696552Z ^[[1m^[[92m   Compiling^[[0m url v2.5.8
portable	Test	2026-10-02T15:36:29.8786690Z ^[[1m^[[92m   Compiling^[[0m pathfinder_simd v0.5.6
portable	Test	2026-10-02T15:36:30.2938366Z ^[[1m^[[92m   Compiling^[[0m cipher v0.4.4
portable	Test	2026-10-02T15:36:30.4796620Z ^[[1m^[[92m   Compiling^[[0m const-random v0.1.18
portable	Test	2026-10-02T15:36:30.5161332Z ^[[1m^[[92m   Compiling^[[0m derive_more v2.1.1
portable	Test	2026-10-02T15:36:30.5876299Z ^[[1m^[[92m   Compiling^[[0m wgpu-core-deps-windows-linux-android v29.0.4
portable	Test	2026-10-02T15:36:30.6216897Z ^[[1m^[[92m   Compiling^[[0m http-body v1.1.0
portable	Test	2026-10-02T15:36:30.7126964Z ^[[1m^[[92m   Compiling^[[0m async-compression v0.4.43
portable	Test	2026-10-02T15:36:30.7246628Z ^[[1m^[[92m   Compiling^[[0m phf_macros v0.13.1
portable	Test	2026-10-02T15:36:30.9956940Z ^[[1m^[[92m   Compiling^[[0m lyon_algorithms v1.0.20
portable	Test	2026-10-02T15:36:31.3406689Z ^[[1m^[[92m   Compiling^[[0m num-iter v0.1.46
portable	Test	2026-10-02T15:36:31.4037243Z ^[[1m^[[92m   Compiling^[[0m num-bigint v0.4.8
portable	Test	2026-10-02T15:36:31.4566919Z ^[[1m^[[92m   Compiling^[[0m hmac v0.12.1
portable	Test	2026-10-02T15:36:31.5367151Z ^[[1m^[[92m   Compiling^[[0m strum_macros v0.28.0
portable	Test	2026-10-02T15:36:33.0326621Z ^[[1m^[[92m   Compiling^[[0m png v0.18.1
portable	Test	2026-10-02T15:36:33.6177199Z ^[[1m^[[92m   Compiling^[[0m gethostname v1.1.0
portable	Test	2026-10-02T15:36:33.6746585Z ^[[1m^[[92m   Compiling^[[0m qoi v0.4.1
portable	Test	2026-10-02T15:36:33.7326753Z ^[[1m^[[92m   Compiling^[[0m gpui-pre-derive-refineable v0.3.7
portable	Test	2026-10-02T15:36:33.8418187Z ^[[1m^[[92m   Compiling^[[0m crossbeam-queue v0.3.13
portable	Test	2026-10-02T15:36:33.9493370Z ^[[1m^[[92m   Compiling^[[0m atomic v0.5.3
portable	Test	2026-10-02T15:36:34.0666627Z ^[[1m^[[92m   Compiling^[[0m pollster v0.2.5
portable	Test	2026-10-02T15:36:34.1407217Z ^[[1m^[[92m   Compiling^[[0m zeno v0.3.3
portable	Test	2026-10-02T15:36:34.2626602Z ^[[1m^[[92m   Compiling^[[0m cpufeatures v0.2.17
portable	Test	2026-10-02T15:36:34.3007216Z ^[[1m^[[92m   Compiling^[[0m web-time v1.1.0
portable	Test	2026-10-02T15:36:34.3416612Z ^[[1m^[[92m   Compiling^[[0m x11rb-protocol v0.13.2
portable	Test	2026-10-02T15:36:34.3776654Z ^[[1m^[[92m   Compiling^[[0m svg_fmt v0.4.5
portable	Test	2026-10-02T15:36:34.5526966Z ^[[1m^[[92m   Compiling^[[0m yazi v0.2.1
portable	Test	2026-10-02T15:36:34.6407889Z ^[[1m^[[92m   Compiling^[[0m link-section v0.19.3
portable	Test	2026-10-02T15:36:34.7487163Z ^[[1m^[[92m   Compiling^[[0m fixedbitset v0.5.7
portable	Test	2026-10-02T15:36:34.8553317Z ^[[1m^[[92m   Compiling^[[0m swash v0.2.10
portable	Test	2026-10-02T15:36:35.0177117Z ^[[1m^[[92m   Compiling^[[0m futures-concurrency v7.7.1
portable	Test	2026-10-02T15:36:35.0706621Z ^[[1m^[[92m   Compiling^[[0m ctor v1.0.13
portable	Test	2026-10-02T15:36:35.1686733Z ^[[1m^[[92m   Compiling^[[0m etagere v0.2.15
portable	Test	2026-10-02T15:36:35.3957154Z ^[[1m^[[92m   Compiling^[[0m gpui-pre-scheduler v0.3.7
portable	Test	2026-10-02T15:36:36.6126834Z ^[[1m^[[92m   Compiling^[[0m gpui-pre-refineable v0.3.7
portable	Test	2026-10-02T15:36:36.6687882Z ^[[1m^[[92m   Compiling^[[0m postage v0.5.0
portable	Test	2026-10-02T15:36:37.0406662Z ^[[1m^[[92m   Compiling^[[0m image v0.25.10
portable	Test	2026-10-02T15:36:39.7876511Z ^[[1m^[[92m   Compiling^[[0m phf v0.13.1
portable	Test	2026-10-02T15:36:39.8976712Z ^[[1m^[[92m   Compiling^[[0m strum v0.28.0
portable	Test	2026-10-02T15:36:39.9540850Z ^[[1m^[[92m   Compiling^[[0m num-rational v0.4.2
portable	Test	2026-10-02T15:36:40.0276536Z ^[[1m^[[92m   Compiling^[[0m lyon v1.0.19
portable	Test	2026-10-02T15:36:40.0656715Z ^[[1m^[[92m   Compiling^[[0m gpui-pre-http-client v0.3.7
portable	Test	2026-10-02T15:36:40.6497098Z ^[[1m^[[92m   Compiling^[[0m wgpu-core v29.0.4
portable	Test	2026-10-02T15:36:40.7736427Z ^[[1m^[[92m   Compiling^[[0m ahash v0.8.12
portable	Test	2026-10-02T15:36:40.9376622Z ^[[1m^[[92m   Compiling^[[0m pathfinder_geometry v0.5.1
portable	Test	2026-10-02T15:36:41.1157094Z ^[[1m^[[92m   Compiling^[[0m gpui-pre-util-macros v0.3.7
portable	Test	2026-10-02T15:36:41.3896830Z ^[[1m^[[92m   Compiling^[[0m gpui-pre-sum-tree v0.3.7
portable	Test	2026-10-02T15:36:41.7686772Z ^[[1m^[[92m   Compiling^[[0m gpui-pre-shared-string v0.3.7
portable	Test	2026-10-02T15:36:41.8667487Z ^[[1m^[[92m   Compiling^[[0m dirs v5.0.1
portable	Test	2026-10-02T15:36:41.9376736Z ^[[1m^[[92m   Compiling^[[0m resvg v0.46.0
portable	Test	2026-10-02T15:36:43.6266830Z ^[[1m^[[92m   Compiling^[[0m skrifa v0.40.0
portable	Test	2026-10-02T15:36:47.4236610Z ^[[1m^[[92m   Compiling^[[0m x11rb v0.13.2
portable	Test	2026-10-02T15:36:48.5417097Z ^[[1m^[[92m   Compiling^[[0m harfrust v0.5.2
portable	Test	2026-10-02T15:36:49.5246948Z ^[[1m^[[92m   Compiling^[[0m atspi-proxies v0.13.0
portable	Test	2026-10-02T15:36:51.2403726Z ^[[1m^[[92m   Compiling^[[0m freetype-sys v0.20.1
portable	Test	2026-10-02T15:36:51.4296809Z ^[[1m^[[92m   Compiling^[[0m yeslogic-fontconfig-sys v6.0.1
portable	Test	2026-10-02T15:36:51.5123820Z ^[[1m^[[92m   Compiling^[[0m regex v1.13.1
portable	Test	2026-10-02T15:36:51.9646839Z ^[[1m^[[92m   Compiling^[[0m accesskit_consumer v0.38.0
portable	Test	2026-10-02T15:36:52.4937159Z ^[[1m^[[92m   Compiling^[[0m itertools v0.14.0
portable	Test	2026-10-02T15:36:53.1846488Z ^[[1m^[[92m   Compiling^[[0m gpui-pre-macros v0.3.7
portable	Test	2026-10-02T15:36:53.3986964Z ^[[1m^[[92m   Compiling^[[0m taffy v0.13.0
portable	Test	2026-10-02T15:36:53.8906932Z ^[[1m^[[92m   Compiling^[[0m async-fs v2.2.0
portable	Test	2026-10-02T15:36:54.1056967Z ^[[1m^[[92m   Compiling^[[0m spin v0.10.1
portable	Test	2026-10-02T15:36:54.2416636Z ^[[1m^[[92m   Compiling^[[0m is-docker v0.2.0
portable	Test	2026-10-02T15:36:54.3522194Z ^[[1m^[[92m   Compiling^[[0m num_cpus v1.17.0
portable	Test	2026-10-02T15:36:54.4287250Z ^[[1m^[[92m   Compiling^[[0m encoding_rs v0.8.35
portable	Test	2026-10-02T15:36:54.6936596Z ^[[1m^[[92m   Compiling^[[0m inventory v0.3.24
portable	Test	2026-10-02T15:36:54.7466837Z ^[[1m^[[92m   Compiling^[[0m unicode-linebreak v0.1.5
portable	Test	2026-10-02T15:36:54.9366599Z ^[[1m^[[92m   Compiling^[[0m pollster v0.4.0
portable	Test	2026-10-02T15:36:54.9616728Z ^[[1m^[[92m   Compiling^[[0m float-ord v0.3.2
portable	Test	2026-10-02T15:36:55.0147131Z ^[[1m^[[92m   Compiling^[[0m rangemap v1.8.0
portable	Test	2026-10-02T15:36:55.0206714Z ^[[1m^[[92m   Compiling^[[0m waker-fn v1.2.0
portable	Test	2026-10-02T15:36:55.0666862Z ^[[1m^[[92m   Compiling^[[0m linebender_resource_handle v0.1.1
portable	Test	2026-10-02T15:36:55.1278294Z ^[[1m^[[92m   Compiling^[[0m self_cell v1.3.0
portable	Test	2026-10-02T15:36:55.1876879Z ^[[1m^[[92m   Compiling^[[0m seahash v4.1.0
portable	Test	2026-10-02T15:36:55.2116734Z ^[[1m^[[92m   Compiling^[[0m sys-locale v0.3.2
portable	Test	2026-10-02T15:36:55.2633541Z ^[[1m^[[92m   Compiling^[[0m gpui-pre v0.3.7
portable	Test	2026-10-02T15:36:55.2941559Z ^[[1m^[[92m   Compiling^[[0m cosmic-text v0.19.0
portable	Test	2026-10-02T15:36:55.3266759Z ^[[1m^[[92m   Compiling^[[0m zed-font-kit v0.14.1-zed
portable	Test	2026-10-02T15:36:56.2596813Z ^[[1m^[[92m   Compiling^[[0m xim-ctext v0.3.0
portable	Test	2026-10-02T15:36:56.3286664Z ^[[1m^[[92m   Compiling^[[0m is-wsl v0.4.0
portable	Test	2026-10-02T15:36:56.3407088Z ^[[1m^[[92m   Compiling^[[0m accesskit_atspi_common v0.19.1
portable	Test	2026-10-02T15:36:56.4087074Z ^[[1m^[[92m   Compiling^[[0m atspi v0.29.0
portable	Test	2026-10-02T15:36:56.4606773Z ^[[1m^[[92m   Compiling^[[0m wgpu v29.0.4
portable	Test	2026-10-02T15:36:57.5056767Z ^[[1m^[[92m   Compiling^[[0m num v0.4.3
portable	Test	2026-10-02T15:36:57.5426493Z ^[[1m^[[92m   Compiling^[[0m xim-parser v0.2.2
portable	Test	2026-10-02T15:36:58.5206678Z ^[[1m^[[92m   Compiling^[[0m num-bigint-dig v0.9.1
portable	Test	2026-10-02T15:36:58.6397103Z ^[[1m^[[92m   Compiling^[[0m sha2 v0.10.9
portable	Test	2026-10-02T15:36:58.9931357Z ^[[1m^[[92m   Compiling^[[0m aes v0.8.4
portable	Test	2026-10-02T15:36:59.5306562Z ^[[1m^[[92m   Compiling^[[0m hkdf v0.12.4
portable	Test	2026-10-02T15:36:59.6186600Z ^[[1m^[[92m   Compiling^[[0m pbkdf2 v0.12.2
portable	Test	2026-10-02T15:36:59.6712072Z ^[[1m^[[92m   Compiling^[[0m cbc v0.1.2
portable	Test	2026-10-02T15:36:59.7326683Z ^[[1m^[[92m   Compiling^[[0m ashpd v0.13.13
portable	Test	2026-10-02T15:36:59.7520161Z ^[[1m^[[92m   Compiling^[[0m md-5 v0.10.6
portable	Test	2026-10-02T15:36:59.8357121Z ^[[1m^[[92m   Compiling^[[0m async-net v2.0.0
portable	Test	2026-10-02T15:37:00.4177022Z ^[[1m^[[92m   Compiling^[[0m calloop v0.14.4
portable	Test	2026-10-02T15:37:00.5956652Z ^[[1m^[[92m   Compiling^[[0m kurbo v0.11.3
portable	Test	2026-10-02T15:37:01.1736733Z ^[[1m^[[92m   Compiling^[[0m hashbrown v0.14.5
portable	Test	2026-10-02T15:37:01.6776852Z ^[[1m^[[92m   Compiling^[[0m xkeysym v0.2.1
portable	Test	2026-10-02T15:37:02.1226667Z ^[[1m^[[92m   Compiling^[[0m bit-vec v0.8.0
portable	Test	2026-10-02T15:37:02.2956551Z ^[[1m^[[92m   Compiling^[[0m xkbcommon v0.8.0
portable	Test	2026-10-02T15:37:02.4056673Z ^[[1m^[[92m   Compiling^[[0m bit-set v0.8.0
portable	Test	2026-10-02T15:37:02.5096685Z ^[[1m^[[92m   Compiling^[[0m zed-xim v0.4.0-zed
portable	Test	2026-10-02T15:37:02.5556772Z ^[[1m^[[92m   Compiling^[[0m oo7 v0.6.0
portable	Test	2026-10-02T15:37:02.7036644Z ^[[1m^[[92m   Compiling^[[0m svgtypes v0.15.3
portable	Test	2026-10-02T15:37:03.3317634Z ^[[1m^[[92m   Compiling^[[0m calloop-wayland-source v0.4.1
portable	Test	2026-10-02T15:37:03.3416980Z ^[[1m^[[92m   Compiling^[[0m smol v2.0.2
portable	Test	2026-10-02T15:37:03.4047020Z ^[[1m^[[92m   Compiling^[[0m accesskit_unix v0.22.1
portable	Test	2026-10-02T15:37:03.6239097Z ^[[1m^[[92m   Compiling^[[0m open v5.4.4
portable	Test	2026-10-02T15:37:03.8155974Z ^[[1m^[[92m   Compiling^[[0m inotify-sys v0.1.8
portable	Test	2026-10-02T15:37:03.8717078Z ^[[1m^[[92m   Compiling^[[0m x11-clipboard v0.9.3
portable	Test	2026-10-02T15:37:04.6266864Z ^[[1m^[[92m   Compiling^[[0m wayland-protocols-plasma v0.3.12
portable	Test	2026-10-02T15:37:06.0296776Z ^[[1m^[[92m   Compiling^[[0m wayland-protocols-wlr v0.3.12
portable	Test	2026-10-02T15:37:07.5876754Z ^[[1m^[[92m   Compiling^[[0m wayland-cursor v0.31.14
portable	Test	2026-10-02T15:37:07.7986587Z ^[[1m^[[92m   Compiling^[[0m filedescriptor v0.8.3
portable	Test	2026-10-02T15:37:07.9367410Z ^[[1m^[[92m   Compiling^[[0m notify-rust v4.18.0
portable	Test	2026-10-02T15:37:08.1727296Z ^[[1m^[[92m   Compiling^[[0m serde_spanned v0.6.9
portable	Test	2026-10-02T15:37:08.2467216Z ^[[1m^[[92m   Compiling^[[0m toml_datetime v0.6.11
portable	Test	2026-10-02T15:37:08.4667157Z ^[[1m^[[92m   Compiling^[[0m toml_write v0.1.2
portable	Test	2026-10-02T15:37:08.6094780Z ^[[1m^[[92m   Compiling^[[0m winnow v0.7.15
portable	Test	2026-10-02T15:37:09.7696897Z ^[[1m^[[92m   Compiling^[[0m imagesize v0.13.0
portable	Test	2026-10-02T15:37:10.1556646Z ^[[1m^[[92m   Compiling^[[0m linked-hash-map v0.5.6
portable	Test	2026-10-02T15:37:10.2847985Z ^[[1m^[[92m   Compiling^[[0m gpui-pre-wgpu v0.3.7
portable	Test	2026-10-02T15:37:10.3606765Z ^[[1m^[[92m   Compiling^[[0m yaml-rust v0.4.5
portable	Test	2026-10-02T15:37:10.4827437Z ^[[1m^[[92m   Compiling^[[0m toml_edit v0.22.27
portable	Test	2026-10-02T15:37:11.1856235Z ^[[1m^[[92m   Compiling^[[0m gpui-pre-linux v0.3.7
portable	Test	2026-10-02T15:37:12.7076832Z ^[[1m^[[92m   Compiling^[[0m usvg v0.45.1
portable	Test	2026-10-02T15:37:14.3867191Z ^[[1m^[[92m   Compiling^[[0m inotify v0.11.5
portable	Test	2026-10-02T15:37:14.8097007Z ^[[1m^[[92m   Compiling^[[0m smartstring v1.0.1
portable	Test	2026-10-02T15:37:15.0076647Z ^[[1m^[[92m   Compiling^[[0m fancy-regex v0.16.2
portable	Test	2026-10-02T15:37:16.1116567Z ^[[1m^[[92m   Compiling^[[0m bincode v1.3.3
portable	Test	2026-10-02T15:37:16.4406661Z ^[[1m^[[92m   Compiling^[[0m rhai_codegen v3.2.0
portable	Test	2026-10-02T15:37:16.4757061Z ^[[1m^[[92m   Compiling^[[0m mio v1.2.2
portable	Test	2026-10-02T15:37:16.7302840Z ^[[1m^[[92m   Compiling^[[0m notify-types v2.1.0
portable	Test	2026-10-02T15:37:17.0026989Z ^[[1m^[[92m   Compiling^[[0m thin-vec v0.2.19
portable	Test	2026-10-02T15:37:17.2096718Z ^[[1m^[[92m   Compiling^[[0m jiff-core v0.1.0
portable	Test	2026-10-02T15:37:17.5186814Z ^[[1m^[[92m   Compiling^[[0m fnv v1.0.7
portable	Test	2026-10-02T15:37:17.5626712Z ^[[1m^[[92m   Compiling^[[0m syntect v5.3.0
portable	Test	2026-10-02T15:37:18.4987119Z ^[[1m^[[92m   Compiling^[[0m jiff v0.2.35
portable	Test	2026-10-02T15:37:20.6656898Z ^[[1m^[[92m   Compiling^[[0m rhai v1.26.0
portable	Test	2026-10-02T15:37:22.6087013Z ^[[1m^[[92m   Compiling^[[0m notify v8.2.0
portable	Test	2026-10-02T15:37:23.9136997Z ^[[1m^[[92m   Compiling^[[0m gpui-pre-platform v0.3.7
portable	Test	2026-10-02T15:37:24.2176592Z ^[[1m^[[92m   Compiling^[[0m resvg v0.45.1
portable	Test	2026-10-02T15:37:24.8376732Z ^[[1m^[[92m   Compiling^[[0m toml v0.8.23
portable	Test	2026-10-02T15:37:25.5486731Z ^[[1m^[[92m   Compiling^[[0m similar v3.2.0
portable	Test	2026-10-02T15:37:28.0186783Z ^[[1m^[[92m   Compiling^[[0m semver v1.0.28
portable	Test	2026-10-02T15:37:28.1889026Z ^[[1m^[[92m   Compiling^[[0m tempfile v3.27.0
portable	Test	2026-10-02T15:37:28.3046607Z ^[[1m^[[92m   Compiling^[[0m utf8parse v0.2.2
portable	Test	2026-10-02T15:37:28.3576708Z ^[[1m^[[92m   Compiling^[[0m anstyle-parse v1.0.0
portable	Test	2026-10-02T15:37:28.4787214Z ^[[1m^[[92m   Compiling^[[0m anstyle v1.0.14
portable	Test	2026-10-02T15:37:28.6253589Z ^[[1m^[[92m   Compiling^[[0m anstyle-query v1.1.5
portable	Test	2026-10-02T15:37:28.6426817Z ^[[1m^[[92m   Compiling^[[0m is_terminal_polyfill v1.70.2
portable	Test	2026-10-02T15:37:28.6783828Z ^[[1m^[[92m   Compiling^[[0m colorchoice v1.0.5
portable	Test	2026-10-02T15:37:28.6836269Z ^[[1m^[[92m   Compiling^[[0m clap_lex v1.1.0
portable	Test	2026-10-02T15:37:28.6886884Z ^[[1m^[[92m   Compiling^[[0m strsim v0.11.1
portable	Test	2026-10-02T15:37:28.7307078Z ^[[1m^[[92m   Compiling^[[0m anstream v1.0.0
portable	Test	2026-10-02T15:37:28.8517259Z ^[[1m^[[92m   Compiling^[[0m clap_derive v4.6.4
portable	Test	2026-10-02T15:37:29.0076672Z ^[[1m^[[92m   Compiling^[[0m clap_builder v4.6.6
portable	Test	2026-10-02T15:37:29.0277040Z ^[[1m^[[92m   Compiling^[[0m gpui-rhai-registry v0.1.8 (/home/runner/work/gpui-rhai/gpui-rhai/registry)
portable	Test	2026-10-02T15:37:30.6402508Z ^[[1m^[[92m   Compiling^[[0m clap v4.6.6
portable	Test	2026-10-02T15:37:32.1314361Z ^[[1m^[[92m   Compiling^[[0m gpui-rhai v0.1.8 (/home/runner/work/gpui-rhai/gpui-rhai/crates/gpui-rhai)
portable	Test	2026-10-02T15:37:47.8489390Z ^[[1m^[[92m   Compiling^[[0m gpui-rhai-cli v0.1.8 (/home/runner/work/gpui-rhai/gpui-rhai/crates/gpui-rhai-cli)
portable	Test	2026-10-02T15:39:39.0997921Z ^[[1m^[[92m    Finished^[[0m `test` profile [unoptimized + debuginfo] target(s) in 4m 26s
portable	Test	2026-10-02T15:39:40.4889739Z ^[[1m^[[92m     Running^[[0m unittests src/lib.rs (target/debug/deps/gpui_rhai-ad4ccf64dc3f12e8)
portable	Test	2026-10-02T15:39:40.5010485Z 
portable	Test	2026-10-02T15:39:40.5010906Z running 503 tests
portable	Test	2026-10-02T15:39:40.5221989Z test accessibility::tests::committed_frame_rejects_unknown_native_roles_before_presentation ... ok
portable	Test	2026-10-02T15:39:40.5227919Z test accessibility::tests::semantic_tree_preserves_pressed_expanded_orientation_and_range_values ... ok
portable	Test	2026-10-02T15:39:40.5229115Z test accessibility::tests::semantic_descendant_inherits_nearest_realized_geometry ... ok
portable	Test	2026-10-02T15:39:40.5230163Z test accessibility::tests::presented_tree_excludes_retained_but_unpainted_subtrees ... ok
portable	Test	2026-10-02T15:39:40.5231073Z test action::tests::key_bindings_validate_and_convert_to_gpui ... ok
portable	Test	2026-10-02T15:39:40.5232018Z test accessibility::tests::semantic_tree_flattens_layout_and_resolves_label_relationships ... ok
portable	Test	2026-10-02T15:39:41.5806551Z test action::tests::disabled_actions_do_not_dispatch ... ok
portable	Test	2026-10-02T15:39:41.5836257Z test app::tests::embedded_font_sources_are_validated_and_retained_for_mount ... ok
portable	Test	2026-10-02T15:39:41.5954597Z test app::tests::embedded_runtime_clock_is_installed_before_initial_render ... ok
portable	Test	2026-10-02T15:39:41.5956787Z test app::tests::error_banner_policy_defaults_on_and_can_be_disabled ... ok
portable	Test	2026-10-02T15:39:41.5967039Z test app::tests::embedded_host_theme_overrides_cover_primary_and_additional_variants ... ok
portable	Test	2026-10-02T15:39:41.6012301Z test app::tests::embedded_asset_sources_match_file_provider_namespace ... ok
portable	Test	2026-10-02T15:39:41.6018157Z test app::tests::declared_component_assets_preload_and_render_without_lifecycle_io ... ok
portable	Test	2026-10-02T15:39:41.6198549Z test app::tests::initial_mount_failure_returns_a_structured_root_diagnostic ... ok
portable	Test	2026-10-02T15:39:41.6199941Z test app::tests::missing_entry_has_path_aware_error ... ok
portable	Test	2026-10-02T15:39:41.6204052Z test app::tests::motion_frame_freezes_only_events_present_at_its_sample_boundary ... ok
portable	Test	2026-10-02T15:39:41.6205622Z test app::tests::pointer_callback_return_controls_gpui_propagation ... ok
portable	Test	2026-10-02T15:39:41.6241980Z test app::tests::missing_declared_component_asset_fails_preparation ... ok
portable	Test	2026-10-02T15:39:41.6427652Z test app::tests::prepare_resolves_copied_component_modules ... ok
portable	Test	2026-10-02T15:39:41.6438747Z test app::tests::reduced_motion_environment_values_are_normalized ... ok
portable	Test	2026-10-02T15:39:41.6442596Z test app::tests::retained_descendant_resolves_nearest_scroll_ancestor ... ok
portable	Test	2026-10-02T15:39:41.6464108Z test app::tests::prepared_view_starts_engine_and_lifecycle_on_mount ... ok
portable	Test	2026-10-02T15:39:41.6494992Z test app::tests::file_and_embedded_apps_produce_equivalent_locale_asset_tree ... ok
portable	Test	2026-10-02T15:39:41.6520395Z test app::tests::file_view_applies_the_validated_component_stylesheet ... ok
portable	Test	2026-10-02T15:39:41.6652137Z test app::tests::script_window_api_queues_open_and_installs_close_confirmation_handler ... ok
portable	Test	2026-10-02T15:39:41.6676460Z test app::tests::script_registered_semantic_action_dispatches_generation_bound_callback ... ok
portable	Test	2026-10-02T15:39:41.6757032Z test app::tests::startup_rejects_manifest_capabilities_missing_from_host ... ok
portable	Test	2026-10-02T15:39:41.6786244Z test app::tests::structured_script_error_keeps_human_display_separate_from_diagnostic ... ok
portable	Test	2026-10-02T15:39:41.6796817Z test asset::tests::logical_ids_reject_urls_and_traversal ... ok
portable	Test	2026-10-02T15:39:41.6801831Z test asset::tests::namespace_refresh_preserves_handle_and_replaces_cached_bytes ... ok
portable	Test	2026-10-02T15:39:41.6803102Z test asset::tests::provider_images_are_cached_behind_opaque_handles ... ok
portable	Test	2026-10-02T15:39:41.6807630Z test asset::tests::raster_decode_delivers_handle_on_foreground_drain ... ok
portable	Test	2026-10-02T15:39:41.6812010Z test asset::tests::rejected_duplicate_provider_keeps_uncached_assets_from_the_original ... ok
portable	Test	2026-10-02T15:39:41.6822486Z test asset::tests::svg_current_color_uses_external_default_without_overriding_local_color ... ok
portable	Test	2026-10-02T15:39:41.6837109Z test asset::tests::svg_raster_adapter_preserves_fixed_color_gradient_and_semantic_alpha ... ok
portable	Test	2026-10-02T15:39:41.6841468Z test asset::tests::svg_variant_cache_is_lru_bounded_and_observable ... ok
portable	Test	2026-10-02T15:39:41.6845625Z test asset::tests::transaction_rollback_restores_a_cancelled_decode_registration ... ok
portable	Test	2026-10-02T15:39:41.6849427Z test app::tests::theme_handle_state_only_advances_for_an_effective_theme_change ... ok
portable	Test	2026-10-02T15:39:41.6859991Z test async_runtime::tests::async_error_payload_is_always_bounded_utf8 ... ok
portable	Test	2026-10-02T15:39:41.6872170Z test asset::tests::canceled_and_stale_image_decodes_do_not_deliver ... ok
portable	Test	2026-10-02T15:39:41.7039594Z test async_runtime::tests::exact_effect_activation_cancellation_preserves_replacement_work ... ok
portable	Test	2026-10-02T15:39:41.7071204Z test async_runtime::tests::cancellation_wakes_a_blocked_lossless_producer ... ok
portable	Test	2026-10-02T15:39:41.7115783Z test app::tests::secondary_window_engine_restores_compiled_component_exports ... ok
portable	Test	2026-10-02T15:39:41.7131025Z test async_runtime::tests::rhai_delivery_preflight_matches_recursive_engine_limits ... ok
portable	Test	2026-10-02T15:39:41.7229206Z test async_runtime::tests::canceled_and_stale_tasks_never_deliver ... ok
portable	Test	2026-10-02T15:39:41.7257179Z test async_runtime::tests::producer_close_and_registry_drop_report_first_close_reason ... ok
portable	Test	2026-10-02T15:39:41.7299573Z test async_runtime::tests::stale_generation_discards_buffer_and_reclaims_subscription ... ok
portable	Test	2026-10-02T15:39:41.7407034Z test async_runtime::tests::subscription_defaults_to_bounded_ordered_delivery ... ok
portable	Test	2026-10-02T15:39:41.7470910Z test async_runtime::tests::task_cancellation_is_reversible_until_transaction_commit ... ok
portable	Test	2026-10-02T15:39:41.7505709Z test async_runtime::tests::task_completion_delivers_on_foreground_drain ... ok
portable	Test	2026-10-02T15:39:41.7621478Z test async_runtime::tests::window_and_component_scope_cancellation_preserves_app_tasks ... ok
portable	Test	2026-10-02T15:39:41.7626547Z test automation::tests::json_lines_protocol_correlates_success_and_errors ... ok
portable	Test	2026-10-02T15:39:41.7630686Z test automation::tests::locators_require_one_unambiguous_semantic_node ... ok
portable	Test	2026-10-02T15:39:41.7685179Z test backend::tests::grain_harness_checks_values_and_records_diagnostic_blocker ... ok
portable	Test	2026-10-02T15:39:41.7690891Z test async_runtime::tests::task_panic_becomes_an_error_delivery_and_releases_the_entry ... ok
portable	Test	2026-10-02T15:39:41.7695547Z test budget::tests::default_budgets_are_valid_and_limits_are_inclusive ... ok
portable	Test	2026-10-02T15:39:41.7696857Z test canvas::tests::path_sampling_uses_arc_length_and_morph_requires_matching_topology ... ok
portable	Test	2026-10-02T15:39:41.7701221Z test canvas::tests::presented_hit_testing_tracks_morph_trim_and_non_scaling_stroke ... ok
portable	Test	2026-10-02T15:39:41.7706266Z test canvas::tests::scene_hit_testing_uses_reverse_paint_order_and_path_geometry ... ok
portable	Test	2026-10-02T15:39:41.7726130Z test canvas::tests::scene_rejects_duplicate_keys ... ok
portable	Test	2026-10-02T15:39:41.7727310Z test capability::tests::async_handler_builds_validated_worker_without_moving_rhai_callbacks ... ok
portable	Test	2026-10-02T15:39:41.7732790Z test capability::tests::manifest_controls_capability_access_and_versions ... ok
portable	Test	2026-10-02T15:39:41.7736545Z test capability::tests::manifest_must_cover_component_capability_requirements ... ok
portable	Test	2026-10-02T15:39:41.7740689Z test capability::tests::output_is_validated_even_for_rust_handlers ... ok
portable	Test	2026-10-02T15:39:41.7745179Z test chart::data::tests::concurrent_appends_retry_without_losing_a_committed_revision ... ok
portable	Test	2026-10-02T15:39:41.7746754Z test chart::data::tests::inferred_columns_are_typed_columnar_and_keyed ... ok
portable	Test	2026-10-02T15:39:41.7751788Z test chart::data::tests::invalid_streaming_candidate_does_not_advance_revision ... ok
portable	Test	2026-10-02T15:39:41.7756428Z test chart::data::tests::streaming_updates_are_atomic_revisioned_and_sliding ... ok
portable	Test	2026-10-02T15:39:41.7769654Z test chart::data::tests::unkeyed_data_uses_content_scoped_whole_series_identity ... ok
portable	Test	2026-10-02T15:39:41.7774581Z test chart::export::tests::export_and_layout_share_theme_typography ... ok
portable	Test	2026-10-02T15:39:41.7781426Z test chart::export::tests::selected_business_key_does_not_style_the_legend_control ... ok
portable	Test	2026-10-02T15:39:41.7786617Z test canvas::tests::script_paths_are_typed_transformed_clipped_and_budgeted_by_segments ... ok
portable	Test	2026-10-02T15:39:41.7791316Z test chart::extension::tests::host_formatter_registry_is_typed_and_duplicate_safe ... ok
portable	Test	2026-10-02T15:39:41.7800712Z test chart::geo::tests::geojson_maps_parse_project_and_hit_test ... ok
portable	Test	2026-10-02T15:39:41.7804830Z test chart::geo::tests::svg_map_paths_keep_ids_and_curves_become_hit_testable_polygons ... ok
portable	Test	2026-10-02T15:39:41.7806506Z test chart::primitive::tests::linked_domain_round_trip_is_independent_of_chart_size_and_full_domain ... ok
portable	Test	2026-10-02T15:39:41.7810968Z test chart::primitive::tests::typed_viewport_round_trips_without_collapsing_axis_windows ... ok
portable	Test	2026-10-02T15:39:41.7814834Z test chart::scale::tests::categories_occupy_band_centers_and_reject_duplicates ... ok
portable	Test	2026-10-02T15:39:41.7819614Z test chart::scale::tests::continuous_mapping_inverts_and_reversal_is_explicit ... ok
portable	Test	2026-10-02T15:39:41.7820976Z test chart::scale::tests::time_ticks_use_the_explicit_timezone_and_reject_unknown_iana_names ... ok
portable	Test	2026-10-02T15:39:41.7827109Z test chart::scene::tests::bar_scene_uses_stable_original_keys_for_hit_testing_and_semantics ... ok
portable	Test	2026-10-02T15:39:41.7850389Z test chart::scene::tests::complete_builtin_series_matrix_produces_real_scene_geometry ... ok
portable	Test	2026-10-02T15:39:41.7856530Z test chart::scene::tests::pie_scene_produces_distinct_keyed_sector_geometry ... ok
portable	Test	2026-10-02T15:39:41.7860978Z test chart::scene::tests::sampled_motion_scene_is_the_hit_test_scene ... ok
portable	Test	2026-10-02T15:39:41.7865854Z test chart::spec::tests::blank_titles_are_absent_and_wheel_zoom_defaults_to_modifier ... ok
portable	Test	2026-10-02T15:39:41.7867157Z test chart::spec::tests::coordinate_and_channel_mismatches_fail_before_scene_install ... ok
portable	Test	2026-10-02T15:39:41.7871889Z test chart::spec::tests::mixed_series_and_named_regions_validate_as_one_scene ... ok
portable	Test	2026-10-02T15:39:41.7876356Z test chart::spec::tests::timezones_require_explicit_unambiguous_contracts ... ok
portable	Test	2026-10-02T15:39:41.7915584Z test chart::transform::tests::lttb_collapses_null_runs_and_respects_the_total_budget ... ok
portable	Test	2026-10-02T15:39:41.7979060Z test chart::transform::tests::lttb_preserves_first_last_and_original_datum_keys ... ok
portable	Test	2026-10-02T15:39:41.7980348Z test async_runtime::tests::online_schema_rejection_formats_only_the_first_issue ... ok
portable	Test	2026-10-02T15:39:41.7984500Z test clock::tests::manual_clock_is_shared_and_monotonic_by_host_policy ... ok
portable	Test	2026-10-02T15:39:41.7989488Z test chart::transform::tests::transform_failure_keeps_the_input_immutable ... ok
portable	Test	2026-10-02T15:39:41.7993858Z test collection_projection::tests::outline_projection_is_stable_and_rejects_cycles ... ok
portable	Test	2026-10-02T15:39:41.7998735Z test collection_projection::tests::stable_grouping_preserves_first_group_and_item_order ... ok
portable	Test	2026-10-02T15:39:41.8001552Z test async_runtime::tests::subscription_throttles_to_latest_value_and_cancels ... ok
portable	Test	2026-10-02T15:39:41.8012867Z test column_resize::tests::intrinsic_measurement_is_a_keyed_lifecycle_primitive ... ok
portable	Test	2026-10-02T15:39:41.8021858Z test column_resize::tests::realized_measurements_replace_and_unmount_without_retaining_stale_maxima ... ok
portable	Test	2026-10-02T15:39:41.8027337Z test column_resize::tests::resize_event_uses_a_fixed_width_descriptor ... ok
portable	Test	2026-10-02T15:39:41.8041303Z test collection_projection::tests::collapsed_outline_still_enforces_global_depth_limit ... ok
portable	Test	2026-10-02T15:39:41.8048932Z test column_resize::tests::width_delta_and_clamping_follow_text_direction ... ok
portable	Test	2026-10-02T15:39:41.8050203Z test component::tests::component_assets_are_safe_and_part_of_header_identity ... ok
portable	Test	2026-10-02T15:39:41.8054540Z test component::tests::component_collector_is_idempotent_and_rejects_conflicts ... ok
portable	Test	2026-10-02T15:39:41.8060596Z test component::tests::component_reuse_equality_is_conservative_for_nested_nodes ... ok
portable	Test	2026-10-02T15:39:41.8064847Z test component::tests::component_header_is_machine_readable ... ok
portable	Test	2026-10-02T15:39:41.8071854Z test component::tests::header_and_exported_metadata_must_match ... ok
portable	Test	2026-10-02T15:39:41.8086492Z test component::tests::invalid_nested_schema_definition_is_rejected_at_export ... ok
portable	Test	2026-10-02T15:39:41.8091187Z test component::tests::component_schema_round_trips_for_tooling ... ok
portable	Test	2026-10-02T15:39:41.8115935Z test component::tests::invocation_applies_defaults_and_rejects_unknown_props ... ok
portable	Test	2026-10-02T15:39:41.8121280Z test component::tests::invocation_normalizes_data_style_and_callback_props_for_retention ... ok
portable	Test	2026-10-02T15:39:41.8122572Z test component::tests::registry_resolves_dependencies_first ... ok
portable	Test	2026-10-02T15:39:41.8127629Z test component::tests::standard_style_props_are_typed_and_reject_unknown_parts ... ok
portable	Test	2026-10-02T15:39:41.8132220Z test component::tests::stateful_components_require_keys ... ok
portable	Test	2026-10-02T15:39:41.8137463Z test component::tests::invocation_rejects_anonymous_retained_callback_props ... ok
portable	Test	2026-10-02T15:39:41.8202326Z test component_styles::tests::source_decodes_typed_styles_and_validates_parts ... ok
portable	Test	2026-10-02T15:39:41.8236416Z test component_styles::tests::source_rejects_unknown_components_parts_and_non_styles ... ok
portable	Test	2026-10-02T15:39:41.8241141Z test context::tests::event_mutations_are_batched ... ok
portable	Test	2026-10-02T15:39:41.8266179Z test context::tests::event_target_bounds_are_untracked_and_event_only ... ok
portable	Test	2026-10-02T15:39:41.8397532Z test component_styles::tests::stylesheet_precedes_instance_overrides_during_component_render ... ok
portable	Test	2026-10-02T15:39:41.8406199Z test context::tests::focus_by_ref_key_queues_a_window_scoped_retained_command ... ok
portable	Test	2026-10-02T15:39:41.8407439Z test context::tests::host_can_register_a_new_native_collection_after_mount ... ok
portable	Test	2026-10-02T15:39:41.8411571Z test context::tests::host_motion_preference_changes_without_replacing_runtime_state ... ok
portable	Test	2026-10-02T15:39:41.8465688Z test context::tests::first_native_appearance_replaces_dark_fallback_and_invalidates_render_readers_once ... ok
portable	Test	2026-10-02T15:39:41.8475840Z test context::tests::presentation_geometry_and_capture_are_isolated_per_view ... ok
portable	Test	2026-10-02T15:39:41.8519957Z test context::tests::locale_and_viewport_reads_register_exact_component_dependencies ... ok
portable	Test	2026-10-02T15:39:41.8635655Z test context::tests::receiver_subscription_forwards_external_values_until_sender_drop ... ok
portable	Test	2026-10-02T15:39:41.8639866Z test context::tests::render_context_rejects_mutation ... ok
portable	Test	2026-10-02T15:39:41.8643825Z test context::tests::render_signal_reads_disable_component_reuse ... ok
portable	Test	2026-10-02T15:39:41.8663705Z test context::tests::receiver_subscription_waits_for_lossless_capacity_without_ending_the_stream ... ok
portable	Test	2026-10-02T15:39:41.8759667Z test context::tests::returning_subscription_work_closes_external_emitters_with_reason ... ok
portable	Test	2026-10-02T15:39:41.8828882Z test context::tests::runtime_transaction_rollback_restores_cancelled_subscription ... ok
portable	Test	2026-10-02T15:39:41.8840209Z test context::tests::script_reads_fixed_today_calendar_and_locale_formatters ... ok
portable	Test	2026-10-02T15:39:41.8989526Z test context::tests::scripts_receive_restricted_context_without_gpui_types ... ok
portable	Test	2026-10-02T15:39:41.9041715Z test context::tests::script_theme_switch_preserves_component_state_and_ast_generation ... ok
portable	Test	2026-10-02T15:39:41.9216258Z test context::tests::scripts_use_bounded_nested_and_keyed_store_paths ... ok
portable	Test	2026-10-02T15:39:41.9246412Z test context::tests::structural_store_paths_invalidate_executable_owner_not_synthetic_scope ... ok
portable	Test	2026-10-02T15:39:41.9276383Z test context::tests::semantic_event_and_action_traces_never_retain_payload_values ... ok
portable	Test	2026-10-02T15:39:41.9317951Z test context::tests::timeline_handles_cannot_cross_view_contexts ... ok
portable	Test	2026-10-02T15:39:41.9345757Z test context::tests::transaction_tokens_cannot_cross_runtime_or_commit_unbalanced ... ok
portable	Test	2026-10-02T15:39:41.9366204Z test context::tests::viewport_class_is_window_scoped_and_script_readable ... ok
portable	Test	2026-10-02T15:39:41.9396941Z test context::tests::window_release_uses_segment_boundaries_and_clears_suspend_tombstones ... ok
portable	Test	2026-10-02T15:39:41.9426104Z test date::tests::arithmetic_crosses_month_year_and_century_boundaries ... ok
portable	Test	2026-10-02T15:39:41.9441062Z test date::tests::fixed_clock_is_deterministic ... ok
portable	Test	2026-10-02T15:39:41.9448065Z test context::tests::theme_variant_reads_the_resolved_selection ... ok
portable	Test	2026-10-02T15:39:41.9452048Z test date::tests::strict_iso_and_leap_year_validation ... ok
portable	Test	2026-10-02T15:39:41.9452997Z test date::tests::weekdays_match_known_dates ... ok
portable	Test	2026-10-02T15:39:41.9456943Z test dependency::tests::changes_invalidate_transitive_dependants ... ok
portable	Test	2026-10-02T15:39:41.9461081Z test date::tests::rhai_date_data_api_is_checked_and_month_grid_is_stable ... ok
portable	Test	2026-10-02T15:39:41.9465209Z test dependency::tests::failed_refresh_does_not_commit_partial_cache ... ok
portable	Test	2026-10-02T15:39:41.9469394Z test dependency::tests::file_watcher_accepts_all_supported_image_formats ... ok
portable	Test	2026-10-02T15:39:41.9470595Z test dependency::tests::import_extraction_rejects_dynamic_and_invalid_imports ... ok
portable	Test	2026-10-02T15:39:41.9475075Z test dependency::tests::import_extraction_uses_rhai_parser_for_nested_comments_and_templates ... ok
portable	Test	2026-10-02T15:39:41.9479535Z test dependency::tests::import_extraction_uses_unoptimized_ast_for_nested_templates ... ok
portable	Test	2026-10-02T15:39:41.9483643Z test dependency::tests::import_scanner_ignores_comments_and_string_contents ... ok
portable	Test	2026-10-02T15:39:41.9484869Z test devtools::tests::inspector_reports_host_handler_label_without_opaque_details ... ok
portable	Test	2026-10-02T15:39:41.9489026Z test devtools::tests::sensitive_trace_payload_is_redacted_before_storage ... ok
portable	Test	2026-10-02T15:39:41.9637389Z test devtools::tests::snapshot_captures_source_and_redacts_sensitive_state ... ok
portable	Test	2026-10-02T15:39:41.9812702Z test devtools::tests::snapshot_includes_runtime_mechanism_identity_and_state ... ok
portable	Test	2026-10-02T15:39:41.9816719Z test devtools::tests::trace_buffer_is_bounded_and_ordered ... ok
portable	Test	2026-10-02T15:39:41.9957367Z test diagnostic::tests::diagnostic_keeps_the_failed_round_quota_after_host_policy_changes ... ok
portable	Test	2026-10-02T15:39:42.0095781Z test diagnostic::tests::runtime_diagnostic_contains_location_component_and_stack ... ok
portable	Test	2026-10-02T15:39:42.0102206Z test diagnostic::tests::terminated_evaluation_preserves_structured_runtime_context ... ok
portable	Test	2026-10-02T15:39:42.0180711Z test collection_projection::tests::ten_thousand_outline_roots_project_without_quadratic_ancestry_walks ... ok
portable	Test	2026-10-02T15:39:42.0185699Z test document::tests::host_limits_fail_explicitly_before_unbounded_work ... ok
portable	Test	2026-10-02T15:39:42.0239568Z test document::tests::diff_is_direction_neutral_refines_unicode_and_collapses_context ... ok
portable	Test	2026-10-02T15:39:42.0246657Z test document::tests::line_ranges_normalize_crlf_but_retain_terminal_empty_line ... ok
portable	Test	2026-10-02T15:39:42.0252003Z test document::tests::native_documents_are_revisioned_and_registry_reads_are_exact ... ok
portable	Test	2026-10-02T15:39:42.0455868Z test chart::export::tests::svg_and_png_export_the_same_prepared_terminal_scene ... ok
portable	Test	2026-10-02T15:39:42.1721367Z test dependency::tests::file_watcher_reports_rhai_changes ... ok
portable	Test	2026-10-02T15:39:42.1746125Z test document::tests::whitespace_policy_is_explicit ... ok
portable	Test	2026-10-02T15:39:42.1776619Z test document_view::tests::code_descriptor_exposes_string_or_native_document_without_rhai_rows ... ok
portable	Test	2026-10-02T15:39:42.1806432Z test document_view::tests::document_font_resolution_uses_an_installed_monospace_before_fallback ... ok
portable	Test	2026-10-02T15:39:42.1819260Z test document_view::tests::document_selection_copies_original_cross_line_text ... ok
portable	Test	2026-10-02T15:39:42.1836533Z test document_view::tests::native_search_supports_case_word_and_regex_policies ... ok
portable	Test	2026-10-02T15:39:42.1869117Z test document_view::tests::overlapping_highlight_layers_become_ordered_composed_runs ... ok
portable	Test	2026-10-02T15:39:42.1925629Z test document_view::tests::tab_expansion_preserves_source_and_display_offsets ... ok
portable	Test	2026-10-02T15:39:42.1926933Z test document_view::tests::wrapping_respects_tabs_and_unicode_grapheme_boundaries ... ok
portable	Test	2026-10-02T15:39:42.1931859Z test drag_drop::tests::typed_target_acceptance_distinguishes_payload_and_operation ... ok
portable	Test	2026-10-02T15:39:42.1966220Z test draggable::tests::drag_axes_snap_and_containment_are_one_pure_policy ... ok
portable	Test	2026-10-02T15:39:42.2422674Z test effect::tests::restarted_effect_uses_a_distinct_async_activation_scope ... ok
portable	Test	2026-10-02T15:39:42.2736431Z test effect::tests::unchanged_effects_do_not_restart_and_removed_effects_cleanup ... ok
portable	Test	2026-10-02T15:39:42.2746932Z test element_ref::tests::contribution_retarget_and_last_item_prune_detach_native_and_logical_reads ... ok
portable	Test	2026-10-02T15:39:42.2753267Z test element_ref::tests::failed_candidate_restores_last_good_binding_and_subscriptions ... ok
portable	Test	2026-10-02T15:39:42.2759548Z test element_ref::tests::final_manifest_prunes_provider_subscription_without_reviving_removed_readers ... ok
portable	Test	2026-10-02T15:39:42.2764272Z test element_ref::tests::logical_ref_subscription_survives_all_binding_transitions_without_repeats ... ok
portable	Test	2026-10-02T15:39:42.2765830Z test element_ref::tests::pending_geometry_reader_binds_after_the_ref_commits ... ok
portable	Test	2026-10-02T15:39:42.2771596Z test element_ref::tests::reader_teardown_and_provider_removal_notify_only_surviving_owners ... ok
portable	Test	2026-10-02T15:39:42.2786615Z test element_ref::tests::rebinding_does_not_remove_an_independent_direct_geometry_read ... ok
portable	Test	2026-10-02T15:39:42.2792899Z test element_ref::tests::stale_refs_do_not_rebind_after_scope_removal ... ok
portable	Test	2026-10-02T15:39:42.2939753Z test engine::tests::callbacks_are_rejected_after_reload ... ok
portable	Test	2026-10-02T15:39:42.3276187Z test engine::tests::callbacks_cannot_cross_runtime_engines ... ok
portable	Test	2026-10-02T15:39:42.3288216Z test document::tests::rhai_and_go_are_built_in_and_unknown_languages_fall_back_to_plain_text ... ok
portable	Test	2026-10-02T15:39:42.3446275Z test engine::tests::canvas_scene_is_keyed_validated_and_script_constructible ... ok
portable	Test	2026-10-02T15:39:42.3476108Z test engine::tests::click_handlers_can_carry_typed_semantic_payloads ... ok
portable	Test	2026-10-02T15:39:42.3599408Z test engine::tests::default_runtime_rejects_filesystem_imports ... ok
portable	Test	2026-10-02T15:39:42.3746053Z test engine::tests::execution_timings_cover_compile_and_render ... ok
portable	Test	2026-10-02T15:39:42.3926118Z test engine::tests::failed_candidate_keeps_last_good_generation_active ... ok
portable	Test	2026-10-02T15:39:42.4106105Z test engine::tests::failed_nested_component_records_the_deepest_component_path ... ok
portable	Test	2026-10-02T15:39:42.4260488Z test engine::tests::final_box_and_fragment_atoms_are_distinct_snapshots ... ok
portable	Test	2026-10-02T15:39:42.4436134Z test engine::tests::final_component_api_registers_render_once_and_invokes_by_id ... ok
portable	Test	2026-10-02T15:39:42.4736323Z test engine::tests::host_policies_are_independent_and_reload_candidates_do_not_share_mutable_quota ... ok
portable	Test	2026-10-02T15:39:42.4886086Z test engine::tests::independent_candidates_never_share_callback_authority ... ok
portable	Test	2026-10-02T15:39:42.5066148Z test engine::tests::inline_svg_atom_is_bounded_and_self_contained ... ok
portable	Test	2026-10-02T15:39:42.5186176Z test engine::tests::invalid_state_default_reports_the_field_and_tagged_encoding ... ok
portable	Test	2026-10-02T15:39:42.5339449Z test engine::tests::lazy_error_boundary_catches_rhai_evaluation_failure ... ok
portable	Test	2026-10-02T15:39:43.1165841Z test engine::tests::delayed_component_callback_starts_with_a_fresh_operation_budget ... ok
portable	Test	2026-10-02T15:39:43.1760645Z test engine::tests::multiple_dirty_components_share_one_incremental_budget ... ok
portable	Test	2026-10-02T15:39:43.2026437Z test engine::tests::old_component_handles_cannot_target_a_same_key_remount ... ok
portable	Test	2026-10-02T15:39:43.2116440Z test engine::tests::one_program_preparation_shares_identity_across_module_and_entry_compilation ... ok
portable	Test	2026-10-02T15:39:43.8565158Z test engine::tests::nested_component_work_consumes_one_shared_operation_budget ... ok
portable	Test	2026-10-02T15:39:43.8736871Z test engine::tests::recompilation_invalidates_previous_generation ... ok
portable	Test	2026-10-02T15:39:43.8766239Z test engine::tests::replay_hydrates_formal_subtrees_inside_nested_dynamic_node_shapes ... ok
portable	Test	2026-10-02T15:39:43.8896278Z test engine::tests::retained_callbacks_reject_capturing_functions_and_non_data_curry ... ok
portable	Test	2026-10-02T15:39:43.9310072Z test document::tests::host_registered_syntax_participates_in_background_safe_snapshots ... ok
portable	Test	2026-10-02T15:39:44.6324162Z test engine::tests::operation_limit_is_host_configurable ... ok
portable	Test	2026-10-02T15:39:44.6886468Z test engine::tests::retained_virtual_renderer_replays_curried_node_presentation ... ok
portable	Test	2026-10-02T15:39:44.7373323Z test engine::tests::rhai_nodes_attach_only_registered_schema_checked_native_handlers ... ok
portable	Test	2026-10-02T15:39:44.7374659Z test engine::tests::rhai_nodes_retain_ordered_handlers_for_all_event_phases ... ok
portable	Test	2026-10-02T15:39:44.7398892Z test engine::tests::runtime_emits_official_rhai_language_server_definitions ... ok
portable	Test	2026-10-02T15:39:44.7733603Z test engine::tests::script_builds_a_declarative_tree ... ok
portable	Test	2026-10-02T15:39:44.7746792Z test engine::tests::script_builds_a_typed_controlled_overlay ... ok
portable	Test	2026-10-02T15:39:44.8771033Z test engine::tests::script_builds_an_error_boundary ... ok
portable	Test	2026-10-02T15:39:44.8772232Z test engine::tests::self_contained_compile_rejects_dynamic_imports_before_evaluation ... ok
portable	Test	2026-10-02T15:39:44.8776537Z test engine::tests::sticky_virtual_collection_indices_are_bounded_unique_and_top_aligned ... ok
portable	Test	2026-10-02T15:39:44.8796009Z test engine::tests::text_accepts_typed_inline_span_runs ... ok
portable	Test	2026-10-02T15:39:44.8804098Z test engine::tests::unsafe_const_container_assignment_is_rejected_before_evaluation ... ok
portable	Test	2026-10-02T15:39:44.8825574Z test engine::tests::virtual_collection_reveal_key_is_known_and_has_one_scroll_owner ... ok
portable	Test	2026-10-02T15:39:44.8826707Z test engine::tests::virtual_row_formal_component_preserves_the_real_callback_owner ... ok
portable	Test	2026-10-02T15:39:44.9249735Z test environment_dependency::tests::environment_dependencies_invalidate_only_matching_domains ... ok
portable	Test	2026-10-02T15:39:44.9254868Z test event::tests::capture_target_bubble_and_immediate_stop_are_ordered ... ok
portable	Test	2026-10-02T15:39:44.9260349Z test event::tests::events_bubble_until_explicitly_handled ... ok
portable	Test	2026-10-02T15:39:45.0339242Z test event::tests::host_callback_identity_debug_and_tree_drop_follow_rc_ownership ... ok
portable	Test	2026-10-02T15:39:45.0340780Z test event::tests::pointer_capture_is_node_scoped_and_clears_on_unmount ... ok
portable	Test	2026-10-02T15:39:45.0395190Z test engine::tests::retained_virtual_renderer_budget_ignores_parent_history ... ok
portable	Test	2026-10-02T15:39:45.0848125Z test event::tests::rhai_cannot_construct_host_callbacks ... ok
portable	Test	2026-10-02T15:39:45.1816770Z test font::tests::font_sources_validate_format_size_and_duplicates ... ok
portable	Test	2026-10-02T15:39:45.2287464Z test geometry::tests::affine_composition_inverse_and_bounds_share_one_coordinate_fact ... ok
portable	Test	2026-10-02T15:39:45.2302554Z test geometry::tests::affine_inverse_is_scale_relative_and_rejects_singular_matrices ... ok
portable	Test	2026-10-02T15:39:45.3411674Z test geometry::tests::changed_geometry_invalidates_exact_readers_and_snapshot_restores ... ok
portable	Test	2026-10-02T15:39:45.3845944Z test geometry::tests::layout_and_trigger_motion_sample_from_committed_native_state ... ok
portable	Test	2026-10-02T15:39:45.4775490Z test geometry::tests::presented_geometry_maps_local_and_window_coordinates_both_ways ... ok
portable	Test	2026-10-02T15:39:45.5259626Z test geometry::tests::shared_layout_history_expires_after_its_last_presented_frame ... ok
portable	Test	2026-10-02T15:39:45.6376853Z test event::tests::stop_allows_remaining_same_phase_handlers_but_blocks_ancestors ... ok
portable	Test	2026-10-02T15:39:45.6395460Z test host_slot::tests::registry_rejects_invalid_and_duplicate_names ... ok
portable	Test	2026-10-02T15:39:45.6396553Z test inline_svg::tests::inline_svg_accepts_local_gradients_and_current_color ... ok
portable	Test	2026-10-02T15:39:45.6400776Z test inline_svg::tests::inline_svg_rejects_active_and_external_content ... ok
portable	Test	2026-10-02T15:39:45.6417871Z test interaction::tests::gesture_session_owns_activation_and_total_delta ... ok
portable	Test	2026-10-02T15:39:45.6813621Z test host_slot::tests::extension_registers_a_keyed_opaque_primitive_constructor ... ok
portable	Test	2026-10-02T15:39:45.7745521Z test invocation::tests::retained_callback_chains_start_with_a_fresh_call_depth ... ok
portable	Test	2026-10-02T15:39:45.7750568Z test invocation::tests::synchronous_recursion_still_obeys_the_engine_limit ... ok
portable	Test	2026-10-02T15:39:45.9369624Z test lifecycle::tests::async_capability_completes_through_foreground_delivery ... ok
portable	Test	2026-10-02T15:39:45.9375755Z test lifecycle::tests::async_image_decode_completes_through_lifecycle_delivery ... ok
portable	Test	2026-10-02T15:39:45.9381034Z test lifecycle::tests::canvas_scene_budget_is_independent_from_command_budget ... ok
portable	Test	2026-10-02T15:39:45.9382463Z test engine::tests::retained_component_budget_ignores_parent_history_without_resetting_session_total ... ok
portable	Test	2026-10-02T15:39:45.9387596Z test lifecycle::tests::controlled_rerender_synchronously_rebuilds_the_retained_virtual_window ... ok
portable	Test	2026-10-02T15:39:45.9392641Z test lifecycle::tests::exit_ghost_uses_the_views_committed_geometry_domain ... ok
portable	Test	2026-10-02T15:39:45.9397868Z test lifecycle::tests::failed_event_callback_rolls_back_ui_state ... ok
portable	Test	2026-10-02T15:39:45.9403369Z test lifecycle::tests::geometry_motion_reserves_capacity_from_timeline_control ... ok
portable	Test	2026-10-02T15:39:45.9410119Z test lifecycle::tests::hot_reload_rolls_back_candidate_init_state_on_render_failure ... ok
portable	Test	2026-10-02T15:39:45.9416286Z test lifecycle::tests::hot_reload_rolls_back_engine_generation_after_retained_validation_failure ... ok
portable	Test	2026-10-02T15:39:45.9417854Z test lifecycle::tests::invalid_native_semantics_reject_the_candidate_before_commit ... ok
portable	Test	2026-10-02T15:39:45.9424163Z test lifecycle::tests::layer_budget_rejects_candidate_before_commit ... ok
portable	Test	2026-10-02T15:39:45.9750027Z test lifecycle::tests::lifecycle_motion_uses_the_host_runtime_clock ... ok
portable	Test	2026-10-02T15:39:45.9755471Z test lifecycle::tests::lifecycle_order_and_optional_functions_are_enforced ... ok
portable	Test	2026-10-02T15:39:45.9761716Z test lifecycle::tests::missing_optional_lifecycle_functions_are_valid ... ok
portable	Test	2026-10-02T15:39:45.9763068Z test lifecycle::tests::motion_budget_admits_active_timeline_to_idle_plus_direct_replacement ... ok
portable	Test	2026-10-02T15:39:45.9768557Z test lifecycle::tests::reload_migrates_timeline_authority_to_the_candidate_generation ... ok
portable	Test	2026-10-02T15:39:45.9772988Z test lifecycle::tests::resume_reload_unfreezes_motion_at_the_preserved_position ... ok
portable	Test	2026-10-02T15:39:45.9777581Z test lifecycle::tests::nested_virtual_targets_preserve_callbacks_snapshots_and_prune_atomically ... ok
portable	Test	2026-10-02T15:39:45.9782319Z test lifecycle::tests::retained_candidate_over_host_budget_is_rejected_before_commit ... ok
portable	Test	2026-10-02T15:39:45.9783776Z test lifecycle::tests::retained_root_remount_allocates_new_motion_identity ... ok
portable	Test	2026-10-02T15:39:45.9788481Z test lifecycle::tests::subscription_start_outside_a_declarative_effect_is_rejected ... ok
portable	Test	2026-10-02T15:39:45.9792763Z test lifecycle::tests::subscription_capability_streams_until_close ... ok
portable	Test	2026-10-02T15:39:45.9799303Z test lifecycle::tests::suspend_resume_preserves_state_and_freezes_motion_time ... ok
portable	Test	2026-10-02T15:39:45.9804589Z test lifecycle::tests::suspended_reload_migrates_atomically_and_keeps_last_good_on_failure ... ok
portable	Test	2026-10-02T15:39:45.9806106Z test lifecycle::tests::virtual_item_motion_uses_the_stable_data_key_path ... ok
portable	Test	2026-10-02T15:39:45.9811587Z test locale::tests::dates_and_numbers_use_selected_bundle_metadata ... ok
portable	Test	2026-10-02T15:39:45.9816860Z test locale::tests::live_locale_switch_advances_only_locale_generation ... ok
portable	Test	2026-10-02T15:39:45.9823800Z test locale::tests::malformed_calendar_and_number_contracts_fail_load ... ok
portable	Test	2026-10-02T15:39:45.9824992Z test locale::tests::month_year_pattern_controls_date_picker_header_order ... ok
portable	Test	2026-10-02T15:39:45.9829736Z test locale::tests::rtl_direction_follows_scope_window_and_app_precedence ... ok
portable	Test	2026-10-02T15:39:45.9834355Z test locale::tests::scope_precedence_and_fallback_are_deterministic ... ok
portable	Test	2026-10-02T15:39:45.9839586Z test motion::tests::affine_canvas_motion_rejects_axis_aligned_path_clips ... ok
portable	Test	2026-10-02T15:39:45.9844532Z test lifecycle::tests::virtual_realization_commits_the_complete_target_window_and_prunes_old_items ... ok
portable	Test	2026-10-02T15:39:45.9846343Z test motion::tests::animated_nodes_require_keys_and_removed_declarations_cancel ... ok
portable	Test	2026-10-02T15:39:45.9852755Z test motion::tests::autoreverse_completion_keeps_the_sampled_terminal_value ... ok
portable	Test	2026-10-02T15:39:45.9857598Z test motion::tests::bouncing_inertia_is_bounded_and_matches_timeline_sampling ... ok
portable	Test	2026-10-02T15:39:45.9863585Z test motion::tests::compatible_generation_migration_preserves_progress_but_rekeys_authority ... ok
portable	Test	2026-10-02T15:39:45.9868799Z test motion::tests::direct_and_timeline_physics_share_one_sampler_and_extremes_fail ... ok
portable	Test	2026-10-02T15:39:45.9870267Z test motion::tests::exit_ghost_rejects_an_unsupported_nested_subtree_atomically ... ok
portable	Test	2026-10-02T15:39:45.9874823Z test motion::tests::looping_transition_repeats_without_completing ... ok
portable	Test	2026-10-02T15:39:45.9879489Z test motion::tests::encoded_paths_do_not_alias_legal_slash_keys_and_root_remounts_restart ... ok
portable	Test	2026-10-02T15:39:45.9884197Z test motion::tests::node_declarations_reconcile_without_restarting_same_target ... ok
portable	Test	2026-10-02T15:39:45.9885637Z test motion::tests::none_policy_cannot_be_bypassed_by_restart ... ok
portable	Test	2026-10-02T15:39:45.9889825Z test motion::tests::none_policy_reprojects_settled_and_outer_autoreverse_terminals ... ok
portable	Test	2026-10-02T15:39:45.9894055Z test motion::tests::play_and_restart_recheck_active_budget ... ok
portable	Test	2026-10-02T15:39:45.9898545Z test motion::tests::reduced_motion_keeps_looping_indicators_visible_at_midpoint ... ok
portable	Test	2026-10-02T15:39:45.9902927Z test motion::tests::reduced_motion_settles_without_frames ... ok
portable	Test	2026-10-02T15:39:45.9904052Z test motion::tests::reconciliation_validates_targets_ownership_and_is_atomic ... ok
portable	Test	2026-10-02T15:39:45.9908268Z test motion::tests::replay_key_restarts_a_settled_declaration_without_restarting_equal_renders ... ok
portable	Test	2026-10-02T15:39:45.9912542Z test motion::tests::retained_timeline_targets_resolve_to_the_target_node_identity ... ok
portable	Test	2026-10-02T15:39:45.9916612Z test motion::tests::scoped_reconciliation_does_not_remove_other_window_motion ... ok
portable	Test	2026-10-02T15:39:45.9920816Z test motion::tests::script_preference_cannot_relax_a_stricter_host_policy ... ok
portable	Test	2026-10-02T15:39:45.9925481Z test motion::tests::spring_converges_without_rhai_frame_callbacks ... ok
portable	Test	2026-10-02T15:39:45.9926771Z test motion::tests::terminal_events_are_partitioned_and_discarded_by_presentation_scope ... ok
portable	Test	2026-10-02T15:39:45.9931098Z test motion::tests::timeline_budget_is_independent_of_declaration_order ... ok
portable	Test	2026-10-02T15:39:45.9935574Z test motion::tests::timeline_handles_are_instance_bound_and_play_is_idempotent ... ok
portable	Test	2026-10-02T15:39:45.9939844Z test motion::tests::timeline_rejects_overlapping_property_ownership ... ok
portable	Test	2026-10-02T15:39:45.9941072Z test motion::tests::timeline_sequence_seek_pause_and_complete_are_deterministic ... ok
portable	Test	2026-10-02T15:39:45.9945208Z test motion::tests::timeline_snapshot_resets_future_sequence_tracks_when_seeking_back ... ok
portable	Test	2026-10-02T15:39:45.9949488Z test motion::tests::transition_retargets_from_current_sample ... ok
portable	Test	2026-10-02T15:39:45.9953727Z test motion::tests::unconstrained_inertia_uses_the_closed_form_at_any_animation_age ... ok
portable	Test	2026-10-02T15:39:45.9958240Z test native_collection::tests::fuzzy_projection_filters_groups_projects_and_reuses_structural_order ... ok
portable	Test	2026-10-02T15:39:45.9960310Z test native_collection::tests::grouped_table_projection_collapses_rows_but_retains_header_counts ... ok
portable	Test	2026-10-02T15:39:45.9964733Z test native_collection::tests::grouped_table_projection_flattens_headers_and_sorted_rows ... ok
portable	Test	2026-10-02T15:39:45.9969492Z test native_collection::tests::missing_dependencies_are_render_only_validated_and_bounded ... ok
portable	Test	2026-10-02T15:39:45.9973958Z test native_collection::tests::registering_a_missing_name_invalidates_its_exact_readers ... ok
portable	Test	2026-10-02T15:39:45.9975675Z test native_collection::tests::table_projection_filters_then_pages_the_sorted_native_rows ... ok
portable	Test	2026-10-02T15:39:45.9980192Z test native_collection::tests::tracked_replacement_invalidates_only_collection_readers ... ok
portable	Test	2026-10-02T15:39:45.9984470Z test native_collection::tests::validates_keys_and_caches_rust_sort_order ... ok
portable	Test	2026-10-02T15:39:45.9988988Z test motion::tests::script_motion_configs_are_strict_and_keyframes_sample_natively ... ok
portable	Test	2026-10-02T15:39:45.9993257Z test native_handler::tests::descriptor_rejects_unsafe_ids_and_events ... ok
portable	Test	2026-10-02T15:39:45.9994560Z test node::tests::component_replacement_preserves_every_external_presentation_mutation ... ok
portable	Test	2026-10-02T15:39:45.9999889Z test node::tests::component_snapshot_activates_lazily_and_stays_free_of_outer_presentation ... ok
portable	Test	2026-10-02T15:39:46.0004414Z test node::tests::inherited_motion_group_replays_across_nested_component_replacement ... ok
portable	Test	2026-10-02T15:39:46.0008767Z test node::tests::key_handler_names_accept_punctuation_keys ... ok
portable	Test	2026-10-02T15:39:46.0018361Z test lifecycle::tests::virtual_target_commit_retains_and_releases_the_complete_component_manifest ... ok
portable	Test	2026-10-02T15:39:46.0022517Z test node::tests::key_normalization_does_not_change_ordinary_event_namespaces ... ok
portable	Test	2026-10-02T15:39:46.0027923Z test node::tests::node_identity_style_source_and_attributes_are_runtime_owned ... ok
portable	Test	2026-10-02T15:39:46.0032078Z test node::tests::node_styles_share_immutable_snapshots_and_mutate_without_aliasing ... ok
portable	Test	2026-10-02T15:39:46.0038136Z test node::tests::realized_items_move_into_nested_collections_without_copies ... ok
portable	Test	2026-10-02T15:39:46.0042430Z test node::tests::selectable_rejects_non_text_nodes_at_the_script_boundary ... ok
portable	Test	2026-10-02T15:39:46.0043665Z test overlay::tests::centered_dialog_ignores_anchor_and_fits_viewport ... ok
portable	Test	2026-10-02T15:39:46.0047885Z test overlay::tests::clicking_trigger_is_not_an_outside_dismissal ... ok
portable	Test	2026-10-02T15:39:46.0052264Z test overlay::tests::dismissing_parent_closes_nested_children_top_down ... ok
portable	Test	2026-10-02T15:39:46.0056316Z test overlay::tests::escape_closes_only_topmost_dismissible_overlay ... ok
portable	Test	2026-10-02T15:39:46.0057436Z test overlay::tests::placement_flips_then_clamps_to_window ... ok
portable	Test	2026-10-02T15:39:46.0061626Z test overlay::tests::tooltip_delay_cancels_on_leave_and_transitions_deterministically ... ok
portable	Test	2026-10-02T15:39:46.0066277Z test overlay_element::tests::removing_a_view_closes_overlays_without_callbacks ... ok
portable	Test	2026-10-02T15:39:46.0070570Z test overlay_element::tests::window_coordinator_shares_parent_stack_and_resets_per_frame ... ok
portable	Test	2026-10-02T15:39:46.0082636Z test pan_zoom::tests::pointer_anchored_zoom_preserves_the_content_point ... ok
portable	Test	2026-10-02T15:39:46.0083841Z test primitive::tests::custom_primitive_events_are_normalized ... ok
portable	Test	2026-10-02T15:39:46.0087961Z test primitive::tests::custom_primitive_props_and_keys_are_validated ... ok
portable	Test	2026-10-02T15:39:46.0092227Z test primitive::tests::effect_descriptors_require_current_platform_lifecycle_and_budgets ... ok
portable	Test	2026-10-02T15:39:46.0096631Z test primitive::tests::native_panics_are_converted_to_primitive_errors ... ok
portable	Test	2026-10-02T15:39:46.0097894Z test primitive::tests::primitive_context_holds_only_a_weak_registry_reference ... ok
portable	Test	2026-10-02T15:39:46.0102397Z test primitive::tests::primitive_identity_uses_retained_node_not_component_local_key ... ok
portable	Test	2026-10-02T15:39:46.0106574Z test primitive::tests::primitive_identity_uses_the_presented_retained_key ... ok
portable	Test	2026-10-02T15:39:46.0111191Z test node::tests::key_handler_names_reject_invalid_key_names ... ok
portable	Test	2026-10-02T15:39:46.0115848Z test primitive::tests::primitive_theme_exposes_only_resolved_semantic_snapshot ... ok
portable	Test	2026-10-02T15:39:46.0117175Z test primitive::tests::successful_tree_cleanup_unmounts_removed_keyed_instances ... ok
portable	Test	2026-10-02T15:39:46.0123343Z test range_input::tests::horizontal_rtl_geometry_keeps_the_fill_between_minimum_and_thumb ... ok
portable	Test	2026-10-02T15:39:46.0127890Z test range_input::tests::range_values_clamp_and_snap_to_step ... ok
portable	Test	2026-10-02T15:39:46.0133651Z test range_slider::tests::normalized_pairs_are_bounded_gapped_and_idempotent ... ok
portable	Test	2026-10-02T15:39:46.0137756Z test range_slider::tests::pair_normalization_preserves_order_and_gap ... ok
portable	Test	2026-10-02T15:39:46.0139104Z test range_slider::tests::pair_normalization_solves_legal_endpoint_constraints_jointly ... ok
portable	Test	2026-10-02T15:39:46.0144687Z test read_dependency::tests::contribution_retention_is_shared_by_store_environment_and_geometry ... ok
portable	Test	2026-10-02T15:39:46.0149445Z test reload::tests::failed_reload_preserves_last_good_tree_and_generation ... ok
portable	Test	2026-10-02T15:39:46.0154312Z test reload::tests::successful_reload_atomically_replaces_tree ... ok
portable	Test	2026-10-02T15:39:46.0155770Z test renderer::tests::aligned_text_nodes_become_flex_content_boxes ... ok
portable	Test	2026-10-02T15:39:46.0161038Z test renderer::tests::ambient_text_color_inherits_and_a_local_value_wins ... ok
portable	Test	2026-10-02T15:39:46.0167045Z test renderer::tests::asset_svg_uses_an_ancestor_text_color ... ok
portable	Test	2026-10-02T15:39:46.0171914Z test renderer::tests::canvas_motion_uses_one_affine_transform_for_paint_and_hit_testing ... ok
portable	Test	2026-10-02T15:39:46.0178760Z test renderer::tests::canvas_signal_transform_is_shared_by_paint_and_hit_testing ... ok
portable	Test	2026-10-02T15:39:46.0180101Z test renderer::tests::committed_semantics_write_native_role_label_state_and_range ... ok
portable	Test	2026-10-02T15:39:46.0184015Z test renderer::tests::declarative_nodes_and_typed_styles_convert_without_a_gpui_context ... ok
portable	Test	2026-10-02T15:39:46.0188582Z test renderer::tests::logical_overlay_edges_resolve_against_text_direction ... ok
portable	Test	2026-10-02T15:39:46.0193079Z test renderer::tests::logical_spacing_resolves_to_physical_edges_in_both_directions ... ok
portable	Test	2026-10-02T15:39:46.0194476Z test renderer::tests::native_signal_values_override_approved_properties_without_rhai ... ok
portable	Test	2026-10-02T15:39:46.0314937Z test renderer::tests::optional_width_override_activates_fixed_layout_only_when_present ... ok
portable	Test	2026-10-02T15:39:46.0320004Z test renderer::tests::owned_color_snapshot_matches_the_native_primitive_theme_surface ... ok
portable	Test	2026-10-02T15:39:46.0324712Z test renderer::tests::plain_text_semantics_use_a_valued_native_label ... ok
portable	Test	2026-10-02T15:39:46.0329908Z test renderer::tests::pointer_payload_uses_committed_local_geometry_and_canvas_hit_key ... ok
portable	Test	2026-10-02T15:39:46.0331634Z test renderer::tests::property_specific_layout_values_reach_gpui_without_loss ... ok
portable	Test	2026-10-02T15:39:46.0336609Z test renderer::tests::pseudo_paint_preserves_native_border_text_and_opacity_states ... ok
portable	Test	2026-10-02T15:39:46.0341764Z test renderer::tests::retained_tab_order_reads_explicit_group_indices ... ok
portable	Test	2026-10-02T15:39:46.0346354Z test renderer::tests::rtl_keyboard_navigation_maps_physical_arrows_to_logical_handlers ... ok
portable	Test	2026-10-02T15:39:46.0351704Z test renderer::tests::sampled_motion_values_override_dimensions_and_transform_without_rhai ... ok
portable	Test	2026-10-02T15:39:46.0353540Z test renderer::tests::styled_inline_svg_fills_its_node_box_without_losing_intrinsic_default ... ok
portable	Test	2026-10-02T15:39:46.0358284Z test renderer::tests::symbolic_typography_resolves_and_explicit_fields_win ... ok
portable	Test	2026-10-02T15:39:46.0362931Z test resizable::tests::containment_and_aspect_ratio_clamp_one_atomic_rect ... ok
portable	Test	2026-10-02T15:39:46.0369359Z test resizable::tests::west_and_north_handles_keep_the_opposite_corner_fixed ... ok
portable	Test	2026-10-02T15:39:46.0370710Z test responsive::tests::discrete_classes_change_only_at_configured_boundaries ... ok
portable	Test	2026-10-02T15:39:46.0375249Z test retained::tests::duplicate_key_rejects_candidate_without_consuming_ids ... ok
portable	Test	2026-10-02T15:39:46.0380836Z test retained::tests::fragment_rejects_layout_or_interaction_decoration ... ok
portable	Test	2026-10-02T15:39:46.0385037Z test retained::tests::keyed_reorder_preserves_ids_and_reports_moves ... ok
portable	Test	2026-10-02T15:39:46.0389590Z test retained::tests::kind_change_replaces_only_the_changed_subtree ... ok
portable	Test	2026-10-02T15:39:46.0391078Z test retained::tests::named_child_groups_isolate_duplicate_slot_keys ... ok
portable	Test	2026-10-02T15:39:46.0395919Z test rotatable::tests::arbitrary_pivot_stays_fixed_under_rotation_compensation ... ok
portable	Test	2026-10-02T15:39:46.0400261Z test schema::tests::bounds_and_unions_report_precise_failures ... ok
portable	Test	2026-10-02T15:39:46.0404183Z test schema::tests::invalid_definitions_are_rejected ... ok
portable	Test	2026-10-02T15:39:46.0405201Z test schema::tests::length_ui_value_and_asset_are_distinct ... ok
portable	Test	2026-10-02T15:39:46.0409690Z test schema::tests::node_callback_and_handle_types_are_distinct ... ok
portable	Test	2026-10-02T15:39:46.0413688Z test schema::tests::objects_report_all_precise_paths ... ok
portable	Test	2026-10-02T15:39:46.0417743Z test schema::tests::online_and_complete_durable_validation_agree_on_acceptance ... ok
portable	Test	2026-10-02T15:39:46.0421775Z test schema::tests::online_ui_value_validation_stops_after_the_first_issue ... ok
portable	Test	2026-10-02T15:39:46.0423421Z test primitive::tests::primitive_resource_scope_rolls_back_and_continues_after_cleanup_panic ... ok
portable	Test	2026-10-02T15:39:46.0427838Z test script_lint::tests::known_call_lint_accepts_local_module_core_and_standard_calls ... ok
portable	Test	2026-10-02T15:39:46.0432029Z test script_lint::tests::known_call_lint_characterizes_rhai_language_intrinsics ... ok
portable	Test	2026-10-02T15:39:46.0436304Z test script_lint::tests::known_call_lint_checks_qualified_installed_modules ... ok
portable	Test	2026-10-02T15:39:46.0437590Z test script_lint::tests::known_call_lint_checks_unexecuted_branches_and_arities ... ok
portable	Test	2026-10-02T15:39:46.0441747Z test script_lint::tests::known_call_lint_normalizes_native_method_receiver_arity ... ok
portable	Test	2026-10-02T15:39:46.0446517Z test script_source::tests::embedded_source_is_content_addressed ... ok
portable	Test	2026-10-02T15:39:46.0450478Z test script_source::tests::file_and_embedded_sources_have_identical_resolution ... ok
portable	Test	2026-10-02T15:39:46.0454967Z test script_source::tests::missing_embedded_module_is_explicit ... ok
portable	Test	2026-10-02T15:39:46.0456325Z test scrollbar::tests::vertical_track_uses_the_logical_end_edge ... ok
portable	Test	2026-10-02T15:39:46.0460336Z test scrollbar::tests::visibility_contract_is_strict_and_round_trips ... ok
portable	Test	2026-10-02T15:39:46.0464368Z test selection_area::tests::degenerate_marquee_does_not_contain_far_collinear_points ... ok
portable	Test	2026-10-02T15:39:46.0477194Z test selection_area::tests::marquee_policies_distinguish_intersection_and_enclosure ... ok
portable	Test	2026-10-02T15:39:46.0481869Z test selection_area::tests::polygon_predicates_preserve_translation_and_scale ... ok
portable	Test	2026-10-02T15:39:46.0486253Z test signal::tests::optional_float_signal_supports_an_inactive_width_override ... ok
portable	Test	2026-10-02T15:39:46.0487574Z test signal::tests::reconcile_preserves_value_and_revision_for_compatible_identity ... ok
portable	Test	2026-10-02T15:39:46.0493127Z test signal::tests::related_signal_patch_validates_every_member_before_mutating ... ok
portable	Test	2026-10-02T15:39:46.0497184Z test signal::tests::stale_and_type_mismatched_writes_are_atomic ... ok
portable	Test	2026-10-02T15:39:46.0501364Z test sortable::tests::adjacent_and_self_moves_are_no_ops ... ok
portable	Test	2026-10-02T15:39:46.0502327Z test source::tests::cyclic_imports_report_the_cycle ... ok
portable	Test	2026-10-02T15:39:46.0506882Z test source::tests::missing_modules_are_diagnostic_errors ... ok
portable	Test	2026-10-02T15:39:46.0511031Z test source::tests::module_ids_reject_escape_paths ... ok
portable	Test	2026-10-02T15:39:46.0515231Z test source::tests::module_init_accepts_literal_consts_and_direct_pure_definition ... ok
portable	Test	2026-10-02T15:39:46.0519746Z test source::tests::module_init_rejects_effectful_calls_before_evaluation ... ok
portable	Test	2026-10-02T15:39:46.0520960Z test source::tests::module_init_rejects_mutable_globals_and_computed_definitions ... ok
portable	Test	2026-10-02T15:39:46.0525455Z test source::tests::registered_modules_can_be_imported ... ok
portable	Test	2026-10-02T15:39:46.0529982Z test source::tests::resolver_reuses_only_content_matching_cached_asts ... ok
portable	Test	2026-10-02T15:39:46.0534438Z test split_resize::tests::split_delta_and_constraints_are_directional_and_deterministic ... ok
portable	Test	2026-10-02T15:39:46.0539219Z test state::tests::failed_render_does_not_change_committed_state ... ok
portable	Test	2026-10-02T15:39:46.0540412Z test state::tests::inspect_instance_is_exact_and_redacts_sensitive_values ... ok
portable	Test	2026-10-02T15:39:46.0545096Z test state::tests::scoped_candidates_preserve_latest_outside_writes_and_deletions ... ok
portable	Test	2026-10-02T15:39:46.0549920Z test state::tests::scoped_commit_preserves_other_window_roots_and_remove_scope_cleans_one ... ok
portable	Test	2026-10-02T15:39:46.0555761Z test state::tests::snapshots_share_instances_until_one_store_mutates ... ok
portable	Test	2026-10-02T15:39:46.0556924Z test state::tests::successful_render_cleans_unreachable_instances ... ok
portable	Test	2026-10-02T15:39:46.0560793Z test state::tests::successful_render_resets_only_incompatible_fields ... ok
portable	Test	2026-10-02T15:39:46.0565227Z test state::tests::updates_are_schema_checked ... ok
portable	Test	2026-10-02T15:39:46.0569902Z test store::tests::deserialized_schema_defaults_are_validated_before_store_declaration ... ok
portable	Test	2026-10-02T15:39:46.0574400Z test store::tests::keyed_item_reader_ignores_reorder_but_observes_item_change ... ok
portable	Test	2026-10-02T15:39:46.0576235Z test store::tests::nested_writes_invalidate_only_changed_path_and_whole_readers ... ok
portable	Test	2026-10-02T15:39:46.0580551Z test store::tests::removing_window_clears_window_store ... ok
portable	Test	2026-10-02T15:39:46.0584666Z test store::tests::repeated_value_does_not_invalidate ... ok
portable	Test	2026-10-02T15:39:46.0591619Z test store::tests::snapshots_share_large_store_values_until_a_write ... ok
portable	Test	2026-10-02T15:39:46.0592913Z test store::tests::successful_subtree_reconcile_removes_stale_app_store_readers ... ok
portable	Test	2026-10-02T15:39:46.0597229Z test store::tests::writes_invalidate_only_exact_field_readers ... ok
portable	Test	2026-10-02T15:39:46.0602330Z test style::tests::caller_overlay_wins_deterministically ... ok
portable	Test	2026-10-02T15:39:46.0606845Z test style::tests::disabled_pseudo_state_has_final_precedence ... ok
portable	Test	2026-10-02T15:39:46.0610853Z test style::tests::invalid_lengths_are_rejected ... ok
portable	Test	2026-10-02T15:39:46.0611900Z test style::tests::script_builds_extended_layout_paint_and_typography ... ok
portable	Test	2026-10-02T15:39:46.0616130Z test style::tests::script_builds_typed_styles ... ok
portable	Test	2026-10-02T15:39:46.0620158Z test style::tests::script_layout_values_separate_auto_and_signed_offsets_from_lengths ... ok
portable	Test	2026-10-02T15:39:46.0624012Z test style::tests::script_selects_uniform_border_style ... ok
portable	Test	2026-10-02T15:39:46.0625072Z test style::tests::script_uses_validated_symbolic_typography_roles ... ok
portable	Test	2026-10-02T15:39:46.0653154Z test script_lint::tests::known_call_lint_restores_engine_optimization_after_parse_failure ... ok
portable	Test	2026-10-02T15:39:46.0658609Z test style::tests::strict_color_literals_share_one_typed_value_path ... ok
portable	Test	2026-10-02T15:39:46.0663530Z test table_layout::tests::flexible_minima_are_frozen_without_losing_weighted_allocation ... ok
portable	Test	2026-10-02T15:39:46.0668635Z test table_layout::tests::mixed_minimum_and_maximum_constraints_do_not_freeze_the_wrong_column ... ok
portable	Test	2026-10-02T15:39:46.0670024Z test table_layout::tests::unused_viewport_and_extreme_weights_remain_finite ... ok
portable	Test	2026-10-02T15:39:46.0674489Z test table_layout::tests::viewport_is_the_only_percentage_and_flex_basis ... ok
portable	Test	2026-10-02T15:39:46.0679409Z test text_area::tests::config_rejects_controlled_values_over_grapheme_limit ... ok
portable	Test	2026-10-02T15:39:46.0683845Z test text_area::tests::visual_line_layout_maps_positions_and_selection ... ok
portable	Test	2026-10-02T15:39:46.0688734Z test text_edit::tests::ime_can_temporarily_exceed_then_clamps_only_marked_text ... ok
portable	Test	2026-10-02T15:39:46.0690164Z test text_edit::tests::ime_composition_is_one_revision_and_external_control_resets_history ... ok
portable	Test	2026-10-02T15:39:46.0694573Z test text_edit::tests::max_length_counts_extended_graphemes_and_credits_selection ... ok
portable	Test	2026-10-02T15:39:46.0699389Z test text_edit::tests::oversized_paste_truncates_at_grapheme_boundary ... ok
portable	Test	2026-10-02T15:39:46.0703737Z test text_edit::tests::physical_line_boundaries_are_stable ... ok
portable	Test	2026-10-02T15:39:46.0704878Z test text_edit::tests::undo_redo_coalesces_typing_and_restores_selection ... ok
portable	Test	2026-10-02T15:39:46.0709896Z test text_edit::tests::utf16_offsets_never_split_extended_graphemes ... ok
portable	Test	2026-10-02T15:39:46.0713773Z test text_input::tests::grapheme_navigation_does_not_split_emoji_or_combining_text ... ok
portable	Test	2026-10-02T15:39:46.0718137Z test text_input::tests::horizontal_scroll_keeps_the_active_cursor_inside_the_viewport ... ok
portable	Test	2026-10-02T15:39:46.0722476Z test text_input::tests::marked_text_replacement_tracks_ime_range ... ok
portable	Test	2026-10-02T15:39:46.0723631Z test text_input::tests::utf16_round_trip_supports_cjk_and_surrogate_pairs ... ok
portable	Test	2026-10-02T15:39:46.0728109Z test theme::tests::document_palette_defaults_preserve_explicit_theme_tuning ... ok
portable	Test	2026-10-02T15:39:46.0732417Z test theme::tests::host_token_overrides_are_partial_merged_and_validated ... ok
portable	Test	2026-10-02T15:39:46.0736751Z test theme::tests::invalid_host_token_override_rejects_the_candidate_theme ... ok
portable	Test	2026-10-02T15:39:46.0737876Z test theme::tests::missing_semantic_token_is_rejected ... ok
portable	Test	2026-10-02T15:39:46.0742235Z test theme::tests::namespaced_typed_tokens_validate_and_resolve_colors ... ok
portable	Test	2026-10-02T15:39:46.0747095Z test theme::tests::replacing_a_variant_preserves_identity_and_advances_generation ... ok
portable	Test	2026-10-02T15:39:46.0751110Z test style::tests::weighted_flex_grow_is_validated_overloaded_and_merges_as_one_property ... ok
portable	Test	2026-10-02T15:39:46.0755226Z test theme::tests::scope_precedes_window_and_app_preferences ... ok
portable	Test	2026-10-02T15:39:46.0756730Z test theme::tests::semantic_motion_tokens_default_validate_and_reject_invalid_physics ... ok
portable	Test	2026-10-02T15:39:46.0761074Z test theme::tests::semantic_spacing_and_radius_lengths_resolve_without_recursion ... ok
portable	Test	2026-10-02T15:39:46.0765596Z test theme::tests::switching_theme_only_advances_theme_generation ... ok
portable	Test	2026-10-02T15:39:46.0769187Z test theme::tests::typography_roles_are_required_validated_and_resolved ... ok
portable	Test	2026-10-02T15:39:46.0770356Z test theme::tests::rhai_theme_source_is_typed_and_validated ... ok
portable	Test	2026-10-02T15:39:46.0774617Z test timer::tests::changing_signature_restarts_and_removal_cleans_scope ... ok
portable	Test	2026-10-02T15:39:46.0780378Z test timer::tests::view_resume_does_not_clear_an_explicit_pause ... ok
portable	Test	2026-10-02T15:39:46.0784758Z test timer::tests::reconcile_preserves_deadline_pause_and_one_shot_completion ... ok
portable	Test	2026-10-02T15:39:46.0791000Z test value::tests::keyed_item_paths_survive_array_reorder ... ok
portable	Test	2026-10-02T15:39:46.0792474Z test value::tests::bounded_paths_read_and_replace_existing_nested_values ... ok
portable	Test	2026-10-02T15:39:46.0799407Z test value::tests::non_finite_numbers_are_rejected_from_rhai_and_serialization ... ok
portable	Test	2026-10-02T15:39:46.0803466Z test value::tests::nested_values_round_trip ... ok
portable	Test	2026-10-02T15:39:46.0808022Z test value::tests::ui_nodes_cannot_cross_capability_boundary ... ok
portable	Test	2026-10-02T15:39:46.0812219Z test virtual_list::tests::variable_height_measurements_survive_reorder_and_tail_alignment ... ok
portable	Test	2026-10-02T15:39:46.0819488Z test virtual_list::tests::virtual_collection_metrics_track_frame_scroll_requests_and_rollback ... ok
portable	Test	2026-10-02T15:39:46.0826397Z test virtual_list_element::tests::frame_target_does_not_fill_the_gap_to_an_offscreen_focused_item ... ok
portable	Test	2026-10-02T15:39:46.0830819Z test virtual_list_element::tests::frame_target_prunes_items_outside_the_current_halo ... ok
portable	Test	2026-10-02T15:39:46.0835592Z test virtual_list_element::tests::frame_target_retains_cached_overdraw_without_oscillation ... ok
portable	Test	2026-10-02T15:39:46.0839885Z test virtual_list_element::tests::initial_reveal_keeps_estimated_visible_predecessors ... ok
portable	Test	2026-10-02T15:39:46.0844946Z test virtual_list_element::tests::sticky_sections_select_the_latest_header_and_push_before_the_next ... ok
portable	Test	2026-10-02T15:39:46.0849799Z test window::tests::commands_validate_identity_lifecycle_and_duplicates ... ok
portable	Test	2026-10-02T15:39:46.0854811Z test window::tests::embedded_view_policy_rejects_window_commands_at_call_site ... ok
portable	Test	2026-10-02T15:39:46.1553916Z test window::tests::invalid_window_specs_never_reserve_an_id ... ok
portable	Test	2026-10-02T15:39:46.1555005Z test window::tests::queued_origin_and_target_keep_their_registration_identity ... ok
portable	Test	2026-10-02T15:39:46.1556352Z test window::tests::revocation_releases_only_its_queued_open_and_host_origin_is_explicit ... ok
portable	Test	2026-10-02T15:39:46.1557556Z test virtual_list::tests::variable_height_window_is_bounded_and_measurement_preserves_anchor ... ok
portable	Test	2026-10-02T15:39:46.2028021Z test document::tests::public_launch_language_pack_resolves_every_declared_language ... ok
portable	Test	2026-10-02T15:39:46.5341014Z test node::tests::all_rhai_key_entries_share_normalization_and_exact_limits ... ok
portable	Test	2026-10-02T15:39:46.5341610Z 
portable	Test	2026-10-02T15:39:46.5342022Z test result: ok. 503 passed; 0 failed; 0 ignored; 0 measured; 0 filtered out; finished in 6.03s
portable	Test	2026-10-02T15:39:46.5342584Z 
portable	Test	2026-10-02T15:39:46.5412388Z ^[[1m^[[92m     Running^[[0m tests/chart_contract.rs (target/debug/deps/chart_contract-047d7cb85d7314ff)
portable	Test	2026-10-02T15:39:46.5558780Z 
portable	Test	2026-10-02T15:39:46.5559078Z running 21 tests
portable	Test	2026-10-02T15:39:46.5726831Z test annotations_compile_independent_crossed_primary_axes ... ok
portable	Test	2026-10-02T15:39:46.5727608Z test axis_schema_fact_is_shared_by_data_ticks_and_annotations ... ok
portable	Test	2026-10-02T15:39:46.5728709Z test category_log_and_viewport_scales_keep_ticks_and_marks_coherent ... ok
portable	Test	2026-10-02T15:39:46.5736822Z test custom_series_failures_are_atomic_across_coordinate_systems ... ok
portable	Test	2026-10-02T15:39:46.5738267Z test empty_data_preserves_schema_and_produces_a_valid_scene ... ok
portable	Test	2026-10-02T15:39:46.5741831Z test failed_duplicate_registration_is_atomic_and_custom_polar_is_dispatched ... ok
portable	Test	2026-10-02T15:39:46.5756196Z test geo_viewport_and_complex_series_keep_business_identity ... ok
portable	Test	2026-10-02T15:39:46.5757277Z test gauge_and_radar_share_explicit_value_domains ... ok
portable	Test	2026-10-02T15:39:46.5765002Z test draw_sampling_does_not_change_the_semantic_domain ... ok
portable	Test	2026-10-02T15:39:46.5776506Z test mark_identity_role_and_color_are_stable ... ok
portable	Test	2026-10-02T15:39:46.5796529Z test normalized_axis_and_structured_mark_identities_accept_legal_combinations ... ok
portable	Test	2026-10-02T15:39:46.5800574Z test pan_moves_content_with_the_pointer_on_normal_and_reversed_axes ... ok
portable	Test	2026-10-02T15:39:46.5826535Z test primary_axis_and_annotations_do_not_depend_on_axis_names_or_empty_groups ... ok
portable	Test	2026-10-02T15:39:46.5829182Z test rejected_geo_projection_does_not_mix_coordinate_spaces ... ok
portable	Test	2026-10-02T15:39:46.5837930Z test shared_axes_compile_one_coordinate_fact ... ok
portable	Test	2026-10-02T15:39:46.5852068Z test stacked_bars_use_interval_domain_and_split_signs ... ok
portable	Test	2026-10-02T15:39:46.5859118Z test transform_pipeline_preserves_schema_types_and_valid_empty_sets ... ok
portable	Test	2026-10-02T15:39:46.5873314Z test viewport_uses_the_resolved_axis_plan_for_explicit_log_and_category_scales ... ok
portable	Test	2026-10-02T15:39:46.6993804Z test null_gaps_survive_automatic_sampling_and_semantics_keep_all_keys ... ok
portable	Test	2026-10-02T15:39:47.1896139Z test png_rasterization_keeps_text ... ok
portable	Test	2026-10-02T15:39:47.4918780Z test categorical_line_and_area_survive_the_automatic_sampling_boundary ... ok
portable	Test	2026-10-02T15:39:47.4919522Z 
portable	Test	2026-10-02T15:39:47.4920014Z test result: ok. 21 passed; 0 failed; 0 ignored; 0 measured; 0 filtered out; finished in 0.94s
portable	Test	2026-10-02T15:39:47.4920757Z 
portable	Test	2026-10-02T15:39:47.4930298Z ^[[1m^[[92m     Running^[[0m tests/custom_primitive.rs (target/debug/deps/custom_primitive-f8fd9de4ca15feb9)
portable	Test	2026-10-02T15:39:47.5165647Z 
portable	Test	2026-10-02T15:39:47.5165982Z running 1 test
portable	Test	2026-10-02T15:39:48.7251274Z test downstream_crate_registers_namespaced_primitive ... ok
portable	Test	2026-10-02T15:39:48.7251916Z 
portable	Test	2026-10-02T15:39:48.7252451Z test result: ok. 1 passed; 0 failed; 0 ignored; 0 measured; 0 filtered out; finished in 1.21s
portable	Test	2026-10-02T15:39:48.7253236Z 
portable	Test	2026-10-02T15:39:48.7284022Z ^[[1m^[[92m     Running^[[0m tests/formal_component.rs (target/debug/deps/formal_component-caa6ebb7f19ccc12)
portable	Test	2026-10-02T15:39:48.7543130Z 
portable	Test	2026-10-02T15:39:48.7543531Z running 21 tests
portable	Test	2026-10-02T15:39:49.9724558Z test callback_props_execute_in_the_caller_state_scope ... ok
portable	Test	2026-10-02T15:39:49.9746572Z test component_reuse_invalidates_on_calendar_environment_change ... ok
portable	Test	2026-10-02T15:39:49.9862493Z test data_backed_virtual_collection_realizes_only_requested_items_off_layout_path ... ok
portable	Test	2026-10-02T15:39:50.0066600Z test declarative_effects_start_restart_and_cleanup_in_imported_module_context ... ok
portable	Test	2026-10-02T15:39:50.0096314Z test duplicate_stateful_component_keys_are_rejected ... ok
portable	Test	2026-10-02T15:39:50.0246288Z test composed_semantic_callback_props_execute_in_the_caller_state_scope ... ok
portable	Test	2026-10-02T15:39:50.0294838Z test element_refs_follow_retained_node_identity_and_fail_stale_after_unmount ... ok
portable	Test	2026-10-02T15:39:50.0391857Z test hot_reload_cleans_old_effect_context_before_starting_new_generation ... ok
portable	Test	2026-10-02T15:39:50.0581837Z test local_state_callback_scope_and_reload_cleanup_are_end_to_end ... ok
portable	Test	2026-10-02T15:39:50.0656207Z test native_signal_updates_preserve_identity_without_component_invalidation ... ok
portable	Test	2026-10-02T15:39:50.0824621Z test nested_callback_scope_is_never_inferred_from_a_private_function_name ... ok
portable	Test	2026-10-02T15:39:50.0946037Z test raw_node_slots_keep_the_callers_callback_provenance ... ok
portable	Test	2026-10-02T15:39:50.1156231Z test receiver_rerender_does_not_restart_replayed_node_prop_resources ... ok
portable	Test	2026-10-02T15:39:50.1276077Z test receiver_rerender_replays_the_latest_node_prop_component_snapshot ... ok
portable	Test	2026-10-02T15:39:50.1416270Z test dirty_transparent_child_promotes_to_the_nearest_replaceable_component ... ok
portable	Test	2026-10-02T15:39:50.1476280Z test rejected_child_candidate_cannot_leak_through_the_shared_node_snapshot ... ok
portable	Test	2026-10-02T15:39:50.1519810Z test reused_component_keeps_store_reader_dependency ... ok
portable	Test	2026-10-02T15:39:50.1597037Z test reused_component_preserves_effect_and_async_ownership ... ok
portable	Test	2026-10-02T15:39:50.1715458Z test suspension_cleans_effects_and_resume_restarts_fresh_activations ... ok
portable	Test	2026-10-02T15:39:50.1750549Z test root_dirty_render_reuses_unchanged_components_and_respects_dirty_descendants ... ok
portable	Test	2026-10-02T15:39:50.8555262Z test incremental_component_renders_match_forced_full_renders_over_event_sequences ... ok
portable	Test	2026-10-02T15:39:50.8556442Z 
portable	Test	2026-10-02T15:39:50.8556721Z test result: ok. 21 passed; 0 failed; 0 ignored; 0 measured; 0 filtered out; finished in 2.10s
portable	Test	2026-10-02T15:39:50.8557097Z 
portable	Test	2026-10-02T15:39:50.8594224Z ^[[1m^[[92m     Running^[[0m tests/host_execution_policy.rs (target/debug/deps/host_execution_policy-5a6b2397d903d4d6)
portable	Test	2026-10-02T15:39:50.8841284Z 
portable	Test	2026-10-02T15:39:50.8841518Z running 6 tests
portable	Test	2026-10-02T15:39:52.1666625Z test builder_policy_precedes_extensions_and_zero_never_means_unlimited ... ok
portable	Test	2026-10-02T15:39:52.2936002Z test parser_depth_defaults_and_independent_host_configuration_cover_all_constructors ... ok
portable	Test	2026-10-02T15:39:53.3196385Z test nested_and_sibling_components_still_share_a_nondefault_round_quota ... ok
portable	Test	2026-10-02T15:39:53.4935604Z test restricted_imports_obey_quota_and_failed_reload_preserves_active_policy ... ok
portable	Test	2026-10-02T15:39:53.5052058Z test retained_component_and_delayed_delivery_begin_fresh_nondefault_rounds ... ok
portable	Test	2026-10-02T15:39:54.5832869Z test same_finite_work_exceeds_default_and_obeys_raised_and_lowered_quotas ... ok
portable	Test	2026-10-02T15:39:54.5833476Z 
portable	Test	2026-10-02T15:39:54.5833869Z test result: ok. 6 passed; 0 failed; 0 ignored; 0 measured; 0 filtered out; finished in 3.70s
portable	Test	2026-10-02T15:39:54.5834432Z 
portable	Test	2026-10-02T15:39:54.5858237Z ^[[1m^[[92m     Running^[[0m tests/official_registry.rs (target/debug/deps/official_registry-95f5eda54436c872)
portable	Test	2026-10-02T15:39:54.5888308Z 
portable	Test	2026-10-02T15:39:54.5888573Z running 50 tests
portable	Test	2026-10-02T15:39:55.6627141Z test code_and_diff_viewers_accept_inline_and_host_owned_documents ... ok
portable	Test	2026-10-02T15:39:55.6667274Z test bundled_theme_text_pairs_meet_small_text_contrast ... ok
portable	Test	2026-10-02T15:39:55.6686386Z test bundled_themes_share_the_readable_square_metric_contract ... ok
portable	Test	2026-10-02T15:39:55.6716226Z test bundled_themes_materialize_complete_document_and_chart_palettes ... ok
portable	Test	2026-10-02T15:39:55.7389859Z test command_array_items_keep_text_semantics_with_rich_visual_content ... ok
portable	Test	2026-10-02T15:39:55.7433508Z test command_filters_native_collection_and_keeps_large_rows_out_of_rhai ... ok
portable	Test	2026-10-02T15:39:55.8189384Z test command_fuzzy_search_and_keyboard_action_are_composable_and_controlled ... ok
portable	Test	2026-10-02T15:39:55.8396221Z test context_menu_and_sheet_use_generic_pointer_and_edge_overlay_policies ... ok
portable	Test	2026-10-02T15:39:55.8640998Z test icon_button_owns_a_square_target_and_selected_icon_state ... ok
portable	Test	2026-10-02T15:39:55.8946216Z test m1_palette_adaptations_implement_the_semantic_contract ... ok
portable	Test	2026-10-02T15:39:55.9466314Z test command_empty_and_all_disabled_models_have_no_navigation_owner ... ok
portable	Test	2026-10-02T15:39:55.9796091Z test m2_composites_export_slots_animation_and_keyboard_payloads ... ok
portable	Test	2026-10-02T15:39:56.0216058Z test m2_control_sources_emit_typed_values_and_roving_keys ... ok
portable	Test	2026-10-02T15:39:56.0276126Z test m2_visual_primitives_export_fallbacks_and_rust_animations ... ok
portable	Test	2026-10-02T15:39:56.2133824Z test nested_menu_preserves_parent_overlay_identity ... ok
portable	Test	2026-10-02T15:39:56.2167492Z test official_combobox_groups_and_routes_keyboard_in_rhai ... ok
portable	Test	2026-10-02T15:39:56.2460501Z test command_array_and_native_models_share_one_enabled_active_sequence ... ok
portable	Test	2026-10-02T15:39:56.2906041Z test official_component_sources_reject_decorative_visual_drift ... ok
portable	Test	2026-10-02T15:39:56.3166155Z test official_combobox_is_public_overlay_and_virtual_collection_composition ... ok
portable	Test	2026-10-02T15:39:56.3263088Z test interactive_component_contracts_require_explicit_accessible_names ... ok
portable	Test	2026-10-02T15:39:56.3486161Z test official_default_theme_pair_satisfies_one_semantic_contract ... ok
portable	Test	2026-10-02T15:39:56.3586097Z test official_components_validate_props_and_merge_standard_style_overrides ... ok
portable	Test	2026-10-02T15:39:56.3735953Z test official_divider_is_typed_decorative_layout ... ok
portable	Test	2026-10-02T15:39:56.3825981Z test official_icon_selects_explicit_rtl_resource_pair ... ok
portable	Test	2026-10-02T15:39:56.3976047Z test official_icon_uses_only_logical_asset_and_opaque_image_handle ... ok
portable	Test	2026-10-02T15:39:56.4116011Z test official_input_wraps_keyed_native_text_input_primitive ... ok
portable	Test	2026-10-02T15:39:56.4366347Z test official_m0_components_compile_export_and_render_together ... ok
portable	Test	2026-10-02T15:39:56.4553916Z test official_combobox_rejects_invalid_choice_identity ... ok
portable	Test	2026-10-02T15:39:56.6100298Z test official_pagination_page_window_covers_ellipsis_transitions ... ok
portable	Test	2026-10-02T15:39:56.6276362Z test official_pagination_is_pure_rhai_composition ... ok
portable	Test	2026-10-02T15:39:56.6636236Z test official_popover_and_dialog_use_native_overlay_nodes ... ok
portable	Test	2026-10-02T15:39:56.6696074Z test official_registry_has_no_privileged_component_constructors ... ok
portable	Test	2026-10-02T15:39:56.6711775Z test official_pagination_page_size_emits_one_atomic_reset ... ok
portable	Test	2026-10-02T15:39:56.7392784Z test official_date_picker_consumes_locale_and_strict_iso_values ... ok
portable	Test	2026-10-02T15:39:56.7518021Z test official_pagination_rejects_duplicate_page_sizes ... ok
portable	Test	2026-10-02T15:39:56.7994547Z test official_select_uses_scalar_controlled_choice_semantics ... ok
portable	Test	2026-10-02T15:39:56.8270528Z test official_table_groups_array_rows_with_controlled_collapse ... ok
portable	Test	2026-10-02T15:39:56.8736579Z test official_textarea_wraps_independent_multiline_primitive ... ok
portable	Test	2026-10-02T15:39:56.9010501Z test official_table_is_public_data_backed_rhai_composition ... FAILED
portable	Test	2026-10-02T15:39:56.9226461Z test official_table_groups_native_collection_without_materializing_rows_in_rhai ... FAILED
portable	Test	2026-10-02T15:39:56.9293988Z test scroll_area_decorates_the_generic_retained_scroll_node ... ok
portable	Test	2026-10-02T15:39:56.9336065Z test tabs_and_table_use_semantic_theme_state_surfaces ... ok
portable	Test	2026-10-02T15:39:56.9546169Z test slider_uses_the_public_native_range_input_with_range_semantics ... ok
portable	Test	2026-10-02T15:39:56.9727601Z test toast_source_builds_public_layers_and_declarative_timers ... ok
portable	Test	2026-10-02T15:39:56.9786079Z test public_launch_static_components_compile_and_compose ... ok
portable	Test	2026-10-02T15:39:56.9939067Z test radio_group_forwards_pointer_and_keyboard_changes_to_its_caller ... ok
portable	Test	2026-10-02T15:39:57.0156117Z test unlabeled_icon_is_decorative_presentation ... ok
portable	Test	2026-10-02T15:39:57.0456286Z test window_bars_are_source_owned_compositions_without_native_authority ... ok
portable	Test	2026-10-02T15:39:57.0613594Z test toggle_group_routes_pointer_and_roving_keyboard_changes_to_caller_state ... ok
portable	Test	2026-10-02T15:39:57.0772226Z test tooltip_and_menu_use_window_overlay_policies ... ok
portable	Test	2026-10-02T15:39:57.0775077Z 
portable	Test	2026-10-02T15:39:57.0775242Z failures:
portable	Test	2026-10-02T15:39:57.0775640Z 
portable	Test	2026-10-02T15:39:57.0775946Z ---- official_table_is_public_data_backed_rhai_composition stdout ----
portable	Test	2026-10-02T15:39:57.0776420Z 
portable	Test	2026-10-02T15:39:57.0777139Z thread 'official_table_is_public_data_backed_rhai_composition' (21327) panicked at crates/gpui-rhai/tests/official_registry.rs:291:5:
portable	Test	2026-10-02T15:39:57.0778099Z assertion `left == right` failed
portable	Test	2026-10-02T15:39:57.0778473Z   left: None
portable	Test	2026-10-02T15:39:57.0778801Z  right: Some(Definite(Pixels(120.0)))
portable	Test	2026-10-02T15:39:57.0779412Z note: run with `RUST_BACKTRACE=1` environment variable to display a backtrace
portable	Test	2026-10-02T15:39:57.0779906Z 
portable	Test	2026-10-02T15:39:57.0780331Z ---- official_table_groups_native_collection_without_materializing_rows_in_rhai stdout ----
portable	Test	2026-10-02T15:39:57.0780885Z 
portable	Test	2026-10-02T15:39:57.0781635Z thread 'official_table_groups_native_collection_without_materializing_rows_in_rhai' (21326) panicked at crates/gpui-rhai/tests/official_registry.rs:2940:5:
portable	Test	2026-10-02T15:39:57.0783144Z assertion `left == right` failed
portable	Test	2026-10-02T15:39:57.0783515Z   left: None
portable	Test	2026-10-02T15:39:57.0783832Z  right: Some(Definite(Relative(0.0)))
portable	Test	2026-10-02T15:39:57.0784106Z 
portable	Test	2026-10-02T15:39:57.0784111Z 
portable	Test	2026-10-02T15:39:57.0784223Z failures:
portable	Test	2026-10-02T15:39:57.0784691Z     official_table_groups_native_collection_without_materializing_rows_in_rhai
portable	Test	2026-10-02T15:39:57.0785556Z     official_table_is_public_data_backed_rhai_composition
portable	Test	2026-10-02T15:39:57.0785912Z 
portable	Test	2026-10-02T15:39:57.0786308Z test result: FAILED. 48 passed; 2 failed; 0 ignored; 0 measured; 0 filtered out; finished in 2.49s
portable	Test	2026-10-02T15:39:57.0786867Z 
portable	Test	2026-10-02T15:39:57.0809969Z ^[[1m^[[91merror^[[0m: test failed, to rerun pass `-p gpui-rhai --test official_registry`
portable	Test	2026-10-02T15:39:57.1664592Z ##[error]Process completed with exit code 101.
