portable	Set up job	﻿2026-10-02T16:43:34.1931536Z Current runner version: '2.337.0'
portable	Set up job	2026-10-02T16:43:34.1958211Z ##[group]Runner Image Provisioner
portable	Set up job	2026-10-02T16:43:34.1959132Z Hosted Compute Agent
portable	Set up job	2026-10-02T16:43:34.1959829Z Version: 20260901.588
portable	Set up job	2026-10-02T16:43:34.1960485Z Commit: f88ec8081b781fac6c440065ac7ff9e710ce3d0b
portable	Set up job	2026-10-02T16:43:34.1961236Z Build Date: 2026-09-01T19:56:44Z
portable	Set up job	2026-10-02T16:43:34.1962055Z Worker ID: {cd6ebdf1-3ac9-46df-b922-6f8bfff941c9}
portable	Set up job	2026-10-02T16:43:34.1962792Z Azure Region: westus2
portable	Set up job	2026-10-02T16:43:34.1963410Z ##[endgroup]
portable	Set up job	2026-10-02T16:43:34.1965041Z ##[group]Operating System
portable	Set up job	2026-10-02T16:43:34.1965709Z Ubuntu
portable	Set up job	2026-10-02T16:43:34.1966372Z 24.04.5
portable	Set up job	2026-10-02T16:43:34.1966968Z LTS
portable	Set up job	2026-10-02T16:43:34.1967538Z ##[endgroup]
portable	Set up job	2026-10-02T16:43:34.1968133Z ##[group]Runner Image
portable	Set up job	2026-10-02T16:43:34.1968765Z Image: ubuntu-24.04
portable	Set up job	2026-10-02T16:43:34.1969443Z Version: 20260927.320.1
portable	Set up job	2026-10-02T16:43:34.1970534Z Included Software: https://github.com/actions/runner-images/blob/ubuntu24/20260927.320/images/ubuntu/Ubuntu2404-Readme.md
portable	Set up job	2026-10-02T16:43:34.1972392Z Image Release: https://github.com/actions/runner-images/releases/tag/ubuntu24%2F20260927.320
portable	Set up job	2026-10-02T16:43:34.1973383Z ##[endgroup]
portable	Set up job	2026-10-02T16:43:34.1974884Z ##[group]GITHUB_TOKEN Permissions
portable	Set up job	2026-10-02T16:43:34.1976960Z Contents: read
portable	Set up job	2026-10-02T16:43:34.1977691Z Metadata: read
portable	Set up job	2026-10-02T16:43:34.1978276Z ##[endgroup]
portable	Set up job	2026-10-02T16:43:34.1980362Z Secret source: Actions
portable	Set up job	2026-10-02T16:43:34.1981475Z Cache mode: write
portable	Set up job	2026-10-02T16:43:34.1982180Z Prepare workflow directory
portable	Set up job	2026-10-02T16:43:34.2311558Z Prepare all required actions
portable	Set up job	2026-10-02T16:43:34.2361383Z Getting action download info
portable	Set up job	2026-10-02T16:43:34.6072060Z Download action repository 'actions/checkout@v5' (SHA:fbc6f3992d24b796d5a048ff273f7fcc4a7b6c09)
portable	Set up job	2026-10-02T16:43:34.7054301Z Download action repository 'dtolnay/rust-toolchain@stable' (SHA:89b12181fb390509a0842a86cc55eeb8eb928c1d)
portable	Set up job	2026-10-02T16:43:34.9978580Z Complete job name: portable
portable	Run actions/checkout@v5	﻿2026-10-02T16:43:35.0778275Z ##[group]Run actions/checkout@v5
portable	Run actions/checkout@v5	2026-10-02T16:43:35.0779124Z with:
portable	Run actions/checkout@v5	2026-10-02T16:43:35.0779565Z   repository: eddix/gpui-rhai
portable	Run actions/checkout@v5	2026-10-02T16:43:35.0783599Z   token: ***
portable	Run actions/checkout@v5	2026-10-02T16:43:35.0784041Z   ssh-strict: true
portable	Run actions/checkout@v5	2026-10-02T16:43:35.0784480Z   ssh-user: git
portable	Run actions/checkout@v5	2026-10-02T16:43:35.0785096Z   persist-credentials: true
portable	Run actions/checkout@v5	2026-10-02T16:43:35.0785595Z   clean: true
portable	Run actions/checkout@v5	2026-10-02T16:43:35.0786041Z   sparse-checkout-cone-mode: true
portable	Run actions/checkout@v5	2026-10-02T16:43:35.0786560Z   fetch-depth: 1
portable	Run actions/checkout@v5	2026-10-02T16:43:35.0786981Z   fetch-tags: false
portable	Run actions/checkout@v5	2026-10-02T16:43:35.0787418Z   show-progress: true
portable	Run actions/checkout@v5	2026-10-02T16:43:35.0787858Z   lfs: false
portable	Run actions/checkout@v5	2026-10-02T16:43:35.0788271Z   submodules: false
portable	Run actions/checkout@v5	2026-10-02T16:43:35.0788714Z   set-safe-directory: true
portable	Run actions/checkout@v5	2026-10-02T16:43:35.0789210Z   allow-unsafe-pr-checkout: false
portable	Run actions/checkout@v5	2026-10-02T16:43:35.0789900Z ##[endgroup]
portable	Run actions/checkout@v5	2026-10-02T16:43:35.1816032Z Syncing repository: eddix/gpui-rhai
portable	Run actions/checkout@v5	2026-10-02T16:43:35.1818464Z ##[group]Getting Git version info
portable	Run actions/checkout@v5	2026-10-02T16:43:35.1819559Z Working directory is '/home/runner/work/gpui-rhai/gpui-rhai'
portable	Run actions/checkout@v5	2026-10-02T16:43:35.1821254Z [command]/usr/bin/git version
portable	Run actions/checkout@v5	2026-10-02T16:43:35.1895666Z git version 2.55.0
portable	Run actions/checkout@v5	2026-10-02T16:43:35.1914720Z ##[endgroup]
portable	Run actions/checkout@v5	2026-10-02T16:43:35.1929795Z Temporarily overriding HOME='/home/runner/work/_temp/4b43620c-be29-4b63-9ff1-e8c51dd9af15' before making global git config changes
portable	Run actions/checkout@v5	2026-10-02T16:43:35.1932015Z Adding repository directory to the temporary git global config as a safe directory
portable	Run actions/checkout@v5	2026-10-02T16:43:35.1935031Z [command]/usr/bin/git config --global --add safe.directory /home/runner/work/gpui-rhai/gpui-rhai
portable	Run actions/checkout@v5	2026-10-02T16:43:35.1993821Z Deleting the contents of '/home/runner/work/gpui-rhai/gpui-rhai'
portable	Run actions/checkout@v5	2026-10-02T16:43:35.1995935Z ##[group]Initializing the repository
portable	Run actions/checkout@v5	2026-10-02T16:43:35.1999577Z [command]/usr/bin/git init /home/runner/work/gpui-rhai/gpui-rhai
portable	Run actions/checkout@v5	2026-10-02T16:43:35.2115452Z hint: Using 'master' as the name for the initial branch. This default branch name
portable	Run actions/checkout@v5	2026-10-02T16:43:35.2117661Z hint: will change to "main" in Git 3.0. To configure the initial branch name
portable	Run actions/checkout@v5	2026-10-02T16:43:35.2119484Z hint: to use in all of your new repositories, which will suppress this warning,
portable	Run actions/checkout@v5	2026-10-02T16:43:35.2121244Z hint: call:
portable	Run actions/checkout@v5	2026-10-02T16:43:35.2122439Z hint:
portable	Run actions/checkout@v5	2026-10-02T16:43:35.2123409Z hint: 	git config --global init.defaultBranch <name>
portable	Run actions/checkout@v5	2026-10-02T16:43:35.2124727Z hint:
portable	Run actions/checkout@v5	2026-10-02T16:43:35.2125860Z hint: Names commonly chosen instead of 'master' are 'main', 'trunk' and
portable	Run actions/checkout@v5	2026-10-02T16:43:35.2127521Z hint: 'development'. The just-created branch can be renamed via this command:
portable	Run actions/checkout@v5	2026-10-02T16:43:35.2128871Z hint:
portable	Run actions/checkout@v5	2026-10-02T16:43:35.2129676Z hint: 	git branch -m <name>
portable	Run actions/checkout@v5	2026-10-02T16:43:35.2130476Z hint:
portable	Run actions/checkout@v5	2026-10-02T16:43:35.2131851Z hint: Disable this message with "git config set advice.defaultBranchName false"
portable	Run actions/checkout@v5	2026-10-02T16:43:35.2133899Z Initialized empty Git repository in /home/runner/work/gpui-rhai/gpui-rhai/.git/
portable	Run actions/checkout@v5	2026-10-02T16:43:35.2137221Z [command]/usr/bin/git remote add origin https://github.com/eddix/gpui-rhai
portable	Run actions/checkout@v5	2026-10-02T16:43:35.2177430Z ##[endgroup]
portable	Run actions/checkout@v5	2026-10-02T16:43:35.2178665Z ##[group]Disabling automatic garbage collection
portable	Run actions/checkout@v5	2026-10-02T16:43:35.2182354Z [command]/usr/bin/git config --local gc.auto 0
portable	Run actions/checkout@v5	2026-10-02T16:43:35.2245931Z ##[endgroup]
portable	Run actions/checkout@v5	2026-10-02T16:43:35.2246922Z ##[group]Setting up auth
portable	Run actions/checkout@v5	2026-10-02T16:43:35.2247723Z [command]/usr/bin/git config --local --name-only --get-regexp core\.sshCommand
portable	Run actions/checkout@v5	2026-10-02T16:43:35.2287356Z [command]/usr/bin/git submodule foreach --recursive sh -c "git config --local --name-only --get-regexp 'core\.sshCommand' && git config --local --unset-all 'core.sshCommand' || :"
portable	Run actions/checkout@v5	2026-10-02T16:43:35.2783212Z [command]/usr/bin/git config --local --name-only --get-regexp http\.https\:\/\/github\.com\/\.extraheader
portable	Run actions/checkout@v5	2026-10-02T16:43:35.2788377Z [command]/usr/bin/git submodule foreach --recursive sh -c "git config --local --name-only --get-regexp 'http\.https\:\/\/github\.com\/\.extraheader' && git config --local --unset-all 'http.https://github.com/.extraheader' || :"
portable	Run actions/checkout@v5	2026-10-02T16:43:35.3003750Z [command]/usr/bin/git config --local --name-only --get-regexp ^includeIf\.gitdir:
portable	Run actions/checkout@v5	2026-10-02T16:43:35.3036601Z [command]/usr/bin/git submodule foreach --recursive git config --local --show-origin --name-only --get-regexp remote.origin.url
portable	Run actions/checkout@v5	2026-10-02T16:43:35.3303119Z [command]/usr/bin/git config --local http.https://github.com/.extraheader AUTHORIZATION: basic ***
portable	Run actions/checkout@v5	2026-10-02T16:43:35.3346106Z ##[endgroup]
portable	Run actions/checkout@v5	2026-10-02T16:43:35.3346939Z ##[group]Fetching the repository
portable	Run actions/checkout@v5	2026-10-02T16:43:35.3355550Z [command]/usr/bin/git -c protocol.version=2 fetch --no-tags --prune --no-recurse-submodules --depth=1 origin +6235f21fcc5c9f12f19e54f515685e74e386258b:refs/remotes/pull/108/merge
portable	Run actions/checkout@v5	2026-10-02T16:43:36.5450391Z From https://github.com/eddix/gpui-rhai
portable	Run actions/checkout@v5	2026-10-02T16:43:36.5451757Z  * [new ref]         6235f21fcc5c9f12f19e54f515685e74e386258b -> pull/108/merge
portable	Run actions/checkout@v5	2026-10-02T16:43:36.5466502Z ##[endgroup]
portable	Run actions/checkout@v5	2026-10-02T16:43:36.5467379Z ##[group]Determining the checkout info
portable	Run actions/checkout@v5	2026-10-02T16:43:36.5468383Z ##[endgroup]
portable	Run actions/checkout@v5	2026-10-02T16:43:36.5469233Z [command]/usr/bin/git sparse-checkout disable
portable	Run actions/checkout@v5	2026-10-02T16:43:36.5527580Z [command]/usr/bin/git config --local --unset-all extensions.worktreeConfig
portable	Run actions/checkout@v5	2026-10-02T16:43:36.5575418Z ##[group]Checking out the ref
portable	Run actions/checkout@v5	2026-10-02T16:43:36.5580716Z [command]/usr/bin/git checkout --progress --force refs/remotes/pull/108/merge
portable	Run actions/checkout@v5	2026-10-02T16:43:36.7591303Z Note: switching to 'refs/remotes/pull/108/merge'.
portable	Run actions/checkout@v5	2026-10-02T16:43:36.7592242Z 
portable	Run actions/checkout@v5	2026-10-02T16:43:36.7592701Z You are in 'detached HEAD' state. You can look around, make experimental
portable	Run actions/checkout@v5	2026-10-02T16:43:36.7593733Z changes and commit them, and you can discard any commits you make in this
portable	Run actions/checkout@v5	2026-10-02T16:43:36.7594935Z state without impacting any branches by switching back to a branch.
portable	Run actions/checkout@v5	2026-10-02T16:43:36.7595599Z 
portable	Run actions/checkout@v5	2026-10-02T16:43:36.7596041Z If you want to create a new branch to retain commits you create, you may
portable	Run actions/checkout@v5	2026-10-02T16:43:36.7597107Z do so (now or later) by using -c with the switch command. Example:
portable	Run actions/checkout@v5	2026-10-02T16:43:36.7597812Z 
portable	Run actions/checkout@v5	2026-10-02T16:43:36.7598054Z   git switch -c <new-branch-name>
portable	Run actions/checkout@v5	2026-10-02T16:43:36.7598554Z 
portable	Run actions/checkout@v5	2026-10-02T16:43:36.7598789Z Or undo this operation with:
portable	Run actions/checkout@v5	2026-10-02T16:43:36.7599437Z 
portable	Run actions/checkout@v5	2026-10-02T16:43:36.7599644Z   git switch -
portable	Run actions/checkout@v5	2026-10-02T16:43:36.7599952Z 
portable	Run actions/checkout@v5	2026-10-02T16:43:36.7600655Z Turn off this advice by setting config variable advice.detachedHead to false
portable	Run actions/checkout@v5	2026-10-02T16:43:36.7601664Z 
portable	Run actions/checkout@v5	2026-10-02T16:43:36.7602713Z HEAD is now at 6235f21 Merge 53a62e3f2be05e5ae7a961936648195bc4fe9477 into c088e96fe1dd8ae0e31ac6ce142c22ab8419c6ba
portable	Run actions/checkout@v5	2026-10-02T16:43:36.7609694Z ##[endgroup]
portable	Run actions/checkout@v5	2026-10-02T16:43:36.7658315Z [command]/usr/bin/git log -1 --format=%H
portable	Run actions/checkout@v5	2026-10-02T16:43:36.7689634Z 6235f21fcc5c9f12f19e54f515685e74e386258b
portable	Run dtolnay/rust-toolchain@stable	﻿2026-10-02T16:43:36.8316654Z ##[group]Run dtolnay/rust-toolchain@stable
portable	Run dtolnay/rust-toolchain@stable	2026-10-02T16:43:36.8317819Z with:
portable	Run dtolnay/rust-toolchain@stable	2026-10-02T16:43:36.8318617Z   toolchain: 1.95.0
portable	Run dtolnay/rust-toolchain@stable	2026-10-02T16:43:36.8319501Z   components: clippy,rustfmt
portable	Run dtolnay/rust-toolchain@stable	2026-10-02T16:43:36.8320451Z ##[endgroup]
portable	Run dtolnay/rust-toolchain@stable	2026-10-02T16:43:36.8409102Z ##[start-action display=Parse toolchain version;id=__dtolnay_rust-toolchain.parse]
portable	Run dtolnay/rust-toolchain@stable	2026-10-02T16:43:36.8488051Z ##[group]Run if [[ -z $toolchain ]]; then
portable	Run dtolnay/rust-toolchain@stable	2026-10-02T16:43:36.8489318Z ^[[36;1mif [[ -z $toolchain ]]; then^[[0m
portable	Run dtolnay/rust-toolchain@stable	2026-10-02T16:43:36.8491087Z ^[[36;1m  # GitHub does not enforce `required: true` inputs itself. https://github.com/actions/runner/issues/1070^[[0m
portable	Run dtolnay/rust-toolchain@stable	2026-10-02T16:43:36.8492987Z ^[[36;1m  echo "'toolchain' is a required input" >&2^[[0m
portable	Run dtolnay/rust-toolchain@stable	2026-10-02T16:43:36.8494085Z ^[[36;1m  exit 1^[[0m
portable	Run dtolnay/rust-toolchain@stable	2026-10-02T16:43:36.8495424Z ^[[36;1melif [[ $toolchain =~ ^stable' '[0-9]+' '(year|month|week|day)s?' 'ago$ ]]; then^[[0m
portable	Run dtolnay/rust-toolchain@stable	2026-10-02T16:43:36.8496891Z ^[[36;1m  if [[ Linux == macOS ]]; then^[[0m
portable	Run dtolnay/rust-toolchain@stable	2026-10-02T16:43:36.8498717Z ^[[36;1m    echo "toolchain=1.$((($(date -v-$(sed 's/stable \([0-9]*\) \(.\).*/\1\2/' <<< $toolchain) +%s)/60/60/24-16569)/7/6))" >> $GITHUB_OUTPUT^[[0m
portable	Run dtolnay/rust-toolchain@stable	2026-10-02T16:43:36.8500577Z ^[[36;1m  else^[[0m
portable	Run dtolnay/rust-toolchain@stable	2026-10-02T16:43:36.8502005Z ^[[36;1m    echo "toolchain=1.$((($(date --date "${toolchain#stable }" +%s)/60/60/24-16569)/7/6))" >> $GITHUB_OUTPUT^[[0m
portable	Run dtolnay/rust-toolchain@stable	2026-10-02T16:43:36.8503652Z ^[[36;1m  fi^[[0m
portable	Run dtolnay/rust-toolchain@stable	2026-10-02T16:43:36.8504836Z ^[[36;1melif [[ $toolchain =~ ^stable' 'minus' '[0-9]+' 'releases?$ ]]; then^[[0m
portable	Run dtolnay/rust-toolchain@stable	2026-10-02T16:43:36.8506779Z ^[[36;1m  echo "toolchain=1.$((($(date +%s)/60/60/24-16569)/7/6-${toolchain//[^0-9]/}))" >> $GITHUB_OUTPUT^[[0m
portable	Run dtolnay/rust-toolchain@stable	2026-10-02T16:43:36.8508432Z ^[[36;1melif [[ $toolchain =~ ^1\.[0-9]+$ ]]; then^[[0m
portable	Run dtolnay/rust-toolchain@stable	2026-10-02T16:43:36.8510316Z ^[[36;1m  echo "toolchain=1.$((i=${toolchain#1.}, c=($(date +%s)/60/60/24-16569)/7/6, i+9*i*(10*i<=c)+90*i*(100*i<=c)))" >> $GITHUB_OUTPUT^[[0m
portable	Run dtolnay/rust-toolchain@stable	2026-10-02T16:43:36.8512105Z ^[[36;1melse^[[0m
portable	Run dtolnay/rust-toolchain@stable	2026-10-02T16:43:36.8513017Z ^[[36;1m  echo "toolchain=$toolchain" >> $GITHUB_OUTPUT^[[0m
portable	Run dtolnay/rust-toolchain@stable	2026-10-02T16:43:36.8514123Z ^[[36;1mfi^[[0m
portable	Run dtolnay/rust-toolchain@stable	2026-10-02T16:43:36.8768564Z shell: /usr/bin/bash --noprofile --norc -e -o pipefail {0}
portable	Run dtolnay/rust-toolchain@stable	2026-10-02T16:43:36.8769826Z env:
portable	Run dtolnay/rust-toolchain@stable	2026-10-02T16:43:36.8770553Z   toolchain: 1.95.0
portable	Run dtolnay/rust-toolchain@stable	2026-10-02T16:43:36.8771341Z ##[endgroup]
portable	Run dtolnay/rust-toolchain@stable	2026-10-02T16:43:36.8932496Z ##[end-action id=__dtolnay_rust-toolchain.parse;outcome=success;conclusion=success;duration_ms=52]
portable	Run dtolnay/rust-toolchain@stable	2026-10-02T16:43:36.8949302Z ##[start-action display=Construct rustup command line;id=__dtolnay_rust-toolchain.flags]
portable	Run dtolnay/rust-toolchain@stable	2026-10-02T16:43:36.9002825Z ##[group]Run echo "targets=$(for t in ${targets//,/ }; do echo -n ' --target' $t; done)" >> $GITHUB_OUTPUT
portable	Run dtolnay/rust-toolchain@stable	2026-10-02T16:43:36.9005186Z ^[[36;1mecho "targets=$(for t in ${targets//,/ }; do echo -n ' --target' $t; done)" >> $GITHUB_OUTPUT^[[0m
portable	Run dtolnay/rust-toolchain@stable	2026-10-02T16:43:36.9007362Z ^[[36;1mecho "components=$(for c in ${components//,/ }; do echo -n ' --component' $c; done)" >> $GITHUB_OUTPUT^[[0m
portable	Run dtolnay/rust-toolchain@stable	2026-10-02T16:43:36.9009072Z ^[[36;1mecho "downgrade=" >> $GITHUB_OUTPUT^[[0m
portable	Run dtolnay/rust-toolchain@stable	2026-10-02T16:43:36.9073988Z shell: /usr/bin/bash --noprofile --norc -e -o pipefail {0}
portable	Run dtolnay/rust-toolchain@stable	2026-10-02T16:43:36.9075404Z env:
portable	Run dtolnay/rust-toolchain@stable	2026-10-02T16:43:36.9076112Z   targets: 
portable	Run dtolnay/rust-toolchain@stable	2026-10-02T16:43:36.9076872Z   components: clippy,rustfmt
portable	Run dtolnay/rust-toolchain@stable	2026-10-02T16:43:36.9077750Z ##[endgroup]
portable	Run dtolnay/rust-toolchain@stable	2026-10-02T16:43:36.9193232Z ##[end-action id=__dtolnay_rust-toolchain.flags;outcome=success;conclusion=success;duration_ms=24]
portable	Run dtolnay/rust-toolchain@stable	2026-10-02T16:43:36.9199147Z ##[start-action display=Set $CARGO_HOME;id=__dtolnay_rust-toolchain.__run]
portable	Run dtolnay/rust-toolchain@stable	2026-10-02T16:43:36.9240646Z ##[group]Run echo CARGO_HOME=${CARGO_HOME:-"$HOME/.cargo"} >> $GITHUB_ENV
portable	Run dtolnay/rust-toolchain@stable	2026-10-02T16:43:36.9242230Z ^[[36;1mecho CARGO_HOME=${CARGO_HOME:-"$HOME/.cargo"} >> $GITHUB_ENV^[[0m
portable	Run dtolnay/rust-toolchain@stable	2026-10-02T16:43:36.9307016Z shell: /usr/bin/bash --noprofile --norc -e -o pipefail {0}
portable	Run dtolnay/rust-toolchain@stable	2026-10-02T16:43:36.9308201Z ##[endgroup]
portable	Run dtolnay/rust-toolchain@stable	2026-10-02T16:43:36.9415754Z ##[end-action id=__dtolnay_rust-toolchain.__run;outcome=success;conclusion=success;duration_ms=21]
portable	Run dtolnay/rust-toolchain@stable	2026-10-02T16:43:36.9421530Z ##[start-action display=Install rustup if needed;id=__dtolnay_rust-toolchain.__run_2]
portable	Run dtolnay/rust-toolchain@stable	2026-10-02T16:43:36.9471507Z ##[group]Run if ! command -v rustup &>/dev/null; then
portable	Run dtolnay/rust-toolchain@stable	2026-10-02T16:43:36.9472790Z ^[[36;1mif ! command -v rustup &>/dev/null; then^[[0m
portable	Run dtolnay/rust-toolchain@stable	2026-10-02T16:43:36.9475554Z ^[[36;1m  curl --proto '=https' --tlsv1.2 --retry 10 --retry-connrefused --location --silent --show-error --fail https://sh.rustup.rs | sh -s -- --default-toolchain none -y^[[0m
portable	Run dtolnay/rust-toolchain@stable	2026-10-02T16:43:36.9478001Z ^[[36;1m  echo "$CARGO_HOME/bin" >> $GITHUB_PATH^[[0m
portable	Run dtolnay/rust-toolchain@stable	2026-10-02T16:43:36.9479053Z ^[[36;1mfi^[[0m
portable	Run dtolnay/rust-toolchain@stable	2026-10-02T16:43:36.9542846Z shell: /usr/bin/bash --noprofile --norc -e -o pipefail {0}
portable	Run dtolnay/rust-toolchain@stable	2026-10-02T16:43:36.9544006Z env:
portable	Run dtolnay/rust-toolchain@stable	2026-10-02T16:43:36.9544847Z   CARGO_HOME: /home/runner/.cargo
portable	Run dtolnay/rust-toolchain@stable	2026-10-02T16:43:36.9545752Z ##[endgroup]
portable	Run dtolnay/rust-toolchain@stable	2026-10-02T16:43:36.9649317Z ##[end-action id=__dtolnay_rust-toolchain.__run_2;outcome=success;conclusion=success;duration_ms=22]
portable	Run dtolnay/rust-toolchain@stable	2026-10-02T16:43:36.9655410Z ##[start-action display=Install rustup if needed on windows;id=__dtolnay_rust-toolchain.__run_3]
portable	Run dtolnay/rust-toolchain@stable	2026-10-02T16:43:36.9668940Z ##[end-action id=__dtolnay_rust-toolchain.__run_3;outcome=skipped;conclusion=skipped;duration_ms=0]
portable	Run dtolnay/rust-toolchain@stable	2026-10-02T16:43:36.9683604Z ##[start-action display=rustup toolchain install 1.95.0;id=__dtolnay_rust-toolchain.__run_4]
portable	Run dtolnay/rust-toolchain@stable	2026-10-02T16:43:36.9725140Z ##[group]Run log=$(mktemp)
portable	Run dtolnay/rust-toolchain@stable	2026-10-02T16:43:36.9726019Z ^[[36;1mlog=$(mktemp)^[[0m
portable	Run dtolnay/rust-toolchain@stable	2026-10-02T16:43:36.9726857Z ^[[36;1mtrap 'rm -f "$log"' EXIT^[[0m
portable	Run dtolnay/rust-toolchain@stable	2026-10-02T16:43:36.9727789Z ^[[36;1mfor attempt in 1 2 3 4 5; do^[[0m
portable	Run dtolnay/rust-toolchain@stable	2026-10-02T16:43:36.9729983Z ^[[36;1m  if rustup toolchain install 1.95.0 --component clippy --component rustfmt --profile minimal --no-self-update --force-non-host 2>&1 | tee "$log"; then^[[0m
portable	Run dtolnay/rust-toolchain@stable	2026-10-02T16:43:36.9732275Z ^[[36;1m    break^[[0m
portable	Run dtolnay/rust-toolchain@stable	2026-10-02T16:43:36.9733027Z ^[[36;1m  else^[[0m
portable	Run dtolnay/rust-toolchain@stable	2026-10-02T16:43:36.9733770Z ^[[36;1m    status=$?^[[0m
portable	Run dtolnay/rust-toolchain@stable	2026-10-02T16:43:36.9734683Z ^[[36;1m  fi^[[0m
portable	Run dtolnay/rust-toolchain@stable	2026-10-02T16:43:36.9735690Z ^[[36;1m  if [[ $attempt == 5 ]] || ! grep -Fq 'checksum failed for ' "$log" \^[[0m
portable	Run dtolnay/rust-toolchain@stable	2026-10-02T16:43:36.9737565Z ^[[36;1m      || ! grep -Fq 'this is likely due to an ongoing update of the official release server' "$log"; then^[[0m
portable	Run dtolnay/rust-toolchain@stable	2026-10-02T16:43:36.9739170Z ^[[36;1m    exit "$status"^[[0m
portable	Run dtolnay/rust-toolchain@stable	2026-10-02T16:43:36.9739997Z ^[[36;1m  fi^[[0m
portable	Run dtolnay/rust-toolchain@stable	2026-10-02T16:43:36.9741217Z ^[[36;1m  echo "Retrying rustup toolchain install in 30 seconds (retry $attempt of 4)" >&2^[[0m
portable	Run dtolnay/rust-toolchain@stable	2026-10-02T16:43:36.9742660Z ^[[36;1m  sleep 30^[[0m
portable	Run dtolnay/rust-toolchain@stable	2026-10-02T16:43:36.9743403Z ^[[36;1mdone^[[0m
portable	Run dtolnay/rust-toolchain@stable	2026-10-02T16:43:36.9807315Z shell: /usr/bin/bash --noprofile --norc -e -o pipefail {0}
portable	Run dtolnay/rust-toolchain@stable	2026-10-02T16:43:36.9808478Z env:
portable	Run dtolnay/rust-toolchain@stable	2026-10-02T16:43:36.9809192Z   CARGO_HOME: /home/runner/.cargo
portable	Run dtolnay/rust-toolchain@stable	2026-10-02T16:43:36.9810131Z   RUSTUP_PERMIT_COPY_RENAME: 1
portable	Run dtolnay/rust-toolchain@stable	2026-10-02T16:43:36.9810982Z ##[endgroup]
portable	Run dtolnay/rust-toolchain@stable	2026-10-02T16:43:37.0285184Z info: syncing channel updates for 1.95.0-x86_64-unknown-linux-gnu
portable	Run dtolnay/rust-toolchain@stable	2026-10-02T16:43:37.1765849Z info: latest update on 2026-04-16 for version 1.95.0 (59807616e 2026-04-14)
portable	Run dtolnay/rust-toolchain@stable	2026-10-02T16:43:37.1767533Z info: downloading 5 components
portable	Run dtolnay/rust-toolchain@stable	2026-10-02T16:43:45.5949067Z 
portable	Run dtolnay/rust-toolchain@stable	2026-10-02T16:43:45.6026663Z   1.95.0-x86_64-unknown-linux-gnu installed - rustc 1.95.0 (59807616e 2026-04-14)
portable	Run dtolnay/rust-toolchain@stable	2026-10-02T16:43:45.6027474Z 
portable	Run dtolnay/rust-toolchain@stable	2026-10-02T16:43:45.6128155Z ##[end-action id=__dtolnay_rust-toolchain.__run_4;outcome=success;conclusion=success;duration_ms=8644]
portable	Run dtolnay/rust-toolchain@stable	2026-10-02T16:43:45.6138610Z ##[start-action display=rustup default 1.95.0;id=__dtolnay_rust-toolchain.__run_5]
portable	Run dtolnay/rust-toolchain@stable	2026-10-02T16:43:45.6171286Z ##[group]Run rustup default 1.95.0 --force-non-host
portable	Run dtolnay/rust-toolchain@stable	2026-10-02T16:43:45.6171944Z ^[[36;1mrustup default 1.95.0 --force-non-host^[[0m
portable	Run dtolnay/rust-toolchain@stable	2026-10-02T16:43:45.6244382Z shell: /usr/bin/bash --noprofile --norc -e -o pipefail {0}
portable	Run dtolnay/rust-toolchain@stable	2026-10-02T16:43:45.6244919Z env:
portable	Run dtolnay/rust-toolchain@stable	2026-10-02T16:43:45.6245189Z   CARGO_HOME: /home/runner/.cargo
portable	Run dtolnay/rust-toolchain@stable	2026-10-02T16:43:45.6245502Z ##[endgroup]
portable	Run dtolnay/rust-toolchain@stable	2026-10-02T16:43:45.6388993Z info: using existing install for 1.95.0-x86_64-unknown-linux-gnu
portable	Run dtolnay/rust-toolchain@stable	2026-10-02T16:43:45.6394470Z info: default toolchain set to 1.95.0-x86_64-unknown-linux-gnu
portable	Run dtolnay/rust-toolchain@stable	2026-10-02T16:43:45.6394950Z 
portable	Run dtolnay/rust-toolchain@stable	2026-10-02T16:43:45.6468935Z   1.95.0-x86_64-unknown-linux-gnu unchanged - rustc 1.95.0 (59807616e 2026-04-14)
portable	Run dtolnay/rust-toolchain@stable	2026-10-02T16:43:45.6469989Z 
portable	Run dtolnay/rust-toolchain@stable	2026-10-02T16:43:45.6472694Z info: note that the toolchain '1.95.0-x86_64-unknown-linux-gnu' is currently in use (overridden by '/home/runner/work/gpui-rhai/gpui-rhai/rust-toolchain.toml')
portable	Run dtolnay/rust-toolchain@stable	2026-10-02T16:43:45.6488873Z ##[end-action id=__dtolnay_rust-toolchain.__run_5;outcome=success;conclusion=success;duration_ms=34]
portable	Run dtolnay/rust-toolchain@stable	2026-10-02T16:43:45.6491933Z ##[start-action display=Create cachekey;id=__dtolnay_rust-toolchain.rustc-version]
portable	Run dtolnay/rust-toolchain@stable	2026-10-02T16:43:45.6522992Z ##[group]Run DATE=$(rustc +1.95.0 --version --verbose | sed -ne 's/^commit-date: \(20[0-9][0-9]\)-\([01][0-9]\)-\([0-3][0-9]\)$/\1\2\3/p')
portable	Run dtolnay/rust-toolchain@stable	2026-10-02T16:43:45.6523864Z ^[[36;1mDATE=$(rustc +1.95.0 --version --verbose | sed -ne 's/^commit-date: \(20[0-9][0-9]\)-\([01][0-9]\)-\([0-3][0-9]\)$/\1\2\3/p')^[[0m
portable	Run dtolnay/rust-toolchain@stable	2026-10-02T16:43:45.6524521Z ^[[36;1mHASH=$(rustc +1.95.0 --version --verbose | sed -ne 's/^commit-hash: //p')^[[0m
portable	Run dtolnay/rust-toolchain@stable	2026-10-02T16:43:45.6525372Z ^[[36;1mecho "cachekey=$(echo $DATE$HASH | head -c12)" >> $GITHUB_OUTPUT^[[0m
portable	Run dtolnay/rust-toolchain@stable	2026-10-02T16:43:45.6597517Z shell: /usr/bin/bash --noprofile --norc -e -o pipefail {0}
portable	Run dtolnay/rust-toolchain@stable	2026-10-02T16:43:45.6597924Z env:
portable	Run dtolnay/rust-toolchain@stable	2026-10-02T16:43:45.6598202Z   CARGO_HOME: /home/runner/.cargo
portable	Run dtolnay/rust-toolchain@stable	2026-10-02T16:43:45.6598508Z ##[endgroup]
portable	Run dtolnay/rust-toolchain@stable	2026-10-02T16:43:45.6981052Z ##[end-action id=__dtolnay_rust-toolchain.rustc-version;outcome=success;conclusion=success;duration_ms=48]
portable	Run dtolnay/rust-toolchain@stable	2026-10-02T16:43:45.6984196Z ##[start-action display=Disable incremental compilation;id=__dtolnay_rust-toolchain.__run_6]
portable	Run dtolnay/rust-toolchain@stable	2026-10-02T16:43:45.7013682Z ##[group]Run if [ -z "${CARGO_INCREMENTAL+set}" ]; then
portable	Run dtolnay/rust-toolchain@stable	2026-10-02T16:43:45.7014206Z ^[[36;1mif [ -z "${CARGO_INCREMENTAL+set}" ]; then^[[0m
portable	Run dtolnay/rust-toolchain@stable	2026-10-02T16:43:45.7014811Z ^[[36;1m  echo CARGO_INCREMENTAL=0 >> $GITHUB_ENV^[[0m
portable	Run dtolnay/rust-toolchain@stable	2026-10-02T16:43:45.7015213Z ^[[36;1mfi^[[0m
portable	Run dtolnay/rust-toolchain@stable	2026-10-02T16:43:45.7091562Z shell: /usr/bin/bash --noprofile --norc -e -o pipefail {0}
portable	Run dtolnay/rust-toolchain@stable	2026-10-02T16:43:45.7091999Z env:
portable	Run dtolnay/rust-toolchain@stable	2026-10-02T16:43:45.7092259Z   CARGO_HOME: /home/runner/.cargo
portable	Run dtolnay/rust-toolchain@stable	2026-10-02T16:43:45.7092564Z ##[endgroup]
portable	Run dtolnay/rust-toolchain@stable	2026-10-02T16:43:45.7197825Z ##[end-action id=__dtolnay_rust-toolchain.__run_6;outcome=success;conclusion=success;duration_ms=21]
portable	Run dtolnay/rust-toolchain@stable	2026-10-02T16:43:45.7200432Z ##[start-action display=Enable colors in Cargo output;id=__dtolnay_rust-toolchain.__run_7]
portable	Run dtolnay/rust-toolchain@stable	2026-10-02T16:43:45.7229126Z ##[group]Run if [ -z "${CARGO_TERM_COLOR+set}" ]; then
portable	Run dtolnay/rust-toolchain@stable	2026-10-02T16:43:45.7229557Z ^[[36;1mif [ -z "${CARGO_TERM_COLOR+set}" ]; then^[[0m
portable	Run dtolnay/rust-toolchain@stable	2026-10-02T16:43:45.7229954Z ^[[36;1m  echo CARGO_TERM_COLOR=always >> $GITHUB_ENV^[[0m
portable	Run dtolnay/rust-toolchain@stable	2026-10-02T16:43:45.7230292Z ^[[36;1mfi^[[0m
portable	Run dtolnay/rust-toolchain@stable	2026-10-02T16:43:45.7302508Z shell: /usr/bin/bash --noprofile --norc -e -o pipefail {0}
portable	Run dtolnay/rust-toolchain@stable	2026-10-02T16:43:45.7302912Z env:
portable	Run dtolnay/rust-toolchain@stable	2026-10-02T16:43:45.7303172Z   CARGO_HOME: /home/runner/.cargo
portable	Run dtolnay/rust-toolchain@stable	2026-10-02T16:43:45.7303482Z   CARGO_INCREMENTAL: 0
portable	Run dtolnay/rust-toolchain@stable	2026-10-02T16:43:45.7303752Z ##[endgroup]
portable	Run dtolnay/rust-toolchain@stable	2026-10-02T16:43:45.7403192Z ##[end-action id=__dtolnay_rust-toolchain.__run_7;outcome=success;conclusion=success;duration_ms=20]
portable	Run dtolnay/rust-toolchain@stable	2026-10-02T16:43:45.7406000Z ##[start-action display=Enable Cargo sparse registry;id=__dtolnay_rust-toolchain.__run_8]
portable	Run dtolnay/rust-toolchain@stable	2026-10-02T16:43:45.7436443Z ##[group]Run # implemented in 1.66, stabilized in 1.68, made default in 1.70
portable	Run dtolnay/rust-toolchain@stable	2026-10-02T16:43:45.7437006Z ^[[36;1m# implemented in 1.66, stabilized in 1.68, made default in 1.70^[[0m
portable	Run dtolnay/rust-toolchain@stable	2026-10-02T16:43:45.7437761Z ^[[36;1mif [ -z "${CARGO_REGISTRIES_CRATES_IO_PROTOCOL+set}" -o -f "/home/runner/work/_temp"/.implicit_cargo_registries_crates_io_protocol ]; then^[[0m
portable	Run dtolnay/rust-toolchain@stable	2026-10-02T16:43:45.7438667Z ^[[36;1m  if rustc +1.95.0 --version --verbose | grep -q '^release: 1\.6[89]\.'; then^[[0m
portable	Run dtolnay/rust-toolchain@stable	2026-10-02T16:43:45.7439279Z ^[[36;1m    touch "/home/runner/work/_temp"/.implicit_cargo_registries_crates_io_protocol || true^[[0m
portable	Run dtolnay/rust-toolchain@stable	2026-10-02T16:43:45.7439881Z ^[[36;1m    echo CARGO_REGISTRIES_CRATES_IO_PROTOCOL=sparse >> $GITHUB_ENV^[[0m
portable	Run dtolnay/rust-toolchain@stable	2026-10-02T16:43:45.7440412Z ^[[36;1m  elif rustc +1.95.0 --version --verbose | grep -q '^release: 1\.6[67]\.'; then^[[0m
portable	Run dtolnay/rust-toolchain@stable	2026-10-02T16:43:45.7441017Z ^[[36;1m    touch "/home/runner/work/_temp"/.implicit_cargo_registries_crates_io_protocol || true^[[0m
portable	Run dtolnay/rust-toolchain@stable	2026-10-02T16:43:45.7441725Z ^[[36;1m    echo CARGO_REGISTRIES_CRATES_IO_PROTOCOL=git >> $GITHUB_ENV^[[0m
portable	Run dtolnay/rust-toolchain@stable	2026-10-02T16:43:45.7442125Z ^[[36;1m  fi^[[0m
portable	Run dtolnay/rust-toolchain@stable	2026-10-02T16:43:45.7442371Z ^[[36;1mfi^[[0m
portable	Run dtolnay/rust-toolchain@stable	2026-10-02T16:43:45.7512091Z shell: /usr/bin/bash --noprofile --norc -e -o pipefail {0}
portable	Run dtolnay/rust-toolchain@stable	2026-10-02T16:43:45.7512504Z env:
portable	Run dtolnay/rust-toolchain@stable	2026-10-02T16:43:45.7512768Z   CARGO_HOME: /home/runner/.cargo
portable	Run dtolnay/rust-toolchain@stable	2026-10-02T16:43:45.7513085Z   CARGO_INCREMENTAL: 0
portable	Run dtolnay/rust-toolchain@stable	2026-10-02T16:43:45.7513369Z   CARGO_TERM_COLOR: always
portable	Run dtolnay/rust-toolchain@stable	2026-10-02T16:43:45.7513653Z ##[endgroup]
portable	Run dtolnay/rust-toolchain@stable	2026-10-02T16:43:45.7862291Z ##[end-action id=__dtolnay_rust-toolchain.__run_8;outcome=success;conclusion=success;duration_ms=45]
portable	Run dtolnay/rust-toolchain@stable	2026-10-02T16:43:45.7865753Z ##[start-action display=Work around spurious network errors in curl 8.0;id=__dtolnay_rust-toolchain.__run_9]
portable	Run dtolnay/rust-toolchain@stable	2026-10-02T16:43:45.7897402Z ##[group]Run # https://rust-lang.zulipchat.com/#narrow/stream/246057-t-cargo/topic/timeout.20investigation
portable	Run dtolnay/rust-toolchain@stable	2026-10-02T16:43:45.7898274Z ^[[36;1m# https://rust-lang.zulipchat.com/#narrow/stream/246057-t-cargo/topic/timeout.20investigation^[[0m
portable	Run dtolnay/rust-toolchain@stable	2026-10-02T16:43:45.7898940Z ^[[36;1mif rustc +1.95.0 --version --verbose | grep -q '^release: 1\.7[01]\.'; then^[[0m
portable	Run dtolnay/rust-toolchain@stable	2026-10-02T16:43:45.7899432Z ^[[36;1m  echo CARGO_HTTP_MULTIPLEXING=false >> $GITHUB_ENV^[[0m
portable	Run dtolnay/rust-toolchain@stable	2026-10-02T16:43:45.7899799Z ^[[36;1mfi^[[0m
portable	Run dtolnay/rust-toolchain@stable	2026-10-02T16:43:45.7978249Z shell: /usr/bin/bash --noprofile --norc -e -o pipefail {0}
portable	Run dtolnay/rust-toolchain@stable	2026-10-02T16:43:45.7978679Z env:
portable	Run dtolnay/rust-toolchain@stable	2026-10-02T16:43:45.7978986Z   CARGO_HOME: /home/runner/.cargo
portable	Run dtolnay/rust-toolchain@stable	2026-10-02T16:43:45.7979307Z   CARGO_INCREMENTAL: 0
portable	Run dtolnay/rust-toolchain@stable	2026-10-02T16:43:45.7979587Z   CARGO_TERM_COLOR: always
portable	Run dtolnay/rust-toolchain@stable	2026-10-02T16:43:45.7979866Z ##[endgroup]
portable	Run dtolnay/rust-toolchain@stable	2026-10-02T16:43:45.8229019Z ##[end-action id=__dtolnay_rust-toolchain.__run_9;outcome=success;conclusion=success;duration_ms=36]
portable	Run dtolnay/rust-toolchain@stable	2026-10-02T16:43:45.8233387Z ##[start-action display=rustc +1.95.0 --version --verbose;id=__dtolnay_rust-toolchain.__run_10]
portable	Run dtolnay/rust-toolchain@stable	2026-10-02T16:43:45.8262277Z ##[group]Run rustc +1.95.0 --version --verbose
portable	Run dtolnay/rust-toolchain@stable	2026-10-02T16:43:45.8262689Z ^[[36;1mrustc +1.95.0 --version --verbose^[[0m
portable	Run dtolnay/rust-toolchain@stable	2026-10-02T16:43:45.8339308Z shell: /usr/bin/bash --noprofile --norc -e -o pipefail {0}
portable	Run dtolnay/rust-toolchain@stable	2026-10-02T16:43:45.8339686Z env:
portable	Run dtolnay/rust-toolchain@stable	2026-10-02T16:43:45.8339913Z   CARGO_HOME: /home/runner/.cargo
portable	Run dtolnay/rust-toolchain@stable	2026-10-02T16:43:45.8340188Z   CARGO_INCREMENTAL: 0
portable	Run dtolnay/rust-toolchain@stable	2026-10-02T16:43:45.8340422Z   CARGO_TERM_COLOR: always
portable	Run dtolnay/rust-toolchain@stable	2026-10-02T16:43:45.8340660Z ##[endgroup]
portable	Run dtolnay/rust-toolchain@stable	2026-10-02T16:43:45.8553721Z rustc 1.95.0 (59807616e 2026-04-14)
portable	Run dtolnay/rust-toolchain@stable	2026-10-02T16:43:45.8554911Z binary: rustc
portable	Run dtolnay/rust-toolchain@stable	2026-10-02T16:43:45.8555835Z commit-hash: 59807616e1fa2540724bfbac14d7976d7e4a3860
portable	Run dtolnay/rust-toolchain@stable	2026-10-02T16:43:45.8556435Z commit-date: 2026-04-14
portable	Run dtolnay/rust-toolchain@stable	2026-10-02T16:43:45.8556783Z host: x86_64-unknown-linux-gnu
portable	Run dtolnay/rust-toolchain@stable	2026-10-02T16:43:45.8557053Z release: 1.95.0
portable	Run dtolnay/rust-toolchain@stable	2026-10-02T16:43:45.8557280Z LLVM version: 22.1.2
portable	Run dtolnay/rust-toolchain@stable	2026-10-02T16:43:45.8573231Z ##[end-action id=__dtolnay_rust-toolchain.__run_10;outcome=success;conclusion=success;duration_ms=33]
portable	Install native Linux test dependencies	﻿2026-10-02T16:43:45.8636583Z ##[group]Run sudo apt-get update
portable	Install native Linux test dependencies	2026-10-02T16:43:45.8636944Z ^[[36;1msudo apt-get update^[[0m
portable	Install native Linux test dependencies	2026-10-02T16:43:45.8637279Z ^[[36;1msudo apt-get install --yes --no-install-recommends \^[[0m
portable	Install native Linux test dependencies	2026-10-02T16:43:45.8637632Z ^[[36;1m  libxcb1-dev \^[[0m
portable	Install native Linux test dependencies	2026-10-02T16:43:45.8637883Z ^[[36;1m  libfontconfig1-dev \^[[0m
portable	Install native Linux test dependencies	2026-10-02T16:43:45.8638141Z ^[[36;1m  libvulkan1 \^[[0m
portable	Install native Linux test dependencies	2026-10-02T16:43:45.8638376Z ^[[36;1m  libwayland-dev \^[[0m
portable	Install native Linux test dependencies	2026-10-02T16:43:45.8638614Z ^[[36;1m  libx11-xcb-dev \^[[0m
portable	Install native Linux test dependencies	2026-10-02T16:43:45.8638849Z ^[[36;1m  libxkbcommon-dev \^[[0m
portable	Install native Linux test dependencies	2026-10-02T16:43:45.8639277Z ^[[36;1m  libxkbcommon-x11-dev \^[[0m
portable	Install native Linux test dependencies	2026-10-02T16:43:45.8639558Z ^[[36;1m  mesa-vulkan-drivers \^[[0m
portable	Install native Linux test dependencies	2026-10-02T16:43:45.8639809Z ^[[36;1m  weston \^[[0m
portable	Install native Linux test dependencies	2026-10-02T16:43:45.8640024Z ^[[36;1m  xvfb^[[0m
portable	Install native Linux test dependencies	2026-10-02T16:43:45.8714068Z shell: /usr/bin/bash -e {0}
portable	Install native Linux test dependencies	2026-10-02T16:43:45.8714355Z env:
portable	Install native Linux test dependencies	2026-10-02T16:43:45.8714778Z   CARGO_HOME: /home/runner/.cargo
portable	Install native Linux test dependencies	2026-10-02T16:43:45.8715062Z   CARGO_INCREMENTAL: 0
portable	Install native Linux test dependencies	2026-10-02T16:43:45.8715317Z   CARGO_TERM_COLOR: always
portable	Install native Linux test dependencies	2026-10-02T16:43:45.8715610Z ##[endgroup]
portable	Install native Linux test dependencies	2026-10-02T16:43:45.9510034Z Get:1 file:/etc/apt/apt-mirrors.txt Mirrorlist [144 B]
portable	Install native Linux test dependencies	2026-10-02T16:43:45.9886358Z Get:6 https://packages.microsoft.com/ubuntu/24.04/prod noble InRelease [3600 B]
portable	Install native Linux test dependencies	2026-10-02T16:43:46.0673282Z Get:7 https://packages.microsoft.com/ubuntu/24.04/prod noble/main amd64 Packages [511 kB]
portable	Install native Linux test dependencies	2026-10-02T16:43:46.0845526Z Get:8 https://packages.microsoft.com/ubuntu/24.04/prod noble/main arm64 Packages [458 kB]
portable	Install native Linux test dependencies	2026-10-02T16:43:46.0908061Z Get:9 https://packages.microsoft.com/ubuntu/24.04/prod noble/main armhf Packages [12.6 kB]
portable	Install native Linux test dependencies	2026-10-02T16:43:46.1103947Z Hit:2 http://azure.archive.ubuntu.com/ubuntu noble InRelease
portable	Install native Linux test dependencies	2026-10-02T16:43:46.1118908Z Get:3 http://azure.archive.ubuntu.com/ubuntu noble-updates InRelease [126 kB]
portable	Install native Linux test dependencies	2026-10-02T16:43:46.1173522Z Get:4 http://azure.archive.ubuntu.com/ubuntu noble-backports InRelease [126 kB]
portable	Install native Linux test dependencies	2026-10-02T16:43:46.1200054Z Get:5 http://azure.archive.ubuntu.com/ubuntu noble-security InRelease [126 kB]
portable	Install native Linux test dependencies	2026-10-02T16:43:46.2219944Z Get:10 http://azure.archive.ubuntu.com/ubuntu noble-updates/main amd64 Packages [1364 kB]
portable	Install native Linux test dependencies	2026-10-02T16:43:46.2311212Z Get:11 http://azure.archive.ubuntu.com/ubuntu noble-updates/main Translation-en [304 kB]
portable	Install native Linux test dependencies	2026-10-02T16:43:46.2338419Z Get:12 http://azure.archive.ubuntu.com/ubuntu noble-updates/main amd64 Components [180 kB]
portable	Install native Linux test dependencies	2026-10-02T16:43:46.2363720Z Get:13 http://azure.archive.ubuntu.com/ubuntu noble-updates/universe amd64 Packages [1699 kB]
portable	Install native Linux test dependencies	2026-10-02T16:43:46.2486021Z Get:14 http://azure.archive.ubuntu.com/ubuntu noble-updates/universe Translation-en [341 kB]
portable	Install native Linux test dependencies	2026-10-02T16:43:46.2510294Z Get:15 http://azure.archive.ubuntu.com/ubuntu noble-updates/universe amd64 Components [388 kB]
portable	Install native Linux test dependencies	2026-10-02T16:43:46.2585607Z Get:16 http://azure.archive.ubuntu.com/ubuntu noble-updates/restricted amd64 Packages [1720 kB]
portable	Install native Linux test dependencies	2026-10-02T16:43:46.2645506Z Get:17 http://azure.archive.ubuntu.com/ubuntu noble-updates/restricted Translation-en [394 kB]
portable	Install native Linux test dependencies	2026-10-02T16:43:46.2677111Z Get:18 http://azure.archive.ubuntu.com/ubuntu noble-updates/multiverse amd64 Components [940 B]
portable	Install native Linux test dependencies	2026-10-02T16:43:46.2828443Z Get:19 http://azure.archive.ubuntu.com/ubuntu noble-backports/main amd64 Components [5764 B]
portable	Install native Linux test dependencies	2026-10-02T16:43:46.3278090Z Get:20 http://azure.archive.ubuntu.com/ubuntu noble-backports/universe amd64 Components [12.6 kB]
portable	Install native Linux test dependencies	2026-10-02T16:43:46.3385891Z Get:21 http://azure.archive.ubuntu.com/ubuntu noble-security/main amd64 Packages [1069 kB]
portable	Install native Linux test dependencies	2026-10-02T16:43:46.3450481Z Get:22 http://azure.archive.ubuntu.com/ubuntu noble-security/main Translation-en [221 kB]
portable	Install native Linux test dependencies	2026-10-02T16:43:46.3472320Z Get:23 http://azure.archive.ubuntu.com/ubuntu noble-security/main amd64 Components [46.3 kB]
portable	Install native Linux test dependencies	2026-10-02T16:43:46.3489533Z Get:24 http://azure.archive.ubuntu.com/ubuntu noble-security/universe amd64 Packages [1216 kB]
portable	Install native Linux test dependencies	2026-10-02T16:43:46.3555843Z Get:25 http://azure.archive.ubuntu.com/ubuntu noble-security/universe Translation-en [244 kB]
portable	Install native Linux test dependencies	2026-10-02T16:43:46.3579056Z Get:26 http://azure.archive.ubuntu.com/ubuntu noble-security/universe amd64 Components [76.3 kB]
portable	Install native Linux test dependencies	2026-10-02T16:43:46.3595706Z Get:27 http://azure.archive.ubuntu.com/ubuntu noble-security/restricted amd64 Packages [1566 kB]
portable	Install native Linux test dependencies	2026-10-02T16:43:46.3688483Z Get:28 http://azure.archive.ubuntu.com/ubuntu noble-security/restricted Translation-en [361 kB]
portable	Install native Linux test dependencies	2026-10-02T16:43:50.7649852Z Fetched 12.6 MB in 2s (8370 kB/s)
portable	Install native Linux test dependencies	2026-10-02T16:43:51.6640995Z Reading package lists...
portable	Install native Linux test dependencies	2026-10-02T16:43:51.6969669Z Reading package lists...
portable	Install native Linux test dependencies	2026-10-02T16:43:51.9144441Z Building dependency tree...
portable	Install native Linux test dependencies	2026-10-02T16:43:51.9152037Z Reading state information...
portable	Install native Linux test dependencies	2026-10-02T16:43:52.0869077Z libvulkan1 is already the newest version (1.3.275.0-1build1).
portable	Install native Linux test dependencies	2026-10-02T16:43:52.0869812Z libvulkan1 set to manually installed.
portable	Install native Linux test dependencies	2026-10-02T16:43:52.0870381Z xvfb is already the newest version (2:21.1.12-1ubuntu1.8).
portable	Install native Linux test dependencies	2026-10-02T16:43:52.0871040Z The following additional packages will be installed:
portable	Install native Linux test dependencies	2026-10-02T16:43:52.0871704Z   libaml0t64 libass9 libasyncns0 libavcodec60 libavfilter9 libavformat60
portable	Install native Linux test dependencies	2026-10-02T16:43:52.0872521Z   libavutil58 libblas3 libbluray2 libbrotli-dev libbs2b0 libbz2-dev
portable	Install native Linux test dependencies	2026-10-02T16:43:52.0873306Z   libchromaprint1 libcjson1 libcodec2-1.2 libdav1d7 libegl-mesa0 libegl1
portable	Install native Linux test dependencies	2026-10-02T16:43:52.0874053Z   libflac12t64 libflite1 libfontconfig-dev libfreerdp-server2-2t64
portable	Install native Linux test dependencies	2026-10-02T16:43:52.0874975Z   libfreerdp2-2t64 libfreetype-dev libgbm1 libgl1-mesa-dri libgles2
portable	Install native Linux test dependencies	2026-10-02T16:43:52.0875768Z   libglx-mesa0 libgme0 libgsm1 libgstreamer-plugins-base1.0-0 libhwy1t64
portable	Install native Linux test dependencies	2026-10-02T16:43:52.0876571Z   libinput-bin libinput10 libjxl0.7 liblapack3 liblilv-0-0 libmbedcrypto7t64
portable	Install native Linux test dependencies	2026-10-02T16:43:52.0877354Z   libmp3lame0 libmpg123-0t64 libmtdev1t64 libmysofa1 libneatvnc0
portable	Install native Linux test dependencies	2026-10-02T16:43:52.0878149Z   libopenmpt0t64 libopus0 liborc-0.4-0t64 libpipewire-0.3-0t64 libplacebo338
portable	Install native Linux test dependencies	2026-10-02T16:43:52.0879184Z   libpng-dev libpocketsphinx3 libpostproc57 libpthread-stubs0-dev libpulse0
portable	Install native Linux test dependencies	2026-10-02T16:43:52.0880240Z   librav1e0 librist4 librsvg2-2 librubberband2 libsamplerate0 libseat1
portable	Install native Linux test dependencies	2026-10-02T16:43:52.0881038Z   libserd-0-0 libshine3 libsndfile1 libsord-0-0 libsoxr0 libspa-0.2-modules
portable	Install native Linux test dependencies	2026-10-02T16:43:52.0881897Z   libspeex1 libsphinxbase3t64 libsratom-0-0 libsrt1.5-gnutls libssh-gcrypt-4
portable	Install native Linux test dependencies	2026-10-02T16:43:52.0882759Z   libsvtav1enc1d1 libswresample4 libswscale7 libtheora0 libturbojpeg
portable	Install native Linux test dependencies	2026-10-02T16:43:52.0883614Z   libtwolame0 libudfread0 libunibreak5 libva-drm2 libva-x11-2 libva2 libvdpau1
portable	Install native Linux test dependencies	2026-10-02T16:43:52.0884329Z   libvidstab1.1 libvorbisenc2 libvpl2 libvpx9 libwacom-common libwacom9
portable	Install native Linux test dependencies	2026-10-02T16:43:52.0885272Z   libwayland-bin libwayland-server0 libwebrtc-audio-processing1 libweston-13-0
portable	Install native Linux test dependencies	2026-10-02T16:43:52.0886098Z   libwinpr2-2t64 libx11-dev libx264-164 libx265-199 libxau-dev
portable	Install native Linux test dependencies	2026-10-02T16:43:52.0886652Z   libxcb-composite0 libxcb-xkb-dev libxcb-xkb1 libxdmcp-dev libxkbcommon-x11-0
portable	Install native Linux test dependencies	2026-10-02T16:43:52.0887313Z   libxvidcore4 libzimg2 libzix-0-0 libzvbi-common libzvbi0t64 mesa-libgallium
portable	Install native Linux test dependencies	2026-10-02T16:43:52.0887866Z   ocl-icd-libopencl1 uuid-dev x11proto-dev xorg-sgml-doctools xtrans-dev
portable	Install native Linux test dependencies	2026-10-02T16:43:52.0888259Z Suggested packages:
portable	Install native Linux test dependencies	2026-10-02T16:43:52.0888596Z   libcuda1 libnvcuvid1 libnvidia-encode1 libbluray-bdj freerdp2-x11
portable	Install native Linux test dependencies	2026-10-02T16:43:52.0889057Z   freetype2-doc libvisual-0.4-plugins opus-tools pipewire pulseaudio
portable	Install native Linux test dependencies	2026-10-02T16:43:52.0889510Z   librsvg2-bin serdi sordi speex libwacom-bin libwayland-doc libx11-doc
portable	Install native Linux test dependencies	2026-10-02T16:43:52.0889893Z   libxcb-doc opencl-icd wayland-utils
portable	Install native Linux test dependencies	2026-10-02T16:43:52.0890264Z Recommended packages:
portable	Install native Linux test dependencies	2026-10-02T16:43:52.0890605Z   libaacs0 bzip2-doc gstreamer1.0-plugins-base libpipewire-0.3-common
portable	Install native Linux test dependencies	2026-10-02T16:43:52.0891100Z   libpng-tools pocketsphinx-en-us librsvg2-common va-driver-all | va-driver
portable	Install native Linux test dependencies	2026-10-02T16:43:52.0891497Z   vdpau-driver-all | vdpau-driver
portable	Install native Linux test dependencies	2026-10-02T16:43:52.1417937Z The following NEW packages will be installed:
portable	Install native Linux test dependencies	2026-10-02T16:43:52.1418951Z   libaml0t64 libass9 libasyncns0 libavcodec60 libavfilter9 libavformat60
portable	Install native Linux test dependencies	2026-10-02T16:43:52.1419972Z   libavutil58 libblas3 libbluray2 libbrotli-dev libbs2b0 libbz2-dev
portable	Install native Linux test dependencies	2026-10-02T16:43:52.1421015Z   libchromaprint1 libcjson1 libcodec2-1.2 libdav1d7 libegl-mesa0 libegl1
portable	Install native Linux test dependencies	2026-10-02T16:43:52.1422316Z   libflac12t64 libflite1 libfontconfig-dev libfontconfig1-dev
portable	Install native Linux test dependencies	2026-10-02T16:43:52.1423198Z   libfreerdp-server2-2t64 libfreerdp2-2t64 libfreetype-dev libgles2 libgme0
portable	Install native Linux test dependencies	2026-10-02T16:43:52.1424161Z   libgsm1 libgstreamer-plugins-base1.0-0 libhwy1t64 libinput-bin libinput10
portable	Install native Linux test dependencies	2026-10-02T16:43:52.1425210Z   libjxl0.7 liblapack3 liblilv-0-0 libmbedcrypto7t64 libmp3lame0
portable	Install native Linux test dependencies	2026-10-02T16:43:52.1426074Z   libmpg123-0t64 libmtdev1t64 libmysofa1 libneatvnc0 libopenmpt0t64 libopus0
portable	Install native Linux test dependencies	2026-10-02T16:43:52.1427161Z   liborc-0.4-0t64 libpipewire-0.3-0t64 libplacebo338 libpng-dev
portable	Install native Linux test dependencies	2026-10-02T16:43:52.1427992Z   libpocketsphinx3 libpostproc57 libpthread-stubs0-dev libpulse0 librav1e0
portable	Install native Linux test dependencies	2026-10-02T16:43:52.1428737Z   librist4 librsvg2-2 librubberband2 libsamplerate0 libseat1 libserd-0-0
portable	Install native Linux test dependencies	2026-10-02T16:43:52.1429475Z   libshine3 libsndfile1 libsord-0-0 libsoxr0 libspa-0.2-modules libspeex1
portable	Install native Linux test dependencies	2026-10-02T16:43:52.1430224Z   libsphinxbase3t64 libsratom-0-0 libsrt1.5-gnutls libssh-gcrypt-4
portable	Install native Linux test dependencies	2026-10-02T16:43:52.1430976Z   libsvtav1enc1d1 libswresample4 libswscale7 libtheora0 libturbojpeg
portable	Install native Linux test dependencies	2026-10-02T16:43:52.1431771Z   libtwolame0 libudfread0 libunibreak5 libva-drm2 libva-x11-2 libva2 libvdpau1
portable	Install native Linux test dependencies	2026-10-02T16:43:52.1432589Z   libvidstab1.1 libvorbisenc2 libvpl2 libvpx9 libwacom-common libwacom9
portable	Install native Linux test dependencies	2026-10-02T16:43:52.1433402Z   libwayland-bin libwayland-dev libwayland-server0 libwebrtc-audio-processing1
portable	Install native Linux test dependencies	2026-10-02T16:43:52.1434314Z   libweston-13-0 libwinpr2-2t64 libx11-dev libx11-xcb-dev libx264-164
portable	Install native Linux test dependencies	2026-10-02T16:43:52.1435245Z   libx265-199 libxau-dev libxcb-composite0 libxcb-xkb-dev libxcb-xkb1
portable	Install native Linux test dependencies	2026-10-02T16:43:52.1436005Z   libxcb1-dev libxdmcp-dev libxkbcommon-dev libxkbcommon-x11-0
portable	Install native Linux test dependencies	2026-10-02T16:43:52.1436785Z   libxkbcommon-x11-dev libxvidcore4 libzimg2 libzix-0-0 libzvbi-common
portable	Install native Linux test dependencies	2026-10-02T16:43:52.1437584Z   libzvbi0t64 mesa-vulkan-drivers ocl-icd-libopencl1 uuid-dev weston
portable	Install native Linux test dependencies	2026-10-02T16:43:52.1438307Z   x11proto-dev xorg-sgml-doctools xtrans-dev
portable	Install native Linux test dependencies	2026-10-02T16:43:52.1438865Z The following packages will be upgraded:
portable	Install native Linux test dependencies	2026-10-02T16:43:52.1443133Z   libgbm1 libgl1-mesa-dri libglx-mesa0 mesa-libgallium
portable	Install native Linux test dependencies	2026-10-02T16:43:52.1661659Z 4 upgraded, 117 newly installed, 0 to remove and 21 not upgraded.
portable	Install native Linux test dependencies	2026-10-02T16:43:52.1662329Z Need to get 95.7 MB of archives.
portable	Install native Linux test dependencies	2026-10-02T16:43:52.1662868Z After this operation, 295 MB of additional disk space will be used.
portable	Install native Linux test dependencies	2026-10-02T16:43:52.1663499Z Get:1 file:/etc/apt/apt-mirrors.txt Mirrorlist [144 B]
portable	Install native Linux test dependencies	2026-10-02T16:43:52.3396369Z Get:2 http://azure.archive.ubuntu.com/ubuntu noble/universe amd64 libaml0t64 amd64 0.3.0-1.1build1 [11.6 kB]
portable	Install native Linux test dependencies	2026-10-02T16:43:52.4175525Z Get:3 http://azure.archive.ubuntu.com/ubuntu noble/universe amd64 libunibreak5 amd64 5.1-2build1 [25.0 kB]
portable	Install native Linux test dependencies	2026-10-02T16:43:52.5369612Z Get:4 http://azure.archive.ubuntu.com/ubuntu noble/universe amd64 libass9 amd64 1:0.17.1-2build1 [104 kB]
portable	Install native Linux test dependencies	2026-10-02T16:43:52.7685092Z Get:5 http://azure.archive.ubuntu.com/ubuntu noble/main amd64 libasyncns0 amd64 0.8-6build4 [11.3 kB]
portable	Install native Linux test dependencies	2026-10-02T16:43:52.8498592Z Get:6 http://azure.archive.ubuntu.com/ubuntu noble-updates/universe amd64 libva2 amd64 2.20.0-2ubuntu0.2 [66.4 kB]
portable	Install native Linux test dependencies	2026-10-02T16:43:53.2515085Z Get:7 http://azure.archive.ubuntu.com/ubuntu noble-updates/universe amd64 libva-drm2 amd64 2.20.0-2ubuntu0.2 [7124 B]
portable	Install native Linux test dependencies	2026-10-02T16:43:53.3312941Z Get:8 http://azure.archive.ubuntu.com/ubuntu noble-updates/universe amd64 libva-x11-2 amd64 2.20.0-2ubuntu0.2 [12.0 kB]
portable	Install native Linux test dependencies	2026-10-02T16:43:53.4129895Z Get:9 http://azure.archive.ubuntu.com/ubuntu noble/main amd64 libvdpau1 amd64 1.5-2build1 [27.8 kB]
portable	Install native Linux test dependencies	2026-10-02T16:43:53.5035099Z Get:10 http://azure.archive.ubuntu.com/ubuntu noble/universe amd64 libvpl2 amd64 2023.3.0-1build1 [99.8 kB]
portable	Install native Linux test dependencies	2026-10-02T16:43:53.6266340Z Get:11 http://azure.archive.ubuntu.com/ubuntu noble/universe amd64 ocl-icd-libopencl1 amd64 2.3.2-1build1 [38.5 kB]
portable	Install native Linux test dependencies	2026-10-02T16:43:53.6990841Z Get:12 http://azure.archive.ubuntu.com/ubuntu noble/universe amd64 libavutil58 amd64 7:6.1.1-3ubuntu5 [401 kB]
portable	Install native Linux test dependencies	2026-10-02T16:43:53.7792640Z Get:13 http://azure.archive.ubuntu.com/ubuntu noble/universe amd64 libcodec2-1.2 amd64 1.2.0-2build1 [8998 kB]
portable	Install native Linux test dependencies	2026-10-02T16:43:54.0511767Z Get:14 http://azure.archive.ubuntu.com/ubuntu noble/universe amd64 libdav1d7 amd64 1.4.1-1build1 [604 kB]
portable	Install native Linux test dependencies	2026-10-02T16:43:54.1350095Z Get:15 http://azure.archive.ubuntu.com/ubuntu noble/universe amd64 libgsm1 amd64 1.0.22-1build1 [27.8 kB]
portable	Install native Linux test dependencies	2026-10-02T16:43:54.2067054Z Get:16 http://azure.archive.ubuntu.com/ubuntu noble/universe amd64 libhwy1t64 amd64 1.0.7-8.1build1 [584 kB]
portable	Install native Linux test dependencies	2026-10-02T16:43:54.2907923Z Get:17 http://azure.archive.ubuntu.com/ubuntu noble-updates/universe amd64 libjxl0.7 amd64 0.7.0-10.2ubuntu6.1 [1001 kB]
portable	Install native Linux test dependencies	2026-10-02T16:43:54.3842553Z Get:18 http://azure.archive.ubuntu.com/ubuntu noble/main amd64 libmp3lame0 amd64 3.100-6build1 [142 kB]
portable	Install native Linux test dependencies	2026-10-02T16:43:54.4585528Z Get:19 http://azure.archive.ubuntu.com/ubuntu noble/main amd64 libopus0 amd64 1.4-1build1 [208 kB]
portable	Install native Linux test dependencies	2026-10-02T16:43:54.5342694Z Get:20 http://azure.archive.ubuntu.com/ubuntu noble/universe amd64 librav1e0 amd64 0.7.1-2 [1022 kB]
portable	Install native Linux test dependencies	2026-10-02T16:43:54.6291936Z Get:21 http://azure.archive.ubuntu.com/ubuntu noble/main amd64 librsvg2-2 amd64 2.58.0+dfsg-1build1 [2135 kB]
portable	Install native Linux test dependencies	2026-10-02T16:43:54.7484288Z Get:22 http://azure.archive.ubuntu.com/ubuntu noble/universe amd64 libshine3 amd64 3.1.1-2build1 [23.2 kB]
portable	Install native Linux test dependencies	2026-10-02T16:43:54.8203630Z Get:23 http://azure.archive.ubuntu.com/ubuntu noble-updates/main amd64 libspeex1 amd64 1.2.1-2ubuntu2.24.04.1 [59.6 kB]
portable	Install native Linux test dependencies	2026-10-02T16:43:54.8927266Z Get:24 http://azure.archive.ubuntu.com/ubuntu noble/universe amd64 libsvtav1enc1d1 amd64 1.7.0+dfsg-2build1 [2425 kB]
portable	Install native Linux test dependencies	2026-10-02T16:43:55.0186456Z Get:25 http://azure.archive.ubuntu.com/ubuntu noble/universe amd64 libsoxr0 amd64 0.1.3-4build3 [80.0 kB]
portable	Install native Linux test dependencies	2026-10-02T16:43:55.0907760Z Get:26 http://azure.archive.ubuntu.com/ubuntu noble/universe amd64 libswresample4 amd64 7:6.1.1-3ubuntu5 [63.8 kB]
portable	Install native Linux test dependencies	2026-10-02T16:43:55.1631029Z Get:27 http://azure.archive.ubuntu.com/ubuntu noble/main amd64 libtheora0 amd64 1.1.1+dfsg.1-16.1build3 [211 kB]
portable	Install native Linux test dependencies	2026-10-02T16:43:55.2392072Z Get:28 http://azure.archive.ubuntu.com/ubuntu noble/main amd64 libtwolame0 amd64 0.4.0-2build3 [52.3 kB]
portable	Install native Linux test dependencies	2026-10-02T16:43:55.3096126Z Get:29 http://azure.archive.ubuntu.com/ubuntu noble/main amd64 libvorbisenc2 amd64 1.3.7-1build3 [80.8 kB]
portable	Install native Linux test dependencies	2026-10-02T16:43:55.3798367Z Get:30 http://azure.archive.ubuntu.com/ubuntu noble-updates/main amd64 libvpx9 amd64 1.14.0-1ubuntu2.3 [1143 kB]
portable	Install native Linux test dependencies	2026-10-02T16:43:55.4593883Z Get:31 http://azure.archive.ubuntu.com/ubuntu noble/universe amd64 libx264-164 amd64 2:0.164.3108+git31e19f9-1 [604 kB]
portable	Install native Linux test dependencies	2026-10-02T16:43:55.5436768Z Get:32 http://azure.archive.ubuntu.com/ubuntu noble/universe amd64 libx265-199 amd64 3.5-2build1 [1226 kB]
portable	Install native Linux test dependencies	2026-10-02T16:43:55.6414790Z Get:33 http://azure.archive.ubuntu.com/ubuntu noble/universe amd64 libxvidcore4 amd64 2:1.3.7-1build1 [219 kB]
portable	Install native Linux test dependencies	2026-10-02T16:43:55.7185794Z Get:34 http://azure.archive.ubuntu.com/ubuntu noble/universe amd64 libzvbi-common all 0.2.42-2 [42.4 kB]
portable	Install native Linux test dependencies	2026-10-02T16:43:55.7901342Z Get:35 http://azure.archive.ubuntu.com/ubuntu noble/universe amd64 libzvbi0t64 amd64 0.2.42-2 [261 kB]
portable	Install native Linux test dependencies	2026-10-02T16:43:55.8663962Z Get:36 http://azure.archive.ubuntu.com/ubuntu noble/universe amd64 libavcodec60 amd64 7:6.1.1-3ubuntu5 [5851 kB]
portable	Install native Linux test dependencies	2026-10-02T16:43:56.0695729Z Get:37 http://azure.archive.ubuntu.com/ubuntu noble/universe amd64 libudfread0 amd64 1.1.2-1build1 [19.0 kB]
portable	Install native Linux test dependencies	2026-10-02T16:43:56.1410561Z Get:38 http://azure.archive.ubuntu.com/ubuntu noble/universe amd64 libbluray2 amd64 1:1.3.4-1build1 [159 kB]
portable	Install native Linux test dependencies	2026-10-02T16:43:56.2164094Z Get:39 http://azure.archive.ubuntu.com/ubuntu noble/universe amd64 libchromaprint1 amd64 1.5.1-5 [30.5 kB]
portable	Install native Linux test dependencies	2026-10-02T16:43:56.2880067Z Get:40 http://azure.archive.ubuntu.com/ubuntu noble/universe amd64 libgme0 amd64 0.6.3-7build1 [134 kB]
portable	Install native Linux test dependencies	2026-10-02T16:43:56.3607688Z Get:41 http://azure.archive.ubuntu.com/ubuntu noble-updates/main amd64 libmpg123-0t64 amd64 1.32.5-1ubuntu1.1 [169 kB]
portable	Install native Linux test dependencies	2026-10-02T16:43:56.4350312Z Get:42 http://azure.archive.ubuntu.com/ubuntu noble/universe amd64 libopenmpt0t64 amd64 0.7.3-1.1build3 [647 kB]
portable	Install native Linux test dependencies	2026-10-02T16:43:56.5198558Z Get:43 http://azure.archive.ubuntu.com/ubuntu noble/universe amd64 libcjson1 amd64 1.7.17-1 [24.8 kB]
portable	Install native Linux test dependencies	2026-10-02T16:43:56.5914260Z Get:44 http://azure.archive.ubuntu.com/ubuntu noble/universe amd64 libmbedcrypto7t64 amd64 2.28.8-1 [209 kB]
portable	Install native Linux test dependencies	2026-10-02T16:43:56.6664893Z Get:45 http://azure.archive.ubuntu.com/ubuntu noble/universe amd64 librist4 amd64 0.2.10+dfsg-2 [74.9 kB]
portable	Install native Linux test dependencies	2026-10-02T16:43:56.7382398Z Get:46 http://azure.archive.ubuntu.com/ubuntu noble/universe amd64 libsrt1.5-gnutls amd64 1.5.3-1build2 [316 kB]
portable	Install native Linux test dependencies	2026-10-02T16:43:56.8153446Z Get:47 http://azure.archive.ubuntu.com/ubuntu noble-updates/main amd64 libssh-gcrypt-4 amd64 0.10.6-2ubuntu0.5 [226 kB]
portable	Install native Linux test dependencies	2026-10-02T16:43:56.8905633Z Get:48 http://azure.archive.ubuntu.com/ubuntu noble/universe amd64 libavformat60 amd64 7:6.1.1-3ubuntu5 [1153 kB]
portable	Install native Linux test dependencies	2026-10-02T16:43:56.9906217Z Get:49 http://azure.archive.ubuntu.com/ubuntu noble/universe amd64 libbs2b0 amd64 3.1.0+dfsg-7build1 [10.6 kB]
portable	Install native Linux test dependencies	2026-10-02T16:43:57.0620063Z Get:50 http://azure.archive.ubuntu.com/ubuntu noble/universe amd64 libflite1 amd64 2.2-6build3 [13.6 MB]
portable	Install native Linux test dependencies	2026-10-02T16:43:57.4418440Z Get:51 http://azure.archive.ubuntu.com/ubuntu noble/universe amd64 libserd-0-0 amd64 0.32.2-1 [43.6 kB]
portable	Install native Linux test dependencies	2026-10-02T16:43:57.5140004Z Get:52 http://azure.archive.ubuntu.com/ubuntu noble/universe amd64 libzix-0-0 amd64 0.4.2-2build1 [23.6 kB]
portable	Install native Linux test dependencies	2026-10-02T16:43:57.5860058Z Get:53 http://azure.archive.ubuntu.com/ubuntu noble/universe amd64 libsord-0-0 amd64 0.16.16-2build1 [15.8 kB]
portable	Install native Linux test dependencies	2026-10-02T16:43:57.6580237Z Get:54 http://azure.archive.ubuntu.com/ubuntu noble/universe amd64 libsratom-0-0 amd64 0.6.16-1build1 [17.3 kB]
portable	Install native Linux test dependencies	2026-10-02T16:43:57.7302177Z Get:55 http://azure.archive.ubuntu.com/ubuntu noble/universe amd64 liblilv-0-0 amd64 0.24.22-1build1 [41.0 kB]
portable	Install native Linux test dependencies	2026-10-02T16:43:57.8065309Z Get:56 http://azure.archive.ubuntu.com/ubuntu noble/universe amd64 libmysofa1 amd64 1.3.2+dfsg-2ubuntu2 [1158 kB]
portable	Install native Linux test dependencies	2026-10-02T16:43:57.8996594Z Get:57 http://azure.archive.ubuntu.com/ubuntu noble/universe amd64 libplacebo338 amd64 6.338.2-2build1 [2654 kB]
portable	Install native Linux test dependencies	2026-10-02T16:43:58.0319509Z Get:58 http://azure.archive.ubuntu.com/ubuntu noble-updates/main amd64 libblas3 amd64 3.12.0-3build1.1 [238 kB]
portable	Install native Linux test dependencies	2026-10-02T16:43:58.1084341Z Get:59 http://azure.archive.ubuntu.com/ubuntu noble-updates/main amd64 liblapack3 amd64 3.12.0-3build1.1 [2646 kB]
portable	Install native Linux test dependencies	2026-10-02T16:43:58.2397235Z Get:60 http://azure.archive.ubuntu.com/ubuntu noble/main amd64 libflac12t64 amd64 1.4.3+ds-2.1ubuntu2 [197 kB]
portable	Install native Linux test dependencies	2026-10-02T16:43:58.3157610Z Get:61 http://azure.archive.ubuntu.com/ubuntu noble-updates/main amd64 libsndfile1 amd64 1.2.2-1ubuntu5.24.04.1 [209 kB]
portable	Install native Linux test dependencies	2026-10-02T16:43:58.3917471Z Get:62 http://azure.archive.ubuntu.com/ubuntu noble-updates/main amd64 libpulse0 amd64 1:16.1+dfsg1-2ubuntu10.1 [292 kB]
portable	Install native Linux test dependencies	2026-10-02T16:43:58.4696248Z Get:63 http://azure.archive.ubuntu.com/ubuntu noble/universe amd64 libsphinxbase3t64 amd64 0.8+5prealpha+1-17build2 [126 kB]
portable	Install native Linux test dependencies	2026-10-02T16:43:58.5435418Z Get:64 http://azure.archive.ubuntu.com/ubuntu noble/universe amd64 libpocketsphinx3 amd64 0.8.0+real5prealpha+1-15ubuntu5 [133 kB]
portable	Install native Linux test dependencies	2026-10-02T16:43:58.6178175Z Get:65 http://azure.archive.ubuntu.com/ubuntu noble/universe amd64 libpostproc57 amd64 7:6.1.1-3ubuntu5 [49.9 kB]
portable	Install native Linux test dependencies	2026-10-02T16:43:58.6901487Z Get:66 http://azure.archive.ubuntu.com/ubuntu noble/main amd64 libsamplerate0 amd64 0.2.2-4build1 [1344 kB]
portable	Install native Linux test dependencies	2026-10-02T16:43:58.7920021Z Get:67 http://azure.archive.ubuntu.com/ubuntu noble/universe amd64 librubberband2 amd64 3.3.0+dfsg-2build1 [130 kB]
portable	Install native Linux test dependencies	2026-10-02T16:43:58.8664879Z Get:68 http://azure.archive.ubuntu.com/ubuntu noble/universe amd64 libswscale7 amd64 7:6.1.1-3ubuntu5 [193 kB]
portable	Install native Linux test dependencies	2026-10-02T16:43:58.9417535Z Get:69 http://azure.archive.ubuntu.com/ubuntu noble/universe amd64 libvidstab1.1 amd64 1.1.0-2build1 [38.5 kB]
portable	Install native Linux test dependencies	2026-10-02T16:43:59.0139994Z Get:70 http://azure.archive.ubuntu.com/ubuntu noble/universe amd64 libzimg2 amd64 3.0.5+ds1-1build1 [254 kB]
portable	Install native Linux test dependencies	2026-10-02T16:43:59.0913661Z Get:71 http://azure.archive.ubuntu.com/ubuntu noble/universe amd64 libavfilter9 amd64 7:6.1.1-3ubuntu5 [4235 kB]
portable	Install native Linux test dependencies	2026-10-02T16:43:59.2585886Z Get:72 http://azure.archive.ubuntu.com/ubuntu noble/main amd64 libbrotli-dev amd64 1.1.0-2build2 [353 kB]
portable	Install native Linux test dependencies	2026-10-02T16:43:59.3379019Z Get:73 http://azure.archive.ubuntu.com/ubuntu noble-updates/main amd64 libbz2-dev amd64 1.0.8-5.1ubuntu0.1 [33.6 kB]
portable	Install native Linux test dependencies	2026-10-02T16:43:59.4101162Z Get:74 http://azure.archive.ubuntu.com/ubuntu noble-updates/main amd64 libgl1-mesa-dri amd64 25.2.8-0ubuntu0.24.04.4 [38.0 kB]
portable	Install native Linux test dependencies	2026-10-02T16:43:59.4822828Z Get:75 http://azure.archive.ubuntu.com/ubuntu noble-updates/main amd64 libglx-mesa0 amd64 25.2.8-0ubuntu0.24.04.4 [110 kB]
portable	Install native Linux test dependencies	2026-10-02T16:43:59.5562235Z Get:76 http://azure.archive.ubuntu.com/ubuntu noble-updates/main amd64 libgbm1 amd64 25.2.8-0ubuntu0.24.04.4 [34.2 kB]
portable	Install native Linux test dependencies	2026-10-02T16:43:59.6315084Z Get:77 http://azure.archive.ubuntu.com/ubuntu noble-updates/main amd64 mesa-libgallium amd64 25.2.8-0ubuntu0.24.04.4 [10.8 MB]
portable	Install native Linux test dependencies	2026-10-02T16:43:59.9510864Z Get:78 http://azure.archive.ubuntu.com/ubuntu noble-updates/main amd64 libegl-mesa0 amd64 25.2.8-0ubuntu0.24.04.4 [117 kB]
portable	Install native Linux test dependencies	2026-10-02T16:44:00.0251319Z Get:79 http://azure.archive.ubuntu.com/ubuntu noble-updates/main amd64 libpng-dev amd64 1.6.43-5ubuntu0.6 [265 kB]
portable	Install native Linux test dependencies	2026-10-02T16:44:00.1020445Z Get:80 http://azure.archive.ubuntu.com/ubuntu noble-updates/main amd64 libfreetype-dev amd64 2.13.2+dfsg-1ubuntu0.1 [575 kB]
portable	Install native Linux test dependencies	2026-10-02T16:44:00.1866614Z Get:81 http://azure.archive.ubuntu.com/ubuntu noble-updates/main amd64 uuid-dev amd64 2.39.3-9ubuntu6.6 [33.5 kB]
portable	Install native Linux test dependencies	2026-10-02T16:44:00.2600891Z Get:82 http://azure.archive.ubuntu.com/ubuntu noble/main amd64 libfontconfig-dev amd64 2.15.0-1.1ubuntu2 [161 kB]
portable	Install native Linux test dependencies	2026-10-02T16:44:00.3345617Z Get:83 http://azure.archive.ubuntu.com/ubuntu noble/main amd64 libfontconfig1-dev amd64 2.15.0-1.1ubuntu2 [1840 B]
portable	Install native Linux test dependencies	2026-10-02T16:44:00.4067173Z Get:84 http://azure.archive.ubuntu.com/ubuntu noble/universe amd64 libwinpr2-2t64 amd64 2.11.5+dfsg1-1build2 [350 kB]
portable	Install native Linux test dependencies	2026-10-02T16:44:00.4856327Z Get:85 http://azure.archive.ubuntu.com/ubuntu noble/universe amd64 libfreerdp2-2t64 amd64 2.11.5+dfsg1-1build2 [559 kB]
portable	Install native Linux test dependencies	2026-10-02T16:44:00.5745768Z Get:86 http://azure.archive.ubuntu.com/ubuntu noble/universe amd64 libfreerdp-server2-2t64 amd64 2.11.5+dfsg1-1build2 [108 kB]
portable	Install native Linux test dependencies	2026-10-02T16:44:00.6472312Z Get:87 http://azure.archive.ubuntu.com/ubuntu noble-updates/main amd64 liborc-0.4-0t64 amd64 1:0.4.38-1ubuntu0.1 [207 kB]
portable	Install native Linux test dependencies	2026-10-02T16:44:00.7232388Z Get:88 http://azure.archive.ubuntu.com/ubuntu noble-updates/main amd64 libgstreamer-plugins-base1.0-0 amd64 1.24.2-1ubuntu0.5 [862 kB]
portable	Install native Linux test dependencies	2026-10-02T16:44:00.8135269Z Get:89 http://azure.archive.ubuntu.com/ubuntu noble/main amd64 libwacom-common all 2.10.0-2 [63.4 kB]
portable	Install native Linux test dependencies	2026-10-02T16:44:00.8862321Z Get:90 http://azure.archive.ubuntu.com/ubuntu noble/main amd64 libwacom9 amd64 2.10.0-2 [23.9 kB]
portable	Install native Linux test dependencies	2026-10-02T16:44:00.9584154Z Get:91 http://azure.archive.ubuntu.com/ubuntu noble-updates/main amd64 libinput-bin amd64 1.25.0-1ubuntu3.7 [23.6 kB]
portable	Install native Linux test dependencies	2026-10-02T16:44:01.0305559Z Get:92 http://azure.archive.ubuntu.com/ubuntu noble/main amd64 libmtdev1t64 amd64 1.1.6-1.1build1 [14.4 kB]
portable	Install native Linux test dependencies	2026-10-02T16:44:01.1041364Z Get:93 http://azure.archive.ubuntu.com/ubuntu noble-updates/main amd64 libinput10 amd64 1.25.0-1ubuntu3.7 [133 kB]
portable	Install native Linux test dependencies	2026-10-02T16:44:01.4701318Z Get:94 http://azure.archive.ubuntu.com/ubuntu noble/universe amd64 libturbojpeg amd64 1:2.1.5-2ubuntu2 [192 kB]
portable	Install native Linux test dependencies	2026-10-02T16:44:02.7649084Z Get:95 http://azure.archive.ubuntu.com/ubuntu noble/universe amd64 libneatvnc0 amd64 0.7.1+dfsg-2build3 [55.7 kB]
portable	Install native Linux test dependencies	2026-10-02T16:44:02.9995885Z Get:96 http://azure.archive.ubuntu.com/ubuntu noble/main amd64 libwebrtc-audio-processing1 amd64 0.3.1-0ubuntu6 [290 kB]
portable	Install native Linux test dependencies	2026-10-02T16:44:03.6002035Z Get:97 http://azure.archive.ubuntu.com/ubuntu noble-updates/main amd64 libspa-0.2-modules amd64 1.0.5-1ubuntu3.3 [628 kB]
portable	Install native Linux test dependencies	2026-10-02T16:44:04.3198978Z Get:98 http://azure.archive.ubuntu.com/ubuntu noble-updates/main amd64 libpipewire-0.3-0t64 amd64 1.0.5-1ubuntu3.3 [252 kB]
portable	Install native Linux test dependencies	2026-10-02T16:44:04.6001081Z Get:99 http://azure.archive.ubuntu.com/ubuntu noble/main amd64 libpthread-stubs0-dev amd64 0.4-1build3 [4746 B]
portable	Install native Linux test dependencies	2026-10-02T16:44:04.6737333Z Get:100 http://azure.archive.ubuntu.com/ubuntu noble/universe amd64 libseat1 amd64 0.8.0-1 [28.3 kB]
portable	Install native Linux test dependencies	2026-10-02T16:44:04.7672687Z Get:101 http://azure.archive.ubuntu.com/ubuntu noble/main amd64 libwayland-server0 amd64 1.22.0-2.1build1 [33.9 kB]
portable	Install native Linux test dependencies	2026-10-02T16:44:04.8422976Z Get:102 http://azure.archive.ubuntu.com/ubuntu noble/main amd64 libegl1 amd64 1.7.0-1build1 [28.7 kB]
portable	Install native Linux test dependencies	2026-10-02T16:44:05.1541317Z Get:103 http://azure.archive.ubuntu.com/ubuntu noble/main amd64 libgles2 amd64 1.7.0-1build1 [17.1 kB]
portable	Install native Linux test dependencies	2026-10-02T16:44:05.4667710Z Get:104 http://azure.archive.ubuntu.com/ubuntu noble/main amd64 libxcb-composite0 amd64 1.15-1ubuntu2 [5304 B]
portable	Install native Linux test dependencies	2026-10-02T16:44:05.6279246Z Get:105 http://azure.archive.ubuntu.com/ubuntu noble/main amd64 libxcb-xkb1 amd64 1.15-1ubuntu2 [32.3 kB]
portable	Install native Linux test dependencies	2026-10-02T16:44:05.8874361Z Get:106 http://azure.archive.ubuntu.com/ubuntu noble/universe amd64 libweston-13-0 amd64 13.0.0-4build3 [415 kB]
portable	Install native Linux test dependencies	2026-10-02T16:44:06.6034044Z Get:107 http://azure.archive.ubuntu.com/ubuntu noble/main amd64 xorg-sgml-doctools all 1:1.11-1.1 [10.9 kB]
portable	Install native Linux test dependencies	2026-10-02T16:44:06.7585768Z Get:108 http://azure.archive.ubuntu.com/ubuntu noble/main amd64 x11proto-dev all 2023.2-1 [602 kB]
portable	Install native Linux test dependencies	2026-10-02T16:44:07.0994364Z Get:109 http://azure.archive.ubuntu.com/ubuntu noble/main amd64 libxau-dev amd64 1:1.0.9-1build6 [9570 B]
portable	Install native Linux test dependencies	2026-10-02T16:44:07.2529736Z Get:110 http://azure.archive.ubuntu.com/ubuntu noble/main amd64 libxdmcp-dev amd64 1:1.1.3-0ubuntu6 [26.5 kB]
portable	Install native Linux test dependencies	2026-10-02T16:44:07.4082924Z Get:111 http://azure.archive.ubuntu.com/ubuntu noble/main amd64 xtrans-dev all 1.4.0-1 [68.9 kB]
portable	Install native Linux test dependencies	2026-10-02T16:44:07.5688568Z Get:112 http://azure.archive.ubuntu.com/ubuntu noble/main amd64 libxcb1-dev amd64 1.15-1ubuntu2 [85.8 kB]
portable	Install native Linux test dependencies	2026-10-02T16:44:07.7311304Z Get:113 http://azure.archive.ubuntu.com/ubuntu noble/main amd64 libx11-dev amd64 2:1.8.7-1build1 [732 kB]
portable	Install native Linux test dependencies	2026-10-02T16:44:07.9669510Z Get:114 http://azure.archive.ubuntu.com/ubuntu noble/main amd64 libx11-xcb-dev amd64 2:1.8.7-1build1 [9950 B]
portable	Install native Linux test dependencies	2026-10-02T16:44:08.1204834Z Get:115 http://azure.archive.ubuntu.com/ubuntu noble/main amd64 libxcb-xkb-dev amd64 1.15-1ubuntu2 [42.5 kB]
portable	Install native Linux test dependencies	2026-10-02T16:44:08.2887814Z Get:116 http://azure.archive.ubuntu.com/ubuntu noble/main amd64 libxkbcommon-dev amd64 1.6.0-1build1 [56.3 kB]
portable	Install native Linux test dependencies	2026-10-02T16:44:08.4432127Z Get:117 http://azure.archive.ubuntu.com/ubuntu noble/main amd64 libxkbcommon-x11-0 amd64 1.6.0-1build1 [14.5 kB]
portable	Install native Linux test dependencies	2026-10-02T16:44:08.5974034Z Get:118 http://azure.archive.ubuntu.com/ubuntu noble-updates/main amd64 mesa-vulkan-drivers amd64 25.2.8-0ubuntu0.24.04.4 [17.5 MB]
portable	Install native Linux test dependencies	2026-10-02T16:44:09.7548719Z Get:119 http://azure.archive.ubuntu.com/ubuntu noble/universe amd64 weston amd64 13.0.0-4build3 [953 kB]
portable	Install native Linux test dependencies	2026-10-02T16:44:09.9521187Z Get:120 http://azure.archive.ubuntu.com/ubuntu noble/main amd64 libwayland-bin amd64 1.22.0-2.1build1 [20.6 kB]
portable	Install native Linux test dependencies	2026-10-02T16:44:10.1069444Z Get:121 http://azure.archive.ubuntu.com/ubuntu noble/main amd64 libwayland-dev amd64 1.22.0-2.1build1 [71.3 kB]
portable	Install native Linux test dependencies	2026-10-02T16:44:10.2639309Z Get:122 http://azure.archive.ubuntu.com/ubuntu noble/main amd64 libxkbcommon-x11-dev amd64 1.6.0-1build1 [5586 B]
portable	Install native Linux test dependencies	2026-10-02T16:44:10.6466479Z Fetched 95.7 MB in 18s (5286 kB/s)
portable	Install native Linux test dependencies	2026-10-02T16:44:10.6710232Z Selecting previously unselected package libaml0t64:amd64.
portable	Install native Linux test dependencies	2026-10-02T16:44:10.6965712Z (Reading database ... 
portable	Install native Linux test dependencies	2026-10-02T16:44:10.6966222Z (Reading database ... 5%
portable	Install native Linux test dependencies	2026-10-02T16:44:10.6966481Z (Reading database ... 10%
portable	Install native Linux test dependencies	2026-10-02T16:44:10.6966731Z (Reading database ... 15%
portable	Install native Linux test dependencies	2026-10-02T16:44:10.6966974Z (Reading database ... 20%
portable	Install native Linux test dependencies	2026-10-02T16:44:10.6967267Z (Reading database ... 25%
portable	Install native Linux test dependencies	2026-10-02T16:44:10.6967550Z (Reading database ... 30%
portable	Install native Linux test dependencies	2026-10-02T16:44:10.6967844Z (Reading database ... 35%
portable	Install native Linux test dependencies	2026-10-02T16:44:10.6968122Z (Reading database ... 40%
portable	Install native Linux test dependencies	2026-10-02T16:44:10.6968411Z (Reading database ... 45%
portable	Install native Linux test dependencies	2026-10-02T16:44:10.6968625Z (Reading database ... 50%
portable	Install native Linux test dependencies	2026-10-02T16:44:10.7010293Z (Reading database ... 55%
portable	Install native Linux test dependencies	2026-10-02T16:44:10.8470706Z (Reading database ... 60%
portable	Install native Linux test dependencies	2026-10-02T16:44:11.0376199Z (Reading database ... 65%
portable	Install native Linux test dependencies	2026-10-02T16:44:11.2419342Z (Reading database ... 70%
portable	Install native Linux test dependencies	2026-10-02T16:44:11.4459202Z (Reading database ... 75%
portable	Install native Linux test dependencies	2026-10-02T16:44:11.5886990Z (Reading database ... 80%
portable	Install native Linux test dependencies	2026-10-02T16:44:11.7950630Z (Reading database ... 85%
portable	Install native Linux test dependencies	2026-10-02T16:44:12.0069435Z (Reading database ... 90%
portable	Install native Linux test dependencies	2026-10-02T16:44:12.1139302Z (Reading database ... 95%
portable	Install native Linux test dependencies	2026-10-02T16:44:12.1139801Z (Reading database ... 100%
portable	Install native Linux test dependencies	2026-10-02T16:44:12.1140303Z (Reading database ... 202296 files and directories currently installed.)
portable	Install native Linux test dependencies	2026-10-02T16:44:12.1183632Z Preparing to unpack .../000-libaml0t64_0.3.0-1.1build1_amd64.deb ...
portable	Install native Linux test dependencies	2026-10-02T16:44:12.1215202Z Unpacking libaml0t64:amd64 (0.3.0-1.1build1) ...
portable	Install native Linux test dependencies	2026-10-02T16:44:12.1510496Z Selecting previously unselected package libunibreak5:amd64.
portable	Install native Linux test dependencies	2026-10-02T16:44:12.1642121Z Preparing to unpack .../001-libunibreak5_5.1-2build1_amd64.deb ...
portable	Install native Linux test dependencies	2026-10-02T16:44:12.1650613Z Unpacking libunibreak5:amd64 (5.1-2build1) ...
portable	Install native Linux test dependencies	2026-10-02T16:44:12.1869505Z Selecting previously unselected package libass9:amd64.
portable	Install native Linux test dependencies	2026-10-02T16:44:12.1995964Z Preparing to unpack .../002-libass9_1%3a0.17.1-2build1_amd64.deb ...
portable	Install native Linux test dependencies	2026-10-02T16:44:12.2002697Z Unpacking libass9:amd64 (1:0.17.1-2build1) ...
portable	Install native Linux test dependencies	2026-10-02T16:44:12.2211057Z Selecting previously unselected package libasyncns0:amd64.
portable	Install native Linux test dependencies	2026-10-02T16:44:12.2338057Z Preparing to unpack .../003-libasyncns0_0.8-6build4_amd64.deb ...
portable	Install native Linux test dependencies	2026-10-02T16:44:12.2346058Z Unpacking libasyncns0:amd64 (0.8-6build4) ...
portable	Install native Linux test dependencies	2026-10-02T16:44:12.2555001Z Selecting previously unselected package libva2:amd64.
portable	Install native Linux test dependencies	2026-10-02T16:44:12.2684015Z Preparing to unpack .../004-libva2_2.20.0-2ubuntu0.2_amd64.deb ...
portable	Install native Linux test dependencies	2026-10-02T16:44:12.2691357Z Unpacking libva2:amd64 (2.20.0-2ubuntu0.2) ...
portable	Install native Linux test dependencies	2026-10-02T16:44:12.2900061Z Selecting previously unselected package libva-drm2:amd64.
portable	Install native Linux test dependencies	2026-10-02T16:44:12.3030655Z Preparing to unpack .../005-libva-drm2_2.20.0-2ubuntu0.2_amd64.deb ...
portable	Install native Linux test dependencies	2026-10-02T16:44:12.3036982Z Unpacking libva-drm2:amd64 (2.20.0-2ubuntu0.2) ...
portable	Install native Linux test dependencies	2026-10-02T16:44:12.3238819Z Selecting previously unselected package libva-x11-2:amd64.
portable	Install native Linux test dependencies	2026-10-02T16:44:12.3367364Z Preparing to unpack .../006-libva-x11-2_2.20.0-2ubuntu0.2_amd64.deb ...
portable	Install native Linux test dependencies	2026-10-02T16:44:12.3373421Z Unpacking libva-x11-2:amd64 (2.20.0-2ubuntu0.2) ...
portable	Install native Linux test dependencies	2026-10-02T16:44:12.3576546Z Selecting previously unselected package libvdpau1:amd64.
portable	Install native Linux test dependencies	2026-10-02T16:44:12.3708451Z Preparing to unpack .../007-libvdpau1_1.5-2build1_amd64.deb ...
portable	Install native Linux test dependencies	2026-10-02T16:44:12.3716418Z Unpacking libvdpau1:amd64 (1.5-2build1) ...
portable	Install native Linux test dependencies	2026-10-02T16:44:12.3936106Z Selecting previously unselected package libvpl2.
portable	Install native Linux test dependencies	2026-10-02T16:44:12.4067710Z Preparing to unpack .../008-libvpl2_2023.3.0-1build1_amd64.deb ...
portable	Install native Linux test dependencies	2026-10-02T16:44:12.4075004Z Unpacking libvpl2 (2023.3.0-1build1) ...
portable	Install native Linux test dependencies	2026-10-02T16:44:12.4298220Z Selecting previously unselected package ocl-icd-libopencl1:amd64.
portable	Install native Linux test dependencies	2026-10-02T16:44:12.4430327Z Preparing to unpack .../009-ocl-icd-libopencl1_2.3.2-1build1_amd64.deb ...
portable	Install native Linux test dependencies	2026-10-02T16:44:12.4436603Z Unpacking ocl-icd-libopencl1:amd64 (2.3.2-1build1) ...
portable	Install native Linux test dependencies	2026-10-02T16:44:12.4705732Z Selecting previously unselected package libavutil58:amd64.
portable	Install native Linux test dependencies	2026-10-02T16:44:12.4834241Z Preparing to unpack .../010-libavutil58_7%3a6.1.1-3ubuntu5_amd64.deb ...
portable	Install native Linux test dependencies	2026-10-02T16:44:12.4840690Z Unpacking libavutil58:amd64 (7:6.1.1-3ubuntu5) ...
portable	Install native Linux test dependencies	2026-10-02T16:44:12.5082238Z Selecting previously unselected package libcodec2-1.2:amd64.
portable	Install native Linux test dependencies	2026-10-02T16:44:12.5209564Z Preparing to unpack .../011-libcodec2-1.2_1.2.0-2build1_amd64.deb ...
portable	Install native Linux test dependencies	2026-10-02T16:44:12.5216186Z Unpacking libcodec2-1.2:amd64 (1.2.0-2build1) ...
portable	Install native Linux test dependencies	2026-10-02T16:44:12.5935790Z Selecting previously unselected package libdav1d7:amd64.
portable	Install native Linux test dependencies	2026-10-02T16:44:12.6065637Z Preparing to unpack .../012-libdav1d7_1.4.1-1build1_amd64.deb ...
portable	Install native Linux test dependencies	2026-10-02T16:44:12.6072634Z Unpacking libdav1d7:amd64 (1.4.1-1build1) ...
portable	Install native Linux test dependencies	2026-10-02T16:44:12.6332453Z Selecting previously unselected package libgsm1:amd64.
portable	Install native Linux test dependencies	2026-10-02T16:44:12.6458405Z Preparing to unpack .../013-libgsm1_1.0.22-1build1_amd64.deb ...
portable	Install native Linux test dependencies	2026-10-02T16:44:12.6464927Z Unpacking libgsm1:amd64 (1.0.22-1build1) ...
portable	Install native Linux test dependencies	2026-10-02T16:44:12.6665601Z Selecting previously unselected package libhwy1t64:amd64.
portable	Install native Linux test dependencies	2026-10-02T16:44:12.6789732Z Preparing to unpack .../014-libhwy1t64_1.0.7-8.1build1_amd64.deb ...
portable	Install native Linux test dependencies	2026-10-02T16:44:12.6796761Z Unpacking libhwy1t64:amd64 (1.0.7-8.1build1) ...
portable	Install native Linux test dependencies	2026-10-02T16:44:13.5467650Z Selecting previously unselected package libjxl0.7:amd64.
portable	Install native Linux test dependencies	2026-10-02T16:44:13.5599533Z Preparing to unpack .../015-libjxl0.7_0.7.0-10.2ubuntu6.1_amd64.deb ...
portable	Install native Linux test dependencies	2026-10-02T16:44:13.5607368Z Unpacking libjxl0.7:amd64 (0.7.0-10.2ubuntu6.1) ...
portable	Install native Linux test dependencies	2026-10-02T16:44:13.5938109Z Selecting previously unselected package libmp3lame0:amd64.
portable	Install native Linux test dependencies	2026-10-02T16:44:13.6068222Z Preparing to unpack .../016-libmp3lame0_3.100-6build1_amd64.deb ...
portable	Install native Linux test dependencies	2026-10-02T16:44:13.6075126Z Unpacking libmp3lame0:amd64 (3.100-6build1) ...
portable	Install native Linux test dependencies	2026-10-02T16:44:13.6285475Z Selecting previously unselected package libopus0:amd64.
portable	Install native Linux test dependencies	2026-10-02T16:44:13.6412541Z Preparing to unpack .../017-libopus0_1.4-1build1_amd64.deb ...
portable	Install native Linux test dependencies	2026-10-02T16:44:13.6418013Z Unpacking libopus0:amd64 (1.4-1build1) ...
portable	Install native Linux test dependencies	2026-10-02T16:44:13.6631816Z Selecting previously unselected package librav1e0:amd64.
portable	Install native Linux test dependencies	2026-10-02T16:44:13.6761211Z Preparing to unpack .../018-librav1e0_0.7.1-2_amd64.deb ...
portable	Install native Linux test dependencies	2026-10-02T16:44:13.6767618Z Unpacking librav1e0:amd64 (0.7.1-2) ...
portable	Install native Linux test dependencies	2026-10-02T16:44:13.7081630Z Selecting previously unselected package librsvg2-2:amd64.
portable	Install native Linux test dependencies	2026-10-02T16:44:13.7212172Z Preparing to unpack .../019-librsvg2-2_2.58.0+dfsg-1build1_amd64.deb ...
portable	Install native Linux test dependencies	2026-10-02T16:44:13.7217486Z Unpacking librsvg2-2:amd64 (2.58.0+dfsg-1build1) ...
portable	Install native Linux test dependencies	2026-10-02T16:44:13.7658922Z Selecting previously unselected package libshine3:amd64.
portable	Install native Linux test dependencies	2026-10-02T16:44:13.7789802Z Preparing to unpack .../020-libshine3_3.1.1-2build1_amd64.deb ...
portable	Install native Linux test dependencies	2026-10-02T16:44:13.7795894Z Unpacking libshine3:amd64 (3.1.1-2build1) ...
portable	Install native Linux test dependencies	2026-10-02T16:44:13.7986509Z Selecting previously unselected package libspeex1:amd64.
portable	Install native Linux test dependencies	2026-10-02T16:44:13.8115051Z Preparing to unpack .../021-libspeex1_1.2.1-2ubuntu2.24.04.1_amd64.deb ...
portable	Install native Linux test dependencies	2026-10-02T16:44:13.8121395Z Unpacking libspeex1:amd64 (1.2.1-2ubuntu2.24.04.1) ...
portable	Install native Linux test dependencies	2026-10-02T16:44:13.8319462Z Selecting previously unselected package libsvtav1enc1d1:amd64.
portable	Install native Linux test dependencies	2026-10-02T16:44:13.8447412Z Preparing to unpack .../022-libsvtav1enc1d1_1.7.0+dfsg-2build1_amd64.deb ...
portable	Install native Linux test dependencies	2026-10-02T16:44:13.8453595Z Unpacking libsvtav1enc1d1:amd64 (1.7.0+dfsg-2build1) ...
portable	Install native Linux test dependencies	2026-10-02T16:44:13.8911376Z Selecting previously unselected package libsoxr0:amd64.
portable	Install native Linux test dependencies	2026-10-02T16:44:13.9042465Z Preparing to unpack .../023-libsoxr0_0.1.3-4build3_amd64.deb ...
portable	Install native Linux test dependencies	2026-10-02T16:44:13.9048671Z Unpacking libsoxr0:amd64 (0.1.3-4build3) ...
portable	Install native Linux test dependencies	2026-10-02T16:44:13.9250213Z Selecting previously unselected package libswresample4:amd64.
portable	Install native Linux test dependencies	2026-10-02T16:44:13.9378366Z Preparing to unpack .../024-libswresample4_7%3a6.1.1-3ubuntu5_amd64.deb ...
portable	Install native Linux test dependencies	2026-10-02T16:44:13.9384807Z Unpacking libswresample4:amd64 (7:6.1.1-3ubuntu5) ...
portable	Install native Linux test dependencies	2026-10-02T16:44:13.9586843Z Selecting previously unselected package libtheora0:amd64.
portable	Install native Linux test dependencies	2026-10-02T16:44:13.9713366Z Preparing to unpack .../025-libtheora0_1.1.1+dfsg.1-16.1build3_amd64.deb ...
portable	Install native Linux test dependencies	2026-10-02T16:44:13.9719089Z Unpacking libtheora0:amd64 (1.1.1+dfsg.1-16.1build3) ...
portable	Install native Linux test dependencies	2026-10-02T16:44:13.9940067Z Selecting previously unselected package libtwolame0:amd64.
portable	Install native Linux test dependencies	2026-10-02T16:44:14.0067187Z Preparing to unpack .../026-libtwolame0_0.4.0-2build3_amd64.deb ...
portable	Install native Linux test dependencies	2026-10-02T16:44:14.0073216Z Unpacking libtwolame0:amd64 (0.4.0-2build3) ...
portable	Install native Linux test dependencies	2026-10-02T16:44:14.0276992Z Selecting previously unselected package libvorbisenc2:amd64.
portable	Install native Linux test dependencies	2026-10-02T16:44:14.0404993Z Preparing to unpack .../027-libvorbisenc2_1.3.7-1build3_amd64.deb ...
portable	Install native Linux test dependencies	2026-10-02T16:44:14.0410982Z Unpacking libvorbisenc2:amd64 (1.3.7-1build3) ...
portable	Install native Linux test dependencies	2026-10-02T16:44:14.0626365Z Selecting previously unselected package libvpx9:amd64.
portable	Install native Linux test dependencies	2026-10-02T16:44:14.0754479Z Preparing to unpack .../028-libvpx9_1.14.0-1ubuntu2.3_amd64.deb ...
portable	Install native Linux test dependencies	2026-10-02T16:44:14.0760718Z Unpacking libvpx9:amd64 (1.14.0-1ubuntu2.3) ...
portable	Install native Linux test dependencies	2026-10-02T16:44:14.1073889Z Selecting previously unselected package libx264-164:amd64.
portable	Install native Linux test dependencies	2026-10-02T16:44:14.1203670Z Preparing to unpack .../029-libx264-164_2%3a0.164.3108+git31e19f9-1_amd64.deb ...
portable	Install native Linux test dependencies	2026-10-02T16:44:14.1210049Z Unpacking libx264-164:amd64 (2:0.164.3108+git31e19f9-1) ...
portable	Install native Linux test dependencies	2026-10-02T16:44:14.1472242Z Selecting previously unselected package libx265-199:amd64.
portable	Install native Linux test dependencies	2026-10-02T16:44:14.1601667Z Preparing to unpack .../030-libx265-199_3.5-2build1_amd64.deb ...
portable	Install native Linux test dependencies	2026-10-02T16:44:14.1607593Z Unpacking libx265-199:amd64 (3.5-2build1) ...
portable	Install native Linux test dependencies	2026-10-02T16:44:14.2244136Z Selecting previously unselected package libxvidcore4:amd64.
portable	Install native Linux test dependencies	2026-10-02T16:44:14.2375018Z Preparing to unpack .../031-libxvidcore4_2%3a1.3.7-1build1_amd64.deb ...
portable	Install native Linux test dependencies	2026-10-02T16:44:14.2381378Z Unpacking libxvidcore4:amd64 (2:1.3.7-1build1) ...
portable	Install native Linux test dependencies	2026-10-02T16:44:14.2595158Z Selecting previously unselected package libzvbi-common.
portable	Install native Linux test dependencies	2026-10-02T16:44:14.2724449Z Preparing to unpack .../032-libzvbi-common_0.2.42-2_all.deb ...
portable	Install native Linux test dependencies	2026-10-02T16:44:14.2730509Z Unpacking libzvbi-common (0.2.42-2) ...
portable	Install native Linux test dependencies	2026-10-02T16:44:14.3176549Z Selecting previously unselected package libzvbi0t64:amd64.
portable	Install native Linux test dependencies	2026-10-02T16:44:14.3305656Z Preparing to unpack .../033-libzvbi0t64_0.2.42-2_amd64.deb ...
portable	Install native Linux test dependencies	2026-10-02T16:44:14.3311505Z Unpacking libzvbi0t64:amd64 (0.2.42-2) ...
portable	Install native Linux test dependencies	2026-10-02T16:44:14.3542655Z Selecting previously unselected package libavcodec60:amd64.
portable	Install native Linux test dependencies	2026-10-02T16:44:14.3673316Z Preparing to unpack .../034-libavcodec60_7%3a6.1.1-3ubuntu5_amd64.deb ...
portable	Install native Linux test dependencies	2026-10-02T16:44:14.3679115Z Unpacking libavcodec60:amd64 (7:6.1.1-3ubuntu5) ...
portable	Install native Linux test dependencies	2026-10-02T16:44:14.4478358Z Selecting previously unselected package libudfread0:amd64.
portable	Install native Linux test dependencies	2026-10-02T16:44:14.4609054Z Preparing to unpack .../035-libudfread0_1.1.2-1build1_amd64.deb ...
portable	Install native Linux test dependencies	2026-10-02T16:44:14.4615583Z Unpacking libudfread0:amd64 (1.1.2-1build1) ...
portable	Install native Linux test dependencies	2026-10-02T16:44:14.4806483Z Selecting previously unselected package libbluray2:amd64.
portable	Install native Linux test dependencies	2026-10-02T16:44:14.4931234Z Preparing to unpack .../036-libbluray2_1%3a1.3.4-1build1_amd64.deb ...
portable	Install native Linux test dependencies	2026-10-02T16:44:14.4937696Z Unpacking libbluray2:amd64 (1:1.3.4-1build1) ...
portable	Install native Linux test dependencies	2026-10-02T16:44:14.5145598Z Selecting previously unselected package libchromaprint1:amd64.
portable	Install native Linux test dependencies	2026-10-02T16:44:14.5272402Z Preparing to unpack .../037-libchromaprint1_1.5.1-5_amd64.deb ...
portable	Install native Linux test dependencies	2026-10-02T16:44:14.5279125Z Unpacking libchromaprint1:amd64 (1.5.1-5) ...
portable	Install native Linux test dependencies	2026-10-02T16:44:14.5472052Z Selecting previously unselected package libgme0:amd64.
portable	Install native Linux test dependencies	2026-10-02T16:44:14.5599699Z Preparing to unpack .../038-libgme0_0.6.3-7build1_amd64.deb ...
portable	Install native Linux test dependencies	2026-10-02T16:44:14.5606453Z Unpacking libgme0:amd64 (0.6.3-7build1) ...
portable	Install native Linux test dependencies	2026-10-02T16:44:14.5811563Z Selecting previously unselected package libmpg123-0t64:amd64.
portable	Install native Linux test dependencies	2026-10-02T16:44:14.5940320Z Preparing to unpack .../039-libmpg123-0t64_1.32.5-1ubuntu1.1_amd64.deb ...
portable	Install native Linux test dependencies	2026-10-02T16:44:14.5946151Z Unpacking libmpg123-0t64:amd64 (1.32.5-1ubuntu1.1) ...
portable	Install native Linux test dependencies	2026-10-02T16:44:14.6158806Z Selecting previously unselected package libopenmpt0t64:amd64.
portable	Install native Linux test dependencies	2026-10-02T16:44:14.6288784Z Preparing to unpack .../040-libopenmpt0t64_0.7.3-1.1build3_amd64.deb ...
portable	Install native Linux test dependencies	2026-10-02T16:44:14.6294483Z Unpacking libopenmpt0t64:amd64 (0.7.3-1.1build3) ...
portable	Install native Linux test dependencies	2026-10-02T16:44:14.6557948Z Selecting previously unselected package libcjson1:amd64.
portable	Install native Linux test dependencies	2026-10-02T16:44:14.6688437Z Preparing to unpack .../041-libcjson1_1.7.17-1_amd64.deb ...
portable	Install native Linux test dependencies	2026-10-02T16:44:14.6696084Z Unpacking libcjson1:amd64 (1.7.17-1) ...
portable	Install native Linux test dependencies	2026-10-02T16:44:14.6897107Z Selecting previously unselected package libmbedcrypto7t64:amd64.
portable	Install native Linux test dependencies	2026-10-02T16:44:14.7026612Z Preparing to unpack .../042-libmbedcrypto7t64_2.28.8-1_amd64.deb ...
portable	Install native Linux test dependencies	2026-10-02T16:44:14.7033309Z Unpacking libmbedcrypto7t64:amd64 (2.28.8-1) ...
portable	Install native Linux test dependencies	2026-10-02T16:44:14.7251144Z Selecting previously unselected package librist4:amd64.
portable	Install native Linux test dependencies	2026-10-02T16:44:14.7380669Z Preparing to unpack .../043-librist4_0.2.10+dfsg-2_amd64.deb ...
portable	Install native Linux test dependencies	2026-10-02T16:44:14.7386417Z Unpacking librist4:amd64 (0.2.10+dfsg-2) ...
portable	Install native Linux test dependencies	2026-10-02T16:44:14.7584212Z Selecting previously unselected package libsrt1.5-gnutls:amd64.
portable	Install native Linux test dependencies	2026-10-02T16:44:14.7714689Z Preparing to unpack .../044-libsrt1.5-gnutls_1.5.3-1build2_amd64.deb ...
portable	Install native Linux test dependencies	2026-10-02T16:44:14.7720627Z Unpacking libsrt1.5-gnutls:amd64 (1.5.3-1build2) ...
portable	Install native Linux test dependencies	2026-10-02T16:44:14.7952605Z Selecting previously unselected package libssh-gcrypt-4:amd64.
portable	Install native Linux test dependencies	2026-10-02T16:44:14.8080955Z Preparing to unpack .../045-libssh-gcrypt-4_0.10.6-2ubuntu0.5_amd64.deb ...
portable	Install native Linux test dependencies	2026-10-02T16:44:14.8087298Z Unpacking libssh-gcrypt-4:amd64 (0.10.6-2ubuntu0.5) ...
portable	Install native Linux test dependencies	2026-10-02T16:44:14.8309421Z Selecting previously unselected package libavformat60:amd64.
portable	Install native Linux test dependencies	2026-10-02T16:44:14.8437493Z Preparing to unpack .../046-libavformat60_7%3a6.1.1-3ubuntu5_amd64.deb ...
portable	Install native Linux test dependencies	2026-10-02T16:44:14.8444279Z Unpacking libavformat60:amd64 (7:6.1.1-3ubuntu5) ...
portable	Install native Linux test dependencies	2026-10-02T16:44:14.8751409Z Selecting previously unselected package libbs2b0:amd64.
portable	Install native Linux test dependencies	2026-10-02T16:44:14.8881033Z Preparing to unpack .../047-libbs2b0_3.1.0+dfsg-7build1_amd64.deb ...
portable	Install native Linux test dependencies	2026-10-02T16:44:14.8888425Z Unpacking libbs2b0:amd64 (3.1.0+dfsg-7build1) ...
portable	Install native Linux test dependencies	2026-10-02T16:44:14.9105249Z Selecting previously unselected package libflite1:amd64.
portable	Install native Linux test dependencies	2026-10-02T16:44:14.9234157Z Preparing to unpack .../048-libflite1_2.2-6build3_amd64.deb ...
portable	Install native Linux test dependencies	2026-10-02T16:44:14.9242826Z Unpacking libflite1:amd64 (2.2-6build3) ...
portable	Install native Linux test dependencies	2026-10-02T16:44:15.0362230Z Selecting previously unselected package libserd-0-0:amd64.
portable	Install native Linux test dependencies	2026-10-02T16:44:15.0493580Z Preparing to unpack .../049-libserd-0-0_0.32.2-1_amd64.deb ...
portable	Install native Linux test dependencies	2026-10-02T16:44:15.0499922Z Unpacking libserd-0-0:amd64 (0.32.2-1) ...
portable	Install native Linux test dependencies	2026-10-02T16:44:15.0705408Z Selecting previously unselected package libzix-0-0:amd64.
portable	Install native Linux test dependencies	2026-10-02T16:44:15.0836017Z Preparing to unpack .../050-libzix-0-0_0.4.2-2build1_amd64.deb ...
portable	Install native Linux test dependencies	2026-10-02T16:44:15.0841377Z Unpacking libzix-0-0:amd64 (0.4.2-2build1) ...
portable	Install native Linux test dependencies	2026-10-02T16:44:15.1039798Z Selecting previously unselected package libsord-0-0:amd64.
portable	Install native Linux test dependencies	2026-10-02T16:44:15.1168831Z Preparing to unpack .../051-libsord-0-0_0.16.16-2build1_amd64.deb ...
portable	Install native Linux test dependencies	2026-10-02T16:44:15.1175361Z Unpacking libsord-0-0:amd64 (0.16.16-2build1) ...
portable	Install native Linux test dependencies	2026-10-02T16:44:15.1372524Z Selecting previously unselected package libsratom-0-0:amd64.
portable	Install native Linux test dependencies	2026-10-02T16:44:15.1501467Z Preparing to unpack .../052-libsratom-0-0_0.6.16-1build1_amd64.deb ...
portable	Install native Linux test dependencies	2026-10-02T16:44:15.1507926Z Unpacking libsratom-0-0:amd64 (0.6.16-1build1) ...
portable	Install native Linux test dependencies	2026-10-02T16:44:15.1706515Z Selecting previously unselected package liblilv-0-0:amd64.
portable	Install native Linux test dependencies	2026-10-02T16:44:15.1835121Z Preparing to unpack .../053-liblilv-0-0_0.24.22-1build1_amd64.deb ...
portable	Install native Linux test dependencies	2026-10-02T16:44:15.1842946Z Unpacking liblilv-0-0:amd64 (0.24.22-1build1) ...
portable	Install native Linux test dependencies	2026-10-02T16:44:15.2049922Z Selecting previously unselected package libmysofa1:amd64.
portable	Install native Linux test dependencies	2026-10-02T16:44:15.2178187Z Preparing to unpack .../054-libmysofa1_1.3.2+dfsg-2ubuntu2_amd64.deb ...
portable	Install native Linux test dependencies	2026-10-02T16:44:15.2184863Z Unpacking libmysofa1:amd64 (1.3.2+dfsg-2ubuntu2) ...
portable	Install native Linux test dependencies	2026-10-02T16:44:15.2420709Z Selecting previously unselected package libplacebo338:amd64.
portable	Install native Linux test dependencies	2026-10-02T16:44:15.2548989Z Preparing to unpack .../055-libplacebo338_6.338.2-2build1_amd64.deb ...
portable	Install native Linux test dependencies	2026-10-02T16:44:15.2555375Z Unpacking libplacebo338:amd64 (6.338.2-2build1) ...
portable	Install native Linux test dependencies	2026-10-02T16:44:15.3073348Z Selecting previously unselected package libblas3:amd64.
portable	Install native Linux test dependencies	2026-10-02T16:44:15.3203871Z Preparing to unpack .../056-libblas3_3.12.0-3build1.1_amd64.deb ...
portable	Install native Linux test dependencies	2026-10-02T16:44:15.3232178Z Unpacking libblas3:amd64 (3.12.0-3build1.1) ...
portable	Install native Linux test dependencies	2026-10-02T16:44:15.3462716Z Selecting previously unselected package liblapack3:amd64.
portable	Install native Linux test dependencies	2026-10-02T16:44:15.3593443Z Preparing to unpack .../057-liblapack3_3.12.0-3build1.1_amd64.deb ...
portable	Install native Linux test dependencies	2026-10-02T16:44:15.3623304Z Unpacking liblapack3:amd64 (3.12.0-3build1.1) ...
portable	Install native Linux test dependencies	2026-10-02T16:44:15.4099804Z Selecting previously unselected package libflac12t64:amd64.
portable	Install native Linux test dependencies	2026-10-02T16:44:15.4230969Z Preparing to unpack .../058-libflac12t64_1.4.3+ds-2.1ubuntu2_amd64.deb ...
portable	Install native Linux test dependencies	2026-10-02T16:44:15.4236584Z Unpacking libflac12t64:amd64 (1.4.3+ds-2.1ubuntu2) ...
portable	Install native Linux test dependencies	2026-10-02T16:44:15.4456250Z Selecting previously unselected package libsndfile1:amd64.
portable	Install native Linux test dependencies	2026-10-02T16:44:15.4583695Z Preparing to unpack .../059-libsndfile1_1.2.2-1ubuntu5.24.04.1_amd64.deb ...
portable	Install native Linux test dependencies	2026-10-02T16:44:15.4589734Z Unpacking libsndfile1:amd64 (1.2.2-1ubuntu5.24.04.1) ...
portable	Install native Linux test dependencies	2026-10-02T16:44:15.4818538Z Selecting previously unselected package libpulse0:amd64.
portable	Install native Linux test dependencies	2026-10-02T16:44:15.4942858Z Preparing to unpack .../060-libpulse0_1%3a16.1+dfsg1-2ubuntu10.1_amd64.deb ...
portable	Install native Linux test dependencies	2026-10-02T16:44:15.5010267Z Unpacking libpulse0:amd64 (1:16.1+dfsg1-2ubuntu10.1) ...
portable	Install native Linux test dependencies	2026-10-02T16:44:15.5246255Z Selecting previously unselected package libsphinxbase3t64:amd64.
portable	Install native Linux test dependencies	2026-10-02T16:44:15.5371088Z Preparing to unpack .../061-libsphinxbase3t64_0.8+5prealpha+1-17build2_amd64.deb ...
portable	Install native Linux test dependencies	2026-10-02T16:44:15.5377468Z Unpacking libsphinxbase3t64:amd64 (0.8+5prealpha+1-17build2) ...
portable	Install native Linux test dependencies	2026-10-02T16:44:15.5588270Z Selecting previously unselected package libpocketsphinx3:amd64.
portable	Install native Linux test dependencies	2026-10-02T16:44:15.5713674Z Preparing to unpack .../062-libpocketsphinx3_0.8.0+real5prealpha+1-15ubuntu5_amd64.deb ...
portable	Install native Linux test dependencies	2026-10-02T16:44:15.5720632Z Unpacking libpocketsphinx3:amd64 (0.8.0+real5prealpha+1-15ubuntu5) ...
portable	Install native Linux test dependencies	2026-10-02T16:44:15.5927528Z Selecting previously unselected package libpostproc57:amd64.
portable	Install native Linux test dependencies	2026-10-02T16:44:15.6054081Z Preparing to unpack .../063-libpostproc57_7%3a6.1.1-3ubuntu5_amd64.deb ...
portable	Install native Linux test dependencies	2026-10-02T16:44:15.6060161Z Unpacking libpostproc57:amd64 (7:6.1.1-3ubuntu5) ...
portable	Install native Linux test dependencies	2026-10-02T16:44:15.6266936Z Selecting previously unselected package libsamplerate0:amd64.
portable	Install native Linux test dependencies	2026-10-02T16:44:15.6393114Z Preparing to unpack .../064-libsamplerate0_0.2.2-4build1_amd64.deb ...
portable	Install native Linux test dependencies	2026-10-02T16:44:15.6399943Z Unpacking libsamplerate0:amd64 (0.2.2-4build1) ...
portable	Install native Linux test dependencies	2026-10-02T16:44:15.6650962Z Selecting previously unselected package librubberband2:amd64.
portable	Install native Linux test dependencies	2026-10-02T16:44:15.6778660Z Preparing to unpack .../065-librubberband2_3.3.0+dfsg-2build1_amd64.deb ...
portable	Install native Linux test dependencies	2026-10-02T16:44:15.6784422Z Unpacking librubberband2:amd64 (3.3.0+dfsg-2build1) ...
portable	Install native Linux test dependencies	2026-10-02T16:44:15.6994298Z Selecting previously unselected package libswscale7:amd64.
portable	Install native Linux test dependencies	2026-10-02T16:44:15.7121684Z Preparing to unpack .../066-libswscale7_7%3a6.1.1-3ubuntu5_amd64.deb ...
portable	Install native Linux test dependencies	2026-10-02T16:44:15.7127734Z Unpacking libswscale7:amd64 (7:6.1.1-3ubuntu5) ...
portable	Install native Linux test dependencies	2026-10-02T16:44:15.7345307Z Selecting previously unselected package libvidstab1.1:amd64.
portable	Install native Linux test dependencies	2026-10-02T16:44:15.7472505Z Preparing to unpack .../067-libvidstab1.1_1.1.0-2build1_amd64.deb ...
portable	Install native Linux test dependencies	2026-10-02T16:44:15.7478234Z Unpacking libvidstab1.1:amd64 (1.1.0-2build1) ...
portable	Install native Linux test dependencies	2026-10-02T16:44:15.7674040Z Selecting previously unselected package libzimg2:amd64.
portable	Install native Linux test dependencies	2026-10-02T16:44:15.7801192Z Preparing to unpack .../068-libzimg2_3.0.5+ds1-1build1_amd64.deb ...
portable	Install native Linux test dependencies	2026-10-02T16:44:15.7807748Z Unpacking libzimg2:amd64 (3.0.5+ds1-1build1) ...
portable	Install native Linux test dependencies	2026-10-02T16:44:15.8034386Z Selecting previously unselected package libavfilter9:amd64.
portable	Install native Linux test dependencies	2026-10-02T16:44:15.8161132Z Preparing to unpack .../069-libavfilter9_7%3a6.1.1-3ubuntu5_amd64.deb ...
portable	Install native Linux test dependencies	2026-10-02T16:44:15.8167281Z Unpacking libavfilter9:amd64 (7:6.1.1-3ubuntu5) ...
portable	Install native Linux test dependencies	2026-10-02T16:44:15.8860319Z Selecting previously unselected package libbrotli-dev:amd64.
portable	Install native Linux test dependencies	2026-10-02T16:44:15.8991441Z Preparing to unpack .../070-libbrotli-dev_1.1.0-2build2_amd64.deb ...
portable	Install native Linux test dependencies	2026-10-02T16:44:15.8996810Z Unpacking libbrotli-dev:amd64 (1.1.0-2build2) ...
portable	Install native Linux test dependencies	2026-10-02T16:44:15.9251134Z Selecting previously unselected package libbz2-dev:amd64.
portable	Install native Linux test dependencies	2026-10-02T16:44:15.9379319Z Preparing to unpack .../071-libbz2-dev_1.0.8-5.1ubuntu0.1_amd64.deb ...
portable	Install native Linux test dependencies	2026-10-02T16:44:15.9384684Z Unpacking libbz2-dev:amd64 (1.0.8-5.1ubuntu0.1) ...
portable	Install native Linux test dependencies	2026-10-02T16:44:15.9709208Z Preparing to unpack .../072-libgl1-mesa-dri_25.2.8-0ubuntu0.24.04.4_amd64.deb ...
portable	Install native Linux test dependencies	2026-10-02T16:44:15.9850575Z Unpacking libgl1-mesa-dri:amd64 (25.2.8-0ubuntu0.24.04.4) over (25.2.8-0ubuntu0.24.04.2) ...
portable	Install native Linux test dependencies	2026-10-02T16:44:16.0371110Z Preparing to unpack .../073-libglx-mesa0_25.2.8-0ubuntu0.24.04.4_amd64.deb ...
portable	Install native Linux test dependencies	2026-10-02T16:44:16.0388586Z Unpacking libglx-mesa0:amd64 (25.2.8-0ubuntu0.24.04.4) over (25.2.8-0ubuntu0.24.04.2) ...
portable	Install native Linux test dependencies	2026-10-02T16:44:16.0754742Z Preparing to unpack .../074-libgbm1_25.2.8-0ubuntu0.24.04.4_amd64.deb ...
portable	Install native Linux test dependencies	2026-10-02T16:44:16.0809783Z Unpacking libgbm1:amd64 (25.2.8-0ubuntu0.24.04.4) over (25.2.8-0ubuntu0.24.04.2) ...
portable	Install native Linux test dependencies	2026-10-02T16:44:16.1168763Z Preparing to unpack .../075-mesa-libgallium_25.2.8-0ubuntu0.24.04.4_amd64.deb ...
portable	Install native Linux test dependencies	2026-10-02T16:44:16.1187439Z Unpacking mesa-libgallium:amd64 (25.2.8-0ubuntu0.24.04.4) over (25.2.8-0ubuntu0.24.04.2) ...
portable	Install native Linux test dependencies	2026-10-02T16:44:16.2942281Z Selecting previously unselected package libegl-mesa0:amd64.
portable	Install native Linux test dependencies	2026-10-02T16:44:16.3075883Z Preparing to unpack .../076-libegl-mesa0_25.2.8-0ubuntu0.24.04.4_amd64.deb ...
portable	Install native Linux test dependencies	2026-10-02T16:44:16.3082386Z Unpacking libegl-mesa0:amd64 (25.2.8-0ubuntu0.24.04.4) ...
portable	Install native Linux test dependencies	2026-10-02T16:44:16.3295849Z Selecting previously unselected package libpng-dev:amd64.
portable	Install native Linux test dependencies	2026-10-02T16:44:16.3423978Z Preparing to unpack .../077-libpng-dev_1.6.43-5ubuntu0.6_amd64.deb ...
portable	Install native Linux test dependencies	2026-10-02T16:44:16.3430256Z Unpacking libpng-dev:amd64 (1.6.43-5ubuntu0.6) ...
portable	Install native Linux test dependencies	2026-10-02T16:44:16.3780519Z Selecting previously unselected package libfreetype-dev:amd64.
portable	Install native Linux test dependencies	2026-10-02T16:44:16.3907786Z Preparing to unpack .../078-libfreetype-dev_2.13.2+dfsg-1ubuntu0.1_amd64.deb ...
portable	Install native Linux test dependencies	2026-10-02T16:44:16.3914059Z Unpacking libfreetype-dev:amd64 (2.13.2+dfsg-1ubuntu0.1) ...
portable	Install native Linux test dependencies	2026-10-02T16:44:16.4462295Z Selecting previously unselected package uuid-dev:amd64.
portable	Install native Linux test dependencies	2026-10-02T16:44:16.4593364Z Preparing to unpack .../079-uuid-dev_2.39.3-9ubuntu6.6_amd64.deb ...
portable	Install native Linux test dependencies	2026-10-02T16:44:16.4600281Z Unpacking uuid-dev:amd64 (2.39.3-9ubuntu6.6) ...
portable	Install native Linux test dependencies	2026-10-02T16:44:16.4848060Z Selecting previously unselected package libfontconfig-dev:amd64.
portable	Install native Linux test dependencies	2026-10-02T16:44:16.4977194Z Preparing to unpack .../080-libfontconfig-dev_2.15.0-1.1ubuntu2_amd64.deb ...
portable	Install native Linux test dependencies	2026-10-02T16:44:16.4983020Z Unpacking libfontconfig-dev:amd64 (2.15.0-1.1ubuntu2) ...
portable	Install native Linux test dependencies	2026-10-02T16:44:16.5210735Z Selecting previously unselected package libfontconfig1-dev:amd64.
portable	Install native Linux test dependencies	2026-10-02T16:44:16.5339499Z Preparing to unpack .../081-libfontconfig1-dev_2.15.0-1.1ubuntu2_amd64.deb ...
portable	Install native Linux test dependencies	2026-10-02T16:44:16.5346246Z Unpacking libfontconfig1-dev:amd64 (2.15.0-1.1ubuntu2) ...
portable	Install native Linux test dependencies	2026-10-02T16:44:16.5539957Z Selecting previously unselected package libwinpr2-2t64:amd64.
portable	Install native Linux test dependencies	2026-10-02T16:44:16.5669829Z Preparing to unpack .../082-libwinpr2-2t64_2.11.5+dfsg1-1build2_amd64.deb ...
portable	Install native Linux test dependencies	2026-10-02T16:44:16.5676446Z Unpacking libwinpr2-2t64:amd64 (2.11.5+dfsg1-1build2) ...
portable	Install native Linux test dependencies	2026-10-02T16:44:16.5934369Z Selecting previously unselected package libfreerdp2-2t64:amd64.
portable	Install native Linux test dependencies	2026-10-02T16:44:16.6065365Z Preparing to unpack .../083-libfreerdp2-2t64_2.11.5+dfsg1-1build2_amd64.deb ...
portable	Install native Linux test dependencies	2026-10-02T16:44:16.6072406Z Unpacking libfreerdp2-2t64:amd64 (2.11.5+dfsg1-1build2) ...
portable	Install native Linux test dependencies	2026-10-02T16:44:16.6338454Z Selecting previously unselected package libfreerdp-server2-2t64:amd64.
portable	Install native Linux test dependencies	2026-10-02T16:44:16.6469919Z Preparing to unpack .../084-libfreerdp-server2-2t64_2.11.5+dfsg1-1build2_amd64.deb ...
portable	Install native Linux test dependencies	2026-10-02T16:44:16.6475319Z Unpacking libfreerdp-server2-2t64:amd64 (2.11.5+dfsg1-1build2) ...
portable	Install native Linux test dependencies	2026-10-02T16:44:16.6697023Z Selecting previously unselected package liborc-0.4-0t64:amd64.
portable	Install native Linux test dependencies	2026-10-02T16:44:16.6827892Z Preparing to unpack .../085-liborc-0.4-0t64_1%3a0.4.38-1ubuntu0.1_amd64.deb ...
portable	Install native Linux test dependencies	2026-10-02T16:44:16.6834096Z Unpacking liborc-0.4-0t64:amd64 (1:0.4.38-1ubuntu0.1) ...
portable	Install native Linux test dependencies	2026-10-02T16:44:16.7071156Z Selecting previously unselected package libgstreamer-plugins-base1.0-0:amd64.
portable	Install native Linux test dependencies	2026-10-02T16:44:16.7202286Z Preparing to unpack .../086-libgstreamer-plugins-base1.0-0_1.24.2-1ubuntu0.5_amd64.deb ...
portable	Install native Linux test dependencies	2026-10-02T16:44:16.7207979Z Unpacking libgstreamer-plugins-base1.0-0:amd64 (1.24.2-1ubuntu0.5) ...
portable	Install native Linux test dependencies	2026-10-02T16:44:16.7531945Z Selecting previously unselected package libwacom-common.
portable	Install native Linux test dependencies	2026-10-02T16:44:16.7663379Z Preparing to unpack .../087-libwacom-common_2.10.0-2_all.deb ...
portable	Install native Linux test dependencies	2026-10-02T16:44:16.7668870Z Unpacking libwacom-common (2.10.0-2) ...
portable	Install native Linux test dependencies	2026-10-02T16:44:16.8527635Z Selecting previously unselected package libwacom9:amd64.
portable	Install native Linux test dependencies	2026-10-02T16:44:16.8660758Z Preparing to unpack .../088-libwacom9_2.10.0-2_amd64.deb ...
portable	Install native Linux test dependencies	2026-10-02T16:44:16.8667695Z Unpacking libwacom9:amd64 (2.10.0-2) ...
portable	Install native Linux test dependencies	2026-10-02T16:44:16.8859626Z Selecting previously unselected package libinput-bin.
portable	Install native Linux test dependencies	2026-10-02T16:44:16.8990235Z Preparing to unpack .../089-libinput-bin_1.25.0-1ubuntu3.7_amd64.deb ...
portable	Install native Linux test dependencies	2026-10-02T16:44:16.8995457Z Unpacking libinput-bin (1.25.0-1ubuntu3.7) ...
portable	Install native Linux test dependencies	2026-10-02T16:44:16.9261010Z Selecting previously unselected package libmtdev1t64:amd64.
portable	Install native Linux test dependencies	2026-10-02T16:44:16.9391549Z Preparing to unpack .../090-libmtdev1t64_1.1.6-1.1build1_amd64.deb ...
portable	Install native Linux test dependencies	2026-10-02T16:44:16.9397609Z Unpacking libmtdev1t64:amd64 (1.1.6-1.1build1) ...
portable	Install native Linux test dependencies	2026-10-02T16:44:16.9642467Z Selecting previously unselected package libinput10:amd64.
portable	Install native Linux test dependencies	2026-10-02T16:44:16.9769262Z Preparing to unpack .../091-libinput10_1.25.0-1ubuntu3.7_amd64.deb ...
portable	Install native Linux test dependencies	2026-10-02T16:44:16.9775982Z Unpacking libinput10:amd64 (1.25.0-1ubuntu3.7) ...
portable	Install native Linux test dependencies	2026-10-02T16:44:16.9988689Z Selecting previously unselected package libturbojpeg:amd64.
portable	Install native Linux test dependencies	2026-10-02T16:44:17.0116444Z Preparing to unpack .../092-libturbojpeg_1%3a2.1.5-2ubuntu2_amd64.deb ...
portable	Install native Linux test dependencies	2026-10-02T16:44:17.0125127Z Unpacking libturbojpeg:amd64 (1:2.1.5-2ubuntu2) ...
portable	Install native Linux test dependencies	2026-10-02T16:44:17.0350419Z Selecting previously unselected package libneatvnc0:amd64.
portable	Install native Linux test dependencies	2026-10-02T16:44:17.0480879Z Preparing to unpack .../093-libneatvnc0_0.7.1+dfsg-2build3_amd64.deb ...
portable	Install native Linux test dependencies	2026-10-02T16:44:17.0488438Z Unpacking libneatvnc0:amd64 (0.7.1+dfsg-2build3) ...
portable	Install native Linux test dependencies	2026-10-02T16:44:17.0698635Z Selecting previously unselected package libwebrtc-audio-processing1:amd64.
portable	Install native Linux test dependencies	2026-10-02T16:44:17.0830025Z Preparing to unpack .../094-libwebrtc-audio-processing1_0.3.1-0ubuntu6_amd64.deb ...
portable	Install native Linux test dependencies	2026-10-02T16:44:17.0836772Z Unpacking libwebrtc-audio-processing1:amd64 (0.3.1-0ubuntu6) ...
portable	Install native Linux test dependencies	2026-10-02T16:44:17.1058423Z Selecting previously unselected package libspa-0.2-modules:amd64.
portable	Install native Linux test dependencies	2026-10-02T16:44:17.1189241Z Preparing to unpack .../095-libspa-0.2-modules_1.0.5-1ubuntu3.3_amd64.deb ...
portable	Install native Linux test dependencies	2026-10-02T16:44:17.1194396Z Unpacking libspa-0.2-modules:amd64 (1.0.5-1ubuntu3.3) ...
portable	Install native Linux test dependencies	2026-10-02T16:44:17.1506858Z Selecting previously unselected package libpipewire-0.3-0t64:amd64.
portable	Install native Linux test dependencies	2026-10-02T16:44:17.1636745Z Preparing to unpack .../096-libpipewire-0.3-0t64_1.0.5-1ubuntu3.3_amd64.deb ...
portable	Install native Linux test dependencies	2026-10-02T16:44:17.1642832Z Unpacking libpipewire-0.3-0t64:amd64 (1.0.5-1ubuntu3.3) ...
portable	Install native Linux test dependencies	2026-10-02T16:44:17.1872849Z Selecting previously unselected package libpthread-stubs0-dev:amd64.
portable	Install native Linux test dependencies	2026-10-02T16:44:17.2003694Z Preparing to unpack .../097-libpthread-stubs0-dev_0.4-1build3_amd64.deb ...
portable	Install native Linux test dependencies	2026-10-02T16:44:17.2018471Z Unpacking libpthread-stubs0-dev:amd64 (0.4-1build3) ...
portable	Install native Linux test dependencies	2026-10-02T16:44:17.2221959Z Selecting previously unselected package libseat1:amd64.
portable	Install native Linux test dependencies	2026-10-02T16:44:17.2353442Z Preparing to unpack .../098-libseat1_0.8.0-1_amd64.deb ...
portable	Install native Linux test dependencies	2026-10-02T16:44:17.2359486Z Unpacking libseat1:amd64 (0.8.0-1) ...
portable	Install native Linux test dependencies	2026-10-02T16:44:17.2570589Z Selecting previously unselected package libwayland-server0:amd64.
portable	Install native Linux test dependencies	2026-10-02T16:44:17.2701815Z Preparing to unpack .../099-libwayland-server0_1.22.0-2.1build1_amd64.deb ...
portable	Install native Linux test dependencies	2026-10-02T16:44:17.2707797Z Unpacking libwayland-server0:amd64 (1.22.0-2.1build1) ...
portable	Install native Linux test dependencies	2026-10-02T16:44:17.2915927Z Selecting previously unselected package libegl1:amd64.
portable	Install native Linux test dependencies	2026-10-02T16:44:17.3046520Z Preparing to unpack .../100-libegl1_1.7.0-1build1_amd64.deb ...
portable	Install native Linux test dependencies	2026-10-02T16:44:17.3053149Z Unpacking libegl1:amd64 (1.7.0-1build1) ...
portable	Install native Linux test dependencies	2026-10-02T16:44:17.3260268Z Selecting previously unselected package libgles2:amd64.
portable	Install native Linux test dependencies	2026-10-02T16:44:17.3389324Z Preparing to unpack .../101-libgles2_1.7.0-1build1_amd64.deb ...
portable	Install native Linux test dependencies	2026-10-02T16:44:17.3395909Z Unpacking libgles2:amd64 (1.7.0-1build1) ...
portable	Install native Linux test dependencies	2026-10-02T16:44:17.3599456Z Selecting previously unselected package libxcb-composite0:amd64.
portable	Install native Linux test dependencies	2026-10-02T16:44:17.3727382Z Preparing to unpack .../102-libxcb-composite0_1.15-1ubuntu2_amd64.deb ...
portable	Install native Linux test dependencies	2026-10-02T16:44:17.3733638Z Unpacking libxcb-composite0:amd64 (1.15-1ubuntu2) ...
portable	Install native Linux test dependencies	2026-10-02T16:44:17.3930286Z Selecting previously unselected package libxcb-xkb1:amd64.
portable	Install native Linux test dependencies	2026-10-02T16:44:17.4057116Z Preparing to unpack .../103-libxcb-xkb1_1.15-1ubuntu2_amd64.deb ...
portable	Install native Linux test dependencies	2026-10-02T16:44:17.4064178Z Unpacking libxcb-xkb1:amd64 (1.15-1ubuntu2) ...
portable	Install native Linux test dependencies	2026-10-02T16:44:17.4269728Z Selecting previously unselected package libweston-13-0:amd64.
portable	Install native Linux test dependencies	2026-10-02T16:44:17.4400972Z Preparing to unpack .../104-libweston-13-0_13.0.0-4build3_amd64.deb ...
portable	Install native Linux test dependencies	2026-10-02T16:44:17.4407462Z Unpacking libweston-13-0:amd64 (13.0.0-4build3) ...
portable	Install native Linux test dependencies	2026-10-02T16:44:17.4667619Z Selecting previously unselected package xorg-sgml-doctools.
portable	Install native Linux test dependencies	2026-10-02T16:44:17.4798657Z Preparing to unpack .../105-xorg-sgml-doctools_1%3a1.11-1.1_all.deb ...
portable	Install native Linux test dependencies	2026-10-02T16:44:17.4804350Z Unpacking xorg-sgml-doctools (1:1.11-1.1) ...
portable	Install native Linux test dependencies	2026-10-02T16:44:17.5064521Z Selecting previously unselected package x11proto-dev.
portable	Install native Linux test dependencies	2026-10-02T16:44:17.5195204Z Preparing to unpack .../106-x11proto-dev_2023.2-1_all.deb ...
portable	Install native Linux test dependencies	2026-10-02T16:44:17.5200641Z Unpacking x11proto-dev (2023.2-1) ...
portable	Install native Linux test dependencies	2026-10-02T16:44:17.5704738Z Selecting previously unselected package libxau-dev:amd64.
portable	Install native Linux test dependencies	2026-10-02T16:44:17.5836709Z Preparing to unpack .../107-libxau-dev_1%3a1.0.9-1build6_amd64.deb ...
portable	Install native Linux test dependencies	2026-10-02T16:44:17.5842712Z Unpacking libxau-dev:amd64 (1:1.0.9-1build6) ...
portable	Install native Linux test dependencies	2026-10-02T16:44:17.6047392Z Selecting previously unselected package libxdmcp-dev:amd64.
portable	Install native Linux test dependencies	2026-10-02T16:44:17.6176879Z Preparing to unpack .../108-libxdmcp-dev_1%3a1.1.3-0ubuntu6_amd64.deb ...
portable	Install native Linux test dependencies	2026-10-02T16:44:17.6182615Z Unpacking libxdmcp-dev:amd64 (1:1.1.3-0ubuntu6) ...
portable	Install native Linux test dependencies	2026-10-02T16:44:17.6380183Z Selecting previously unselected package xtrans-dev.
portable	Install native Linux test dependencies	2026-10-02T16:44:17.6511662Z Preparing to unpack .../109-xtrans-dev_1.4.0-1_all.deb ...
portable	Install native Linux test dependencies	2026-10-02T16:44:17.6518061Z Unpacking xtrans-dev (1.4.0-1) ...
portable	Install native Linux test dependencies	2026-10-02T16:44:17.6765698Z Selecting previously unselected package libxcb1-dev:amd64.
portable	Install native Linux test dependencies	2026-10-02T16:44:17.6897732Z Preparing to unpack .../110-libxcb1-dev_1.15-1ubuntu2_amd64.deb ...
portable	Install native Linux test dependencies	2026-10-02T16:44:17.6906174Z Unpacking libxcb1-dev:amd64 (1.15-1ubuntu2) ...
portable	Install native Linux test dependencies	2026-10-02T16:44:17.7133932Z Selecting previously unselected package libx11-dev:amd64.
portable	Install native Linux test dependencies	2026-10-02T16:44:17.7266020Z Preparing to unpack .../111-libx11-dev_2%3a1.8.7-1build1_amd64.deb ...
portable	Install native Linux test dependencies	2026-10-02T16:44:17.7271519Z Unpacking libx11-dev:amd64 (2:1.8.7-1build1) ...
portable	Install native Linux test dependencies	2026-10-02T16:44:17.7568368Z Selecting previously unselected package libx11-xcb-dev:amd64.
portable	Install native Linux test dependencies	2026-10-02T16:44:17.7715354Z Preparing to unpack .../112-libx11-xcb-dev_2%3a1.8.7-1build1_amd64.deb ...
portable	Install native Linux test dependencies	2026-10-02T16:44:17.7716598Z Unpacking libx11-xcb-dev:amd64 (2:1.8.7-1build1) ...
portable	Install native Linux test dependencies	2026-10-02T16:44:17.7916292Z Selecting previously unselected package libxcb-xkb-dev:amd64.
portable	Install native Linux test dependencies	2026-10-02T16:44:17.8049457Z Preparing to unpack .../113-libxcb-xkb-dev_1.15-1ubuntu2_amd64.deb ...
portable	Install native Linux test dependencies	2026-10-02T16:44:17.8057253Z Unpacking libxcb-xkb-dev:amd64 (1.15-1ubuntu2) ...
portable	Install native Linux test dependencies	2026-10-02T16:44:17.8273150Z Selecting previously unselected package libxkbcommon-dev:amd64.
portable	Install native Linux test dependencies	2026-10-02T16:44:17.8405885Z Preparing to unpack .../114-libxkbcommon-dev_1.6.0-1build1_amd64.deb ...
portable	Install native Linux test dependencies	2026-10-02T16:44:17.8412705Z Unpacking libxkbcommon-dev:amd64 (1.6.0-1build1) ...
portable	Install native Linux test dependencies	2026-10-02T16:44:17.8635385Z Selecting previously unselected package libxkbcommon-x11-0:amd64.
portable	Install native Linux test dependencies	2026-10-02T16:44:17.8767668Z Preparing to unpack .../115-libxkbcommon-x11-0_1.6.0-1build1_amd64.deb ...
portable	Install native Linux test dependencies	2026-10-02T16:44:17.8777821Z Unpacking libxkbcommon-x11-0:amd64 (1.6.0-1build1) ...
portable	Install native Linux test dependencies	2026-10-02T16:44:17.8992858Z Selecting previously unselected package mesa-vulkan-drivers:amd64.
portable	Install native Linux test dependencies	2026-10-02T16:44:17.9124854Z Preparing to unpack .../116-mesa-vulkan-drivers_25.2.8-0ubuntu0.24.04.4_amd64.deb ...
portable	Install native Linux test dependencies	2026-10-02T16:44:17.9130946Z Unpacking mesa-vulkan-drivers:amd64 (25.2.8-0ubuntu0.24.04.4) ...
portable	Install native Linux test dependencies	2026-10-02T16:44:18.2299708Z Selecting previously unselected package weston.
portable	Install native Linux test dependencies	2026-10-02T16:44:18.2432478Z Preparing to unpack .../117-weston_13.0.0-4build3_amd64.deb ...
portable	Install native Linux test dependencies	2026-10-02T16:44:18.2451511Z Unpacking weston (13.0.0-4build3) ...
portable	Install native Linux test dependencies	2026-10-02T16:44:18.2987179Z Selecting previously unselected package libwayland-bin.
portable	Install native Linux test dependencies	2026-10-02T16:44:18.3118595Z Preparing to unpack .../118-libwayland-bin_1.22.0-2.1build1_amd64.deb ...
portable	Install native Linux test dependencies	2026-10-02T16:44:18.3123630Z Unpacking libwayland-bin (1.22.0-2.1build1) ...
portable	Install native Linux test dependencies	2026-10-02T16:44:18.3317126Z Selecting previously unselected package libwayland-dev:amd64.
portable	Install native Linux test dependencies	2026-10-02T16:44:18.3446147Z Preparing to unpack .../119-libwayland-dev_1.22.0-2.1build1_amd64.deb ...
portable	Install native Linux test dependencies	2026-10-02T16:44:18.3876757Z Unpacking libwayland-dev:amd64 (1.22.0-2.1build1) ...
portable	Install native Linux test dependencies	2026-10-02T16:44:18.7013622Z Selecting previously unselected package libxkbcommon-x11-dev:amd64.
portable	Install native Linux test dependencies	2026-10-02T16:44:18.7146364Z Preparing to unpack .../120-libxkbcommon-x11-dev_1.6.0-1build1_amd64.deb ...
portable	Install native Linux test dependencies	2026-10-02T16:44:18.7152250Z Unpacking libxkbcommon-x11-dev:amd64 (1.6.0-1build1) ...
portable	Install native Linux test dependencies	2026-10-02T16:44:18.7632068Z Setting up libgme0:amd64 (0.6.3-7build1) ...
portable	Install native Linux test dependencies	2026-10-02T16:44:18.7652341Z Setting up libchromaprint1:amd64 (1.5.1-5) ...
portable	Install native Linux test dependencies	2026-10-02T16:44:18.7666544Z Setting up libssh-gcrypt-4:amd64 (0.10.6-2ubuntu0.5) ...
portable	Install native Linux test dependencies	2026-10-02T16:44:18.7681662Z Setting up libhwy1t64:amd64 (1.0.7-8.1build1) ...
portable	Install native Linux test dependencies	2026-10-02T16:44:18.7695105Z Setting up mesa-vulkan-drivers:amd64 (25.2.8-0ubuntu0.24.04.4) ...
portable	Install native Linux test dependencies	2026-10-02T16:44:18.7711017Z Setting up libudfread0:amd64 (1.1.2-1build1) ...
portable	Install native Linux test dependencies	2026-10-02T16:44:18.7724995Z Setting up libwayland-server0:amd64 (1.22.0-2.1build1) ...
portable	Install native Linux test dependencies	2026-10-02T16:44:18.7739040Z Setting up mesa-libgallium:amd64 (25.2.8-0ubuntu0.24.04.4) ...
portable	Install native Linux test dependencies	2026-10-02T16:44:18.7755609Z Setting up libspeex1:amd64 (1.2.1-2ubuntu2.24.04.1) ...
portable	Install native Linux test dependencies	2026-10-02T16:44:18.7770065Z Setting up libshine3:amd64 (3.1.1-2build1) ...
portable	Install native Linux test dependencies	2026-10-02T16:44:18.7785179Z Setting up libvpl2 (2023.3.0-1build1) ...
portable	Install native Linux test dependencies	2026-10-02T16:44:18.7799698Z Setting up libx264-164:amd64 (2:0.164.3108+git31e19f9-1) ...
portable	Install native Linux test dependencies	2026-10-02T16:44:18.7813759Z Setting up libtwolame0:amd64 (0.4.0-2build3) ...
portable	Install native Linux test dependencies	2026-10-02T16:44:18.7843366Z Setting up libmbedcrypto7t64:amd64 (2.28.8-1) ...
portable	Install native Linux test dependencies	2026-10-02T16:44:18.7857640Z Setting up libgbm1:amd64 (25.2.8-0ubuntu0.24.04.4) ...
portable	Install native Linux test dependencies	2026-10-02T16:44:18.7873030Z Setting up libgsm1:amd64 (1.0.22-1build1) ...
portable	Install native Linux test dependencies	2026-10-02T16:44:18.7887932Z Setting up libaml0t64:amd64 (0.3.0-1.1build1) ...
portable	Install native Linux test dependencies	2026-10-02T16:44:18.7902624Z Setting up libsoxr0:amd64 (0.1.3-4build3) ...
portable	Install native Linux test dependencies	2026-10-02T16:44:18.7918214Z Setting up libzix-0-0:amd64 (0.4.2-2build1) ...
portable	Install native Linux test dependencies	2026-10-02T16:44:18.7932354Z Setting up libcodec2-1.2:amd64 (1.2.0-2build1) ...
portable	Install native Linux test dependencies	2026-10-02T16:44:18.7948229Z Setting up libwinpr2-2t64:amd64 (2.11.5+dfsg1-1build2) ...
portable	Install native Linux test dependencies	2026-10-02T16:44:18.7962742Z Setting up libxkbcommon-dev:amd64 (1.6.0-1build1) ...
portable	Install native Linux test dependencies	2026-10-02T16:44:18.7976306Z Setting up libgl1-mesa-dri:amd64 (25.2.8-0ubuntu0.24.04.4) ...
portable	Install native Linux test dependencies	2026-10-02T16:44:18.8058440Z Setting up libpng-dev:amd64 (1.6.43-5ubuntu0.6) ...
portable	Install native Linux test dependencies	2026-10-02T16:44:18.8072189Z Setting up libmysofa1:amd64 (1.3.2+dfsg-2ubuntu2) ...
portable	Install native Linux test dependencies	2026-10-02T16:44:18.8088238Z Setting up libwebrtc-audio-processing1:amd64 (0.3.1-0ubuntu6) ...
portable	Install native Linux test dependencies	2026-10-02T16:44:18.8103519Z Setting up libsvtav1enc1d1:amd64 (1.7.0+dfsg-2build1) ...
portable	Install native Linux test dependencies	2026-10-02T16:44:18.8118453Z Setting up libmpg123-0t64:amd64 (1.32.5-1ubuntu1.1) ...
portable	Install native Linux test dependencies	2026-10-02T16:44:18.8133091Z Setting up libcjson1:amd64 (1.7.17-1) ...
portable	Install native Linux test dependencies	2026-10-02T16:44:18.8149296Z Setting up libxvidcore4:amd64 (2:1.3.7-1build1) ...
portable	Install native Linux test dependencies	2026-10-02T16:44:18.8163709Z Setting up libpthread-stubs0-dev:amd64 (0.4-1build3) ...
portable	Install native Linux test dependencies	2026-10-02T16:44:18.8178621Z Setting up librav1e0:amd64 (0.7.1-2) ...
portable	Install native Linux test dependencies	2026-10-02T16:44:18.8192495Z Setting up liborc-0.4-0t64:amd64 (1:0.4.38-1ubuntu0.1) ...
portable	Install native Linux test dependencies	2026-10-02T16:44:18.8207686Z Setting up libxcb-xkb1:amd64 (1.15-1ubuntu2) ...
portable	Install native Linux test dependencies	2026-10-02T16:44:18.8221954Z Setting up librist4:amd64 (0.2.10+dfsg-2) ...
portable	Install native Linux test dependencies	2026-10-02T16:44:18.8235667Z Setting up librsvg2-2:amd64 (2.58.0+dfsg-1build1) ...
portable	Install native Linux test dependencies	2026-10-02T16:44:18.8250901Z Setting up xtrans-dev (1.4.0-1) ...
portable	Install native Linux test dependencies	2026-10-02T16:44:18.8264719Z Setting up libwayland-bin (1.22.0-2.1build1) ...
portable	Install native Linux test dependencies	2026-10-02T16:44:18.8279049Z Setting up libblas3:amd64 (3.12.0-3build1.1) ...
portable	Install native Linux test dependencies	2026-10-02T16:44:18.8341310Z update-alternatives: using /usr/lib/x86_64-linux-gnu/blas/libblas.so.3 to provide /usr/lib/x86_64-linux-gnu/libblas.so.3 (libblas.so.3-x86_64-linux-gnu) in auto mode
portable	Install native Linux test dependencies	2026-10-02T16:44:18.8355438Z Setting up libegl-mesa0:amd64 (25.2.8-0ubuntu0.24.04.4) ...
portable	Install native Linux test dependencies	2026-10-02T16:44:18.8371699Z Setting up libplacebo338:amd64 (6.338.2-2build1) ...
portable	Install native Linux test dependencies	2026-10-02T16:44:18.8385997Z Setting up libgles2:amd64 (1.7.0-1build1) ...
portable	Install native Linux test dependencies	2026-10-02T16:44:18.8400833Z Setting up libva2:amd64 (2.20.0-2ubuntu0.2) ...
portable	Install native Linux test dependencies	2026-10-02T16:44:18.8416987Z Setting up libspa-0.2-modules:amd64 (1.0.5-1ubuntu3.3) ...
portable	Install native Linux test dependencies	2026-10-02T16:44:18.8430850Z Setting up uuid-dev:amd64 (2.39.3-9ubuntu6.6) ...
portable	Install native Linux test dependencies	2026-10-02T16:44:18.8444827Z Setting up libopus0:amd64 (1.4-1build1) ...
portable	Install native Linux test dependencies	2026-10-02T16:44:18.8464054Z Setting up libxkbcommon-x11-0:amd64 (1.6.0-1build1) ...
portable	Install native Linux test dependencies	2026-10-02T16:44:18.8479209Z Setting up libunibreak5:amd64 (5.1-2build1) ...
portable	Install native Linux test dependencies	2026-10-02T16:44:18.8497628Z Setting up libjxl0.7:amd64 (0.7.0-10.2ubuntu6.1) ...
portable	Install native Linux test dependencies	2026-10-02T16:44:18.8513879Z Setting up libx265-199:amd64 (3.5-2build1) ...
portable	Install native Linux test dependencies	2026-10-02T16:44:18.8528973Z Setting up libturbojpeg:amd64 (1:2.1.5-2ubuntu2) ...
portable	Install native Linux test dependencies	2026-10-02T16:44:18.8545412Z Setting up libvidstab1.1:amd64 (1.1.0-2build1) ...
portable	Install native Linux test dependencies	2026-10-02T16:44:18.8560434Z Setting up libvpx9:amd64 (1.14.0-1ubuntu2.3) ...
portable	Install native Linux test dependencies	2026-10-02T16:44:18.8576625Z Setting up libsrt1.5-gnutls:amd64 (1.5.3-1build2) ...
portable	Install native Linux test dependencies	2026-10-02T16:44:18.8593658Z Setting up libxcb-composite0:amd64 (1.15-1ubuntu2) ...
portable	Install native Linux test dependencies	2026-10-02T16:44:18.8609156Z Setting up libflite1:amd64 (2.2-6build3) ...
portable	Install native Linux test dependencies	2026-10-02T16:44:18.8629853Z Setting up libdav1d7:amd64 (1.4.1-1build1) ...
portable	Install native Linux test dependencies	2026-10-02T16:44:18.8646558Z Setting up libmtdev1t64:amd64 (1.1.6-1.1build1) ...
portable	Install native Linux test dependencies	2026-10-02T16:44:18.8661688Z Setting up libva-drm2:amd64 (2.20.0-2ubuntu0.2) ...
portable	Install native Linux test dependencies	2026-10-02T16:44:18.8680318Z Setting up ocl-icd-libopencl1:amd64 (2.3.2-1build1) ...
portable	Install native Linux test dependencies	2026-10-02T16:44:18.8697580Z Setting up libasyncns0:amd64 (0.8-6build4) ...
portable	Install native Linux test dependencies	2026-10-02T16:44:18.8712399Z Setting up libvdpau1:amd64 (1.5-2build1) ...
portable	Install native Linux test dependencies	2026-10-02T16:44:18.8736700Z Setting up libbs2b0:amd64 (3.1.0+dfsg-7build1) ...
portable	Install native Linux test dependencies	2026-10-02T16:44:18.8752718Z Setting up libtheora0:amd64 (1.1.1+dfsg.1-16.1build3) ...
portable	Install native Linux test dependencies	2026-10-02T16:44:18.8773820Z Setting up libegl1:amd64 (1.7.0-1build1) ...
portable	Install native Linux test dependencies	2026-10-02T16:44:18.8789250Z Setting up libfreerdp2-2t64:amd64 (2.11.5+dfsg1-1build2) ...
portable	Install native Linux test dependencies	2026-10-02T16:44:18.8806299Z Setting up libzimg2:amd64 (3.0.5+ds1-1build1) ...
portable	Install native Linux test dependencies	2026-10-02T16:44:18.8823753Z Setting up xorg-sgml-doctools (1:1.11-1.1) ...
portable	Install native Linux test dependencies	2026-10-02T16:44:18.8838700Z Setting up libflac12t64:amd64 (1.4.3+ds-2.1ubuntu2) ...
portable	Install native Linux test dependencies	2026-10-02T16:44:18.8855346Z Setting up libseat1:amd64 (0.8.0-1) ...
portable	Install native Linux test dependencies	2026-10-02T16:44:18.8870932Z Setting up libbluray2:amd64 (1:1.3.4-1build1) ...
portable	Install native Linux test dependencies	2026-10-02T16:44:18.8887930Z Setting up libsamplerate0:amd64 (0.2.2-4build1) ...
portable	Install native Linux test dependencies	2026-10-02T16:44:18.8906448Z Setting up libva-x11-2:amd64 (2.20.0-2ubuntu0.2) ...
portable	Install native Linux test dependencies	2026-10-02T16:44:18.8922063Z Setting up libpipewire-0.3-0t64:amd64 (1.0.5-1ubuntu3.3) ...
portable	Install native Linux test dependencies	2026-10-02T16:44:18.8938398Z Setting up libopenmpt0t64:amd64 (0.7.3-1.1build3) ...
portable	Install native Linux test dependencies	2026-10-02T16:44:18.8954071Z Setting up libbrotli-dev:amd64 (1.1.0-2build2) ...
portable	Install native Linux test dependencies	2026-10-02T16:44:18.8971237Z Setting up libzvbi-common (0.2.42-2) ...
portable	Install native Linux test dependencies	2026-10-02T16:44:18.8986498Z Setting up libmp3lame0:amd64 (3.100-6build1) ...
portable	Install native Linux test dependencies	2026-10-02T16:44:18.9003827Z Setting up libvorbisenc2:amd64 (1.3.7-1build3) ...
portable	Install native Linux test dependencies	2026-10-02T16:44:18.9019726Z Setting up libserd-0-0:amd64 (0.32.2-1) ...
portable	Install native Linux test dependencies	2026-10-02T16:44:18.9035627Z Setting up libwacom-common (2.10.0-2) ...
portable	Install native Linux test dependencies	2026-10-02T16:44:18.9052360Z Setting up libbz2-dev:amd64 (1.0.8-5.1ubuntu0.1) ...
portable	Install native Linux test dependencies	2026-10-02T16:44:18.9068252Z Setting up liblapack3:amd64 (3.12.0-3build1.1) ...
portable	Install native Linux test dependencies	2026-10-02T16:44:18.9133799Z update-alternatives: using /usr/lib/x86_64-linux-gnu/lapack/liblapack.so.3 to provide /usr/lib/x86_64-linux-gnu/liblapack.so.3 (liblapack.so.3-x86_64-linux-gnu) in auto mode
portable	Install native Linux test dependencies	2026-10-02T16:44:18.9148278Z Setting up libglx-mesa0:amd64 (25.2.8-0ubuntu0.24.04.4) ...
portable	Install native Linux test dependencies	2026-10-02T16:44:18.9368111Z Setting up libzvbi0t64:amd64 (0.2.42-2) ...
portable	Install native Linux test dependencies	2026-10-02T16:44:18.9382027Z Setting up libwacom9:amd64 (2.10.0-2) ...
portable	Install native Linux test dependencies	2026-10-02T16:44:18.9399724Z Setting up libgstreamer-plugins-base1.0-0:amd64 (1.24.2-1ubuntu0.5) ...
portable	Install native Linux test dependencies	2026-10-02T16:44:18.9414185Z Setting up libavutil58:amd64 (7:6.1.1-3ubuntu5) ...
portable	Install native Linux test dependencies	2026-10-02T16:44:18.9427960Z Setting up libwayland-dev:amd64 (1.22.0-2.1build1) ...
portable	Install native Linux test dependencies	2026-10-02T16:44:18.9442583Z Setting up libinput-bin (1.25.0-1ubuntu3.7) ...
portable	Install native Linux test dependencies	2026-10-02T16:44:18.9457905Z Setting up libfreetype-dev:amd64 (2.13.2+dfsg-1ubuntu0.1) ...
portable	Install native Linux test dependencies	2026-10-02T16:44:18.9472359Z Setting up libass9:amd64 (1:0.17.1-2build1) ...
portable	Install native Linux test dependencies	2026-10-02T16:44:18.9487619Z Setting up libswresample4:amd64 (7:6.1.1-3ubuntu5) ...
portable	Install native Linux test dependencies	2026-10-02T16:44:18.9502701Z Setting up libfreerdp-server2-2t64:amd64 (2.11.5+dfsg1-1build2) ...
portable	Install native Linux test dependencies	2026-10-02T16:44:18.9519116Z Setting up libavcodec60:amd64 (7:6.1.1-3ubuntu5) ...
portable	Install native Linux test dependencies	2026-10-02T16:44:18.9534262Z Setting up librubberband2:amd64 (3.3.0+dfsg-2build1) ...
portable	Install native Linux test dependencies	2026-10-02T16:44:18.9548661Z Setting up libsord-0-0:amd64 (0.16.16-2build1) ...
portable	Install native Linux test dependencies	2026-10-02T16:44:18.9566521Z Setting up libpostproc57:amd64 (7:6.1.1-3ubuntu5) ...
portable	Install native Linux test dependencies	2026-10-02T16:44:18.9583077Z Setting up libsratom-0-0:amd64 (0.6.16-1build1) ...
portable	Install native Linux test dependencies	2026-10-02T16:44:18.9597428Z Setting up libsndfile1:amd64 (1.2.2-1ubuntu5.24.04.1) ...
portable	Install native Linux test dependencies	2026-10-02T16:44:18.9613200Z Setting up liblilv-0-0:amd64 (0.24.22-1build1) ...
portable	Install native Linux test dependencies	2026-10-02T16:44:18.9627293Z Setting up libswscale7:amd64 (7:6.1.1-3ubuntu5) ...
portable	Install native Linux test dependencies	2026-10-02T16:44:18.9645255Z Setting up libinput10:amd64 (1.25.0-1ubuntu3.7) ...
portable	Install native Linux test dependencies	2026-10-02T16:44:18.9658569Z Setting up libpulse0:amd64 (1:16.1+dfsg1-2ubuntu10.1) ...
portable	Install native Linux test dependencies	2026-10-02T16:44:18.9729666Z Setting up libfontconfig-dev:amd64 (2.15.0-1.1ubuntu2) ...
portable	Install native Linux test dependencies	2026-10-02T16:44:18.9743906Z Setting up libavformat60:amd64 (7:6.1.1-3ubuntu5) ...
portable	Install native Linux test dependencies	2026-10-02T16:44:18.9761955Z Setting up libsphinxbase3t64:amd64 (0.8+5prealpha+1-17build2) ...
portable	Install native Linux test dependencies	2026-10-02T16:44:18.9776158Z Setting up libfontconfig1-dev:amd64 (2.15.0-1.1ubuntu2) ...
portable	Install native Linux test dependencies	2026-10-02T16:44:18.9792753Z Setting up libpocketsphinx3:amd64 (0.8.0+real5prealpha+1-15ubuntu5) ...
portable	Install native Linux test dependencies	2026-10-02T16:44:18.9808275Z Setting up libavfilter9:amd64 (7:6.1.1-3ubuntu5) ...
portable	Install native Linux test dependencies	2026-10-02T16:44:18.9824829Z Setting up libneatvnc0:amd64 (0.7.1+dfsg-2build3) ...
portable	Install native Linux test dependencies	2026-10-02T16:44:18.9844279Z Setting up libweston-13-0:amd64 (13.0.0-4build3) ...
portable	Install native Linux test dependencies	2026-10-02T16:44:18.9858586Z Setting up weston (13.0.0-4build3) ...
portable	Install native Linux test dependencies	2026-10-02T16:44:18.9914118Z Processing triggers for libc-bin (2.39-0ubuntu8.9) ...
portable	Install native Linux test dependencies	2026-10-02T16:44:19.0466322Z Processing triggers for man-db (2.12.0-4build2) ...
portable	Install native Linux test dependencies	2026-10-02T16:44:19.0486584Z Not building database; man-db/auto-update is not 'true'.
portable	Install native Linux test dependencies	2026-10-02T16:44:19.0501796Z Processing triggers for udev (255.4-1ubuntu8.17) ...
portable	Install native Linux test dependencies	2026-10-02T16:44:19.5875764Z Processing triggers for sgml-base (1.31) ...
portable	Install native Linux test dependencies	2026-10-02T16:44:19.6229003Z Setting up x11proto-dev (2023.2-1) ...
portable	Install native Linux test dependencies	2026-10-02T16:44:19.6247521Z Setting up libxau-dev:amd64 (1:1.0.9-1build6) ...
portable	Install native Linux test dependencies	2026-10-02T16:44:19.6267843Z Setting up libxdmcp-dev:amd64 (1:1.1.3-0ubuntu6) ...
portable	Install native Linux test dependencies	2026-10-02T16:44:19.6286532Z Setting up libxcb1-dev:amd64 (1.15-1ubuntu2) ...
portable	Install native Linux test dependencies	2026-10-02T16:44:19.6304270Z Setting up libxcb-xkb-dev:amd64 (1.15-1ubuntu2) ...
portable	Install native Linux test dependencies	2026-10-02T16:44:19.6319600Z Setting up libx11-dev:amd64 (2:1.8.7-1build1) ...
portable	Install native Linux test dependencies	2026-10-02T16:44:19.6337203Z Setting up libxkbcommon-x11-dev:amd64 (1.6.0-1build1) ...
portable	Install native Linux test dependencies	2026-10-02T16:44:19.6358040Z Setting up libx11-xcb-dev:amd64 (2:1.8.7-1build1) ...
portable	Install native Linux test dependencies	2026-10-02T16:44:20.2616614Z 
portable	Install native Linux test dependencies	2026-10-02T16:44:20.2617224Z Running kernel seems to be up-to-date.
portable	Install native Linux test dependencies	2026-10-02T16:44:20.2617573Z 
portable	Install native Linux test dependencies	2026-10-02T16:44:20.2617691Z No services need to be restarted.
portable	Install native Linux test dependencies	2026-10-02T16:44:20.2617880Z 
portable	Install native Linux test dependencies	2026-10-02T16:44:20.2617999Z No containers need to be restarted.
portable	Install native Linux test dependencies	2026-10-02T16:44:20.2618174Z 
portable	Install native Linux test dependencies	2026-10-02T16:44:20.2618304Z No user sessions are running outdated binaries.
portable	Install native Linux test dependencies	2026-10-02T16:44:20.2618515Z 
portable	Install native Linux test dependencies	2026-10-02T16:44:20.2618723Z No VM guests are running outdated hypervisor (qemu) binaries on this host.
portable	Reject gpui-component dependencies	﻿2026-10-02T16:44:21.3601965Z ##[group]Run if cargo tree --workspace | grep -q 'gpui-component'; then
portable	Reject gpui-component dependencies	2026-10-02T16:44:21.3602499Z ^[[36;1mif cargo tree --workspace | grep -q 'gpui-component'; then^[[0m
portable	Reject gpui-component dependencies	2026-10-02T16:44:21.3602947Z ^[[36;1m  echo 'gpui-component must not appear in the dependency graph'^[[0m
portable	Reject gpui-component dependencies	2026-10-02T16:44:21.3603308Z ^[[36;1m  exit 1^[[0m
portable	Reject gpui-component dependencies	2026-10-02T16:44:21.3603512Z ^[[36;1mfi^[[0m
portable	Reject gpui-component dependencies	2026-10-02T16:44:21.3671078Z shell: /usr/bin/bash -e {0}
portable	Reject gpui-component dependencies	2026-10-02T16:44:21.3671354Z env:
portable	Reject gpui-component dependencies	2026-10-02T16:44:21.3671571Z   CARGO_HOME: /home/runner/.cargo
portable	Reject gpui-component dependencies	2026-10-02T16:44:21.3671859Z   CARGO_INCREMENTAL: 0
portable	Reject gpui-component dependencies	2026-10-02T16:44:21.3672091Z   CARGO_TERM_COLOR: always
portable	Reject gpui-component dependencies	2026-10-02T16:44:21.3672323Z ##[endgroup]
portable	Reject gpui-component dependencies	2026-10-02T16:44:21.4408933Z ^[[1m^[[92m    Updating^[[0m crates.io index
portable	Reject gpui-component dependencies	2026-10-02T16:44:22.7704527Z ^[[1m^[[92m Downloading^[[0m crates ...
portable	Reject gpui-component dependencies	2026-10-02T16:44:22.8862578Z ^[[1m^[[92m  Downloaded^[[0m atomic-waker v1.1.2
portable	Reject gpui-component dependencies	2026-10-02T16:44:22.8907096Z ^[[1m^[[92m  Downloaded^[[0m aligned-vec v0.6.4
portable	Reject gpui-component dependencies	2026-10-02T16:44:22.8940881Z ^[[1m^[[92m  Downloaded^[[0m ahash v0.8.12
portable	Reject gpui-component dependencies	2026-10-02T16:44:22.8993209Z ^[[1m^[[92m  Downloaded^[[0m dyn-clone v1.0.20
portable	Reject gpui-component dependencies	2026-10-02T16:44:22.9035632Z ^[[1m^[[92m  Downloaded^[[0m dirs v5.0.1
portable	Reject gpui-component dependencies	2026-10-02T16:44:22.9077186Z ^[[1m^[[92m  Downloaded^[[0m equator v0.4.2
portable	Reject gpui-component dependencies	2026-10-02T16:44:22.9118373Z ^[[1m^[[92m  Downloaded^[[0m async-process v2.5.0
portable	Reject gpui-component dependencies	2026-10-02T16:44:22.9168030Z ^[[1m^[[92m  Downloaded^[[0m document-features v0.2.12
portable	Reject gpui-component dependencies	2026-10-02T16:44:22.9205660Z ^[[1m^[[92m  Downloaded^[[0m crossbeam-queue v0.3.13
portable	Reject gpui-component dependencies	2026-10-02T16:44:22.9246507Z ^[[1m^[[92m  Downloaded^[[0m dlib v0.5.3
portable	Reject gpui-component dependencies	2026-10-02T16:44:22.9294099Z ^[[1m^[[92m  Downloaded^[[0m color_quant v1.1.0
portable	Reject gpui-component dependencies	2026-10-02T16:44:22.9336857Z ^[[1m^[[92m  Downloaded^[[0m futures-core v0.3.34
portable	Reject gpui-component dependencies	2026-10-02T16:44:22.9382673Z ^[[1m^[[92m  Downloaded^[[0m const-random v0.1.18
portable	Reject gpui-component dependencies	2026-10-02T16:44:22.9427454Z ^[[1m^[[92m  Downloaded^[[0m crc32fast v1.5.1
portable	Reject gpui-component dependencies	2026-10-02T16:44:22.9489005Z ^[[1m^[[92m  Downloaded^[[0m http-body v1.1.0
portable	Reject gpui-component dependencies	2026-10-02T16:44:22.9546633Z ^[[1m^[[92m  Downloaded^[[0m gpui-pre-ztracing-macro v0.3.7
portable	Reject gpui-component dependencies	2026-10-02T16:44:22.9609249Z ^[[1m^[[92m  Downloaded^[[0m inventory v0.3.24
portable	Reject gpui-component dependencies	2026-10-02T16:44:22.9688542Z ^[[1m^[[92m  Downloaded^[[0m itoa v1.0.18
portable	Reject gpui-component dependencies	2026-10-02T16:44:22.9752652Z ^[[1m^[[92m  Downloaded^[[0m linebender_resource_handle v0.1.1
portable	Reject gpui-component dependencies	2026-10-02T16:44:22.9811482Z ^[[1m^[[92m  Downloaded^[[0m litemap v0.8.3
portable	Reject gpui-component dependencies	2026-10-02T16:44:22.9887768Z ^[[1m^[[92m  Downloaded^[[0m memmap2 v0.9.11
portable	Reject gpui-component dependencies	2026-10-02T16:44:22.9957171Z ^[[1m^[[92m  Downloaded^[[0m maybe-rayon v0.1.1
portable	Reject gpui-component dependencies	2026-10-02T16:44:23.0023093Z ^[[1m^[[92m  Downloaded^[[0m md-5 v0.10.6
portable	Reject gpui-component dependencies	2026-10-02T16:44:23.0131388Z ^[[1m^[[92m  Downloaded^[[0m ordered-stream v0.2.0
portable	Reject gpui-component dependencies	2026-10-02T16:44:23.0223333Z ^[[1m^[[92m  Downloaded^[[0m profiling-procmacros v1.0.18
portable	Reject gpui-component dependencies	2026-10-02T16:44:23.0333984Z ^[[1m^[[92m  Downloaded^[[0m serde_spanned v0.6.9
portable	Reject gpui-component dependencies	2026-10-02T16:44:23.0439783Z ^[[1m^[[92m  Downloaded^[[0m simd-adler32 v0.3.10
portable	Reject gpui-component dependencies	2026-10-02T16:44:23.0541810Z ^[[1m^[[92m  Downloaded^[[0m static_assertions v1.1.0
portable	Reject gpui-component dependencies	2026-10-02T16:44:23.0646645Z ^[[1m^[[92m  Downloaded^[[0m sval_ref v2.21.1
portable	Reject gpui-component dependencies	2026-10-02T16:44:23.0727584Z ^[[1m^[[92m  Downloaded^[[0m termcolor v1.4.1
portable	Reject gpui-component dependencies	2026-10-02T16:44:23.0785924Z ^[[1m^[[92m  Downloaded^[[0m unicode-bidi-mirroring v0.4.0
portable	Reject gpui-component dependencies	2026-10-02T16:44:23.0854324Z ^[[1m^[[92m  Downloaded^[[0m wayland-sys v0.31.11
portable	Reject gpui-component dependencies	2026-10-02T16:44:23.0895321Z ^[[1m^[[92m  Downloaded^[[0m value-bag-serde1 v1.13.2
portable	Reject gpui-component dependencies	2026-10-02T16:44:23.0931131Z ^[[1m^[[92m  Downloaded^[[0m xkbcommon v0.8.0
portable	Reject gpui-component dependencies	2026-10-02T16:44:23.0989494Z ^[[1m^[[92m  Downloaded^[[0m zmij v1.0.23
portable	Reject gpui-component dependencies	2026-10-02T16:44:23.1034465Z ^[[1m^[[92m  Downloaded^[[0m zerovec-derive v0.11.6
portable	Reject gpui-component dependencies	2026-10-02T16:44:23.1081157Z ^[[1m^[[92m  Downloaded^[[0m zune-inflate v0.2.54
portable	Reject gpui-component dependencies	2026-10-02T16:44:23.1110401Z ^[[1m^[[92m  Downloaded^[[0m zed-xim v0.4.0-zed
portable	Reject gpui-component dependencies	2026-10-02T16:44:23.1153044Z ^[[1m^[[92m  Downloaded^[[0m usvg v0.46.0
portable	Reject gpui-component dependencies	2026-10-02T16:44:23.1215830Z ^[[1m^[[92m  Downloaded^[[0m unicode-width v0.2.2
portable	Reject gpui-component dependencies	2026-10-02T16:44:23.1282699Z ^[[1m^[[92m  Downloaded^[[0m ttf-parser v0.25.1
portable	Reject gpui-component dependencies	2026-10-02T16:44:23.1393969Z ^[[1m^[[92m  Downloaded^[[0m x11rb-protocol v0.13.2
portable	Reject gpui-component dependencies	2026-10-02T16:44:23.1532263Z ^[[1m^[[92m  Downloaded^[[0m syntect v5.3.0
portable	Reject gpui-component dependencies	2026-10-02T16:44:23.1640083Z ^[[1m^[[92m  Downloaded^[[0m zvariant_utils v4.2.0
portable	Reject gpui-component dependencies	2026-10-02T16:44:23.1666834Z ^[[1m^[[92m  Downloaded^[[0m xcb v1.7.1
portable	Reject gpui-component dependencies	2026-10-02T16:44:23.1763817Z ^[[1m^[[92m  Downloaded^[[0m zune-jpeg v0.5.15
portable	Reject gpui-component dependencies	2026-10-02T16:44:23.1805849Z ^[[1m^[[92m  Downloaded^[[0m zerotrie v0.2.5
portable	Reject gpui-component dependencies	2026-10-02T16:44:23.1855297Z ^[[1m^[[92m  Downloaded^[[0m zerovec v0.11.8
portable	Reject gpui-component dependencies	2026-10-02T16:44:23.1931980Z ^[[1m^[[92m  Downloaded^[[0m zerocopy-derive v0.8.56
portable	Reject gpui-component dependencies	2026-10-02T16:44:23.2038100Z ^[[1m^[[92m  Downloaded^[[0m zvariant v5.15.0
portable	Reject gpui-component dependencies	2026-10-02T16:44:23.2119268Z ^[[1m^[[92m  Downloaded^[[0m wasm-bindgen-macro-support v0.2.127
portable	Reject gpui-component dependencies	2026-10-02T16:44:23.2143433Z ^[[1m^[[92m  Downloaded^[[0m freetype-sys v0.20.1
portable	Reject gpui-component dependencies	2026-10-02T16:44:23.3152210Z ^[[1m^[[92m  Downloaded^[[0m wgpu-types v29.0.4
portable	Reject gpui-component dependencies	2026-10-02T16:44:23.3195082Z ^[[1m^[[92m  Downloaded^[[0m tracing v0.1.44
portable	Reject gpui-component dependencies	2026-10-02T16:44:23.3365098Z ^[[1m^[[92m  Downloaded^[[0m wayland-protocols-plasma v0.3.12
portable	Reject gpui-component dependencies	2026-10-02T16:44:23.3416460Z ^[[1m^[[92m  Downloaded^[[0m wasm-bindgen v0.2.127
portable	Reject gpui-component dependencies	2026-10-02T16:44:23.3447711Z ^[[1m^[[92m  Downloaded^[[0m wgpu v29.0.4
portable	Reject gpui-component dependencies	2026-10-02T16:44:23.3608093Z ^[[1m^[[92m  Downloaded^[[0m wayland-protocols v0.32.13
portable	Reject gpui-component dependencies	2026-10-02T16:44:23.3703142Z ^[[1m^[[92m  Downloaded^[[0m wgpu-hal v29.0.4
portable	Reject gpui-component dependencies	2026-10-02T16:44:23.3821068Z ^[[1m^[[92m  Downloaded^[[0m wayland-backend v0.3.17
portable	Reject gpui-component dependencies	2026-10-02T16:44:23.3865490Z ^[[1m^[[92m  Downloaded^[[0m x11 v2.21.0
portable	Reject gpui-component dependencies	2026-10-02T16:44:23.3901534Z ^[[1m^[[92m  Downloaded^[[0m wayland-client v0.31.15
portable	Reject gpui-component dependencies	2026-10-02T16:44:23.3924965Z ^[[1m^[[92m  Downloaded^[[0m winnow v0.7.15
portable	Reject gpui-component dependencies	2026-10-02T16:44:23.4029342Z ^[[1m^[[92m  Downloaded^[[0m winnow v1.0.4
portable	Reject gpui-component dependencies	2026-10-02T16:44:23.4132545Z ^[[1m^[[92m  Downloaded^[[0m zed-font-kit v0.14.1-zed
portable	Reject gpui-component dependencies	2026-10-02T16:44:23.4173758Z ^[[1m^[[92m  Downloaded^[[0m xkeysym v0.2.1
portable	Reject gpui-component dependencies	2026-10-02T16:44:23.4204295Z ^[[1m^[[92m  Downloaded^[[0m wgpu-core v29.0.4
portable	Reject gpui-component dependencies	2026-10-02T16:44:23.4303331Z ^[[1m^[[92m  Downloaded^[[0m gpui-pre v0.3.7
portable	Reject gpui-component dependencies	2026-10-02T16:44:23.4731895Z ^[[1m^[[92m  Downloaded^[[0m tracing-subscriber v0.3.23
portable	Reject gpui-component dependencies	2026-10-02T16:44:23.4821027Z ^[[1m^[[92m  Downloaded^[[0m zerocopy v0.8.56
portable	Reject gpui-component dependencies	2026-10-02T16:44:23.5045896Z ^[[1m^[[92m  Downloaded^[[0m typenum v1.20.1
portable	Reject gpui-component dependencies	2026-10-02T16:44:23.5082551Z ^[[1m^[[92m  Downloaded^[[0m zvariant_derive v5.15.0
portable	Reject gpui-component dependencies	2026-10-02T16:44:23.5094870Z ^[[1m^[[92m  Downloaded^[[0m x11rb v0.13.2
portable	Reject gpui-component dependencies	2026-10-02T16:44:23.5183230Z ^[[1m^[[92m  Downloaded^[[0m url v2.5.8
portable	Reject gpui-component dependencies	2026-10-02T16:44:23.5211203Z ^[[1m^[[92m  Downloaded^[[0m unicode-segmentation v1.13.3
portable	Reject gpui-component dependencies	2026-10-02T16:44:23.5242082Z ^[[1m^[[92m  Downloaded^[[0m syn v3.0.4
portable	Reject gpui-component dependencies	2026-10-02T16:44:23.5353916Z ^[[1m^[[92m  Downloaded^[[0m taffy v0.13.0
portable	Reject gpui-component dependencies	2026-10-02T16:44:23.5426011Z ^[[1m^[[92m  Downloaded^[[0m zbus_xml v5.2.1
portable	Reject gpui-component dependencies	2026-10-02T16:44:23.5454754Z ^[[1m^[[92m  Downloaded^[[0m zbus_names v4.3.4
portable	Reject gpui-component dependencies	2026-10-02T16:44:23.5471187Z ^[[1m^[[92m  Downloaded^[[0m zbus_macros v5.19.0
portable	Reject gpui-component dependencies	2026-10-02T16:44:23.5488427Z ^[[1m^[[92m  Downloaded^[[0m zbus-lockstep v0.5.2
portable	Reject gpui-component dependencies	2026-10-02T16:44:23.5498666Z ^[[1m^[[92m  Downloaded^[[0m yoke v0.8.3
portable	Reject gpui-component dependencies	2026-10-02T16:44:23.5518436Z ^[[1m^[[92m  Downloaded^[[0m yazi v0.2.1
portable	Reject gpui-component dependencies	2026-10-02T16:44:23.5532865Z ^[[1m^[[92m  Downloaded^[[0m yaml-rust v0.4.5
portable	Reject gpui-component dependencies	2026-10-02T16:44:23.5560538Z ^[[1m^[[92m  Downloaded^[[0m y4m v0.8.0
portable	Reject gpui-component dependencies	2026-10-02T16:44:23.5572759Z ^[[1m^[[92m  Downloaded^[[0m usvg v0.45.1
portable	Reject gpui-component dependencies	2026-10-02T16:44:23.5619310Z ^[[1m^[[92m  Downloaded^[[0m toml_edit v0.25.13+spec-1.1.0
portable	Reject gpui-component dependencies	2026-10-02T16:44:23.5660117Z ^[[1m^[[92m  Downloaded^[[0m toml_edit v0.22.27
portable	Reject gpui-component dependencies	2026-10-02T16:44:23.5706550Z ^[[1m^[[92m  Downloaded^[[0m tiny-skia v0.11.4
portable	Reject gpui-component dependencies	2026-10-02T16:44:23.5850121Z ^[[1m^[[92m  Downloaded^[[0m tiff v0.11.3
portable	Reject gpui-component dependencies	2026-10-02T16:44:23.5895965Z ^[[1m^[[92m  Downloaded^[[0m swash v0.2.10
portable	Reject gpui-component dependencies	2026-10-02T16:44:23.5974487Z ^[[1m^[[92m  Downloaded^[[0m zune-core v0.5.3
portable	Reject gpui-component dependencies	2026-10-02T16:44:23.5999145Z ^[[1m^[[92m  Downloaded^[[0m zcheapstr v1.1.0
portable	Reject gpui-component dependencies	2026-10-02T16:44:23.6017084Z ^[[1m^[[92m  Downloaded^[[0m zbus-lockstep-macros v0.5.2
portable	Reject gpui-component dependencies	2026-10-02T16:44:23.6026469Z ^[[1m^[[92m  Downloaded^[[0m yeslogic-fontconfig-sys v6.0.1
portable	Reject gpui-component dependencies	2026-10-02T16:44:23.6035982Z ^[[1m^[[92m  Downloaded^[[0m weezl v0.1.12
portable	Reject gpui-component dependencies	2026-10-02T16:44:23.6063335Z ^[[1m^[[92m  Downloaded^[[0m wayland-scanner v0.31.11
portable	Reject gpui-component dependencies	2026-10-02T16:44:23.6085569Z ^[[1m^[[92m  Downloaded^[[0m walkdir v2.5.0
portable	Reject gpui-component dependencies	2026-10-02T16:44:23.6105003Z ^[[1m^[[92m  Downloaded^[[0m zbus v5.19.0
portable	Reject gpui-component dependencies	2026-10-02T16:44:23.6209189Z ^[[1m^[[92m  Downloaded^[[0m waker-fn v1.2.0
portable	Reject gpui-component dependencies	2026-10-02T16:44:23.6218476Z ^[[1m^[[92m  Downloaded^[[0m sval v2.21.1
portable	Reject gpui-component dependencies	2026-10-02T16:44:23.6254478Z ^[[1m^[[92m  Downloaded^[[0m zeroize_derive v1.5.0
portable	Reject gpui-component dependencies	2026-10-02T16:44:23.6265102Z ^[[1m^[[92m  Downloaded^[[0m zeroize v1.9.0
portable	Reject gpui-component dependencies	2026-10-02T16:44:23.6281233Z ^[[1m^[[92m  Downloaded^[[0m zerofrom-derive v0.1.7
portable	Reject gpui-component dependencies	2026-10-02T16:44:23.6292132Z ^[[1m^[[92m  Downloaded^[[0m zerofrom v0.1.8
portable	Reject gpui-component dependencies	2026-10-02T16:44:23.6302160Z ^[[1m^[[92m  Downloaded^[[0m zeno v0.3.3
portable	Reject gpui-component dependencies	2026-10-02T16:44:23.6326221Z ^[[1m^[[92m  Downloaded^[[0m writeable v0.6.4
portable	Reject gpui-component dependencies	2026-10-02T16:44:23.6349469Z ^[[1m^[[92m  Downloaded^[[0m wayland-protocols-wlr v0.3.12
portable	Reject gpui-component dependencies	2026-10-02T16:44:23.6372329Z ^[[1m^[[92m  Downloaded^[[0m wayland-cursor v0.31.14
portable	Reject gpui-component dependencies	2026-10-02T16:44:23.6381405Z ^[[1m^[[92m  Downloaded^[[0m wasm-bindgen-shared v0.2.127
portable	Reject gpui-component dependencies	2026-10-02T16:44:23.6392406Z ^[[1m^[[92m  Downloaded^[[0m sysinfo v0.31.4
portable	Reject gpui-component dependencies	2026-10-02T16:44:23.6496390Z ^[[1m^[[92m  Downloaded^[[0m skrifa v0.44.0
portable	Reject gpui-component dependencies	2026-10-02T16:44:23.6596875Z ^[[1m^[[92m  Downloaded^[[0m skrifa v0.40.0
portable	Reject gpui-component dependencies	2026-10-02T16:44:23.6693974Z ^[[1m^[[92m  Downloaded^[[0m rav1e v0.8.1
portable	Reject gpui-component dependencies	2026-10-02T16:44:23.7042481Z ^[[1m^[[92m  Downloaded^[[0m yoke-derive v0.8.2
portable	Reject gpui-component dependencies	2026-10-02T16:44:23.7054909Z ^[[1m^[[92m  Downloaded^[[0m xmlwriter v0.1.0
portable	Reject gpui-component dependencies	2026-10-02T16:44:23.7066264Z ^[[1m^[[92m  Downloaded^[[0m wasm-bindgen-macro v0.2.127
portable	Reject gpui-component dependencies	2026-10-02T16:44:23.7076432Z ^[[1m^[[92m  Downloaded^[[0m value-bag-sval2 v1.13.2
portable	Reject gpui-component dependencies	2026-10-02T16:44:23.7084748Z ^[[1m^[[92m  Downloaded^[[0m syn v2.0.119
portable	Reject gpui-component dependencies	2026-10-02T16:44:23.7197745Z ^[[1m^[[92m  Downloaded^[[0m smol v2.0.2
portable	Reject gpui-component dependencies	2026-10-02T16:44:23.7238076Z ^[[1m^[[92m  Downloaded^[[0m encoding_rs v0.8.35
portable	Reject gpui-component dependencies	2026-10-02T16:44:23.7446827Z ^[[1m^[[92m  Downloaded^[[0m xim-parser v0.2.2
portable	Reject gpui-component dependencies	2026-10-02T16:44:23.7458551Z ^[[1m^[[92m  Downloaded^[[0m xim-ctext v0.3.0
portable	Reject gpui-component dependencies	2026-10-02T16:44:23.7467064Z ^[[1m^[[92m  Downloaded^[[0m xcursor v0.3.11
portable	Reject gpui-component dependencies	2026-10-02T16:44:23.7476803Z ^[[1m^[[92m  Downloaded^[[0m x11-clipboard v0.9.3
portable	Reject gpui-component dependencies	2026-10-02T16:44:23.7493096Z ^[[1m^[[92m  Downloaded^[[0m wgpu-naga-bridge v29.0.4
portable	Reject gpui-component dependencies	2026-10-02T16:44:23.7501898Z ^[[1m^[[92m  Downloaded^[[0m wgpu-core-deps-windows-linux-android v29.0.4
portable	Reject gpui-component dependencies	2026-10-02T16:44:23.7511685Z ^[[1m^[[92m  Downloaded^[[0m web-time v1.1.0
portable	Reject gpui-component dependencies	2026-10-02T16:44:23.7530441Z ^[[1m^[[92m  Downloaded^[[0m version_check v0.9.5
portable	Reject gpui-component dependencies	2026-10-02T16:44:23.7544085Z ^[[1m^[[92m  Downloaded^[[0m value-bag v1.13.2
portable	Reject gpui-component dependencies	2026-10-02T16:44:23.7574296Z ^[[1m^[[92m  Downloaded^[[0m similar v3.2.0
portable	Reject gpui-component dependencies	2026-10-02T16:44:23.7613179Z ^[[1m^[[92m  Downloaded^[[0m serde_json v1.0.151
portable	Reject gpui-component dependencies	2026-10-02T16:44:23.7692346Z ^[[1m^[[92m  Downloaded^[[0m v_frame v0.3.9
portable	Reject gpui-component dependencies	2026-10-02T16:44:23.7709652Z ^[[1m^[[92m  Downloaded^[[0m utf8parse v0.2.2
portable	Reject gpui-component dependencies	2026-10-02T16:44:23.7720436Z ^[[1m^[[92m  Downloaded^[[0m utf8_iter v1.0.4
portable	Reject gpui-component dependencies	2026-10-02T16:44:23.7731665Z ^[[1m^[[92m  Downloaded^[[0m unicode-xid v0.2.6
portable	Reject gpui-component dependencies	2026-10-02T16:44:23.7746784Z ^[[1m^[[92m  Downloaded^[[0m unicode-vo v0.1.0
portable	Reject gpui-component dependencies	2026-10-02T16:44:23.7756665Z ^[[1m^[[92m  Downloaded^[[0m unicode-script v0.5.8
portable	Reject gpui-component dependencies	2026-10-02T16:44:23.7775205Z ^[[1m^[[92m  Downloaded^[[0m unicode-properties v0.1.4
portable	Reject gpui-component dependencies	2026-10-02T16:44:23.7795322Z ^[[1m^[[92m  Downloaded^[[0m toml_writer v1.1.2+spec-1.1.0
portable	Reject gpui-component dependencies	2026-10-02T16:44:23.7810293Z ^[[1m^[[92m  Downloaded^[[0m toml_datetime v1.1.1+spec-1.1.0
portable	Reject gpui-component dependencies	2026-10-02T16:44:23.7823711Z ^[[1m^[[92m  Downloaded^[[0m toml_datetime v0.6.11
portable	Reject gpui-component dependencies	2026-10-02T16:44:23.7835485Z ^[[1m^[[92m  Downloaded^[[0m tinyvec_macros v0.1.1
portable	Reject gpui-component dependencies	2026-10-02T16:44:23.7844697Z ^[[1m^[[92m  Downloaded^[[0m tinyvec v1.12.0
portable	Reject gpui-component dependencies	2026-10-02T16:44:23.7872981Z ^[[1m^[[92m  Downloaded^[[0m tinystr v0.8.4
portable	Reject gpui-component dependencies	2026-10-02T16:44:23.7895209Z ^[[1m^[[92m  Downloaded^[[0m tiny-skia-path v0.11.4
portable	Reject gpui-component dependencies	2026-10-02T16:44:23.7915010Z ^[[1m^[[92m  Downloaded^[[0m thread_local v1.1.10
portable	Reject gpui-component dependencies	2026-10-02T16:44:23.7930115Z ^[[1m^[[92m  Downloaded^[[0m thiserror v2.0.20
portable	Reject gpui-component dependencies	2026-10-02T16:44:23.7999349Z ^[[1m^[[92m  Downloaded^[[0m serde v1.0.229
portable	Reject gpui-component dependencies	2026-10-02T16:44:23.8035836Z ^[[1m^[[92m  Downloaded^[[0m rustix v1.1.4
portable	Reject gpui-component dependencies	2026-10-02T16:44:23.8323551Z ^[[1m^[[92m  Downloaded^[[0m regex-automata v0.4.18
portable	Reject gpui-component dependencies	2026-10-02T16:44:23.8474414Z ^[[1m^[[92m  Downloaded^[[0m read-fonts v0.37.0
portable	Reject gpui-component dependencies	2026-10-02T16:44:23.8638766Z ^[[1m^[[92m  Downloaded^[[0m naga v29.0.4
portable	Reject gpui-component dependencies	2026-10-02T16:44:23.8857869Z ^[[1m^[[92m  Downloaded^[[0m uuid v1.26.0
portable	Reject gpui-component dependencies	2026-10-02T16:44:23.8891073Z ^[[1m^[[92m  Downloaded^[[0m unicode-linebreak v0.1.5
portable	Reject gpui-component dependencies	2026-10-02T16:44:23.8901242Z ^[[1m^[[92m  Downloaded^[[0m unicode-ident v1.0.24
portable	Reject gpui-component dependencies	2026-10-02T16:44:23.8931197Z ^[[1m^[[92m  Downloaded^[[0m unicode-ccc v0.4.0
portable	Reject gpui-component dependencies	2026-10-02T16:44:23.8941091Z ^[[1m^[[92m  Downloaded^[[0m typeid v1.0.3
portable	Reject gpui-component dependencies	2026-10-02T16:44:23.8954395Z ^[[1m^[[92m  Downloaded^[[0m tracing-log v0.2.0
portable	Reject gpui-component dependencies	2026-10-02T16:44:23.8968793Z ^[[1m^[[92m  Downloaded^[[0m tracing-core v0.1.36
portable	Reject gpui-component dependencies	2026-10-02T16:44:23.8998176Z ^[[1m^[[92m  Downloaded^[[0m tracing-attributes v0.1.31
portable	Reject gpui-component dependencies	2026-10-02T16:44:23.9026382Z ^[[1m^[[92m  Downloaded^[[0m thiserror-impl v2.0.20
portable	Reject gpui-component dependencies	2026-10-02T16:44:23.9042035Z ^[[1m^[[92m  Downloaded^[[0m thiserror v1.0.69
portable	Reject gpui-component dependencies	2026-10-02T16:44:23.9103220Z ^[[1m^[[92m  Downloaded^[[0m thin-vec v0.2.19
portable	Reject gpui-component dependencies	2026-10-02T16:44:23.9119420Z ^[[1m^[[92m  Downloaded^[[0m rayon-core v1.13.0
portable	Reject gpui-component dependencies	2026-10-02T16:44:23.9159302Z ^[[1m^[[92m  Downloaded^[[0m unicode-bidi v0.3.18
portable	Reject gpui-component dependencies	2026-10-02T16:44:23.9185195Z ^[[1m^[[92m  Downloaded^[[0m toml_write v0.1.2
portable	Reject gpui-component dependencies	2026-10-02T16:44:23.9198780Z ^[[1m^[[92m  Downloaded^[[0m toml_parser v1.1.3+spec-1.1.0
portable	Reject gpui-component dependencies	2026-10-02T16:44:23.9223232Z ^[[1m^[[92m  Downloaded^[[0m toml v1.1.4+spec-1.1.0
portable	Reject gpui-component dependencies	2026-10-02T16:44:23.9266482Z ^[[1m^[[92m  Downloaded^[[0m toml v0.8.23
portable	Reject gpui-component dependencies	2026-10-02T16:44:23.9291415Z ^[[1m^[[92m  Downloaded^[[0m tiny-keccak v2.0.2
portable	Reject gpui-component dependencies	2026-10-02T16:44:23.9318227Z ^[[1m^[[92m  Downloaded^[[0m thiserror-impl v1.0.69
portable	Reject gpui-component dependencies	2026-10-02T16:44:23.9332428Z ^[[1m^[[92m  Downloaded^[[0m sval_buffer v2.21.1
portable	Reject gpui-component dependencies	2026-10-02T16:44:23.9353714Z ^[[1m^[[92m  Downloaded^[[0m subtle v2.6.1
portable	Reject gpui-component dependencies	2026-10-02T16:44:23.9366403Z ^[[1m^[[92m  Downloaded^[[0m strum v0.28.0
portable	Reject gpui-component dependencies	2026-10-02T16:44:23.9375999Z ^[[1m^[[92m  Downloaded^[[0m smallvec v1.15.2
portable	Reject gpui-component dependencies	2026-10-02T16:44:23.9391570Z ^[[1m^[[92m  Downloaded^[[0m rhai v1.26.0
portable	Reject gpui-component dependencies	2026-10-02T16:44:23.9548408Z ^[[1m^[[92m  Downloaded^[[0m regex v1.13.1
portable	Reject gpui-component dependencies	2026-10-02T16:44:23.9605601Z ^[[1m^[[92m  Downloaded^[[0m read-fonts v0.41.0
portable	Reject gpui-component dependencies	2026-10-02T16:44:23.9806931Z ^[[1m^[[92m  Downloaded^[[0m rayon v1.12.0
portable	Reject gpui-component dependencies	2026-10-02T16:44:23.9908534Z ^[[1m^[[92m  Downloaded^[[0m pxfm v0.1.30
portable	Reject gpui-component dependencies	2026-10-02T16:44:24.0174156Z ^[[1m^[[92m  Downloaded^[[0m postage v0.5.0
portable	Reject gpui-component dependencies	2026-10-02T16:44:24.0273128Z ^[[1m^[[92m  Downloaded^[[0m tempfile v3.27.0
portable	Reject gpui-component dependencies	2026-10-02T16:44:24.0300561Z ^[[1m^[[92m  Downloaded^[[0m sys-locale v0.3.2
portable	Reject gpui-component dependencies	2026-10-02T16:44:24.0314855Z ^[[1m^[[92m  Downloaded^[[0m synstructure v0.13.2
portable	Reject gpui-component dependencies	2026-10-02T16:44:24.0326249Z ^[[1m^[[92m  Downloaded^[[0m svgtypes v0.16.1
portable	Reject gpui-component dependencies	2026-10-02T16:44:24.0352727Z ^[[1m^[[92m  Downloaded^[[0m svgtypes v0.15.3
portable	Reject gpui-component dependencies	2026-10-02T16:44:24.0377940Z ^[[1m^[[92m  Downloaded^[[0m svg_fmt v0.4.5
portable	Reject gpui-component dependencies	2026-10-02T16:44:24.0387792Z ^[[1m^[[92m  Downloaded^[[0m sval_serde v2.21.1
portable	Reject gpui-component dependencies	2026-10-02T16:44:24.0398796Z ^[[1m^[[92m  Downloaded^[[0m sval_nested v2.21.1
portable	Reject gpui-component dependencies	2026-10-02T16:44:24.0412904Z ^[[1m^[[92m  Downloaded^[[0m sval_fmt v2.21.1
portable	Reject gpui-component dependencies	2026-10-02T16:44:24.0426670Z ^[[1m^[[92m  Downloaded^[[0m sval_dynamic v2.21.1
portable	Reject gpui-component dependencies	2026-10-02T16:44:24.0437133Z ^[[1m^[[92m  Downloaded^[[0m strum_macros v0.28.0
portable	Reject gpui-component dependencies	2026-10-02T16:44:24.0462983Z ^[[1m^[[92m  Downloaded^[[0m strsim v0.11.1
portable	Reject gpui-component dependencies	2026-10-02T16:44:24.0477397Z ^[[1m^[[92m  Downloaded^[[0m strict-num v0.1.1
portable	Reject gpui-component dependencies	2026-10-02T16:44:24.0488352Z ^[[1m^[[92m  Downloaded^[[0m smartstring v1.0.1
portable	Reject gpui-component dependencies	2026-10-02T16:44:24.0511553Z ^[[1m^[[92m  Downloaded^[[0m slab v0.4.12
portable	Reject gpui-component dependencies	2026-10-02T16:44:24.0525402Z ^[[1m^[[92m  Downloaded^[[0m siphasher v1.0.3
portable	Reject gpui-component dependencies	2026-10-02T16:44:24.0540450Z ^[[1m^[[92m  Downloaded^[[0m simplecss v0.2.2
portable	Reject gpui-component dependencies	2026-10-02T16:44:24.0560727Z ^[[1m^[[92m  Downloaded^[[0m simd_helpers v0.1.0
portable	Reject gpui-component dependencies	2026-10-02T16:44:24.0569593Z ^[[1m^[[92m  Downloaded^[[0m sha2 v0.10.9
portable	Reject gpui-component dependencies	2026-10-02T16:44:24.0597697Z ^[[1m^[[92m  Downloaded^[[0m serde_urlencoded v0.7.1
portable	Reject gpui-component dependencies	2026-10-02T16:44:24.0616548Z ^[[1m^[[92m  Downloaded^[[0m semver v1.0.28
portable	Reject gpui-component dependencies	2026-10-02T16:44:24.0643180Z ^[[1m^[[92m  Downloaded^[[0m scoped-tls v1.0.1
portable	Reject gpui-component dependencies	2026-10-02T16:44:24.0653914Z ^[[1m^[[92m  Downloaded^[[0m schemars v1.2.2
portable	Reject gpui-component dependencies	2026-10-02T16:44:24.0843368Z ^[[1m^[[92m  Downloaded^[[0m rustybuzz v0.20.1
portable	Reject gpui-component dependencies	2026-10-02T16:44:24.0948556Z ^[[1m^[[92m  Downloaded^[[0m regex-syntax v0.8.11
portable	Reject gpui-component dependencies	2026-10-02T16:44:24.1021190Z ^[[1m^[[92m  Downloaded^[[0m rand v0.9.5
portable	Reject gpui-component dependencies	2026-10-02T16:44:24.1062000Z ^[[1m^[[92m  Downloaded^[[0m quick-xml v0.41.0
portable	Reject gpui-component dependencies	2026-10-02T16:44:24.1125559Z ^[[1m^[[92m  Downloaded^[[0m qoi v0.4.1
portable	Reject gpui-component dependencies	2026-10-02T16:44:24.1156661Z ^[[1m^[[92m  Downloaded^[[0m png v0.17.16
portable	Reject gpui-component dependencies	2026-10-02T16:44:24.1197893Z ^[[1m^[[92m  Downloaded^[[0m num-bigint-dig v0.9.1
portable	Reject gpui-component dependencies	2026-10-02T16:44:24.1246298Z ^[[1m^[[92m  Downloaded^[[0m num-bigint v0.4.8
portable	Reject gpui-component dependencies	2026-10-02T16:44:24.1297064Z ^[[1m^[[92m  Downloaded^[[0m notify-rust v4.18.0
portable	Reject gpui-component dependencies	2026-10-02T16:44:24.1331833Z ^[[1m^[[92m  Downloaded^[[0m linux-raw-sys v0.12.1
portable	Reject gpui-component dependencies	2026-10-02T16:44:24.1994338Z ^[[1m^[[92m  Downloaded^[[0m harfrust v0.5.2
portable	Reject gpui-component dependencies	2026-10-02T16:44:24.2082174Z ^[[1m^[[92m  Downloaded^[[0m gimli v0.32.3
portable	Reject gpui-component dependencies	2026-10-02T16:44:24.2155759Z ^[[1m^[[92m  Downloaded^[[0m exr v1.74.2
portable	Reject gpui-component dependencies	2026-10-02T16:44:24.2268594Z ^[[1m^[[92m  Downloaded^[[0m sval_json v2.21.1
portable	Reject gpui-component dependencies	2026-10-02T16:44:24.2282559Z ^[[1m^[[92m  Downloaded^[[0m slotmap v1.1.1
portable	Reject gpui-component dependencies	2026-10-02T16:44:24.2305295Z ^[[1m^[[92m  Downloaded^[[0m sharded-slab v0.1.7
portable	Reject gpui-component dependencies	2026-10-02T16:44:24.2341564Z ^[[1m^[[92m  Downloaded^[[0m sha1_smol v1.0.1
portable	Reject gpui-component dependencies	2026-10-02T16:44:24.2356598Z ^[[1m^[[92m  Downloaded^[[0m serde_fmt v1.1.0
portable	Reject gpui-component dependencies	2026-10-02T16:44:24.2367229Z ^[[1m^[[92m  Downloaded^[[0m serde_core v1.0.229
portable	Reject gpui-component dependencies	2026-10-02T16:44:24.2396270Z ^[[1m^[[92m  Downloaded^[[0m self_cell v1.3.0
portable	Reject gpui-component dependencies	2026-10-02T16:44:24.2408958Z ^[[1m^[[92m  Downloaded^[[0m seahash v4.1.0
portable	Reject gpui-component dependencies	2026-10-02T16:44:24.2426389Z ^[[1m^[[92m  Downloaded^[[0m schemars_derive v1.2.2
portable	Reject gpui-component dependencies	2026-10-02T16:44:24.2447120Z ^[[1m^[[92m  Downloaded^[[0m rustc-hash v2.1.3
portable	Reject gpui-component dependencies	2026-10-02T16:44:24.2461365Z ^[[1m^[[92m  Downloaded^[[0m rustc-hash v1.1.0
portable	Reject gpui-component dependencies	2026-10-02T16:44:24.2471339Z ^[[1m^[[92m  Downloaded^[[0m roxmltree v0.21.1
portable	Reject gpui-component dependencies	2026-10-02T16:44:24.2613588Z ^[[1m^[[92m  Downloaded^[[0m ref-cast v1.0.27
portable	Reject gpui-component dependencies	2026-10-02T16:44:24.2645518Z ^[[1m^[[92m  Downloaded^[[0m raw-cpuid v11.6.0
portable	Reject gpui-component dependencies	2026-10-02T16:44:24.2682003Z ^[[1m^[[92m  Downloaded^[[0m pulp v0.22.3
portable	Reject gpui-component dependencies	2026-10-02T16:44:24.2735271Z ^[[1m^[[92m  Downloaded^[[0m portable-atomic v1.15.0
portable	Reject gpui-component dependencies	2026-10-02T16:44:24.2814038Z ^[[1m^[[92m  Downloaded^[[0m oo7 v0.6.0
portable	Reject gpui-component dependencies	2026-10-02T16:44:24.2862411Z ^[[1m^[[92m  Downloaded^[[0m nom v8.0.0
portable	Reject gpui-component dependencies	2026-10-02T16:44:24.2919845Z ^[[1m^[[92m  Downloaded^[[0m lyon_tessellation v1.0.20
portable	Reject gpui-component dependencies	2026-10-02T16:44:24.2957141Z ^[[1m^[[92m  Downloaded^[[0m hashbrown v0.15.5
portable	Reject gpui-component dependencies	2026-10-02T16:44:24.3009376Z ^[[1m^[[92m  Downloaded^[[0m hashbrown v0.14.5
portable	Reject gpui-component dependencies	2026-10-02T16:44:24.3059697Z ^[[1m^[[92m  Downloaded^[[0m gpui-pre-linux v0.3.7
portable	Reject gpui-component dependencies	2026-10-02T16:44:24.3106941Z ^[[1m^[[92m  Downloaded^[[0m glow v0.17.0
portable	Reject gpui-component dependencies	2026-10-02T16:44:24.3155094Z ^[[1m^[[92m  Downloaded^[[0m futures-util v0.3.34
portable	Reject gpui-component dependencies	2026-10-02T16:44:24.3299489Z ^[[1m^[[92m  Downloaded^[[0m cosmic-text v0.19.0
portable	Reject gpui-component dependencies	2026-10-02T16:44:24.3629783Z ^[[1m^[[92m  Downloaded^[[0m stable_deref_trait v1.2.1
portable	Reject gpui-component dependencies	2026-10-02T16:44:24.3639238Z ^[[1m^[[92m  Downloaded^[[0m spirv v0.4.0+sdk-1.4.341.0
portable	Reject gpui-component dependencies	2026-10-02T16:44:24.3652547Z ^[[1m^[[92m  Downloaded^[[0m spin v0.10.1
portable	Reject gpui-component dependencies	2026-10-02T16:44:24.3677994Z ^[[1m^[[92m  Downloaded^[[0m spin v0.9.9
portable	Reject gpui-component dependencies	2026-10-02T16:44:24.3703011Z ^[[1m^[[92m  Downloaded^[[0m smol_str v0.3.6
portable	Reject gpui-component dependencies	2026-10-02T16:44:24.3720434Z ^[[1m^[[92m  Downloaded^[[0m serde_spanned v1.1.1
portable	Reject gpui-component dependencies	2026-10-02T16:44:24.3732763Z ^[[1m^[[92m  Downloaded^[[0m serde_derive_internals v0.30.0
portable	Reject gpui-component dependencies	2026-10-02T16:44:24.3749639Z ^[[1m^[[92m  Downloaded^[[0m ryu v1.0.23
portable	Reject gpui-component dependencies	2026-10-02T16:44:24.3784779Z ^[[1m^[[92m  Downloaded^[[0m rustc-demangle v0.1.28
portable	Reject gpui-component dependencies	2026-10-02T16:44:24.3802828Z ^[[1m^[[92m  Downloaded^[[0m roxmltree v0.20.0
portable	Reject gpui-component dependencies	2026-10-02T16:44:24.3938879Z ^[[1m^[[92m  Downloaded^[[0m resvg v0.46.0
portable	Reject gpui-component dependencies	2026-10-02T16:44:24.3969357Z ^[[1m^[[92m  Downloaded^[[0m resvg v0.45.1
portable	Reject gpui-component dependencies	2026-10-02T16:44:24.3999773Z ^[[1m^[[92m  Downloaded^[[0m ref-cast-impl v1.0.27
portable	Reject gpui-component dependencies	2026-10-02T16:44:24.4008858Z ^[[1m^[[92m  Downloaded^[[0m rangemap v1.8.0
portable	Reject gpui-component dependencies	2026-10-02T16:44:24.4033373Z ^[[1m^[[92m  Downloaded^[[0m rand_chacha v0.9.0
portable	Reject gpui-component dependencies	2026-10-02T16:44:24.4046441Z ^[[1m^[[92m  Downloaded^[[0m quote v1.0.47
portable	Reject gpui-component dependencies	2026-10-02T16:44:24.4075688Z ^[[1m^[[92m  Downloaded^[[0m phf_macros v0.13.1
portable	Reject gpui-component dependencies	2026-10-02T16:44:24.4087080Z ^[[1m^[[92m  Downloaded^[[0m object v0.37.3
portable	Reject gpui-component dependencies	2026-10-02T16:44:24.4202613Z ^[[1m^[[92m  Downloaded^[[0m jiff-core v0.1.0
portable	Reject gpui-component dependencies	2026-10-02T16:44:24.4240480Z ^[[1m^[[92m  Downloaded^[[0m icu_properties v2.3.0
portable	Reject gpui-component dependencies	2026-10-02T16:44:24.4274089Z ^[[1m^[[92m  Downloaded^[[0m hashbrown v0.16.1
portable	Reject gpui-component dependencies	2026-10-02T16:44:24.4328542Z ^[[1m^[[92m  Downloaded^[[0m gpui-pre-wgpu v0.3.7
portable	Reject gpui-component dependencies	2026-10-02T16:44:24.4354520Z ^[[1m^[[92m  Downloaded^[[0m futures-concurrency v7.7.1
portable	Reject gpui-component dependencies	2026-10-02T16:44:24.4444076Z ^[[1m^[[92m  Downloaded^[[0m fontdb v0.23.0
portable	Reject gpui-component dependencies	2026-10-02T16:44:24.4469440Z ^[[1m^[[92m  Downloaded^[[0m fancy-regex v0.16.2
portable	Reject gpui-component dependencies	2026-10-02T16:44:24.4508580Z ^[[1m^[[92m  Downloaded^[[0m derive_more v2.1.1
portable	Reject gpui-component dependencies	2026-10-02T16:44:24.4645428Z ^[[1m^[[92m  Downloaded^[[0m signal-hook-registry v1.4.8
portable	Reject gpui-component dependencies	2026-10-02T16:44:24.4658529Z ^[[1m^[[92m  Downloaded^[[0m shlex v2.0.1
portable	Reject gpui-component dependencies	2026-10-02T16:44:24.4672706Z ^[[1m^[[92m  Downloaded^[[0m serde_derive v1.0.229
portable	Reject gpui-component dependencies	2026-10-02T16:44:24.4706426Z ^[[1m^[[92m  Downloaded^[[0m serde_bytes v0.11.19
portable	Reject gpui-component dependencies	2026-10-02T16:44:24.4724211Z ^[[1m^[[92m  Downloaded^[[0m scopeguard v1.2.0
portable	Reject gpui-component dependencies	2026-10-02T16:44:24.4737790Z ^[[1m^[[92m  Downloaded^[[0m rustversion v1.0.23
portable	Reject gpui-component dependencies	2026-10-02T16:44:24.4768252Z ^[[1m^[[92m  Downloaded^[[0m rhai_codegen v3.2.0
portable	Reject gpui-component dependencies	2026-10-02T16:44:24.4865363Z ^[[1m^[[92m  Downloaded^[[0m rgb v0.8.53
portable	Reject gpui-component dependencies	2026-10-02T16:44:24.4891547Z ^[[1m^[[92m  Downloaded^[[0m reborrow v0.5.5
portable	Reject gpui-component dependencies	2026-10-02T16:44:24.4899771Z ^[[1m^[[92m  Downloaded^[[0m raw-window-handle v0.6.2
portable	Reject gpui-component dependencies	2026-10-02T16:44:24.4918985Z ^[[1m^[[92m  Downloaded^[[0m ravif v0.13.0
portable	Reject gpui-component dependencies	2026-10-02T16:44:24.4931400Z ^[[1m^[[92m  Downloaded^[[0m rand_core v0.9.5
portable	Reject gpui-component dependencies	2026-10-02T16:44:24.4945793Z ^[[1m^[[92m  Downloaded^[[0m rand_core v0.6.4
portable	Reject gpui-component dependencies	2026-10-02T16:44:24.4960253Z ^[[1m^[[92m  Downloaded^[[0m rand v0.8.8
portable	Reject gpui-component dependencies	2026-10-02T16:44:24.4995888Z ^[[1m^[[92m  Downloaded^[[0m quick-error v2.0.1
portable	Reject gpui-component dependencies	2026-10-02T16:44:24.5010215Z ^[[1m^[[92m  Downloaded^[[0m proc-macro2 v1.0.107
portable	Reject gpui-component dependencies	2026-10-02T16:44:24.5041381Z ^[[1m^[[92m  Downloaded^[[0m presser v0.3.1
portable	Reject gpui-component dependencies	2026-10-02T16:44:24.5059687Z ^[[1m^[[92m  Downloaded^[[0m ppv-lite86 v0.2.21
portable	Reject gpui-component dependencies	2026-10-02T16:44:24.5073441Z ^[[1m^[[92m  Downloaded^[[0m polycool v0.4.0
portable	Reject gpui-component dependencies	2026-10-02T16:44:24.5090730Z ^[[1m^[[92m  Downloaded^[[0m png v0.18.1
portable	Reject gpui-component dependencies	2026-10-02T16:44:24.5135175Z ^[[1m^[[92m  Downloaded^[[0m pkg-config v0.3.34
portable	Reject gpui-component dependencies	2026-10-02T16:44:24.5151535Z ^[[1m^[[92m  Downloaded^[[0m pin-project v1.1.13
portable	Reject gpui-component dependencies	2026-10-02T16:44:24.5294713Z ^[[1m^[[92m  Downloaded^[[0m phf v0.13.1
portable	Reject gpui-component dependencies	2026-10-02T16:44:24.5308137Z ^[[1m^[[92m  Downloaded^[[0m paste v1.0.15
portable	Reject gpui-component dependencies	2026-10-02T16:44:24.5342448Z ^[[1m^[[92m  Downloaded^[[0m parking_lot_core v0.9.12
portable	Reject gpui-component dependencies	2026-10-02T16:44:24.5365096Z ^[[1m^[[92m  Downloaded^[[0m parking_lot v0.12.5
portable	Reject gpui-component dependencies	2026-10-02T16:44:24.5391482Z ^[[1m^[[92m  Downloaded^[[0m once_cell v1.21.4
portable	Reject gpui-component dependencies	2026-10-02T16:44:24.5418390Z ^[[1m^[[92m  Downloaded^[[0m nu-ansi-term v0.50.3
portable	Reject gpui-component dependencies	2026-10-02T16:44:24.5443725Z ^[[1m^[[92m  Downloaded^[[0m no_std_io2 v0.9.4
portable	Reject gpui-component dependencies	2026-10-02T16:44:24.5464893Z ^[[1m^[[92m  Downloaded^[[0m moxcms v0.8.1
portable	Reject gpui-component dependencies	2026-10-02T16:44:24.5572814Z ^[[1m^[[92m  Downloaded^[[0m lyon_path v1.0.19
portable	Reject gpui-component dependencies	2026-10-02T16:44:24.5589448Z ^[[1m^[[92m  Downloaded^[[0m lyon_geom v1.0.19
portable	Reject gpui-component dependencies	2026-10-02T16:44:24.5608109Z ^[[1m^[[92m  Downloaded^[[0m image-webp v0.2.4
portable	Reject gpui-component dependencies	2026-10-02T16:44:24.5631731Z ^[[1m^[[92m  Downloaded^[[0m icu_collections v2.3.0
portable	Reject gpui-component dependencies	2026-10-02T16:44:24.5697961Z ^[[1m^[[92m  Downloaded^[[0m gpu-allocator v0.28.0
portable	Reject gpui-component dependencies	2026-10-02T16:44:24.5728087Z ^[[1m^[[92m  Downloaded^[[0m getrandom v0.3.4
portable	Reject gpui-component dependencies	2026-10-02T16:44:24.5764316Z ^[[1m^[[92m  Downloaded^[[0m futures-lite v2.6.1
portable	Reject gpui-component dependencies	2026-10-02T16:44:24.5782772Z ^[[1m^[[92m  Downloaded^[[0m futures v0.3.34
portable	Reject gpui-component dependencies	2026-10-02T16:44:24.5835579Z ^[[1m^[[92m  Downloaded^[[0m flume v0.12.0
portable	Reject gpui-component dependencies	2026-10-02T16:44:24.5871751Z ^[[1m^[[92m  Downloaded^[[0m flate2 v1.1.9
portable	Reject gpui-component dependencies	2026-10-02T16:44:24.5924250Z ^[[1m^[[92m  Downloaded^[[0m euclid v0.22.14
portable	Reject gpui-component dependencies	2026-10-02T16:44:24.5959081Z ^[[1m^[[92m  Downloaded^[[0m derive_more-impl v2.1.1
portable	Reject gpui-component dependencies	2026-10-02T16:44:24.6015398Z ^[[1m^[[92m  Downloaded^[[0m serde_repr v0.1.21
portable	Reject gpui-component dependencies	2026-10-02T16:44:24.6037511Z ^[[1m^[[92m  Downloaded^[[0m same-file v1.0.6
portable	Reject gpui-component dependencies	2026-10-02T16:44:24.6052337Z ^[[1m^[[92m  Downloaded^[[0m rustc_version v0.4.1
portable	Reject gpui-component dependencies	2026-10-02T16:44:24.6066409Z ^[[1m^[[92m  Downloaded^[[0m renderdoc-sys v1.1.0
portable	Reject gpui-component dependencies	2026-10-02T16:44:24.6076880Z ^[[1m^[[92m  Downloaded^[[0m rand_chacha v0.3.1
portable	Reject gpui-component dependencies	2026-10-02T16:44:24.6088657Z ^[[1m^[[92m  Downloaded^[[0m pulp-wasm-simd-flag v0.1.1
portable	Reject gpui-component dependencies	2026-10-02T16:44:24.6095983Z ^[[1m^[[92m  Downloaded^[[0m pollster v0.4.0
portable	Reject gpui-component dependencies	2026-10-02T16:44:24.6109686Z ^[[1m^[[92m  Downloaded^[[0m pollster v0.2.5
portable	Reject gpui-component dependencies	2026-10-02T16:44:24.6122173Z ^[[1m^[[92m  Downloaded^[[0m polling v3.11.0
portable	Reject gpui-component dependencies	2026-10-02T16:44:24.6154314Z ^[[1m^[[92m  Downloaded^[[0m piper v0.2.5
portable	Reject gpui-component dependencies	2026-10-02T16:44:24.6171676Z ^[[1m^[[92m  Downloaded^[[0m pin-project-internal v1.1.13
portable	Reject gpui-component dependencies	2026-10-02T16:44:24.6188861Z ^[[1m^[[92m  Downloaded^[[0m phf_shared v0.13.1
portable	Reject gpui-component dependencies	2026-10-02T16:44:24.6199030Z ^[[1m^[[92m  Downloaded^[[0m phf_generator v0.13.1
portable	Reject gpui-component dependencies	2026-10-02T16:44:24.6211341Z ^[[1m^[[92m  Downloaded^[[0m percent-encoding v2.3.2
portable	Reject gpui-component dependencies	2026-10-02T16:44:24.6220743Z ^[[1m^[[92m  Downloaded^[[0m pbkdf2 v0.12.2
portable	Reject gpui-component dependencies	2026-10-02T16:44:24.6235158Z ^[[1m^[[92m  Downloaded^[[0m pathfinder_simd v0.5.6
portable	Reject gpui-component dependencies	2026-10-02T16:44:24.6255449Z ^[[1m^[[92m  Downloaded^[[0m ordered-float v5.5.0
portable	Reject gpui-component dependencies	2026-10-02T16:44:24.6273645Z ^[[1m^[[92m  Downloaded^[[0m option-ext v0.2.0
portable	Reject gpui-component dependencies	2026-10-02T16:44:24.6282818Z ^[[1m^[[92m  Downloaded^[[0m num_cpus v1.17.0
portable	Reject gpui-component dependencies	2026-10-02T16:44:24.6316669Z ^[[1m^[[92m  Downloaded^[[0m num-traits v0.2.19
portable	Reject gpui-component dependencies	2026-10-02T16:44:24.6344371Z ^[[1m^[[92m  Downloaded^[[0m num-integer v0.1.47
portable	Reject gpui-component dependencies	2026-10-02T16:44:24.6361334Z ^[[1m^[[92m  Downloaded^[[0m num v0.4.3
portable	Reject gpui-component dependencies	2026-10-02T16:44:24.6371894Z ^[[1m^[[92m  Downloaded^[[0m noop_proc_macro v0.3.0
portable	Reject gpui-component dependencies	2026-10-02T16:44:24.6381619Z ^[[1m^[[92m  Downloaded^[[0m memchr v2.8.3
portable	Reject gpui-component dependencies	2026-10-02T16:44:24.6440979Z ^[[1m^[[92m  Downloaded^[[0m zed-scap v0.0.8-zed
portable	Reject gpui-component dependencies	2026-10-02T16:44:24.6594030Z ^[[1m^[[92m  Downloaded^[[0m link-section v0.19.3
portable	Reject gpui-component dependencies	2026-10-02T16:44:24.6642871Z ^[[1m^[[92m  Downloaded^[[0m libc v0.2.189
portable	Reject gpui-component dependencies	2026-10-02T16:44:24.7106741Z ^[[1m^[[92m  Downloaded^[[0m khronos-egl v6.0.0
portable	Reject gpui-component dependencies	2026-10-02T16:44:24.7126367Z ^[[1m^[[92m  Downloaded^[[0m gpui-pre-platform v0.3.7
portable	Reject gpui-component dependencies	2026-10-02T16:44:24.7142079Z ^[[1m^[[92m  Downloaded^[[0m gpui-pre-http-client v0.3.7
portable	Reject gpui-component dependencies	2026-10-02T16:44:24.7153681Z ^[[1m^[[92m  Downloaded^[[0m getrandom v0.4.3
portable	Reject gpui-component dependencies	2026-10-02T16:44:24.7193344Z ^[[1m^[[92m  Downloaded^[[0m fontconfig-parser v0.5.8
portable	Reject gpui-component dependencies	2026-10-02T16:44:24.7254432Z ^[[1m^[[92m  Downloaded^[[0m fixedbitset v0.5.7
portable	Reject gpui-component dependencies	2026-10-02T16:44:24.7274391Z ^[[1m^[[92m  Downloaded^[[0m event-listener v5.4.2
portable	Reject gpui-component dependencies	2026-10-02T16:44:24.7292991Z ^[[1m^[[92m  Downloaded^[[0m defmt v1.1.1
portable	Reject gpui-component dependencies	2026-10-02T16:44:24.7344702Z ^[[1m^[[92m  Downloaded^[[0m profiling v1.0.18
portable	Reject gpui-component dependencies	2026-10-02T16:44:24.7357082Z ^[[1m^[[92m  Downloaded^[[0m proc-macro-crate v3.5.0
portable	Reject gpui-component dependencies	2026-10-02T16:44:24.7371393Z ^[[1m^[[92m  Downloaded^[[0m potential_utf v0.1.6
portable	Reject gpui-component dependencies	2026-10-02T16:44:24.7382360Z ^[[1m^[[92m  Downloaded^[[0m pin-project-lite v0.2.17
portable	Reject gpui-component dependencies	2026-10-02T16:44:24.7444879Z ^[[1m^[[92m  Downloaded^[[0m pico-args v0.5.0
portable	Reject gpui-component dependencies	2026-10-02T16:44:24.7459822Z ^[[1m^[[92m  Downloaded^[[0m pathfinder_geometry v0.5.1
portable	Reject gpui-component dependencies	2026-10-02T16:44:24.7470868Z ^[[1m^[[92m  Downloaded^[[0m pastey v0.1.1
portable	Reject gpui-component dependencies	2026-10-02T16:44:24.7488551Z ^[[1m^[[92m  Downloaded^[[0m parking v2.2.1
portable	Reject gpui-component dependencies	2026-10-02T16:44:24.7499791Z ^[[1m^[[92m  Downloaded^[[0m new_debug_unreachable v1.0.6
portable	Reject gpui-component dependencies	2026-10-02T16:44:24.7510480Z ^[[1m^[[92m  Downloaded^[[0m miniz_oxide v0.8.9
portable	Reject gpui-component dependencies	2026-10-02T16:44:24.7536818Z ^[[1m^[[92m  Downloaded^[[0m jobserver v0.1.35
portable	Reject gpui-component dependencies	2026-10-02T16:44:24.7556431Z ^[[1m^[[92m  Downloaded^[[0m jiff v0.2.35
portable	Reject gpui-component dependencies	2026-10-02T16:44:24.7717532Z ^[[1m^[[92m  Downloaded^[[0m icu_normalizer v2.3.0
portable	Reject gpui-component dependencies	2026-10-02T16:44:24.7816874Z ^[[1m^[[92m  Downloaded^[[0m iana-time-zone v0.1.65
portable	Reject gpui-component dependencies	2026-10-02T16:44:24.7846457Z ^[[1m^[[92m  Downloaded^[[0m half v2.7.1
portable	Reject gpui-component dependencies	2026-10-02T16:44:24.7873968Z ^[[1m^[[92m  Downloaded^[[0m gpui-pre-zlog v0.3.7
portable	Reject gpui-component dependencies	2026-10-02T16:44:24.7885379Z ^[[1m^[[92m  Downloaded^[[0m gif v0.14.2
portable	Reject gpui-component dependencies	2026-10-02T16:44:24.7902820Z ^[[1m^[[92m  Downloaded^[[0m getrandom v0.2.17
portable	Reject gpui-component dependencies	2026-10-02T16:44:24.7933455Z ^[[1m^[[92m  Downloaded^[[0m font-types v0.11.3
portable	Reject gpui-component dependencies	2026-10-02T16:44:24.7952143Z ^[[1m^[[92m  Downloaded^[[0m foldhash v0.2.0
portable	Reject gpui-component dependencies	2026-10-02T16:44:24.7964927Z ^[[1m^[[92m  Downloaded^[[0m find-msvc-tools v0.1.11
portable	Reject gpui-component dependencies	2026-10-02T16:44:24.7981427Z ^[[1m^[[92m  Downloaded^[[0m erased-serde v0.4.10
portable	Reject gpui-component dependencies	2026-10-02T16:44:24.8006689Z ^[[1m^[[92m  Downloaded^[[0m ctor v1.0.13
portable	Reject gpui-component dependencies	2026-10-02T16:44:24.8032561Z ^[[1m^[[92m  Downloaded^[[0m av-scenechange v0.14.1
portable	Reject gpui-component dependencies	2026-10-02T16:44:24.8151924Z ^[[1m^[[92m  Downloaded^[[0m ash v0.38.0+1.3.281
portable	Reject gpui-component dependencies	2026-10-02T16:44:24.8317266Z ^[[1m^[[92m  Downloaded^[[0m open v5.4.4
portable	Reject gpui-component dependencies	2026-10-02T16:44:24.8334138Z ^[[1m^[[92m  Downloaded^[[0m num-rational v0.4.2
portable	Reject gpui-component dependencies	2026-10-02T16:44:24.8347080Z ^[[1m^[[92m  Downloaded^[[0m num-iter v0.1.46
portable	Reject gpui-component dependencies	2026-10-02T16:44:24.8357447Z ^[[1m^[[92m  Downloaded^[[0m num-derive v0.4.2
portable	Reject gpui-component dependencies	2026-10-02T16:44:24.8376139Z ^[[1m^[[92m  Downloaded^[[0m num-complex v0.4.6
portable	Reject gpui-component dependencies	2026-10-02T16:44:24.8391122Z ^[[1m^[[92m  Downloaded^[[0m litrs v1.0.0
portable	Reject gpui-component dependencies	2026-10-02T16:44:24.8421969Z ^[[1m^[[92m  Downloaded^[[0m libm v0.2.16
portable	Reject gpui-component dependencies	2026-10-02T16:44:24.8540419Z ^[[1m^[[92m  Downloaded^[[0m kurbo v0.13.1
portable	Reject gpui-component dependencies	2026-10-02T16:44:24.8595242Z ^[[1m^[[92m  Downloaded^[[0m image v0.25.10
portable	Reject gpui-component dependencies	2026-10-02T16:44:24.8692812Z ^[[1m^[[92m  Downloaded^[[0m gpui-pre-sum-tree v0.3.7
portable	Reject gpui-component dependencies	2026-10-02T16:44:24.8705273Z ^[[1m^[[92m  Downloaded^[[0m gpui-pre-scheduler v0.3.7
portable	Reject gpui-component dependencies	2026-10-02T16:44:24.8718461Z ^[[1m^[[92m  Downloaded^[[0m gpui-pre-macros v0.3.7
portable	Reject gpui-component dependencies	2026-10-02T16:44:24.8738019Z ^[[1m^[[92m  Downloaded^[[0m futures-channel v0.3.34
portable	Reject gpui-component dependencies	2026-10-02T16:44:24.8757888Z ^[[1m^[[92m  Downloaded^[[0m fdeflate v0.3.7
portable	Reject gpui-component dependencies	2026-10-02T16:44:24.8775247Z ^[[1m^[[92m  Downloaded^[[0m etagere v0.2.15
portable	Reject gpui-component dependencies	2026-10-02T16:44:24.8789924Z ^[[1m^[[92m  Downloaded^[[0m bstr v1.13.1
portable	Reject gpui-component dependencies	2026-10-02T16:44:24.8872935Z ^[[1m^[[92m  Downloaded^[[0m log v0.4.34
portable	Reject gpui-component dependencies	2026-10-02T16:44:24.8899133Z ^[[1m^[[92m  Downloaded^[[0m linktime-proc-macro v0.2.3
portable	Reject gpui-component dependencies	2026-10-02T16:44:24.8915505Z ^[[1m^[[92m  Downloaded^[[0m kurbo v0.11.3
portable	Reject gpui-component dependencies	2026-10-02T16:44:24.8961587Z ^[[1m^[[92m  Downloaded^[[0m inout v0.1.4
portable	Reject gpui-component dependencies	2026-10-02T16:44:24.8973039Z ^[[1m^[[92m  Downloaded^[[0m gpui-pre-perf v0.3.7
portable	Reject gpui-component dependencies	2026-10-02T16:44:24.8983324Z ^[[1m^[[92m  Downloaded^[[0m fastrand v2.5.0
portable	Reject gpui-component dependencies	2026-10-02T16:44:24.8997638Z ^[[1m^[[92m  Downloaded^[[0m chrono v0.4.45
portable	Reject gpui-component dependencies	2026-10-02T16:44:24.9067181Z ^[[1m^[[92m  Downloaded^[[0m lyon_algorithms v1.0.20
portable	Reject gpui-component dependencies	2026-10-02T16:44:24.9084747Z ^[[1m^[[92m  Downloaded^[[0m lyon v1.0.19
portable	Reject gpui-component dependencies	2026-10-02T16:44:24.9092348Z ^[[1m^[[92m  Downloaded^[[0m loop9 v0.1.5
portable	Reject gpui-component dependencies	2026-10-02T16:44:24.9099631Z ^[[1m^[[92m  Downloaded^[[0m lock_api v0.4.14
portable	Reject gpui-component dependencies	2026-10-02T16:44:24.9112886Z ^[[1m^[[92m  Downloaded^[[0m linked-hash-map v0.5.6
portable	Reject gpui-component dependencies	2026-10-02T16:44:24.9124016Z ^[[1m^[[92m  Downloaded^[[0m itertools v0.14.0
portable	Reject gpui-component dependencies	2026-10-02T16:44:24.9197852Z ^[[1m^[[92m  Downloaded^[[0m idna v1.1.0
portable	Reject gpui-component dependencies	2026-10-02T16:44:24.9234790Z ^[[1m^[[92m  Downloaded^[[0m icu_properties_data v2.3.0
portable	Reject gpui-component dependencies	2026-10-02T16:44:24.9347998Z ^[[1m^[[92m  Downloaded^[[0m hkdf v0.12.4
portable	Reject gpui-component dependencies	2026-10-02T16:44:24.9372215Z ^[[1m^[[92m  Downloaded^[[0m hashbrown v0.17.1
portable	Reject gpui-component dependencies	2026-10-02T16:44:24.9428590Z ^[[1m^[[92m  Downloaded^[[0m gpui-pre-util-macros v0.3.7
portable	Reject gpui-component dependencies	2026-10-02T16:44:24.9437169Z ^[[1m^[[92m  Downloaded^[[0m gpui-pre-derive-refineable v0.3.7
portable	Reject gpui-component dependencies	2026-10-02T16:44:24.9445163Z ^[[1m^[[92m  Downloaded^[[0m clap_builder v4.6.6
portable	Reject gpui-component dependencies	2026-10-02T16:44:24.9511876Z ^[[1m^[[92m  Downloaded^[[0m atspi-common v0.13.0
portable	Reject gpui-component dependencies	2026-10-02T16:44:24.9564398Z ^[[1m^[[92m  Downloaded^[[0m ashpd v0.13.13
portable	Reject gpui-component dependencies	2026-10-02T16:44:24.9635848Z ^[[1m^[[92m  Downloaded^[[0m libbz2-rs-sys v0.2.5
portable	Reject gpui-component dependencies	2026-10-02T16:44:24.9655570Z ^[[1m^[[92m  Downloaded^[[0m indexmap v2.14.0
portable	Reject gpui-component dependencies	2026-10-02T16:44:24.9700031Z ^[[1m^[[92m  Downloaded^[[0m http v1.5.0
portable	Reject gpui-component dependencies	2026-10-02T16:44:24.9738244Z ^[[1m^[[92m  Downloaded^[[0m heapless v0.9.3
portable	Reject gpui-component dependencies	2026-10-02T16:44:24.9791761Z ^[[1m^[[92m  Downloaded^[[0m gpui-pre-ztracing v0.3.7
portable	Reject gpui-component dependencies	2026-10-02T16:44:24.9802323Z ^[[1m^[[92m  Downloaded^[[0m futures-executor v0.3.34
portable	Reject gpui-component dependencies	2026-10-02T16:44:24.9816962Z ^[[1m^[[92m  Downloaded^[[0m font-types v0.12.5
portable	Reject gpui-component dependencies	2026-10-02T16:44:24.9836472Z ^[[1m^[[92m  Downloaded^[[0m defmt-parser v1.0.0
portable	Reject gpui-component dependencies	2026-10-02T16:44:24.9846351Z ^[[1m^[[92m  Downloaded^[[0m aho-corasick v1.1.5
portable	Reject gpui-component dependencies	2026-10-02T16:44:24.9901300Z ^[[1m^[[92m  Downloaded^[[0m libloading v0.8.9
portable	Reject gpui-component dependencies	2026-10-02T16:44:24.9925738Z ^[[1m^[[92m  Downloaded^[[0m icu_normalizer_data v2.3.0
portable	Reject gpui-component dependencies	2026-10-02T16:44:24.9947989Z ^[[1m^[[92m  Downloaded^[[0m icu_locale_core v2.3.0
portable	Reject gpui-component dependencies	2026-10-02T16:44:25.0021039Z ^[[1m^[[92m  Downloaded^[[0m gpui-pre-shared-string v0.3.7
portable	Reject gpui-component dependencies	2026-10-02T16:44:25.0028532Z ^[[1m^[[92m  Downloaded^[[0m gpui-pre-collections v0.3.7
portable	Reject gpui-component dependencies	2026-10-02T16:44:25.0037474Z ^[[1m^[[92m  Downloaded^[[0m foldhash v0.1.5
portable	Reject gpui-component dependencies	2026-10-02T16:44:25.0050800Z ^[[1m^[[92m  Downloaded^[[0m fax v0.2.7
portable	Reject gpui-component dependencies	2026-10-02T16:44:25.0071721Z ^[[1m^[[92m  Downloaded^[[0m displaydoc v0.2.7
portable	Reject gpui-component dependencies	2026-10-02T16:44:25.0092876Z ^[[1m^[[92m  Downloaded^[[0m digest v0.10.7
portable	Reject gpui-component dependencies	2026-10-02T16:44:25.0111828Z ^[[1m^[[92m  Downloaded^[[0m crypto-common v0.1.7
portable	Reject gpui-component dependencies	2026-10-02T16:44:25.0121396Z ^[[1m^[[92m  Downloaded^[[0m cc v1.4.4
portable	Reject gpui-component dependencies	2026-10-02T16:44:25.0153338Z ^[[1m^[[92m  Downloaded^[[0m bumpalo v3.20.3
portable	Reject gpui-component dependencies	2026-10-02T16:44:25.0181379Z ^[[1m^[[92m  Downloaded^[[0m bitstream-io v4.10.0
portable	Reject gpui-component dependencies	2026-10-02T16:44:25.0211249Z ^[[1m^[[92m  Downloaded^[[0m backtrace v0.3.76
portable	Reject gpui-component dependencies	2026-10-02T16:44:25.0264966Z ^[[1m^[[92m  Downloaded^[[0m async-compression v0.4.43
portable	Reject gpui-component dependencies	2026-10-02T16:44:25.0340018Z ^[[1m^[[92m  Downloaded^[[0m aes v0.8.4
portable	Reject gpui-component dependencies	2026-10-02T16:44:25.0376025Z ^[[1m^[[92m  Downloaded^[[0m lebe v0.5.3
portable	Reject gpui-component dependencies	2026-10-02T16:44:25.0389104Z ^[[1m^[[92m  Downloaded^[[0m lazy_static v1.5.0
portable	Reject gpui-component dependencies	2026-10-02T16:44:25.0407859Z ^[[1m^[[92m  Downloaded^[[0m icu_provider v2.3.1
portable	Reject gpui-component dependencies	2026-10-02T16:44:25.0435497Z ^[[1m^[[92m  Downloaded^[[0m hash32 v0.3.1
portable	Reject gpui-component dependencies	2026-10-02T16:44:25.0450847Z ^[[1m^[[92m  Downloaded^[[0m gpu-descriptor v0.3.2
portable	Reject gpui-component dependencies	2026-10-02T16:44:25.0459421Z ^[[1m^[[92m  Downloaded^[[0m generic-array v0.14.7
portable	Reject gpui-component dependencies	2026-10-02T16:44:25.0474148Z ^[[1m^[[92m  Downloaded^[[0m futures-sink v0.3.34
portable	Reject gpui-component dependencies	2026-10-02T16:44:25.0483264Z ^[[1m^[[92m  Downloaded^[[0m filedescriptor v0.8.3
portable	Reject gpui-component dependencies	2026-10-02T16:44:25.0493339Z ^[[1m^[[92m  Downloaded^[[0m equator-macro v0.4.2
portable	Reject gpui-component dependencies	2026-10-02T16:44:25.0501665Z ^[[1m^[[92m  Downloaded^[[0m enumflags2_derive v0.7.12
portable	Reject gpui-component dependencies	2026-10-02T16:44:25.0509955Z ^[[1m^[[92m  Downloaded^[[0m clap v4.6.6
portable	Reject gpui-component dependencies	2026-10-02T16:44:25.0615526Z ^[[1m^[[92m  Downloaded^[[0m calloop v0.14.4
portable	Reject gpui-component dependencies	2026-10-02T16:44:25.0653151Z ^[[1m^[[92m  Downloaded^[[0m bytes v1.12.1
portable	Reject gpui-component dependencies	2026-10-02T16:44:25.0690221Z ^[[1m^[[92m  Downloaded^[[0m borsh v1.8.1
portable	Reject gpui-component dependencies	2026-10-02T16:44:25.0768082Z ^[[1m^[[92m  Downloaded^[[0m base64 v0.22.1
portable	Reject gpui-component dependencies	2026-10-02T16:44:25.0810424Z ^[[1m^[[92m  Downloaded^[[0m async-io v2.6.0
portable	Reject gpui-component dependencies	2026-10-02T16:44:25.0841114Z ^[[1m^[[92m  Downloaded^[[0m is_terminal_polyfill v1.70.2
portable	Reject gpui-component dependencies	2026-10-02T16:44:25.0850666Z ^[[1m^[[92m  Downloaded^[[0m is-wsl v0.4.0
portable	Reject gpui-component dependencies	2026-10-02T16:44:25.0861929Z ^[[1m^[[92m  Downloaded^[[0m is-docker v0.2.0
portable	Reject gpui-component dependencies	2026-10-02T16:44:25.0872966Z ^[[1m^[[92m  Downloaded^[[0m imgref v1.12.3
portable	Reject gpui-component dependencies	2026-10-02T16:44:25.0885208Z ^[[1m^[[92m  Downloaded^[[0m imagesize v0.14.0
portable	Reject gpui-component dependencies	2026-10-02T16:44:25.0913256Z ^[[1m^[[92m  Downloaded^[[0m imagesize v0.13.0
portable	Reject gpui-component dependencies	2026-10-02T16:44:25.0939952Z ^[[1m^[[92m  Downloaded^[[0m hmac v0.12.1
portable	Reject gpui-component dependencies	2026-10-02T16:44:25.0960228Z ^[[1m^[[92m  Downloaded^[[0m gpui-pre-refineable v0.3.7
portable	Reject gpui-component dependencies	2026-10-02T16:44:25.0967713Z ^[[1m^[[92m  Downloaded^[[0m futures-macro v0.3.34
portable	Reject gpui-component dependencies	2026-10-02T16:44:25.0978695Z ^[[1m^[[92m  Downloaded^[[0m fnv v1.0.7
portable	Reject gpui-component dependencies	2026-10-02T16:44:25.0987947Z ^[[1m^[[92m  Downloaded^[[0m float-ord v0.3.2
portable	Reject gpui-component dependencies	2026-10-02T16:44:25.0997833Z ^[[1m^[[92m  Downloaded^[[0m float-cmp v0.9.0
portable	Reject gpui-component dependencies	2026-10-02T16:44:25.1010043Z ^[[1m^[[92m  Downloaded^[[0m event-listener-strategy v0.5.4
portable	Reject gpui-component dependencies	2026-10-02T16:44:25.1021651Z ^[[1m^[[92m  Downloaded^[[0m errno v0.3.14
portable	Reject gpui-component dependencies	2026-10-02T16:44:25.1037583Z ^[[1m^[[92m  Downloaded^[[0m equivalent v1.0.2
portable	Reject gpui-component dependencies	2026-10-02T16:44:25.1048074Z ^[[1m^[[92m  Downloaded^[[0m endi v1.1.1
portable	Reject gpui-component dependencies	2026-10-02T16:44:25.1059521Z ^[[1m^[[92m  Downloaded^[[0m data-url v0.3.2
portable	Reject gpui-component dependencies	2026-10-02T16:44:25.1075210Z ^[[1m^[[92m  Downloaded^[[0m crossbeam-utils v0.8.22
portable	Reject gpui-component dependencies	2026-10-02T16:44:25.1104284Z ^[[1m^[[92m  Downloaded^[[0m codespan-reporting v0.13.1
portable	Reject gpui-component dependencies	2026-10-02T16:44:25.1184141Z ^[[1m^[[92m  Downloaded^[[0m clap_derive v4.6.4
portable	Reject gpui-component dependencies	2026-10-02T16:44:25.1206454Z ^[[1m^[[92m  Downloaded^[[0m cbc v0.1.2
portable	Reject gpui-component dependencies	2026-10-02T16:44:25.1222196Z ^[[1m^[[92m  Downloaded^[[0m bzip2 v0.6.1
portable	Reject gpui-component dependencies	2026-10-02T16:44:25.1240454Z ^[[1m^[[92m  Downloaded^[[0m bitflags v2.13.1
portable	Reject gpui-component dependencies	2026-10-02T16:44:25.1287766Z ^[[1m^[[92m  Downloaded^[[0m autocfg v1.5.1
portable	Reject gpui-component dependencies	2026-10-02T16:44:25.1307359Z ^[[1m^[[92m  Downloaded^[[0m atspi-proxies v0.13.0
portable	Reject gpui-component dependencies	2026-10-02T16:44:25.1331520Z ^[[1m^[[92m  Downloaded^[[0m async-lock v3.4.2
portable	Reject gpui-component dependencies	2026-10-02T16:44:25.1354276Z ^[[1m^[[92m  Downloaded^[[0m anyhow v1.0.104
portable	Reject gpui-component dependencies	2026-10-02T16:44:25.1397064Z ^[[1m^[[92m  Downloaded^[[0m idna_adapter v1.2.2
portable	Reject gpui-component dependencies	2026-10-02T16:44:25.1406875Z ^[[1m^[[92m  Downloaded^[[0m futures-task v0.3.34
portable	Reject gpui-component dependencies	2026-10-02T16:44:25.1420517Z ^[[1m^[[92m  Downloaded^[[0m futures-io v0.3.34
portable	Reject gpui-component dependencies	2026-10-02T16:44:25.1429726Z ^[[1m^[[92m  Downloaded^[[0m enumflags2 v0.7.12
portable	Reject gpui-component dependencies	2026-10-02T16:44:25.1443780Z ^[[1m^[[92m  Downloaded^[[0m embed-resource v3.0.11
portable	Reject gpui-component dependencies	2026-10-02T16:44:25.1461842Z ^[[1m^[[92m  Downloaded^[[0m either v1.18.0
portable	Reject gpui-component dependencies	2026-10-02T16:44:25.1477566Z ^[[1m^[[92m  Downloaded^[[0m defmt-macros v1.1.1
portable	Reject gpui-component dependencies	2026-10-02T16:44:25.1515804Z ^[[1m^[[92m  Downloaded^[[0m crossbeam-epoch v0.9.20
portable	Reject gpui-component dependencies	2026-10-02T16:44:25.1541373Z ^[[1m^[[92m  Downloaded^[[0m crossbeam-deque v0.8.7
portable	Reject gpui-component dependencies	2026-10-02T16:44:25.1557090Z ^[[1m^[[92m  Downloaded^[[0m colorchoice v1.0.5
portable	Reject gpui-component dependencies	2026-10-02T16:44:25.1566713Z ^[[1m^[[92m  Downloaded^[[0m cipher v0.4.4
portable	Reject gpui-component dependencies	2026-10-02T16:44:25.1582340Z ^[[1m^[[92m  Downloaded^[[0m cfg_aliases v0.2.2
portable	Reject gpui-component dependencies	2026-10-02T16:44:25.1592831Z ^[[1m^[[92m  Downloaded^[[0m byteorder-lite v0.1.0
portable	Reject gpui-component dependencies	2026-10-02T16:44:25.1603759Z ^[[1m^[[92m  Downloaded^[[0m byteorder v1.5.0
portable	Reject gpui-component dependencies	2026-10-02T16:44:25.1620546Z ^[[1m^[[92m  Downloaded^[[0m bytemuck v1.25.2
portable	Reject gpui-component dependencies	2026-10-02T16:44:25.1653858Z ^[[1m^[[92m  Downloaded^[[0m built v0.8.1
portable	Reject gpui-component dependencies	2026-10-02T16:44:25.1675344Z ^[[1m^[[92m  Downloaded^[[0m bit-set v0.9.1
portable	Reject gpui-component dependencies	2026-10-02T16:44:25.1690605Z ^[[1m^[[92m  Downloaded^[[0m avif-serialize v0.8.9
portable	Reject gpui-component dependencies	2026-10-02T16:44:25.1701589Z ^[[1m^[[92m  Downloaded^[[0m av1-grain v0.2.5
portable	Reject gpui-component dependencies	2026-10-02T16:44:25.1727233Z ^[[1m^[[92m  Downloaded^[[0m atspi v0.29.0
portable	Reject gpui-component dependencies	2026-10-02T16:44:25.1738310Z ^[[1m^[[92m  Downloaded^[[0m async-trait v0.1.92
portable	Reject gpui-component dependencies	2026-10-02T16:44:25.1778022Z ^[[1m^[[92m  Downloaded^[[0m async-signal v0.2.14
portable	Reject gpui-component dependencies	2026-10-02T16:44:25.1793153Z ^[[1m^[[92m  Downloaded^[[0m async-net v2.0.0
portable	Reject gpui-component dependencies	2026-10-02T16:44:25.1805838Z ^[[1m^[[92m  Downloaded^[[0m async-channel v2.5.0
portable	Reject gpui-component dependencies	2026-10-02T16:44:25.1818898Z ^[[1m^[[92m  Downloaded^[[0m async-broadcast v0.7.2
portable	Reject gpui-component dependencies	2026-10-02T16:44:25.1836608Z ^[[1m^[[92m  Downloaded^[[0m accesskit v0.24.1
portable	Reject gpui-component dependencies	2026-10-02T16:44:25.1850152Z ^[[1m^[[92m  Downloaded^[[0m gpui-pre-util v0.3.7
portable	Reject gpui-component dependencies	2026-10-02T16:44:25.1859399Z ^[[1m^[[92m  Downloaded^[[0m gpu-descriptor-types v0.2.0
portable	Reject gpui-component dependencies	2026-10-02T16:44:25.1866973Z ^[[1m^[[92m  Downloaded^[[0m form_urlencoded v1.2.2
portable	Reject gpui-component dependencies	2026-10-02T16:44:25.1875449Z ^[[1m^[[92m  Downloaded^[[0m convert_case v0.10.0
portable	Reject gpui-component dependencies	2026-10-02T16:44:25.1893262Z ^[[1m^[[92m  Downloaded^[[0m concurrent-queue v2.5.0
portable	Reject gpui-component dependencies	2026-10-02T16:44:25.1911197Z ^[[1m^[[92m  Downloaded^[[0m compression-codecs v0.4.38
portable	Reject gpui-component dependencies	2026-10-02T16:44:25.1953747Z ^[[1m^[[92m  Downloaded^[[0m bitflags v1.3.2
portable	Reject gpui-component dependencies	2026-10-02T16:44:25.1988763Z ^[[1m^[[92m  Downloaded^[[0m bincode v1.3.3
portable	Reject gpui-component dependencies	2026-10-02T16:44:25.2012236Z ^[[1m^[[92m  Downloaded^[[0m accesskit_unix v0.22.1
portable	Reject gpui-component dependencies	2026-10-02T16:44:25.2035192Z ^[[1m^[[92m  Downloaded^[[0m hexf-parse v0.2.1
portable	Reject gpui-component dependencies	2026-10-02T16:44:25.2041866Z ^[[1m^[[92m  Downloaded^[[0m hex v0.4.3
portable	Reject gpui-component dependencies	2026-10-02T16:44:25.2058520Z ^[[1m^[[92m  Downloaded^[[0m heck v0.5.0
portable	Reject gpui-component dependencies	2026-10-02T16:44:25.2071944Z ^[[1m^[[92m  Downloaded^[[0m gethostname v1.1.0
portable	Reject gpui-component dependencies	2026-10-02T16:44:25.2082873Z ^[[1m^[[92m  Downloaded^[[0m enumn v0.1.14
portable	Reject gpui-component dependencies	2026-10-02T16:44:25.2094987Z ^[[1m^[[92m  Downloaded^[[0m dirs-sys v0.4.1
portable	Reject gpui-component dependencies	2026-10-02T16:44:25.2107603Z ^[[1m^[[92m  Downloaded^[[0m crunchy v0.2.4
portable	Reject gpui-component dependencies	2026-10-02T16:44:25.2116529Z ^[[1m^[[92m  Downloaded^[[0m cpufeatures v0.2.17
portable	Reject gpui-component dependencies	2026-10-02T16:44:25.2130867Z ^[[1m^[[92m  Downloaded^[[0m bytemuck_derive v1.12.1
portable	Reject gpui-component dependencies	2026-10-02T16:44:25.2145111Z ^[[1m^[[92m  Downloaded^[[0m block-padding v0.3.3
portable	Reject gpui-component dependencies	2026-10-02T16:44:25.2153635Z ^[[1m^[[92m  Downloaded^[[0m bit-vec v0.9.1
portable	Reject gpui-component dependencies	2026-10-02T16:44:25.2170994Z ^[[1m^[[92m  Downloaded^[[0m async-recursion v1.1.1
portable	Reject gpui-component dependencies	2026-10-02T16:44:25.2210932Z ^[[1m^[[92m  Downloaded^[[0m async-fs v2.2.0
portable	Reject gpui-component dependencies	2026-10-02T16:44:25.2221940Z ^[[1m^[[92m  Downloaded^[[0m core_maths v0.1.1
portable	Reject gpui-component dependencies	2026-10-02T16:44:25.2230124Z ^[[1m^[[92m  Downloaded^[[0m const-random-macro v0.1.16
portable	Reject gpui-component dependencies	2026-10-02T16:44:25.2238678Z ^[[1m^[[92m  Downloaded^[[0m compression-core v0.4.32
portable	Reject gpui-component dependencies	2026-10-02T16:44:25.2249771Z ^[[1m^[[92m  Downloaded^[[0m clap_lex v1.1.0
portable	Reject gpui-component dependencies	2026-10-02T16:44:25.2261016Z ^[[1m^[[92m  Downloaded^[[0m allocator-api2 v0.2.21
portable	Reject gpui-component dependencies	2026-10-02T16:44:25.2288106Z ^[[1m^[[92m  Downloaded^[[0m adler2 v2.0.1
portable	Reject gpui-component dependencies	2026-10-02T16:44:25.2300924Z ^[[1m^[[92m  Downloaded^[[0m atomic v0.5.3
portable	Reject gpui-component dependencies	2026-10-02T16:44:25.2312244Z ^[[1m^[[92m  Downloaded^[[0m float_next_after v1.0.0
portable	Reject gpui-component dependencies	2026-10-02T16:44:25.2323870Z ^[[1m^[[92m  Downloaded^[[0m downcast-rs v1.2.1
portable	Reject gpui-component dependencies	2026-10-02T16:44:25.2337540Z ^[[1m^[[92m  Downloaded^[[0m async-task v4.7.1
portable	Reject gpui-component dependencies	2026-10-02T16:44:25.2363533Z ^[[1m^[[92m  Downloaded^[[0m arrayvec v0.7.8
portable	Reject gpui-component dependencies	2026-10-02T16:44:25.2385248Z ^[[1m^[[92m  Downloaded^[[0m block-buffer v0.10.4
portable	Reject gpui-component dependencies	2026-10-02T16:44:25.2396980Z ^[[1m^[[92m  Downloaded^[[0m bit_field v0.10.3
portable	Reject gpui-component dependencies	2026-10-02T16:44:25.2409647Z ^[[1m^[[92m  Downloaded^[[0m addr2line v0.25.1
portable	Reject gpui-component dependencies	2026-10-02T16:44:25.2430045Z ^[[1m^[[92m  Downloaded^[[0m accesskit_atspi_common v0.19.1
portable	Reject gpui-component dependencies	2026-10-02T16:44:25.2447964Z ^[[1m^[[92m  Downloaded^[[0m blocking v1.7.0
portable	Reject gpui-component dependencies	2026-10-02T16:44:25.2460597Z ^[[1m^[[92m  Downloaded^[[0m anstyle v1.0.14
portable	Reject gpui-component dependencies	2026-10-02T16:44:25.2475518Z ^[[1m^[[92m  Downloaded^[[0m anstream v1.0.0
portable	Reject gpui-component dependencies	2026-10-02T16:44:25.2496671Z ^[[1m^[[92m  Downloaded^[[0m bit-set v0.8.0
portable	Reject gpui-component dependencies	2026-10-02T16:44:25.2510611Z ^[[1m^[[92m  Downloaded^[[0m anstyle-query v1.1.5
portable	Reject gpui-component dependencies	2026-10-02T16:44:25.2522407Z ^[[1m^[[92m  Downloaded^[[0m async-executor v1.14.0
portable	Reject gpui-component dependencies	2026-10-02T16:44:25.2542110Z ^[[1m^[[92m  Downloaded^[[0m anstyle-parse v1.0.0
portable	Reject gpui-component dependencies	2026-10-02T16:44:25.2558476Z ^[[1m^[[92m  Downloaded^[[0m bit-vec v0.8.0
portable	Reject gpui-component dependencies	2026-10-02T16:44:25.2575220Z ^[[1m^[[92m  Downloaded^[[0m arrayref v0.3.9
portable	Reject gpui-component dependencies	2026-10-02T16:44:25.2588922Z ^[[1m^[[92m  Downloaded^[[0m arg_enum_proc_macro v0.3.4
portable	Reject gpui-component dependencies	2026-10-02T16:44:25.2601160Z ^[[1m^[[92m  Downloaded^[[0m cfg-if v1.0.4
portable	Reject gpui-component dependencies	2026-10-02T16:44:25.2614981Z ^[[1m^[[92m  Downloaded^[[0m calloop-wayland-source v0.4.1
portable	Reject gpui-component dependencies	2026-10-02T16:44:25.2627478Z ^[[1m^[[92m  Downloaded^[[0m as-slice v0.2.1
portable	Reject gpui-component dependencies	2026-10-02T16:44:25.2637671Z ^[[1m^[[92m  Downloaded^[[0m as-raw-xcb-connection v1.0.1
portable	Reject gpui-component dependencies	2026-10-02T16:44:25.2645450Z ^[[1m^[[92m  Downloaded^[[0m accesskit_consumer v0.38.0
portable	Reject gpui-component dependencies	2026-10-02T16:44:25.2662680Z ^[[1m^[[92m  Downloaded^[[0m aligned v0.4.3
portable	Format	﻿2026-10-02T16:44:25.4033721Z ##[group]Run cargo fmt --all -- --check
portable	Format	2026-10-02T16:44:25.4034086Z ^[[36;1mcargo fmt --all -- --check^[[0m
portable	Format	2026-10-02T16:44:25.4100378Z shell: /usr/bin/bash -e {0}
portable	Format	2026-10-02T16:44:25.4100642Z env:
portable	Format	2026-10-02T16:44:25.4100849Z   CARGO_HOME: /home/runner/.cargo
portable	Format	2026-10-02T16:44:25.4101115Z   CARGO_INCREMENTAL: 0
portable	Format	2026-10-02T16:44:25.4101346Z   CARGO_TERM_COLOR: always
portable	Format	2026-10-02T16:44:25.4101580Z ##[endgroup]
portable	Verify target manifest	﻿2026-10-02T16:44:27.0929475Z ##[group]Run python3 scripts/verify-target-manifest.py
portable	Verify target manifest	2026-10-02T16:44:27.0929933Z ^[[36;1mpython3 scripts/verify-target-manifest.py^[[0m
portable	Verify target manifest	2026-10-02T16:44:27.0996939Z shell: /usr/bin/bash -e {0}
portable	Verify target manifest	2026-10-02T16:44:27.0997392Z env:
portable	Verify target manifest	2026-10-02T16:44:27.0997609Z   CARGO_HOME: /home/runner/.cargo
portable	Verify target manifest	2026-10-02T16:44:27.0997866Z   CARGO_INCREMENTAL: 0
portable	Verify target manifest	2026-10-02T16:44:27.0998091Z   CARGO_TERM_COLOR: always
portable	Verify target manifest	2026-10-02T16:44:27.0998319Z ##[endgroup]
portable	Verify target manifest	2026-10-02T16:44:27.1712379Z verification manifest covers 20 examples
portable	Check (MSRV)	﻿2026-10-02T16:44:27.1798270Z ##[group]Run cargo check --workspace --all-targets --all-features
portable	Check (MSRV)	2026-10-02T16:44:27.1798761Z ^[[36;1mcargo check --workspace --all-targets --all-features^[[0m
portable	Check (MSRV)	2026-10-02T16:44:27.1865486Z shell: /usr/bin/bash -e {0}
portable	Check (MSRV)	2026-10-02T16:44:27.1865756Z env:
portable	Check (MSRV)	2026-10-02T16:44:27.1865979Z   CARGO_HOME: /home/runner/.cargo
portable	Check (MSRV)	2026-10-02T16:44:27.1866250Z   CARGO_INCREMENTAL: 0
portable	Check (MSRV)	2026-10-02T16:44:27.1866481Z   CARGO_TERM_COLOR: always
portable	Check (MSRV)	2026-10-02T16:44:27.1866712Z ##[endgroup]
portable	Check (MSRV)	2026-10-02T16:44:27.4254403Z ^[[1m^[[92m Downloading^[[0m crates ...
portable	Check (MSRV)	2026-10-02T16:44:27.5311560Z ^[[1m^[[92m  Downloaded^[[0m notify-types v2.1.0
portable	Check (MSRV)	2026-10-02T16:44:27.5369636Z ^[[1m^[[92m  Downloaded^[[0m notify v8.2.0
portable	Check (MSRV)	2026-10-02T16:44:27.5401537Z ^[[1m^[[92m  Downloaded^[[0m inotify-sys v0.1.8
portable	Check (MSRV)	2026-10-02T16:44:27.5415458Z ^[[1m^[[92m  Downloaded^[[0m inotify v0.11.5
portable	Check (MSRV)	2026-10-02T16:44:27.5458109Z ^[[1m^[[92m  Downloaded^[[0m mio v1.2.2
portable	Check (MSRV)	2026-10-02T16:44:27.7276751Z ^[[1m^[[92m   Compiling^[[0m proc-macro2 v1.0.107
portable	Check (MSRV)	2026-10-02T16:44:27.7277251Z ^[[1m^[[92m   Compiling^[[0m quote v1.0.47
portable	Check (MSRV)	2026-10-02T16:44:27.7277704Z ^[[1m^[[92m   Compiling^[[0m unicode-ident v1.0.24
portable	Check (MSRV)	2026-10-02T16:44:27.7278060Z ^[[1m^[[92m   Compiling^[[0m serde_core v1.0.229
portable	Check (MSRV)	2026-10-02T16:44:27.7848662Z ^[[1m^[[92m    Checking^[[0m cfg-if v1.0.4
portable	Check (MSRV)	2026-10-02T16:44:27.8122095Z ^[[1m^[[92m   Compiling^[[0m serde v1.0.229
portable	Check (MSRV)	2026-10-02T16:44:27.9062180Z ^[[1m^[[92m   Compiling^[[0m typeid v1.0.3
portable	Check (MSRV)	2026-10-02T16:44:28.0063993Z ^[[1m^[[92m   Compiling^[[0m erased-serde v0.4.10
portable	Check (MSRV)	2026-10-02T16:44:28.0566051Z ^[[1m^[[92m   Compiling^[[0m libc v0.2.189
portable	Check (MSRV)	2026-10-02T16:44:28.1596914Z ^[[1m^[[92m    Checking^[[0m bitflags v2.13.1
portable	Check (MSRV)	2026-10-02T16:44:28.2634241Z ^[[1m^[[92m   Compiling^[[0m autocfg v1.5.1
portable	Check (MSRV)	2026-10-02T16:44:28.6226304Z ^[[1m^[[92m   Compiling^[[0m libm v0.2.16
portable	Check (MSRV)	2026-10-02T16:44:28.7963496Z ^[[1m^[[92m   Compiling^[[0m syn v3.0.4
portable	Check (MSRV)	2026-10-02T16:44:28.8066391Z ^[[1m^[[92m   Compiling^[[0m syn v2.0.119
portable	Check (MSRV)	2026-10-02T16:44:29.1655038Z ^[[1m^[[92m   Compiling^[[0m portable-atomic v1.15.0
portable	Check (MSRV)	2026-10-02T16:44:29.7256192Z ^[[1m^[[92m    Checking^[[0m serde_fmt v1.1.0
portable	Check (MSRV)	2026-10-02T16:44:30.1646534Z ^[[1m^[[92m    Checking^[[0m value-bag-serde1 v1.13.2
portable	Check (MSRV)	2026-10-02T16:44:30.1926054Z ^[[1m^[[92m    Checking^[[0m value-bag v1.13.2
portable	Check (MSRV)	2026-10-02T16:44:30.4054504Z ^[[1m^[[92m    Checking^[[0m log v0.4.34
portable	Check (MSRV)	2026-10-02T16:44:30.5004098Z ^[[1m^[[92m    Checking^[[0m once_cell v1.21.4
portable	Check (MSRV)	2026-10-02T16:44:30.6056055Z ^[[1m^[[92m   Compiling^[[0m version_check v0.9.5
portable	Check (MSRV)	2026-10-02T16:44:30.8376287Z ^[[1m^[[92m    Checking^[[0m pin-project-lite v0.2.17
portable	Check (MSRV)	2026-10-02T16:44:30.8705264Z ^[[1m^[[92m   Compiling^[[0m num-traits v0.2.19
portable	Check (MSRV)	2026-10-02T16:44:31.5566750Z ^[[1m^[[92m    Checking^[[0m futures-core v0.3.34
portable	Check (MSRV)	2026-10-02T16:44:31.6096424Z ^[[1m^[[92m   Compiling^[[0m crossbeam-utils v0.8.22
portable	Check (MSRV)	2026-10-02T16:44:32.0776112Z ^[[1m^[[92m   Compiling^[[0m hashbrown v0.17.1
portable	Check (MSRV)	2026-10-02T16:44:32.5886101Z ^[[1m^[[92m   Compiling^[[0m equivalent v1.0.2
portable	Check (MSRV)	2026-10-02T16:44:32.6216071Z ^[[1m^[[92m   Compiling^[[0m rustix v1.1.4
portable	Check (MSRV)	2026-10-02T16:44:32.7406613Z ^[[1m^[[92m   Compiling^[[0m indexmap v2.14.0
portable	Check (MSRV)	2026-10-02T16:44:33.0644242Z ^[[1m^[[92m    Checking^[[0m futures-io v0.3.34
portable	Check (MSRV)	2026-10-02T16:44:33.1256187Z ^[[1m^[[92m    Checking^[[0m linux-raw-sys v0.12.1
portable	Check (MSRV)	2026-10-02T16:44:33.3618003Z ^[[1m^[[92m    Checking^[[0m memchr v2.8.3
portable	Check (MSRV)	2026-10-02T16:44:33.5807985Z ^[[1m^[[92m   Compiling^[[0m serde_derive v1.0.229
portable	Check (MSRV)	2026-10-02T16:44:33.7186184Z ^[[1m^[[92m   Compiling^[[0m bytemuck_derive v1.12.1
portable	Check (MSRV)	2026-10-02T16:44:33.7261360Z ^[[1m^[[92m   Compiling^[[0m winnow v1.0.4
portable	Check (MSRV)	2026-10-02T16:44:34.7952443Z ^[[1m^[[92m    Checking^[[0m bytemuck v1.25.2
portable	Check (MSRV)	2026-10-02T16:44:34.8466108Z ^[[1m^[[92m    Checking^[[0m parking v2.2.1
portable	Check (MSRV)	2026-10-02T16:44:34.8916299Z ^[[1m^[[92m   Compiling^[[0m toml_parser v1.1.3+spec-1.1.0
portable	Check (MSRV)	2026-10-02T16:44:34.9558245Z ^[[1m^[[92m   Compiling^[[0m pkg-config v0.3.34
portable	Check (MSRV)	2026-10-02T16:44:35.4016062Z ^[[1m^[[92m    Checking^[[0m fastrand v2.5.0
portable	Check (MSRV)	2026-10-02T16:44:35.4766558Z ^[[1m^[[92m    Checking^[[0m slab v0.4.12
portable	Check (MSRV)	2026-10-02T16:44:35.5046767Z ^[[1m^[[92m   Compiling^[[0m toml_datetime v1.1.1+spec-1.1.0
portable	Check (MSRV)	2026-10-02T16:44:35.5776307Z ^[[1m^[[92m    Checking^[[0m arrayvec v0.7.8
portable	Check (MSRV)	2026-10-02T16:44:35.6636675Z ^[[1m^[[92m   Compiling^[[0m toml_edit v0.25.13+spec-1.1.0
portable	Check (MSRV)	2026-10-02T16:44:35.7716111Z ^[[1m^[[92m   Compiling^[[0m zerocopy v0.8.56
portable	Check (MSRV)	2026-10-02T16:44:36.0246756Z ^[[1m^[[92m   Compiling^[[0m zerocopy-derive v0.8.56
portable	Check (MSRV)	2026-10-02T16:44:36.9176626Z ^[[1m^[[92m    Checking^[[0m smallvec v1.15.2
portable	Check (MSRV)	2026-10-02T16:44:37.0585928Z ^[[1m^[[92m   Compiling^[[0m proc-macro-crate v3.5.0
portable	Check (MSRV)	2026-10-02T16:44:37.2350015Z ^[[1m^[[92m    Checking^[[0m simd-adler32 v0.3.10
portable	Check (MSRV)	2026-10-02T16:44:37.3166181Z ^[[1m^[[92m   Compiling^[[0m enumflags2_derive v0.7.12
portable	Check (MSRV)	2026-10-02T16:44:37.3287678Z ^[[1m^[[92m    Checking^[[0m libloading v0.8.9
portable	Check (MSRV)	2026-10-02T16:44:37.4266519Z ^[[1m^[[92m   Compiling^[[0m zvariant_utils v4.2.0
portable	Check (MSRV)	2026-10-02T16:44:37.4556317Z ^[[1m^[[92m    Checking^[[0m futures-lite v2.6.1
portable	Check (MSRV)	2026-10-02T16:44:37.7096230Z ^[[1m^[[92m    Checking^[[0m event-listener v5.4.2
portable	Check (MSRV)	2026-10-02T16:44:37.8446286Z ^[[1m^[[92m    Checking^[[0m concurrent-queue v2.5.0
portable	Check (MSRV)	2026-10-02T16:44:37.9445923Z ^[[1m^[[92m    Checking^[[0m adler2 v2.0.1
portable	Check (MSRV)	2026-10-02T16:44:38.0595882Z ^[[1m^[[92m    Checking^[[0m miniz_oxide v0.8.9
portable	Check (MSRV)	2026-10-02T16:44:38.3646155Z ^[[1m^[[92m    Checking^[[0m event-listener-strategy v0.5.4
portable	Check (MSRV)	2026-10-02T16:44:38.4006773Z ^[[1m^[[92m   Compiling^[[0m zvariant_derive v5.15.0
portable	Check (MSRV)	2026-10-02T16:44:38.4406269Z ^[[1m^[[92m   Compiling^[[0m synstructure v0.13.2
portable	Check (MSRV)	2026-10-02T16:44:38.6464105Z ^[[1m^[[92m    Checking^[[0m tracing-core v0.1.36
portable	Check (MSRV)	2026-10-02T16:44:38.9034096Z ^[[1m^[[92m   Compiling^[[0m crc32fast v1.5.1
portable	Check (MSRV)	2026-10-02T16:44:38.9543762Z ^[[1m^[[92m   Compiling^[[0m find-msvc-tools v0.1.11
portable	Check (MSRV)	2026-10-02T16:44:38.9866513Z ^[[1m^[[92m   Compiling^[[0m shlex v2.0.1
portable	Check (MSRV)	2026-10-02T16:44:39.0386711Z ^[[1m^[[92m    Checking^[[0m stable_deref_trait v1.2.1
portable	Check (MSRV)	2026-10-02T16:44:39.0636158Z ^[[1m^[[92m    Checking^[[0m async-task v4.7.1
portable	Check (MSRV)	2026-10-02T16:44:39.1166042Z ^[[1m^[[92m   Compiling^[[0m cc v1.4.4
portable	Check (MSRV)	2026-10-02T16:44:39.1925992Z ^[[1m^[[92m   Compiling^[[0m zerofrom-derive v0.1.7
portable	Check (MSRV)	2026-10-02T16:44:39.2008488Z ^[[1m^[[92m    Checking^[[0m dlib v0.5.3
portable	Check (MSRV)	2026-10-02T16:44:39.2466973Z ^[[1m^[[92m   Compiling^[[0m getrandom v0.4.3
portable	Check (MSRV)	2026-10-02T16:44:39.4646156Z ^[[1m^[[92m   Compiling^[[0m yoke-derive v0.8.2
portable	Check (MSRV)	2026-10-02T16:44:40.3067151Z ^[[1m^[[92m    Checking^[[0m zerofrom v0.1.8
portable	Check (MSRV)	2026-10-02T16:44:40.3966959Z ^[[1m^[[92m    Checking^[[0m async-channel v2.5.0
portable	Check (MSRV)	2026-10-02T16:44:40.3995656Z ^[[1m^[[92m    Checking^[[0m polling v3.11.0
portable	Check (MSRV)	2026-10-02T16:44:40.4946422Z ^[[1m^[[92m   Compiling^[[0m wayland-sys v0.31.11
portable	Check (MSRV)	2026-10-02T16:44:40.5047136Z ^[[1m^[[92m   Compiling^[[0m tracing-attributes v0.1.31
portable	Check (MSRV)	2026-10-02T16:44:40.6016270Z ^[[1m^[[92m   Compiling^[[0m generic-array v0.14.7
portable	Check (MSRV)	2026-10-02T16:44:40.7236332Z ^[[1m^[[92m    Checking^[[0m yoke v0.8.3
portable	Check (MSRV)	2026-10-02T16:44:40.7756253Z ^[[1m^[[92m    Checking^[[0m flate2 v1.1.9
portable	Check (MSRV)	2026-10-02T16:44:40.8406253Z ^[[1m^[[92m   Compiling^[[0m enumflags2 v0.7.12
portable	Check (MSRV)	2026-10-02T16:44:40.9106666Z ^[[1m^[[92m   Compiling^[[0m zcheapstr v1.1.0
portable	Check (MSRV)	2026-10-02T16:44:40.9636079Z ^[[1m^[[92m   Compiling^[[0m async-io v2.6.0
portable	Check (MSRV)	2026-10-02T16:44:41.0018880Z ^[[1m^[[92m    Checking^[[0m typenum v1.20.1
portable	Check (MSRV)	2026-10-02T16:44:41.0221947Z ^[[1m^[[92m   Compiling^[[0m endi v1.1.1
portable	Check (MSRV)	2026-10-02T16:44:41.0606687Z ^[[1m^[[92m   Compiling^[[0m anyhow v1.0.104
portable	Check (MSRV)	2026-10-02T16:44:41.1156150Z ^[[1m^[[92m   Compiling^[[0m cfg_aliases v0.2.2
portable	Check (MSRV)	2026-10-02T16:44:41.2876553Z ^[[1m^[[92m   Compiling^[[0m zvariant v5.15.0
portable	Check (MSRV)	2026-10-02T16:44:41.5457233Z ^[[1m^[[92m    Checking^[[0m tracing v0.1.44
portable	Check (MSRV)	2026-10-02T16:44:41.8446015Z ^[[1m^[[92m   Compiling^[[0m zerovec-derive v0.11.6
portable	Check (MSRV)	2026-10-02T16:44:42.1837122Z ^[[1m^[[92m    Checking^[[0m scopeguard v1.2.0
portable	Check (MSRV)	2026-10-02T16:44:42.2206074Z ^[[1m^[[92m    Checking^[[0m sha1_smol v1.0.1
portable	Check (MSRV)	2026-10-02T16:44:42.3026229Z ^[[1m^[[92m    Checking^[[0m atomic-waker v1.1.2
portable	Check (MSRV)	2026-10-02T16:44:42.7855943Z ^[[1m^[[92m    Checking^[[0m zerovec v0.11.8
portable	Check (MSRV)	2026-10-02T16:44:43.2175985Z ^[[1m^[[92m    Checking^[[0m piper v0.2.5
portable	Check (MSRV)	2026-10-02T16:44:43.2296125Z ^[[1m^[[92m    Checking^[[0m uuid v1.26.0
portable	Check (MSRV)	2026-10-02T16:44:43.2836626Z ^[[1m^[[92m    Checking^[[0m lock_api v0.4.14
portable	Check (MSRV)	2026-10-02T16:44:43.6056126Z ^[[1m^[[92m   Compiling^[[0m zbus_names v4.3.4
portable	Check (MSRV)	2026-10-02T16:44:43.7586147Z ^[[1m^[[92m   Compiling^[[0m displaydoc v0.2.7
portable	Check (MSRV)	2026-10-02T16:44:43.9316032Z ^[[1m^[[92m    Checking^[[0m core_maths v0.1.1
portable	Check (MSRV)	2026-10-02T16:44:43.9686075Z ^[[1m^[[92m    Checking^[[0m serde_bytes v0.11.19
portable	Check (MSRV)	2026-10-02T16:44:44.0806733Z ^[[1m^[[92m    Checking^[[0m errno v0.3.14
portable	Check (MSRV)	2026-10-02T16:44:44.1366071Z ^[[1m^[[92m   Compiling^[[0m getrandom v0.3.4
portable	Check (MSRV)	2026-10-02T16:44:44.1866048Z ^[[1m^[[92m   Compiling^[[0m zmij v1.0.23
portable	Check (MSRV)	2026-10-02T16:44:44.3222487Z ^[[1m^[[92m    Checking^[[0m futures-sink v0.3.34
portable	Check (MSRV)	2026-10-02T16:44:44.3593469Z ^[[1m^[[92m    Checking^[[0m signal-hook-registry v1.4.8
portable	Check (MSRV)	2026-10-02T16:44:44.3625942Z ^[[1m^[[92m    Checking^[[0m blocking v1.7.0
portable	Check (MSRV)	2026-10-02T16:44:44.3695903Z ^[[1m^[[92m    Checking^[[0m async-lock v3.4.2
portable	Check (MSRV)	2026-10-02T16:44:44.4576868Z ^[[1m^[[92m    Checking^[[0m allocator-api2 v0.2.21
portable	Check (MSRV)	2026-10-02T16:44:44.4716431Z ^[[1m^[[92m    Checking^[[0m foldhash v0.2.0
portable	Check (MSRV)	2026-10-02T16:44:44.5386239Z ^[[1m^[[92m   Compiling^[[0m parking_lot_core v0.9.12
portable	Check (MSRV)	2026-10-02T16:44:44.6566658Z ^[[1m^[[92m   Compiling^[[0m thiserror v2.0.20
portable	Check (MSRV)	2026-10-02T16:44:44.7006737Z ^[[1m^[[92m    Checking^[[0m siphasher v1.0.3
portable	Check (MSRV)	2026-10-02T16:44:44.7216433Z ^[[1m^[[92m    Checking^[[0m hashbrown v0.16.1
portable	Check (MSRV)	2026-10-02T16:44:44.8206254Z ^[[1m^[[92m    Checking^[[0m async-signal v0.2.14
portable	Check (MSRV)	2026-10-02T16:44:44.8836298Z ^[[1m^[[92m    Checking^[[0m futures-channel v0.3.34
portable	Check (MSRV)	2026-10-02T16:44:45.0014365Z ^[[1m^[[92m    Checking^[[0m half v2.7.1
portable	Check (MSRV)	2026-10-02T16:44:45.0123681Z ^[[1m^[[92m   Compiling^[[0m thiserror-impl v2.0.20
portable	Check (MSRV)	2026-10-02T16:44:45.1887256Z ^[[1m^[[92m   Compiling^[[0m futures-macro v0.3.34
portable	Check (MSRV)	2026-10-02T16:44:45.2958932Z ^[[1m^[[92m   Compiling^[[0m slotmap v1.1.1
portable	Check (MSRV)	2026-10-02T16:44:45.3976144Z ^[[1m^[[92m    Checking^[[0m futures-task v0.3.34
portable	Check (MSRV)	2026-10-02T16:44:45.4726112Z ^[[1m^[[92m    Checking^[[0m static_assertions v1.1.0
portable	Check (MSRV)	2026-10-02T16:44:45.5416203Z ^[[1m^[[92m    Checking^[[0m async-process v2.5.0
portable	Check (MSRV)	2026-10-02T16:44:45.8346567Z ^[[1m^[[92m    Checking^[[0m futures-util v0.3.34
portable	Check (MSRV)	2026-10-02T16:44:45.8416190Z ^[[1m^[[92m    Checking^[[0m tinystr v0.8.4
portable	Check (MSRV)	2026-10-02T16:44:45.9475956Z ^[[1m^[[92m    Checking^[[0m crypto-common v0.1.7
portable	Check (MSRV)	2026-10-02T16:44:45.9956145Z ^[[1m^[[92m   Compiling^[[0m wayland-backend v0.3.17
portable	Check (MSRV)	2026-10-02T16:44:46.1106767Z ^[[1m^[[92m    Checking^[[0m async-executor v1.14.0
portable	Check (MSRV)	2026-10-02T16:44:46.2454792Z ^[[1m^[[92m    Checking^[[0m litemap v0.8.3
portable	Check (MSRV)	2026-10-02T16:44:46.2586203Z ^[[1m^[[92m    Checking^[[0m writeable v0.6.4
portable	Check (MSRV)	2026-10-02T16:44:46.3680447Z ^[[1m^[[92m    Checking^[[0m itoa v1.0.18
portable	Check (MSRV)	2026-10-02T16:44:46.3736027Z ^[[1m^[[92m   Compiling^[[0m crossbeam-epoch v0.9.20
portable	Check (MSRV)	2026-10-02T16:44:46.4466240Z ^[[1m^[[92m    Checking^[[0m icu_locale_core v2.3.0
portable	Check (MSRV)	2026-10-02T16:44:46.9797544Z ^[[1m^[[92m    Checking^[[0m parking_lot v0.12.5
portable	Check (MSRV)	2026-10-02T16:44:47.0957412Z ^[[1m^[[92m    Checking^[[0m zerotrie v0.2.5
portable	Check (MSRV)	2026-10-02T16:44:47.2677862Z ^[[1m^[[92m   Compiling^[[0m zbus_macros v5.19.0
portable	Check (MSRV)	2026-10-02T16:44:47.3521758Z ^[[1m^[[92m    Checking^[[0m ttf-parser v0.25.1
portable	Check (MSRV)	2026-10-02T16:44:47.8544150Z ^[[1m^[[92m    Checking^[[0m potential_utf v0.1.6
portable	Check (MSRV)	2026-10-02T16:44:47.9082681Z ^[[1m^[[92m   Compiling^[[0m quick-xml v0.41.0
portable	Check (MSRV)	2026-10-02T16:44:48.7826536Z ^[[1m^[[92m    Checking^[[0m async-broadcast v0.7.2
portable	Check (MSRV)	2026-10-02T16:44:48.8227670Z ^[[1m^[[92m   Compiling^[[0m async-recursion v1.1.1
portable	Check (MSRV)	2026-10-02T16:44:48.9071027Z ^[[1m^[[92m   Compiling^[[0m serde_repr v0.1.21
portable	Check (MSRV)	2026-10-02T16:44:49.1887455Z ^[[1m^[[92m   Compiling^[[0m async-trait v0.1.92
portable	Check (MSRV)	2026-10-02T16:44:49.2101377Z ^[[1m^[[92m    Checking^[[0m ordered-stream v0.2.0
portable	Check (MSRV)	2026-10-02T16:44:49.2885109Z ^[[1m^[[92m    Checking^[[0m memmap2 v0.9.11
portable	Check (MSRV)	2026-10-02T16:44:49.4026092Z ^[[1m^[[92m   Compiling^[[0m crossbeam-deque v0.8.7
portable	Check (MSRV)	2026-10-02T16:44:49.4075566Z ^[[1m^[[92m    Checking^[[0m tinyvec_macros v0.1.1
portable	Check (MSRV)	2026-10-02T16:44:49.4285465Z ^[[1m^[[92m    Checking^[[0m hex v0.4.3
portable	Check (MSRV)	2026-10-02T16:44:49.5154335Z ^[[1m^[[92m    Checking^[[0m roxmltree v0.20.0
portable	Check (MSRV)	2026-10-02T16:44:49.5752744Z ^[[1m^[[92m    Checking^[[0m scoped-tls v1.0.1
portable	Check (MSRV)	2026-10-02T16:44:49.6177480Z ^[[1m^[[92m   Compiling^[[0m icu_properties_data v2.3.0
portable	Check (MSRV)	2026-10-02T16:44:49.7146227Z ^[[1m^[[92m    Checking^[[0m utf8_iter v1.0.4
portable	Check (MSRV)	2026-10-02T16:44:49.7724768Z ^[[1m^[[92m   Compiling^[[0m icu_normalizer_data v2.3.0
portable	Check (MSRV)	2026-10-02T16:44:49.7996065Z ^[[1m^[[92m    Checking^[[0m float-cmp v0.9.0
portable	Check (MSRV)	2026-10-02T16:44:49.8447370Z ^[[1m^[[92m   Compiling^[[0m wayland-client v0.31.15
portable	Check (MSRV)	2026-10-02T16:44:49.8592924Z ^[[1m^[[92m    Checking^[[0m downcast-rs v1.2.1
portable	Check (MSRV)	2026-10-02T16:44:49.8681347Z ^[[1m^[[92m    Checking^[[0m zbus v5.19.0
portable	Check (MSRV)	2026-10-02T16:44:49.8988642Z ^[[1m^[[92m    Checking^[[0m strict-num v0.1.1
portable	Check (MSRV)	2026-10-02T16:44:49.9284315Z ^[[1m^[[92m    Checking^[[0m fontconfig-parser v0.5.8
portable	Check (MSRV)	2026-10-02T16:44:49.9769973Z ^[[1m^[[92m    Checking^[[0m icu_collections v2.3.0
portable	Check (MSRV)	2026-10-02T16:44:50.1065565Z ^[[1m^[[92m    Checking^[[0m tinyvec v1.12.0
portable	Check (MSRV)	2026-10-02T16:44:50.2555760Z ^[[1m^[[92m   Compiling^[[0m wayland-scanner v0.31.11
portable	Check (MSRV)	2026-10-02T16:44:50.3424896Z ^[[1m^[[92m    Checking^[[0m icu_provider v2.3.1
portable	Check (MSRV)	2026-10-02T16:44:50.6748057Z ^[[1m^[[92m   Compiling^[[0m naga v29.0.4
portable	Check (MSRV)	2026-10-02T16:44:50.7957634Z ^[[1m^[[92m    Checking^[[0m fdeflate v0.3.7
portable	Check (MSRV)	2026-10-02T16:44:50.9369132Z ^[[1m^[[92m    Checking^[[0m euclid v0.22.14
portable	Check (MSRV)	2026-10-02T16:44:51.4528480Z ^[[1m^[[92m   Compiling^[[0m serde_json v1.0.151
portable	Check (MSRV)	2026-10-02T16:44:51.4988612Z ^[[1m^[[92m   Compiling^[[0m ash v0.38.0+1.3.281
portable	Check (MSRV)	2026-10-02T16:44:51.5351429Z ^[[1m^[[92m    Checking^[[0m bit-vec v0.9.1
portable	Check (MSRV)	2026-10-02T16:44:51.5676169Z ^[[1m^[[92m    Checking^[[0m unicode-script v0.5.8
portable	Check (MSRV)	2026-10-02T16:44:51.7205970Z ^[[1m^[[92m    Checking^[[0m unicode-width v0.2.2
portable	Check (MSRV)	2026-10-02T16:44:51.8508874Z ^[[1m^[[92m    Checking^[[0m raw-window-handle v0.6.2
portable	Check (MSRV)	2026-10-02T16:44:51.8633371Z ^[[1m^[[92m    Checking^[[0m arrayref v0.3.9
portable	Check (MSRV)	2026-10-02T16:44:51.8877427Z ^[[1m^[[92m   Compiling^[[0m rayon-core v1.13.0
portable	Check (MSRV)	2026-10-02T16:44:51.9535984Z ^[[1m^[[92m   Compiling^[[0m crunchy v0.2.4
portable	Check (MSRV)	2026-10-02T16:44:51.9700564Z ^[[1m^[[92m    Checking^[[0m tiny-skia-path v0.11.4
portable	Check (MSRV)	2026-10-02T16:44:52.0608420Z ^[[1m^[[92m    Checking^[[0m codespan-reporting v0.13.1
portable	Check (MSRV)	2026-10-02T16:44:52.2955113Z ^[[1m^[[92m    Checking^[[0m bit-set v0.9.1
portable	Check (MSRV)	2026-10-02T16:44:52.3666227Z ^[[1m^[[92m    Checking^[[0m fontdb v0.23.0
portable	Check (MSRV)	2026-10-02T16:44:52.5669987Z ^[[1m^[[92m    Checking^[[0m rand_core v0.9.5
portable	Check (MSRV)	2026-10-02T16:44:52.7693650Z ^[[1m^[[92m   Compiling^[[0m zbus_xml v5.2.1
portable	Check (MSRV)	2026-10-02T16:44:52.8040743Z ^[[1m^[[92m    Checking^[[0m block-buffer v0.10.4
portable	Check (MSRV)	2026-10-02T16:44:52.8620414Z ^[[1m^[[92m    Checking^[[0m ppv-lite86 v0.2.21
portable	Check (MSRV)	2026-10-02T16:44:53.1186502Z ^[[1m^[[92m    Checking^[[0m num-complex v0.4.6
portable	Check (MSRV)	2026-10-02T16:44:53.4274734Z ^[[1m^[[92m   Compiling^[[0m profiling-procmacros v1.0.18
portable	Check (MSRV)	2026-10-02T16:44:53.6176189Z ^[[1m^[[92m    Checking^[[0m spirv v0.4.0+sdk-1.4.341.0
portable	Check (MSRV)	2026-10-02T16:44:53.7056104Z ^[[1m^[[92m   Compiling^[[0m khronos-egl v6.0.0
portable	Check (MSRV)	2026-10-02T16:44:53.7926615Z ^[[1m^[[92m    Checking^[[0m rustc-hash v2.1.3
portable	Check (MSRV)	2026-10-02T16:44:53.8396205Z ^[[1m^[[92m    Checking^[[0m lazy_static v1.5.0
portable	Check (MSRV)	2026-10-02T16:44:53.8725957Z ^[[1m^[[92m   Compiling^[[0m paste v1.0.15
portable	Check (MSRV)	2026-10-02T16:44:53.9592455Z ^[[1m^[[92m    Checking^[[0m rustc-hash v1.1.0
portable	Check (MSRV)	2026-10-02T16:44:53.9973321Z ^[[1m^[[92m    Checking^[[0m foldhash v0.1.5
portable	Check (MSRV)	2026-10-02T16:44:54.0117237Z ^[[1m^[[92m   Compiling^[[0m tiny-keccak v2.0.2
portable	Check (MSRV)	2026-10-02T16:44:54.0723004Z ^[[1m^[[92m   Compiling^[[0m semver v1.0.28
portable	Check (MSRV)	2026-10-02T16:44:54.1086788Z ^[[1m^[[92m   Compiling^[[0m heck v0.5.0
portable	Check (MSRV)	2026-10-02T16:44:54.2806722Z ^[[1m^[[92m    Checking^[[0m unicode-bidi-mirroring v0.4.0
portable	Check (MSRV)	2026-10-02T16:44:54.3199038Z ^[[1m^[[92m    Checking^[[0m iana-time-zone v0.1.65
portable	Check (MSRV)	2026-10-02T16:44:54.3496719Z ^[[1m^[[92m    Checking^[[0m unicode-ccc v0.4.0
portable	Check (MSRV)	2026-10-02T16:44:54.3856098Z ^[[1m^[[92m    Checking^[[0m unicode-bidi v0.3.18
portable	Check (MSRV)	2026-10-02T16:44:54.3931608Z ^[[1m^[[92m    Checking^[[0m unicode-properties v0.1.4
portable	Check (MSRV)	2026-10-02T16:44:54.5073341Z ^[[1m^[[92m    Checking^[[0m subtle v2.6.1
portable	Check (MSRV)	2026-10-02T16:44:54.5953171Z ^[[1m^[[92m    Checking^[[0m hexf-parse v0.2.1
portable	Check (MSRV)	2026-10-02T16:44:54.6126371Z ^[[1m^[[92m    Checking^[[0m digest v0.10.7
portable	Check (MSRV)	2026-10-02T16:44:54.6386243Z ^[[1m^[[92m    Checking^[[0m rustybuzz v0.20.1
portable	Check (MSRV)	2026-10-02T16:44:54.7556078Z ^[[1m^[[92m    Checking^[[0m chrono v0.4.45
portable	Check (MSRV)	2026-10-02T16:44:54.7836847Z ^[[1m^[[92m   Compiling^[[0m rustc_version v0.4.1
portable	Check (MSRV)	2026-10-02T16:44:55.0096342Z ^[[1m^[[92m    Checking^[[0m hashbrown v0.15.5
portable	Check (MSRV)	2026-10-02T16:44:55.4645887Z ^[[1m^[[92m    Checking^[[0m profiling v1.0.18
portable	Check (MSRV)	2026-10-02T16:44:55.4885889Z ^[[1m^[[92m   Compiling^[[0m zbus-lockstep v0.5.2
portable	Check (MSRV)	2026-10-02T16:44:55.6085915Z ^[[1m^[[92m    Checking^[[0m rand_chacha v0.9.0
portable	Check (MSRV)	2026-10-02T16:44:56.0426241Z ^[[1m^[[92m    Checking^[[0m icu_normalizer v2.3.0
portable	Check (MSRV)	2026-10-02T16:44:56.1444060Z ^[[1m^[[92m    Checking^[[0m icu_properties v2.3.0
portable	Check (MSRV)	2026-10-02T16:44:57.0953941Z ^[[1m^[[92m    Checking^[[0m wgpu-types v29.0.4
portable	Check (MSRV)	2026-10-02T16:44:57.4676069Z ^[[1m^[[92m    Checking^[[0m lyon_geom v1.0.19
portable	Check (MSRV)	2026-10-02T16:44:57.8306590Z ^[[1m^[[92m    Checking^[[0m gpui-pre-util v0.3.7
portable	Check (MSRV)	2026-10-02T16:44:57.9216547Z ^[[1m^[[92m    Checking^[[0m futures-executor v0.3.34
portable	Check (MSRV)	2026-10-02T16:44:58.6436079Z ^[[1m^[[92m   Compiling^[[0m wgpu-hal v29.0.4
portable	Check (MSRV)	2026-10-02T16:44:58.7276420Z ^[[1m^[[92m    Checking^[[0m polycool v0.4.0
portable	Check (MSRV)	2026-10-02T16:44:58.8386076Z ^[[1m^[[92m    Checking^[[0m aho-corasick v1.1.5
portable	Check (MSRV)	2026-10-02T16:44:58.8866405Z ^[[1m^[[92m   Compiling^[[0m enumn v0.1.14
portable	Check (MSRV)	2026-10-02T16:44:59.1106356Z ^[[1m^[[92m   Compiling^[[0m zeroize_derive v1.5.0
portable	Check (MSRV)	2026-10-02T16:44:59.5046217Z ^[[1m^[[92m    Checking^[[0m num-integer v0.1.47
portable	Check (MSRV)	2026-10-02T16:44:59.5115688Z ^[[1m^[[92m   Compiling^[[0m pulp v0.22.3
portable	Check (MSRV)	2026-10-02T16:44:59.6706642Z ^[[1m^[[92m    Checking^[[0m simplecss v0.2.2
portable	Check (MSRV)	2026-10-02T16:44:59.6816187Z ^[[1m^[[92m    Checking^[[0m gpu-descriptor-types v0.2.0
portable	Check (MSRV)	2026-10-02T16:44:59.7634090Z ^[[1m^[[92m    Checking^[[0m unicode-vo v0.1.0
portable	Check (MSRV)	2026-10-02T16:44:59.8096406Z ^[[1m^[[92m    Checking^[[0m weezl v0.1.12
portable	Check (MSRV)	2026-10-02T16:44:59.8246382Z ^[[1m^[[92m    Checking^[[0m quick-error v2.0.1
portable	Check (MSRV)	2026-10-02T16:44:59.9790498Z ^[[1m^[[92m    Checking^[[0m regex-syntax v0.8.11
portable	Check (MSRV)	2026-10-02T16:44:59.9936378Z ^[[1m^[[92m    Checking^[[0m data-url v0.3.2
portable	Check (MSRV)	2026-10-02T16:45:00.1035954Z ^[[1m^[[92m    Checking^[[0m zune-core v0.5.3
portable	Check (MSRV)	2026-10-02T16:45:00.2485956Z ^[[1m^[[92m   Compiling^[[0m unicode-segmentation v1.13.3
portable	Check (MSRV)	2026-10-02T16:45:00.6036244Z ^[[1m^[[92m    Checking^[[0m libbz2-rs-sys v0.2.5
portable	Check (MSRV)	2026-10-02T16:45:00.9806156Z ^[[1m^[[92m   Compiling^[[0m ref-cast v1.0.27
portable	Check (MSRV)	2026-10-02T16:45:01.1426186Z ^[[1m^[[92m    Checking^[[0m percent-encoding v2.3.2
portable	Check (MSRV)	2026-10-02T16:45:01.2146157Z ^[[1m^[[92m   Compiling^[[0m object v0.37.3
portable	Check (MSRV)	2026-10-02T16:45:01.3376026Z ^[[1m^[[92m    Checking^[[0m base64 v0.22.1
portable	Check (MSRV)	2026-10-02T16:45:01.3506358Z ^[[1m^[[92m    Checking^[[0m bitflags v1.3.2
portable	Check (MSRV)	2026-10-02T16:45:01.3796551Z ^[[1m^[[92m    Checking^[[0m xmlwriter v0.1.0
portable	Check (MSRV)	2026-10-02T16:45:01.4385924Z ^[[1m^[[92m    Checking^[[0m pico-args v0.5.0
portable	Check (MSRV)	2026-10-02T16:45:01.5193673Z ^[[1m^[[92m    Checking^[[0m byteorder v1.5.0
portable	Check (MSRV)	2026-10-02T16:45:01.5279677Z ^[[1m^[[92m    Checking^[[0m either v1.18.0
portable	Check (MSRV)	2026-10-02T16:45:01.6106373Z ^[[1m^[[92m   Compiling^[[0m thiserror v1.0.69
portable	Check (MSRV)	2026-10-02T16:45:01.6716515Z ^[[1m^[[92m    Checking^[[0m presser v0.3.1
portable	Check (MSRV)	2026-10-02T16:45:01.7082870Z ^[[1m^[[92m   Compiling^[[0m getrandom v0.2.17
portable	Check (MSRV)	2026-10-02T16:45:01.7313450Z ^[[1m^[[92m    Checking^[[0m wgpu-naga-bridge v29.0.4
portable	Check (MSRV)	2026-10-02T16:45:01.7795923Z ^[[1m^[[92m    Checking^[[0m png v0.17.16
portable	Check (MSRV)	2026-10-02T16:45:01.8216814Z ^[[1m^[[92m    Checking^[[0m regex-automata v0.4.18
portable	Check (MSRV)	2026-10-02T16:45:01.8319593Z ^[[1m^[[92m    Checking^[[0m form_urlencoded v1.2.2
portable	Check (MSRV)	2026-10-02T16:45:01.9165986Z ^[[1m^[[92m    Checking^[[0m bzip2 v0.6.1
portable	Check (MSRV)	2026-10-02T16:45:02.0096218Z ^[[1m^[[92m   Compiling^[[0m convert_case v0.10.0
portable	Check (MSRV)	2026-10-02T16:45:02.2266143Z ^[[1m^[[92m    Checking^[[0m zune-jpeg v0.5.15
portable	Check (MSRV)	2026-10-02T16:45:02.3476066Z ^[[1m^[[92m   Compiling^[[0m phf_shared v0.13.1
portable	Check (MSRV)	2026-10-02T16:45:02.5226247Z ^[[1m^[[92m    Checking^[[0m gpu-descriptor v0.3.2
portable	Check (MSRV)	2026-10-02T16:45:02.6655896Z ^[[1m^[[92m    Checking^[[0m zeroize v1.9.0
portable	Check (MSRV)	2026-10-02T16:45:02.7466613Z ^[[1m^[[92m    Checking^[[0m accesskit v0.24.1
portable	Check (MSRV)	2026-10-02T16:45:02.7573685Z ^[[1m^[[92m    Checking^[[0m kurbo v0.13.1
portable	Check (MSRV)	2026-10-02T16:45:03.2975927Z ^[[1m^[[92m    Checking^[[0m futures v0.3.34
portable	Check (MSRV)	2026-10-02T16:45:03.3286340Z ^[[1m^[[92m    Checking^[[0m gpui-pre-collections v0.3.7
portable	Check (MSRV)	2026-10-02T16:45:03.3766392Z ^[[1m^[[92m    Checking^[[0m lyon_path v1.0.19
portable	Check (MSRV)	2026-10-02T16:45:03.5936457Z ^[[1m^[[92m    Checking^[[0m idna_adapter v1.2.2
portable	Check (MSRV)	2026-10-02T16:45:03.6476105Z ^[[1m^[[92m    Checking^[[0m rand v0.9.5
portable	Check (MSRV)	2026-10-02T16:45:03.6727766Z ^[[1m^[[92m   Compiling^[[0m zbus-lockstep-macros v0.5.2
portable	Check (MSRV)	2026-10-02T16:45:04.0949046Z ^[[1m^[[92m   Compiling^[[0m pathfinder_simd v0.5.6
portable	Check (MSRV)	2026-10-02T16:45:04.2066151Z ^[[1m^[[92m    Checking^[[0m sharded-slab v0.1.7
portable	Check (MSRV)	2026-10-02T16:45:04.4326377Z ^[[1m^[[92m    Checking^[[0m block-padding v0.3.3
portable	Check (MSRV)	2026-10-02T16:45:04.4786327Z ^[[1m^[[92m   Compiling^[[0m freetype-sys v0.20.1
portable	Check (MSRV)	2026-10-02T16:45:04.4946306Z ^[[1m^[[92m    Checking^[[0m tracing-log v0.2.0
portable	Check (MSRV)	2026-10-02T16:45:04.5703903Z ^[[1m^[[92m   Compiling^[[0m yeslogic-fontconfig-sys v6.0.1
portable	Check (MSRV)	2026-10-02T16:45:04.5791001Z ^[[1m^[[92m    Checking^[[0m font-types v0.11.3
portable	Check (MSRV)	2026-10-02T16:45:04.6222242Z ^[[1m^[[92m    Checking^[[0m font-types v0.12.5
portable	Check (MSRV)	2026-10-02T16:45:04.6866197Z ^[[1m^[[92m   Compiling^[[0m pin-project-internal v1.1.13
portable	Check (MSRV)	2026-10-02T16:45:04.8197022Z ^[[1m^[[92m   Compiling^[[0m thiserror-impl v1.0.69
portable	Check (MSRV)	2026-10-02T16:45:04.8906997Z ^[[1m^[[92m   Compiling^[[0m ref-cast-impl v1.0.27
portable	Check (MSRV)	2026-10-02T16:45:05.2246118Z ^[[1m^[[92m   Compiling^[[0m serde_derive_internals v0.30.0
portable	Check (MSRV)	2026-10-02T16:45:05.5806190Z ^[[1m^[[92m    Checking^[[0m ordered-float v5.5.0
portable	Check (MSRV)	2026-10-02T16:45:05.7686569Z ^[[1m^[[92m    Checking^[[0m raw-cpuid v11.6.0
portable	Check (MSRV)	2026-10-02T16:45:05.8496417Z ^[[1m^[[92m    Checking^[[0m thread_local v1.1.10
portable	Check (MSRV)	2026-10-02T16:45:05.9496099Z ^[[1m^[[92m   Compiling^[[0m heapless v0.9.3
portable	Check (MSRV)	2026-10-02T16:45:06.0416099Z ^[[1m^[[92m    Checking^[[0m gpu-allocator v0.28.0
portable	Check (MSRV)	2026-10-02T16:45:06.0576186Z ^[[1m^[[92m   Compiling^[[0m gpui-pre-ztracing v0.3.7
portable	Check (MSRV)	2026-10-02T16:45:06.1496726Z ^[[1m^[[92m    Checking^[[0m glow v0.17.0
portable	Check (MSRV)	2026-10-02T16:45:06.2005948Z ^[[1m^[[92m    Checking^[[0m nu-ansi-term v0.50.3
portable	Check (MSRV)	2026-10-02T16:45:06.2356066Z ^[[1m^[[92m    Checking^[[0m renderdoc-sys v1.1.0
portable	Check (MSRV)	2026-10-02T16:45:06.2844895Z ^[[1m^[[92m    Checking^[[0m bytes v1.12.1
portable	Check (MSRV)	2026-10-02T16:45:06.5466118Z ^[[1m^[[92m    Checking^[[0m byteorder-lite v0.1.0
portable	Check (MSRV)	2026-10-02T16:45:06.6690052Z ^[[1m^[[92m    Checking^[[0m color_quant v1.1.0
portable	Check (MSRV)	2026-10-02T16:45:06.7166579Z ^[[1m^[[92m    Checking^[[0m gimli v0.32.3
portable	Check (MSRV)	2026-10-02T16:45:06.7336115Z ^[[1m^[[92m    Checking^[[0m pulp-wasm-simd-flag v0.1.1
portable	Check (MSRV)	2026-10-02T16:45:06.7596500Z ^[[1m^[[92m    Checking^[[0m reborrow v0.5.5
portable	Check (MSRV)	2026-10-02T16:45:06.7946474Z ^[[1m^[[92m    Checking^[[0m compression-core v0.4.32
portable	Check (MSRV)	2026-10-02T16:45:06.8526154Z ^[[1m^[[92m   Compiling^[[0m unicode-xid v0.2.6
portable	Check (MSRV)	2026-10-02T16:45:06.9088281Z ^[[1m^[[92m    Checking^[[0m same-file v1.0.6
portable	Check (MSRV)	2026-10-02T16:45:07.0786221Z ^[[1m^[[92m    Checking^[[0m walkdir v2.5.0
portable	Check (MSRV)	2026-10-02T16:45:07.1696735Z ^[[1m^[[92m   Compiling^[[0m derive_more-impl v2.1.1
portable	Check (MSRV)	2026-10-02T16:45:08.3659398Z ^[[1m^[[92m    Checking^[[0m addr2line v0.25.1
portable	Check (MSRV)	2026-10-02T16:45:08.5866255Z ^[[1m^[[92m    Checking^[[0m compression-codecs v0.4.38
portable	Check (MSRV)	2026-10-02T16:45:08.7166511Z ^[[1m^[[92m    Checking^[[0m gif v0.14.2
portable	Check (MSRV)	2026-10-02T16:45:08.9575937Z ^[[1m^[[92m    Checking^[[0m image-webp v0.2.4
portable	Check (MSRV)	2026-10-02T16:45:09.5399835Z ^[[1m^[[92m    Checking^[[0m http v1.5.0
portable	Check (MSRV)	2026-10-02T16:45:10.0046145Z ^[[1m^[[92m   Compiling^[[0m const-random-macro v0.1.16
portable	Check (MSRV)	2026-10-02T16:45:10.0967765Z ^[[1m^[[92m    Checking^[[0m tracing-subscriber v0.3.23
portable	Check (MSRV)	2026-10-02T16:45:10.1096024Z ^[[1m^[[92m   Compiling^[[0m phf_generator v0.13.1
portable	Check (MSRV)	2026-10-02T16:45:10.2335920Z ^[[1m^[[92m   Compiling^[[0m schemars_derive v1.2.2
portable	Check (MSRV)	2026-10-02T16:45:10.3036181Z ^[[1m^[[92m    Checking^[[0m pin-project v1.1.13
portable	Check (MSRV)	2026-10-02T16:45:10.3736310Z ^[[1m^[[92m    Checking^[[0m read-fonts v0.41.0
portable	Check (MSRV)	2026-10-02T16:45:10.8436146Z ^[[1m^[[92m    Checking^[[0m read-fonts v0.37.0
portable	Check (MSRV)	2026-10-02T16:45:10.9520497Z ^[[1m^[[92m    Checking^[[0m inout v0.1.4
portable	Check (MSRV)	2026-10-02T16:45:11.0486169Z ^[[1m^[[92m    Checking^[[0m atspi-common v0.13.0
portable	Check (MSRV)	2026-10-02T16:45:11.6456137Z ^[[1m^[[92m    Checking^[[0m idna v1.1.0
portable	Check (MSRV)	2026-10-02T16:45:11.8276118Z ^[[1m^[[92m    Checking^[[0m svgtypes v0.16.1
portable	Check (MSRV)	2026-10-02T16:45:12.0916088Z ^[[1m^[[92m    Checking^[[0m gpui-pre-zlog v0.3.7
portable	Check (MSRV)	2026-10-02T16:45:12.2555942Z ^[[1m^[[92m    Checking^[[0m tiny-skia v0.11.4
portable	Check (MSRV)	2026-10-02T16:45:14.1876624Z ^[[1m^[[92m    Checking^[[0m rayon v1.12.0
portable	Check (MSRV)	2026-10-02T16:45:14.9356435Z ^[[1m^[[92m    Checking^[[0m hash32 v0.3.1
portable	Check (MSRV)	2026-10-02T16:45:14.9667444Z ^[[1m^[[92m    Checking^[[0m wayland-protocols v0.32.13
portable	Check (MSRV)	2026-10-02T16:45:14.9946385Z ^[[1m^[[92m    Checking^[[0m spin v0.9.9
portable	Check (MSRV)	2026-10-02T16:45:15.1025866Z ^[[1m^[[92m   Compiling^[[0m wgpu-core v29.0.4
portable	Check (MSRV)	2026-10-02T16:45:15.3756455Z ^[[1m^[[92m    Checking^[[0m zune-inflate v0.2.54
portable	Check (MSRV)	2026-10-02T16:45:15.5046379Z ^[[1m^[[92m    Checking^[[0m rgb v0.8.53
portable	Check (MSRV)	2026-10-02T16:45:15.7438055Z ^[[1m^[[92m    Checking^[[0m roxmltree v0.21.1
portable	Check (MSRV)	2026-10-02T16:45:15.8905744Z ^[[1m^[[92m   Compiling^[[0m ahash v0.8.12
portable	Check (MSRV)	2026-10-02T16:45:15.9096041Z ^[[1m^[[92m    Checking^[[0m xcursor v0.3.11
portable	Check (MSRV)	2026-10-02T16:45:15.9996053Z ^[[1m^[[92m    Checking^[[0m pxfm v0.1.30
portable	Check (MSRV)	2026-10-02T16:45:16.0055918Z ^[[1m^[[92m    Checking^[[0m as-raw-xcb-connection v1.0.1
portable	Check (MSRV)	2026-10-02T16:45:16.0366197Z ^[[1m^[[92m   Compiling^[[0m litrs v1.0.0
portable	Check (MSRV)	2026-10-02T16:45:16.0636210Z ^[[1m^[[92m    Checking^[[0m smol_str v0.3.6
portable	Check (MSRV)	2026-10-02T16:45:16.1675977Z ^[[1m^[[92m    Checking^[[0m option-ext v0.2.0
portable	Check (MSRV)	2026-10-02T16:45:16.2026077Z ^[[1m^[[92m    Checking^[[0m dyn-clone v1.0.20
portable	Check (MSRV)	2026-10-02T16:45:16.2406795Z ^[[1m^[[92m    Checking^[[0m ryu v1.0.23
portable	Check (MSRV)	2026-10-02T16:45:16.3196110Z ^[[1m^[[92m    Checking^[[0m bit_field v0.10.3
portable	Check (MSRV)	2026-10-02T16:45:16.3936301Z ^[[1m^[[92m    Checking^[[0m float_next_after v1.0.0
portable	Check (MSRV)	2026-10-02T16:45:16.4262634Z ^[[1m^[[92m    Checking^[[0m fax v0.2.7
portable	Check (MSRV)	2026-10-02T16:45:16.4756662Z ^[[1m^[[92m    Checking^[[0m rustc-demangle v0.1.28
portable	Check (MSRV)	2026-10-02T16:45:16.5906197Z ^[[1m^[[92m   Compiling^[[0m gpui-pre-ztracing-macro v0.3.7
portable	Check (MSRV)	2026-10-02T16:45:16.6595186Z ^[[1m^[[92m    Checking^[[0m imagesize v0.14.0
portable	Check (MSRV)	2026-10-02T16:45:16.7166041Z ^[[1m^[[92m    Checking^[[0m lebe v0.5.3
portable	Check (MSRV)	2026-10-02T16:45:16.8225850Z ^[[1m^[[92m    Checking^[[0m exr v1.74.2
portable	Check (MSRV)	2026-10-02T16:45:16.8472286Z ^[[1m^[[92m    Checking^[[0m usvg v0.46.0
portable	Check (MSRV)	2026-10-02T16:45:17.9676522Z ^[[1m^[[92m    Checking^[[0m moxcms v0.8.1
portable	Check (MSRV)	2026-10-02T16:45:18.0426458Z ^[[1m^[[92m    Checking^[[0m backtrace v0.3.76
portable	Check (MSRV)	2026-10-02T16:45:18.2856128Z ^[[1m^[[92m    Checking^[[0m tiff v0.11.3
portable	Check (MSRV)	2026-10-02T16:45:19.0896049Z ^[[1m^[[92m   Compiling^[[0m document-features v0.2.12
portable	Check (MSRV)	2026-10-02T16:45:19.2146611Z ^[[1m^[[92m    Checking^[[0m lyon_tessellation v1.0.20
portable	Check (MSRV)	2026-10-02T16:45:19.2246378Z ^[[1m^[[92m    Checking^[[0m serde_urlencoded v0.7.1
portable	Check (MSRV)	2026-10-02T16:45:19.3721446Z ^[[1m^[[92m    Checking^[[0m schemars v1.2.2
portable	Check (MSRV)	2026-10-02T16:45:19.4933968Z ^[[1m^[[92m    Checking^[[0m dirs-sys v0.4.1
portable	Check (MSRV)	2026-10-02T16:45:19.5856470Z ^[[1m^[[92m    Checking^[[0m flume v0.12.0
portable	Check (MSRV)	2026-10-02T16:45:19.7593249Z ^[[1m^[[92m    Checking^[[0m skrifa v0.44.0
portable	Check (MSRV)	2026-10-02T16:45:19.9776016Z ^[[1m^[[92m    Checking^[[0m url v2.5.8
portable	Check (MSRV)	2026-10-02T16:45:20.3385933Z ^[[1m^[[92m    Checking^[[0m cipher v0.4.4
portable	Check (MSRV)	2026-10-02T16:45:20.4761093Z ^[[1m^[[92m   Compiling^[[0m gpui-pre-perf v0.3.7
portable	Check (MSRV)	2026-10-02T16:45:20.4916401Z ^[[1m^[[92m    Checking^[[0m const-random v0.1.18
portable	Check (MSRV)	2026-10-02T16:45:20.5175975Z ^[[1m^[[92m   Compiling^[[0m phf_macros v0.13.1
portable	Check (MSRV)	2026-10-02T16:45:20.7970128Z ^[[1m^[[92m    Checking^[[0m derive_more v2.1.1
portable	Check (MSRV)	2026-10-02T16:45:20.7974378Z ^[[1m^[[92m    Checking^[[0m http-body v1.1.0
portable	Check (MSRV)	2026-10-02T16:45:20.8546999Z ^[[1m^[[92m    Checking^[[0m wgpu-core-deps-windows-linux-android v29.0.4
portable	Check (MSRV)	2026-10-02T16:45:20.8615846Z ^[[1m^[[92m    Checking^[[0m async-compression v0.4.43
portable	Check (MSRV)	2026-10-02T16:45:20.8866640Z ^[[1m^[[92m    Checking^[[0m lyon_algorithms v1.0.20
portable	Check (MSRV)	2026-10-02T16:45:21.0586255Z ^[[1m^[[92m    Checking^[[0m num-iter v0.1.46
portable	Check (MSRV)	2026-10-02T16:45:21.1020668Z ^[[1m^[[92m    Checking^[[0m num-bigint v0.4.8
portable	Check (MSRV)	2026-10-02T16:45:21.1165568Z ^[[1m^[[92m    Checking^[[0m hmac v0.12.1
portable	Check (MSRV)	2026-10-02T16:45:21.1276500Z ^[[1m^[[92m   Compiling^[[0m strum_macros v0.28.0
portable	Check (MSRV)	2026-10-02T16:45:21.1856515Z ^[[1m^[[92m    Checking^[[0m png v0.18.1
portable	Check (MSRV)	2026-10-02T16:45:21.7016110Z ^[[1m^[[92m   Compiling^[[0m wgpu v29.0.4
portable	Check (MSRV)	2026-10-02T16:45:21.8105955Z ^[[1m^[[92m    Checking^[[0m gethostname v1.1.0
portable	Check (MSRV)	2026-10-02T16:45:21.8466058Z ^[[1m^[[92m    Checking^[[0m qoi v0.4.1
portable	Check (MSRV)	2026-10-02T16:45:21.9796278Z ^[[1m^[[92m   Compiling^[[0m gpui-pre-derive-refineable v0.3.7
portable	Check (MSRV)	2026-10-02T16:45:21.9890395Z ^[[1m^[[92m    Checking^[[0m crossbeam-queue v0.3.13
portable	Check (MSRV)	2026-10-02T16:45:22.0786089Z ^[[1m^[[92m    Checking^[[0m x11rb-protocol v0.13.2
portable	Check (MSRV)	2026-10-02T16:45:22.0945979Z ^[[1m^[[92m    Checking^[[0m link-section v0.19.3
portable	Check (MSRV)	2026-10-02T16:45:22.2396375Z ^[[1m^[[92m    Checking^[[0m web-time v1.1.0
portable	Check (MSRV)	2026-10-02T16:45:22.2675289Z ^[[1m^[[92m    Checking^[[0m atomic v0.5.3
portable	Check (MSRV)	2026-10-02T16:45:22.3536039Z ^[[1m^[[92m   Compiling^[[0m zed-font-kit v0.14.1-zed
portable	Check (MSRV)	2026-10-02T16:45:22.4416599Z ^[[1m^[[92m    Checking^[[0m svg_fmt v0.4.5
portable	Check (MSRV)	2026-10-02T16:45:22.4876527Z ^[[1m^[[92m    Checking^[[0m pollster v0.2.5
portable	Check (MSRV)	2026-10-02T16:45:22.5274122Z ^[[1m^[[92m    Checking^[[0m zeno v0.3.3
portable	Check (MSRV)	2026-10-02T16:45:22.5309099Z ^[[1m^[[92m    Checking^[[0m fixedbitset v0.5.7
portable	Check (MSRV)	2026-10-02T16:45:22.6646470Z ^[[1m^[[92m   Compiling^[[0m gpui-pre v0.3.7
portable	Check (MSRV)	2026-10-02T16:45:22.9095697Z ^[[1m^[[92m   Compiling^[[0m linktime-proc-macro v0.2.3
portable	Check (MSRV)	2026-10-02T16:45:23.0452605Z ^[[1m^[[92m   Compiling^[[0m xim-parser v0.2.2
portable	Check (MSRV)	2026-10-02T16:45:23.0505656Z ^[[1m^[[92m    Checking^[[0m yazi v0.2.1
portable	Check (MSRV)	2026-10-02T16:45:23.1296236Z ^[[1m^[[92m    Checking^[[0m cpufeatures v0.2.17
portable	Check (MSRV)	2026-10-02T16:45:23.1596151Z ^[[1m^[[92m   Compiling^[[0m num-bigint-dig v0.9.1
portable	Check (MSRV)	2026-10-02T16:45:23.2636049Z ^[[1m^[[92m    Checking^[[0m strum v0.28.0
portable	Check (MSRV)	2026-10-02T16:45:23.2941818Z ^[[1m^[[92m    Checking^[[0m swash v0.2.10
portable	Check (MSRV)	2026-10-02T16:45:23.3213591Z ^[[1m^[[92m    Checking^[[0m futures-concurrency v7.7.1
portable	Check (MSRV)	2026-10-02T16:45:23.5126024Z ^[[1m^[[92m    Checking^[[0m ctor v1.0.13
portable	Check (MSRV)	2026-10-02T16:45:23.5996079Z ^[[1m^[[92m    Checking^[[0m etagere v0.2.15
portable	Check (MSRV)	2026-10-02T16:45:23.7326106Z ^[[1m^[[92m    Checking^[[0m postage v0.5.0
portable	Check (MSRV)	2026-10-02T16:45:24.0050840Z ^[[1m^[[92m    Checking^[[0m gpui-pre-refineable v0.3.7
portable	Check (MSRV)	2026-10-02T16:45:24.0626610Z ^[[1m^[[92m    Checking^[[0m gpui-pre-scheduler v0.3.7
portable	Check (MSRV)	2026-10-02T16:45:24.3176139Z ^[[1m^[[92m    Checking^[[0m num-rational v0.4.2
portable	Check (MSRV)	2026-10-02T16:45:24.5376254Z ^[[1m^[[92m    Checking^[[0m image v0.25.10
portable	Check (MSRV)	2026-10-02T16:45:25.4886607Z ^[[1m^[[92m    Checking^[[0m phf v0.13.1
portable	Check (MSRV)	2026-10-02T16:45:25.5805966Z ^[[1m^[[92m    Checking^[[0m gpui-pre-http-client v0.3.7
portable	Check (MSRV)	2026-10-02T16:45:25.7606115Z ^[[1m^[[92m    Checking^[[0m lyon v1.0.19
portable	Check (MSRV)	2026-10-02T16:45:26.7235979Z ^[[1m^[[92m   Compiling^[[0m gpui-pre-util-macros v0.3.7
portable	Check (MSRV)	2026-10-02T16:45:27.1236931Z ^[[1m^[[92m    Checking^[[0m pathfinder_geometry v0.5.1
portable	Check (MSRV)	2026-10-02T16:45:27.2435934Z ^[[1m^[[92m    Checking^[[0m gpui-pre-sum-tree v0.3.7
portable	Check (MSRV)	2026-10-02T16:45:27.5496096Z ^[[1m^[[92m    Checking^[[0m gpui-pre-shared-string v0.3.7
portable	Check (MSRV)	2026-10-02T16:45:27.6066108Z ^[[1m^[[92m    Checking^[[0m dirs v5.0.1
portable	Check (MSRV)	2026-10-02T16:45:27.6446440Z ^[[1m^[[92m    Checking^[[0m resvg v0.46.0
portable	Check (MSRV)	2026-10-02T16:45:27.6966083Z ^[[1m^[[92m    Checking^[[0m skrifa v0.40.0
portable	Check (MSRV)	2026-10-02T16:45:27.9086450Z ^[[1m^[[92m    Checking^[[0m harfrust v0.5.2
portable	Check (MSRV)	2026-10-02T16:45:29.3426663Z ^[[1m^[[92m    Checking^[[0m atspi-proxies v0.13.0
portable	Check (MSRV)	2026-10-02T16:45:29.8785944Z ^[[1m^[[92m    Checking^[[0m regex v1.13.1
portable	Check (MSRV)	2026-10-02T16:45:29.9546750Z ^[[1m^[[92m    Checking^[[0m accesskit_consumer v0.38.0
portable	Check (MSRV)	2026-10-02T16:45:30.1195949Z ^[[1m^[[92m    Checking^[[0m itertools v0.14.0
portable	Check (MSRV)	2026-10-02T16:45:30.2886143Z ^[[1m^[[92m   Compiling^[[0m gpui-pre-macros v0.3.7
portable	Check (MSRV)	2026-10-02T16:45:30.2950900Z ^[[1m^[[92m    Checking^[[0m x11rb v0.13.2
portable	Check (MSRV)	2026-10-02T16:45:30.6106477Z ^[[1m^[[92m    Checking^[[0m taffy v0.13.0
portable	Check (MSRV)	2026-10-02T16:45:31.2916392Z ^[[1m^[[92m    Checking^[[0m async-fs v2.2.0
portable	Check (MSRV)	2026-10-02T16:45:31.4336023Z ^[[1m^[[92m    Checking^[[0m spin v0.10.1
portable	Check (MSRV)	2026-10-02T16:45:31.5416966Z ^[[1m^[[92m    Checking^[[0m is-docker v0.2.0
portable	Check (MSRV)	2026-10-02T16:45:31.5733151Z ^[[1m^[[92m    Checking^[[0m num_cpus v1.17.0
portable	Check (MSRV)	2026-10-02T16:45:31.6476523Z ^[[1m^[[92m    Checking^[[0m encoding_rs v0.8.35
portable	Check (MSRV)	2026-10-02T16:45:31.6525566Z ^[[1m^[[92m    Checking^[[0m rangemap v1.8.0
portable	Check (MSRV)	2026-10-02T16:45:31.8046777Z ^[[1m^[[92m    Checking^[[0m waker-fn v1.2.0
portable	Check (MSRV)	2026-10-02T16:45:31.8444481Z ^[[1m^[[92m   Compiling^[[0m inotify-sys v0.1.8
portable	Check (MSRV)	2026-10-02T16:45:31.8495932Z ^[[1m^[[92m    Checking^[[0m float-ord v0.3.2
portable	Check (MSRV)	2026-10-02T16:45:31.8897039Z ^[[1m^[[92m    Checking^[[0m seahash v4.1.0
portable	Check (MSRV)	2026-10-02T16:45:31.9472912Z ^[[1m^[[92m    Checking^[[0m linebender_resource_handle v0.1.1
portable	Check (MSRV)	2026-10-02T16:45:31.9966595Z ^[[1m^[[92m    Checking^[[0m inventory v0.3.24
portable	Check (MSRV)	2026-10-02T16:45:32.0020979Z ^[[1m^[[92m    Checking^[[0m self_cell v1.3.0
portable	Check (MSRV)	2026-10-02T16:45:32.0386734Z ^[[1m^[[92m    Checking^[[0m sys-locale v0.3.2
portable	Check (MSRV)	2026-10-02T16:45:32.0506051Z ^[[1m^[[92m    Checking^[[0m pollster v0.4.0
portable	Check (MSRV)	2026-10-02T16:45:32.0713393Z ^[[1m^[[92m    Checking^[[0m unicode-linebreak v0.1.5
portable	Check (MSRV)	2026-10-02T16:45:32.2255961Z ^[[1m^[[92m    Checking^[[0m cosmic-text v0.19.0
portable	Check (MSRV)	2026-10-02T16:45:32.4046059Z ^[[1m^[[92m    Checking^[[0m is-wsl v0.4.0
portable	Check (MSRV)	2026-10-02T16:45:32.4406551Z ^[[1m^[[92m    Checking^[[0m atspi v0.29.0
portable	Check (MSRV)	2026-10-02T16:45:32.4816329Z ^[[1m^[[92m    Checking^[[0m accesskit_atspi_common v0.19.1
portable	Check (MSRV)	2026-10-02T16:45:32.5037821Z ^[[1m^[[92m    Checking^[[0m xim-ctext v0.3.0
portable	Check (MSRV)	2026-10-02T16:45:32.8635605Z ^[[1m^[[92m    Checking^[[0m num v0.4.3
portable	Check (MSRV)	2026-10-02T16:45:33.4178192Z ^[[1m^[[92m    Checking^[[0m aes v0.8.4
portable	Check (MSRV)	2026-10-02T16:45:33.6416859Z ^[[1m^[[92m    Checking^[[0m sha2 v0.10.9
portable	Check (MSRV)	2026-10-02T16:45:33.7259029Z ^[[1m^[[92m    Checking^[[0m hkdf v0.12.4
portable	Check (MSRV)	2026-10-02T16:45:33.7966014Z ^[[1m^[[92m    Checking^[[0m pbkdf2 v0.12.2
portable	Check (MSRV)	2026-10-02T16:45:33.8343836Z ^[[1m^[[92m    Checking^[[0m cbc v0.1.2
portable	Check (MSRV)	2026-10-02T16:45:33.8404382Z ^[[1m^[[92m    Checking^[[0m ashpd v0.13.13
portable	Check (MSRV)	2026-10-02T16:45:33.9016488Z ^[[1m^[[92m    Checking^[[0m md-5 v0.10.6
portable	Check (MSRV)	2026-10-02T16:45:33.9756215Z ^[[1m^[[92m    Checking^[[0m async-net v2.0.0
portable	Check (MSRV)	2026-10-02T16:45:34.1620947Z ^[[1m^[[92m    Checking^[[0m calloop v0.14.4
portable	Check (MSRV)	2026-10-02T16:45:34.2515991Z ^[[1m^[[92m    Checking^[[0m kurbo v0.11.3
portable	Check (MSRV)	2026-10-02T16:45:34.5666135Z ^[[1m^[[92m   Compiling^[[0m smartstring v1.0.1
portable	Check (MSRV)	2026-10-02T16:45:34.6756087Z ^[[1m^[[92m    Checking^[[0m xkeysym v0.2.1
portable	Check (MSRV)	2026-10-02T16:45:34.8546251Z ^[[1m^[[92m    Checking^[[0m hashbrown v0.14.5
portable	Check (MSRV)	2026-10-02T16:45:35.1955948Z ^[[1m^[[92m    Checking^[[0m bit-vec v0.8.0
portable	Check (MSRV)	2026-10-02T16:45:35.2076186Z ^[[1m^[[92m    Checking^[[0m xkbcommon v0.8.0
portable	Check (MSRV)	2026-10-02T16:45:35.2636255Z ^[[1m^[[92m    Checking^[[0m zed-xim v0.4.0-zed
portable	Check (MSRV)	2026-10-02T16:45:35.3286235Z ^[[1m^[[92m    Checking^[[0m bit-set v0.8.0
portable	Check (MSRV)	2026-10-02T16:45:35.3642440Z ^[[1m^[[92m    Checking^[[0m oo7 v0.6.0
portable	Check (MSRV)	2026-10-02T16:45:35.4046448Z ^[[1m^[[92m    Checking^[[0m svgtypes v0.15.3
portable	Check (MSRV)	2026-10-02T16:45:35.4906075Z ^[[1m^[[92m    Checking^[[0m calloop-wayland-source v0.4.1
portable	Check (MSRV)	2026-10-02T16:45:35.5445906Z ^[[1m^[[92m    Checking^[[0m smol v2.0.2
portable	Check (MSRV)	2026-10-02T16:45:35.5866674Z ^[[1m^[[92m    Checking^[[0m accesskit_unix v0.22.1
portable	Check (MSRV)	2026-10-02T16:45:35.6745938Z ^[[1m^[[92m    Checking^[[0m open v5.4.4
portable	Check (MSRV)	2026-10-02T16:45:35.7735967Z ^[[1m^[[92m    Checking^[[0m x11-clipboard v0.9.3
portable	Check (MSRV)	2026-10-02T16:45:35.8846602Z ^[[1m^[[92m    Checking^[[0m wayland-protocols-plasma v0.3.12
portable	Check (MSRV)	2026-10-02T16:45:36.7996177Z ^[[1m^[[92m    Checking^[[0m wayland-protocols-wlr v0.3.12
portable	Check (MSRV)	2026-10-02T16:45:37.6076293Z ^[[1m^[[92m    Checking^[[0m wayland-cursor v0.31.14
portable	Check (MSRV)	2026-10-02T16:45:37.6758696Z ^[[1m^[[92m    Checking^[[0m filedescriptor v0.8.3
portable	Check (MSRV)	2026-10-02T16:45:37.6956534Z ^[[1m^[[92m    Checking^[[0m notify-rust v4.18.0
portable	Check (MSRV)	2026-10-02T16:45:37.7386252Z ^[[1m^[[92m    Checking^[[0m toml_datetime v0.6.11
portable	Check (MSRV)	2026-10-02T16:45:37.7686188Z ^[[1m^[[92m    Checking^[[0m serde_spanned v0.6.9
portable	Check (MSRV)	2026-10-02T16:45:37.8195912Z ^[[1m^[[92m    Checking^[[0m winnow v0.7.15
portable	Check (MSRV)	2026-10-02T16:45:37.8527870Z ^[[1m^[[92m    Checking^[[0m imagesize v0.13.0
portable	Check (MSRV)	2026-10-02T16:45:37.9765914Z ^[[1m^[[92m    Checking^[[0m toml_write v0.1.2
portable	Check (MSRV)	2026-10-02T16:45:38.0086344Z ^[[1m^[[92m    Checking^[[0m linked-hash-map v0.5.6
portable	Check (MSRV)	2026-10-02T16:45:38.0766251Z ^[[1m^[[92m    Checking^[[0m usvg v0.45.1
portable	Check (MSRV)	2026-10-02T16:45:38.1143182Z ^[[1m^[[92m    Checking^[[0m yaml-rust v0.4.5
portable	Check (MSRV)	2026-10-02T16:45:38.3376496Z ^[[1m^[[92m    Checking^[[0m inotify v0.11.5
portable	Check (MSRV)	2026-10-02T16:45:38.7245929Z ^[[1m^[[92m    Checking^[[0m fancy-regex v0.16.2
portable	Check (MSRV)	2026-10-02T16:45:39.0475886Z ^[[1m^[[92m    Checking^[[0m bincode v1.3.3
portable	Check (MSRV)	2026-10-02T16:45:39.1658145Z ^[[1m^[[92m    Checking^[[0m toml_edit v0.22.27
portable	Check (MSRV)	2026-10-02T16:45:39.1926006Z ^[[1m^[[92m   Compiling^[[0m rhai_codegen v3.2.0
portable	Check (MSRV)	2026-10-02T16:45:39.3356099Z ^[[1m^[[92m    Checking^[[0m mio v1.2.2
portable	Check (MSRV)	2026-10-02T16:45:39.4855979Z ^[[1m^[[92m    Checking^[[0m notify-types v2.1.0
portable	Check (MSRV)	2026-10-02T16:45:39.6466077Z ^[[1m^[[92m    Checking^[[0m jiff-core v0.1.0
portable	Check (MSRV)	2026-10-02T16:45:40.3416564Z ^[[1m^[[92m    Checking^[[0m thin-vec v0.2.19
portable	Check (MSRV)	2026-10-02T16:45:40.3686155Z ^[[1m^[[92m    Checking^[[0m fnv v1.0.7
portable	Check (MSRV)	2026-10-02T16:45:40.4015930Z ^[[1m^[[92m    Checking^[[0m syntect v5.3.0
portable	Check (MSRV)	2026-10-02T16:45:40.4688747Z ^[[1m^[[92m    Checking^[[0m toml v0.8.23
portable	Check (MSRV)	2026-10-02T16:45:40.4947908Z ^[[1m^[[92m    Checking^[[0m rhai v1.26.0
portable	Check (MSRV)	2026-10-02T16:45:40.7510275Z ^[[1m^[[92m    Checking^[[0m jiff v0.2.35
portable	Check (MSRV)	2026-10-02T16:45:41.3166051Z ^[[1m^[[92m    Checking^[[0m notify v8.2.0
portable	Check (MSRV)	2026-10-02T16:45:41.4816039Z ^[[1m^[[92m    Checking^[[0m resvg v0.45.1
portable	Check (MSRV)	2026-10-02T16:45:41.7306077Z ^[[1m^[[92m    Checking^[[0m similar v3.2.0
portable	Check (MSRV)	2026-10-02T16:45:42.5186328Z ^[[1m^[[92m    Checking^[[0m tempfile v3.27.0
portable	Check (MSRV)	2026-10-02T16:45:42.6486615Z ^[[1m^[[92m    Checking^[[0m utf8parse v0.2.2
portable	Check (MSRV)	2026-10-02T16:45:42.6860152Z ^[[1m^[[92m    Checking^[[0m anstyle-parse v1.0.0
portable	Check (MSRV)	2026-10-02T16:45:42.7069918Z ^[[1m^[[92m    Checking^[[0m colorchoice v1.0.5
portable	Check (MSRV)	2026-10-02T16:45:42.7416054Z ^[[1m^[[92m    Checking^[[0m anstyle-query v1.1.5
portable	Check (MSRV)	2026-10-02T16:45:42.7721042Z ^[[1m^[[92m    Checking^[[0m anstyle v1.0.14
portable	Check (MSRV)	2026-10-02T16:45:42.7735906Z ^[[1m^[[92m    Checking^[[0m is_terminal_polyfill v1.70.2
portable	Check (MSRV)	2026-10-02T16:45:42.8066034Z ^[[1m^[[92m    Checking^[[0m strsim v0.11.1
portable	Check (MSRV)	2026-10-02T16:45:42.8816094Z ^[[1m^[[92m    Checking^[[0m anstream v1.0.0
portable	Check (MSRV)	2026-10-02T16:45:42.8936640Z ^[[1m^[[92m    Checking^[[0m clap_lex v1.1.0
portable	Check (MSRV)	2026-10-02T16:45:42.9736174Z ^[[1m^[[92m   Compiling^[[0m clap_derive v4.6.4
portable	Check (MSRV)	2026-10-02T16:45:42.9906206Z ^[[1m^[[92m    Checking^[[0m gpui-pre-wgpu v0.3.7
portable	Check (MSRV)	2026-10-02T16:45:43.0156510Z ^[[1m^[[92m    Checking^[[0m clap_builder v4.6.6
portable	Check (MSRV)	2026-10-02T16:45:43.5986255Z ^[[1m^[[92m    Checking^[[0m gpui-pre-linux v0.3.7
portable	Check (MSRV)	2026-10-02T16:45:44.3246509Z ^[[1m^[[92m    Checking^[[0m gpui-rhai-registry v0.1.8 (/home/runner/work/gpui-rhai/gpui-rhai/registry)
portable	Check (MSRV)	2026-10-02T16:45:44.5682998Z ^[[1m^[[92m    Checking^[[0m clap v4.6.6
portable	Check (MSRV)	2026-10-02T16:45:45.1966590Z ^[[1m^[[92m    Checking^[[0m gpui-pre-platform v0.3.7
portable	Check (MSRV)	2026-10-02T16:45:48.0482404Z ^[[1m^[[92m    Checking^[[0m gpui-rhai v0.1.8 (/home/runner/work/gpui-rhai/gpui-rhai/crates/gpui-rhai)
portable	Check (MSRV)	2026-10-02T16:45:58.4924293Z ^[[1m^[[92m    Checking^[[0m gpui-rhai-cli v0.1.8 (/home/runner/work/gpui-rhai/gpui-rhai/crates/gpui-rhai-cli)
portable	Check (MSRV)	2026-10-02T16:46:01.2011396Z ^[[1m^[[92m    Finished^[[0m `dev` profile [unoptimized + debuginfo] target(s) in 1m 33s
portable	Latest stable check	﻿2026-10-02T16:46:01.2604006Z ##[group]Run rustup toolchain install stable --profile minimal --no-self-update
portable	Latest stable check	2026-10-02T16:46:01.2604813Z ^[[36;1mrustup toolchain install stable --profile minimal --no-self-update^[[0m
portable	Latest stable check	2026-10-02T16:46:01.2605297Z ^[[36;1mcargo +stable check --workspace --all-targets --all-features^[[0m
portable	Latest stable check	2026-10-02T16:46:01.2672480Z shell: /usr/bin/bash -e {0}
portable	Latest stable check	2026-10-02T16:46:01.2672800Z env:
portable	Latest stable check	2026-10-02T16:46:01.2673074Z   CARGO_HOME: /home/runner/.cargo
portable	Latest stable check	2026-10-02T16:46:01.2673340Z   CARGO_INCREMENTAL: 0
portable	Latest stable check	2026-10-02T16:46:01.2673564Z   CARGO_TERM_COLOR: always
portable	Latest stable check	2026-10-02T16:46:01.2673794Z ##[endgroup]
portable	Latest stable check	2026-10-02T16:46:01.4036079Z info: syncing channel updates for stable-x86_64-unknown-linux-gnu
portable	Latest stable check	2026-10-02T16:46:01.5540161Z info: latest update on 2026-10-01 for version 1.99.0 (b940084d7 2026-09-28)
portable	Latest stable check	2026-10-02T16:46:01.5687918Z info: removing previous version of component rustfmt
portable	Latest stable check	2026-10-02T16:46:01.5763318Z info: removing previous version of component clippy
portable	Latest stable check	2026-10-02T16:46:01.5774436Z info: removing previous version of component cargo
portable	Latest stable check	2026-10-02T16:46:01.5863308Z info: removing previous version of component rust-std
portable	Latest stable check	2026-10-02T16:46:01.5910973Z info: removing previous version of component rustc
portable	Latest stable check	2026-10-02T16:46:01.5959846Z info: downloading 5 components
portable	Latest stable check	2026-10-02T16:46:10.2601197Z 
portable	Latest stable check	2026-10-02T16:46:10.2675635Z   stable-x86_64-unknown-linux-gnu updated - rustc 1.99.0 (b940084d7 2026-09-28) (from rustc 1.98.1 (48a229cea 2026-09-01))
portable	Latest stable check	2026-10-02T16:46:10.2676180Z 
portable	Latest stable check	2026-10-02T16:46:10.6462944Z ^[[1m^[[92m   Compiling^[[0m proc-macro2 v1.0.107
portable	Latest stable check	2026-10-02T16:46:10.6463666Z ^[[1m^[[92m   Compiling^[[0m quote v1.0.47
portable	Latest stable check	2026-10-02T16:46:10.6465436Z ^[[1m^[[92m   Compiling^[[0m unicode-ident v1.0.24
portable	Latest stable check	2026-10-02T16:46:10.6465988Z ^[[1m^[[92m   Compiling^[[0m serde_core v1.0.229
portable	Latest stable check	2026-10-02T16:46:10.7046133Z ^[[1m^[[92m    Checking^[[0m cfg-if v1.0.4
portable	Latest stable check	2026-10-02T16:46:10.7296147Z ^[[1m^[[92m   Compiling^[[0m serde v1.0.229
portable	Latest stable check	2026-10-02T16:46:10.7982773Z ^[[1m^[[92m   Compiling^[[0m typeid v1.0.3
portable	Latest stable check	2026-10-02T16:46:10.9111879Z ^[[1m^[[92m   Compiling^[[0m erased-serde v0.4.10
portable	Latest stable check	2026-10-02T16:46:10.9508013Z ^[[1m^[[92m   Compiling^[[0m libc v0.2.189
portable	Latest stable check	2026-10-02T16:46:11.0593756Z ^[[1m^[[92m    Checking^[[0m bitflags v2.13.1
portable	Latest stable check	2026-10-02T16:46:11.1636124Z ^[[1m^[[92m   Compiling^[[0m autocfg v1.5.1
portable	Latest stable check	2026-10-02T16:46:11.4796152Z ^[[1m^[[92m   Compiling^[[0m libm v0.2.16
portable	Latest stable check	2026-10-02T16:46:11.5875932Z ^[[1m^[[92m   Compiling^[[0m syn v3.0.4
portable	Latest stable check	2026-10-02T16:46:11.6250170Z ^[[1m^[[92m   Compiling^[[0m syn v2.0.119
portable	Latest stable check	2026-10-02T16:46:12.0386220Z ^[[1m^[[92m   Compiling^[[0m portable-atomic v1.15.0
portable	Latest stable check	2026-10-02T16:46:12.5239290Z ^[[1m^[[92m    Checking^[[0m serde_fmt v1.1.0
portable	Latest stable check	2026-10-02T16:46:12.9386191Z ^[[1m^[[92m    Checking^[[0m value-bag-serde1 v1.13.2
portable	Latest stable check	2026-10-02T16:46:12.9656224Z ^[[1m^[[92m    Checking^[[0m value-bag v1.13.2
portable	Latest stable check	2026-10-02T16:46:13.1595935Z ^[[1m^[[92m    Checking^[[0m log v0.4.34
portable	Latest stable check	2026-10-02T16:46:13.3143351Z ^[[1m^[[92m    Checking^[[0m once_cell v1.21.4
portable	Latest stable check	2026-10-02T16:46:13.3492976Z ^[[1m^[[92m   Compiling^[[0m version_check v0.9.5
portable	Latest stable check	2026-10-02T16:46:13.5486248Z ^[[1m^[[92m    Checking^[[0m pin-project-lite v0.2.17
portable	Latest stable check	2026-10-02T16:46:13.5875968Z ^[[1m^[[92m   Compiling^[[0m num-traits v0.2.19
portable	Latest stable check	2026-10-02T16:46:14.2646808Z ^[[1m^[[92m    Checking^[[0m futures-core v0.3.34
portable	Latest stable check	2026-10-02T16:46:14.3216166Z ^[[1m^[[92m   Compiling^[[0m crossbeam-utils v0.8.22
portable	Latest stable check	2026-10-02T16:46:14.7405985Z ^[[1m^[[92m   Compiling^[[0m equivalent v1.0.2
portable	Latest stable check	2026-10-02T16:46:14.7705920Z ^[[1m^[[92m   Compiling^[[0m hashbrown v0.17.1
portable	Latest stable check	2026-10-02T16:46:15.2626501Z ^[[1m^[[92m   Compiling^[[0m rustix v1.1.4
portable	Latest stable check	2026-10-02T16:46:15.4559764Z ^[[1m^[[92m   Compiling^[[0m indexmap v2.14.0
portable	Latest stable check	2026-10-02T16:46:15.5191243Z ^[[1m^[[92m    Checking^[[0m linux-raw-sys v0.12.1
portable	Latest stable check	2026-10-02T16:46:16.0226039Z ^[[1m^[[92m    Checking^[[0m futures-io v0.3.34
portable	Latest stable check	2026-10-02T16:46:16.1876754Z ^[[1m^[[92m   Compiling^[[0m serde_derive v1.0.229
portable	Latest stable check	2026-10-02T16:46:16.2226180Z ^[[1m^[[92m   Compiling^[[0m bytemuck_derive v1.12.1
portable	Latest stable check	2026-10-02T16:46:16.4806174Z ^[[1m^[[92m    Checking^[[0m memchr v2.8.3
portable	Latest stable check	2026-10-02T16:46:16.8036091Z ^[[1m^[[92m   Compiling^[[0m winnow v1.0.4
portable	Latest stable check	2026-10-02T16:46:17.1976211Z ^[[1m^[[92m    Checking^[[0m bytemuck v1.25.2
portable	Latest stable check	2026-10-02T16:46:17.3565882Z ^[[1m^[[92m    Checking^[[0m parking v2.2.1
portable	Latest stable check	2026-10-02T16:46:17.4036181Z ^[[1m^[[92m    Checking^[[0m slab v0.4.12
portable	Latest stable check	2026-10-02T16:46:17.4915830Z ^[[1m^[[92m    Checking^[[0m fastrand v2.5.0
portable	Latest stable check	2026-10-02T16:46:17.5936052Z ^[[1m^[[92m   Compiling^[[0m toml_datetime v1.1.1+spec-1.1.0
portable	Latest stable check	2026-10-02T16:46:17.7606317Z ^[[1m^[[92m   Compiling^[[0m toml_parser v1.1.3+spec-1.1.0
portable	Latest stable check	2026-10-02T16:46:17.8096562Z ^[[1m^[[92m   Compiling^[[0m pkg-config v0.3.34
portable	Latest stable check	2026-10-02T16:46:18.2136232Z ^[[1m^[[92m   Compiling^[[0m toml_edit v0.25.13+spec-1.1.0
portable	Latest stable check	2026-10-02T16:46:18.2647105Z ^[[1m^[[92m    Checking^[[0m arrayvec v0.7.8
portable	Latest stable check	2026-10-02T16:46:18.4396094Z ^[[1m^[[92m   Compiling^[[0m zerocopy v0.8.56
portable	Latest stable check	2026-10-02T16:46:18.6776072Z ^[[1m^[[92m   Compiling^[[0m zerocopy-derive v0.8.56
portable	Latest stable check	2026-10-02T16:46:19.3896729Z ^[[1m^[[92m    Checking^[[0m smallvec v1.15.2
portable	Latest stable check	2026-10-02T16:46:19.5232864Z ^[[1m^[[92m   Compiling^[[0m proc-macro-crate v3.5.0
portable	Latest stable check	2026-10-02T16:46:19.6186402Z ^[[1m^[[92m    Checking^[[0m simd-adler32 v0.3.10
portable	Latest stable check	2026-10-02T16:46:19.7086482Z ^[[1m^[[92m   Compiling^[[0m enumflags2_derive v0.7.12
portable	Latest stable check	2026-10-02T16:46:19.7116294Z ^[[1m^[[92m    Checking^[[0m libloading v0.8.9
portable	Latest stable check	2026-10-02T16:46:19.7792928Z ^[[1m^[[92m   Compiling^[[0m zvariant_utils v4.2.0
portable	Latest stable check	2026-10-02T16:46:19.8833248Z ^[[1m^[[92m    Checking^[[0m futures-lite v2.6.1
portable	Latest stable check	2026-10-02T16:46:20.0826307Z ^[[1m^[[92m    Checking^[[0m event-listener v5.4.2
portable	Latest stable check	2026-10-02T16:46:20.2216425Z ^[[1m^[[92m    Checking^[[0m concurrent-queue v2.5.0
portable	Latest stable check	2026-10-02T16:46:20.4646052Z ^[[1m^[[92m    Checking^[[0m adler2 v2.0.1
portable	Latest stable check	2026-10-02T16:46:20.5096120Z ^[[1m^[[92m    Checking^[[0m miniz_oxide v0.8.9
portable	Latest stable check	2026-10-02T16:46:20.6766095Z ^[[1m^[[92m   Compiling^[[0m zvariant_derive v5.15.0
portable	Latest stable check	2026-10-02T16:46:20.8036671Z ^[[1m^[[92m    Checking^[[0m event-listener-strategy v0.5.4
portable	Latest stable check	2026-10-02T16:46:20.8596683Z ^[[1m^[[92m   Compiling^[[0m synstructure v0.13.2
portable	Latest stable check	2026-10-02T16:46:20.8905964Z ^[[1m^[[92m    Checking^[[0m tracing-core v0.1.36
portable	Latest stable check	2026-10-02T16:46:21.1688965Z ^[[1m^[[92m    Checking^[[0m stable_deref_trait v1.2.1
portable	Latest stable check	2026-10-02T16:46:21.2021764Z ^[[1m^[[92m   Compiling^[[0m find-msvc-tools v0.1.11
portable	Latest stable check	2026-10-02T16:46:21.3299088Z ^[[1m^[[92m    Checking^[[0m async-task v4.7.1
portable	Latest stable check	2026-10-02T16:46:21.3456685Z ^[[1m^[[92m   Compiling^[[0m shlex v2.0.1
portable	Latest stable check	2026-10-02T16:46:21.3676084Z ^[[1m^[[92m   Compiling^[[0m crc32fast v1.5.1
portable	Latest stable check	2026-10-02T16:46:21.4442432Z ^[[1m^[[92m   Compiling^[[0m cc v1.4.4
portable	Latest stable check	2026-10-02T16:46:21.4526135Z ^[[1m^[[92m   Compiling^[[0m zerofrom-derive v0.1.7
portable	Latest stable check	2026-10-02T16:46:21.5165953Z ^[[1m^[[92m    Checking^[[0m dlib v0.5.3
portable	Latest stable check	2026-10-02T16:46:21.5511253Z ^[[1m^[[92m   Compiling^[[0m getrandom v0.4.3
portable	Latest stable check	2026-10-02T16:46:21.7565879Z ^[[1m^[[92m   Compiling^[[0m yoke-derive v0.8.2
portable	Latest stable check	2026-10-02T16:46:22.4445994Z ^[[1m^[[92m    Checking^[[0m zerofrom v0.1.8
portable	Latest stable check	2026-10-02T16:46:22.5075974Z ^[[1m^[[92m    Checking^[[0m async-channel v2.5.0
portable	Latest stable check	2026-10-02T16:46:22.5905968Z ^[[1m^[[92m    Checking^[[0m polling v3.11.0
portable	Latest stable check	2026-10-02T16:46:22.6717219Z ^[[1m^[[92m   Compiling^[[0m wayland-sys v0.31.11
portable	Latest stable check	2026-10-02T16:46:22.7290692Z ^[[1m^[[92m   Compiling^[[0m tracing-attributes v0.1.31
portable	Latest stable check	2026-10-02T16:46:22.7776116Z ^[[1m^[[92m   Compiling^[[0m generic-array v0.14.7
portable	Latest stable check	2026-10-02T16:46:22.8936638Z ^[[1m^[[92m    Checking^[[0m yoke v0.8.3
portable	Latest stable check	2026-10-02T16:46:22.9593417Z ^[[1m^[[92m    Checking^[[0m flate2 v1.1.9
portable	Latest stable check	2026-10-02T16:46:23.0676047Z ^[[1m^[[92m   Compiling^[[0m enumflags2 v0.7.12
portable	Latest stable check	2026-10-02T16:46:23.1786470Z ^[[1m^[[92m   Compiling^[[0m zcheapstr v1.1.0
portable	Latest stable check	2026-10-02T16:46:23.1876088Z ^[[1m^[[92m   Compiling^[[0m async-io v2.6.0
portable	Latest stable check	2026-10-02T16:46:23.2646012Z ^[[1m^[[92m   Compiling^[[0m cfg_aliases v0.2.2
portable	Latest stable check	2026-10-02T16:46:23.2790793Z ^[[1m^[[92m   Compiling^[[0m anyhow v1.0.104
portable	Latest stable check	2026-10-02T16:46:23.2986104Z ^[[1m^[[92m   Compiling^[[0m endi v1.1.1
portable	Latest stable check	2026-10-02T16:46:23.3754754Z ^[[1m^[[92m    Checking^[[0m typenum v1.20.1
portable	Latest stable check	2026-10-02T16:46:23.4755785Z ^[[1m^[[92m   Compiling^[[0m zvariant v5.15.0
portable	Latest stable check	2026-10-02T16:46:23.6915869Z ^[[1m^[[92m    Checking^[[0m tracing v0.1.44
portable	Latest stable check	2026-10-02T16:46:24.0004997Z ^[[1m^[[92m   Compiling^[[0m zerovec-derive v0.11.6
portable	Latest stable check	2026-10-02T16:46:24.4349851Z ^[[1m^[[92m    Checking^[[0m scopeguard v1.2.0
portable	Latest stable check	2026-10-02T16:46:24.8356598Z ^[[1m^[[92m    Checking^[[0m sha1_smol v1.0.1
portable	Latest stable check	2026-10-02T16:46:24.9126148Z ^[[1m^[[92m    Checking^[[0m atomic-waker v1.1.2
portable	Latest stable check	2026-10-02T16:46:24.9455996Z ^[[1m^[[92m    Checking^[[0m piper v0.2.5
portable	Latest stable check	2026-10-02T16:46:25.0156077Z ^[[1m^[[92m    Checking^[[0m uuid v1.26.0
portable	Latest stable check	2026-10-02T16:46:25.2506571Z ^[[1m^[[92m    Checking^[[0m zerovec v0.11.8
portable	Latest stable check	2026-10-02T16:46:25.2826400Z ^[[1m^[[92m    Checking^[[0m lock_api v0.4.14
portable	Latest stable check	2026-10-02T16:46:25.6586158Z ^[[1m^[[92m   Compiling^[[0m zbus_names v4.3.4
portable	Latest stable check	2026-10-02T16:46:25.8136359Z ^[[1m^[[92m   Compiling^[[0m displaydoc v0.2.7
portable	Latest stable check	2026-10-02T16:46:25.9915975Z ^[[1m^[[92m    Checking^[[0m core_maths v0.1.1
portable	Latest stable check	2026-10-02T16:46:26.0305979Z ^[[1m^[[92m    Checking^[[0m serde_bytes v0.11.19
portable	Latest stable check	2026-10-02T16:46:26.1336004Z ^[[1m^[[92m    Checking^[[0m errno v0.3.14
portable	Latest stable check	2026-10-02T16:46:26.1576102Z ^[[1m^[[92m   Compiling^[[0m getrandom v0.3.4
portable	Latest stable check	2026-10-02T16:46:26.1805993Z ^[[1m^[[92m    Checking^[[0m futures-sink v0.3.34
portable	Latest stable check	2026-10-02T16:46:26.2236093Z ^[[1m^[[92m   Compiling^[[0m zmij v1.0.23
portable	Latest stable check	2026-10-02T16:46:26.3166119Z ^[[1m^[[92m    Checking^[[0m signal-hook-registry v1.4.8
portable	Latest stable check	2026-10-02T16:46:26.3546034Z ^[[1m^[[92m    Checking^[[0m blocking v1.7.0
portable	Latest stable check	2026-10-02T16:46:26.3856021Z ^[[1m^[[92m    Checking^[[0m async-lock v3.4.2
portable	Latest stable check	2026-10-02T16:46:26.4056283Z ^[[1m^[[92m    Checking^[[0m allocator-api2 v0.2.21
portable	Latest stable check	2026-10-02T16:46:26.4655970Z ^[[1m^[[92m   Compiling^[[0m parking_lot_core v0.9.12
portable	Latest stable check	2026-10-02T16:46:26.5886052Z ^[[1m^[[92m    Checking^[[0m foldhash v0.2.0
portable	Latest stable check	2026-10-02T16:46:26.6346079Z ^[[1m^[[92m   Compiling^[[0m thiserror v2.0.20
portable	Latest stable check	2026-10-02T16:46:26.6555988Z ^[[1m^[[92m    Checking^[[0m siphasher v1.0.3
portable	Latest stable check	2026-10-02T16:46:26.7256521Z ^[[1m^[[92m    Checking^[[0m hashbrown v0.16.1
portable	Latest stable check	2026-10-02T16:46:26.7600295Z ^[[1m^[[92m    Checking^[[0m async-signal v0.2.14
portable	Latest stable check	2026-10-02T16:46:26.8616110Z ^[[1m^[[92m    Checking^[[0m futures-channel v0.3.34
portable	Latest stable check	2026-10-02T16:46:26.9056506Z ^[[1m^[[92m    Checking^[[0m half v2.7.1
portable	Latest stable check	2026-10-02T16:46:26.9866310Z ^[[1m^[[92m   Compiling^[[0m thiserror-impl v2.0.20
portable	Latest stable check	2026-10-02T16:46:27.1660675Z ^[[1m^[[92m   Compiling^[[0m futures-macro v0.3.34
portable	Latest stable check	2026-10-02T16:46:27.1725626Z ^[[1m^[[92m   Compiling^[[0m slotmap v1.1.1
portable	Latest stable check	2026-10-02T16:46:27.2546839Z ^[[1m^[[92m    Checking^[[0m futures-task v0.3.34
portable	Latest stable check	2026-10-02T16:46:27.3246644Z ^[[1m^[[92m    Checking^[[0m static_assertions v1.1.0
portable	Latest stable check	2026-10-02T16:46:27.3926048Z ^[[1m^[[92m    Checking^[[0m async-process v2.5.0
portable	Latest stable check	2026-10-02T16:46:27.6536012Z ^[[1m^[[92m    Checking^[[0m tinystr v0.8.4
portable	Latest stable check	2026-10-02T16:46:27.7056695Z ^[[1m^[[92m    Checking^[[0m futures-util v0.3.34
portable	Latest stable check	2026-10-02T16:46:27.7642712Z ^[[1m^[[92m    Checking^[[0m crypto-common v0.1.7
portable	Latest stable check	2026-10-02T16:46:27.8106613Z ^[[1m^[[92m   Compiling^[[0m wayland-backend v0.3.17
portable	Latest stable check	2026-10-02T16:46:27.9276375Z ^[[1m^[[92m    Checking^[[0m async-executor v1.14.0
portable	Latest stable check	2026-10-02T16:46:28.0646444Z ^[[1m^[[92m    Checking^[[0m writeable v0.6.4
portable	Latest stable check	2026-10-02T16:46:28.0966072Z ^[[1m^[[92m   Compiling^[[0m crossbeam-epoch v0.9.20
portable	Latest stable check	2026-10-02T16:46:28.1760750Z ^[[1m^[[92m    Checking^[[0m litemap v0.8.3
portable	Latest stable check	2026-10-02T16:46:28.2286070Z ^[[1m^[[92m    Checking^[[0m itoa v1.0.18
portable	Latest stable check	2026-10-02T16:46:28.2926287Z ^[[1m^[[92m    Checking^[[0m icu_locale_core v2.3.0
portable	Latest stable check	2026-10-02T16:46:28.7556735Z ^[[1m^[[92m    Checking^[[0m parking_lot v0.12.5
portable	Latest stable check	2026-10-02T16:46:28.8916664Z ^[[1m^[[92m    Checking^[[0m zerotrie v0.2.5
portable	Latest stable check	2026-10-02T16:46:28.9216498Z ^[[1m^[[92m   Compiling^[[0m zbus_macros v5.19.0
portable	Latest stable check	2026-10-02T16:46:29.0546465Z ^[[1m^[[92m    Checking^[[0m ttf-parser v0.25.1
portable	Latest stable check	2026-10-02T16:46:29.1946417Z ^[[1m^[[92m    Checking^[[0m potential_utf v0.1.6
portable	Latest stable check	2026-10-02T16:46:29.2496590Z ^[[1m^[[92m   Compiling^[[0m quick-xml v0.41.0
portable	Latest stable check	2026-10-02T16:46:29.7996816Z ^[[1m^[[92m    Checking^[[0m async-broadcast v0.7.2
portable	Latest stable check	2026-10-02T16:46:29.9216119Z ^[[1m^[[92m   Compiling^[[0m async-recursion v1.1.1
portable	Latest stable check	2026-10-02T16:46:30.0836508Z ^[[1m^[[92m   Compiling^[[0m async-trait v0.1.92
portable	Latest stable check	2026-10-02T16:46:30.3066015Z ^[[1m^[[92m   Compiling^[[0m serde_repr v0.1.21
portable	Latest stable check	2026-10-02T16:46:30.5790108Z ^[[1m^[[92m    Checking^[[0m ordered-stream v0.2.0
portable	Latest stable check	2026-10-02T16:46:30.6065092Z ^[[1m^[[92m    Checking^[[0m memmap2 v0.9.11
portable	Latest stable check	2026-10-02T16:46:30.6966273Z ^[[1m^[[92m    Checking^[[0m roxmltree v0.20.0
portable	Latest stable check	2026-10-02T16:46:30.7787113Z ^[[1m^[[92m   Compiling^[[0m icu_properties_data v2.3.0
portable	Latest stable check	2026-10-02T16:46:30.7856041Z ^[[1m^[[92m    Checking^[[0m float-cmp v0.9.0
portable	Latest stable check	2026-10-02T16:46:30.8292205Z ^[[1m^[[92m    Checking^[[0m downcast-rs v1.2.1
portable	Latest stable check	2026-10-02T16:46:30.8656050Z ^[[1m^[[92m   Compiling^[[0m wayland-client v0.31.15
portable	Latest stable check	2026-10-02T16:46:30.8687300Z ^[[1m^[[92m   Compiling^[[0m icu_normalizer_data v2.3.0
portable	Latest stable check	2026-10-02T16:46:30.9516020Z ^[[1m^[[92m    Checking^[[0m utf8_iter v1.0.4
portable	Latest stable check	2026-10-02T16:46:30.9576711Z ^[[1m^[[92m   Compiling^[[0m crossbeam-deque v0.8.7
portable	Latest stable check	2026-10-02T16:46:30.9959678Z ^[[1m^[[92m    Checking^[[0m hex v0.4.3
portable	Latest stable check	2026-10-02T16:46:31.0099651Z ^[[1m^[[92m    Checking^[[0m scoped-tls v1.0.1
portable	Latest stable check	2026-10-02T16:46:31.0512200Z ^[[1m^[[92m    Checking^[[0m tinyvec_macros v0.1.1
portable	Latest stable check	2026-10-02T16:46:31.0773046Z ^[[1m^[[92m    Checking^[[0m tinyvec v1.12.0
portable	Latest stable check	2026-10-02T16:46:31.1596144Z ^[[1m^[[92m    Checking^[[0m icu_collections v2.3.0
portable	Latest stable check	2026-10-02T16:46:31.2676660Z ^[[1m^[[92m    Checking^[[0m zbus v5.19.0
portable	Latest stable check	2026-10-02T16:46:31.3596311Z ^[[1m^[[92m    Checking^[[0m fontconfig-parser v0.5.8
portable	Latest stable check	2026-10-02T16:46:31.4286200Z ^[[1m^[[92m    Checking^[[0m strict-num v0.1.1
portable	Latest stable check	2026-10-02T16:46:31.5296222Z ^[[1m^[[92m   Compiling^[[0m wayland-scanner v0.31.11
portable	Latest stable check	2026-10-02T16:46:31.5716071Z ^[[1m^[[92m    Checking^[[0m icu_provider v2.3.1
portable	Latest stable check	2026-10-02T16:46:31.7695437Z ^[[1m^[[92m   Compiling^[[0m naga v29.0.4
portable	Latest stable check	2026-10-02T16:46:31.8691205Z ^[[1m^[[92m    Checking^[[0m fdeflate v0.3.7
portable	Latest stable check	2026-10-02T16:46:31.9326388Z ^[[1m^[[92m    Checking^[[0m euclid v0.22.14
portable	Latest stable check	2026-10-02T16:46:32.0562869Z ^[[1m^[[92m    Checking^[[0m bit-vec v0.9.1
portable	Latest stable check	2026-10-02T16:46:32.1852991Z ^[[1m^[[92m   Compiling^[[0m rayon-core v1.13.0
portable	Latest stable check	2026-10-02T16:46:32.2795986Z ^[[1m^[[92m   Compiling^[[0m crunchy v0.2.4
portable	Latest stable check	2026-10-02T16:46:32.4066319Z ^[[1m^[[92m   Compiling^[[0m serde_json v1.0.151
portable	Latest stable check	2026-10-02T16:46:32.4656104Z ^[[1m^[[92m    Checking^[[0m raw-window-handle v0.6.2
portable	Latest stable check	2026-10-02T16:46:32.5095921Z ^[[1m^[[92m    Checking^[[0m unicode-width v0.2.2
portable	Latest stable check	2026-10-02T16:46:32.5806910Z ^[[1m^[[92m    Checking^[[0m arrayref v0.3.9
portable	Latest stable check	2026-10-02T16:46:32.6146374Z ^[[1m^[[92m    Checking^[[0m unicode-script v0.5.8
portable	Latest stable check	2026-10-02T16:46:32.8170749Z ^[[1m^[[92m   Compiling^[[0m ash v0.38.0+1.3.281
portable	Latest stable check	2026-10-02T16:46:32.8796543Z ^[[1m^[[92m    Checking^[[0m codespan-reporting v0.13.1
portable	Latest stable check	2026-10-02T16:46:32.9090348Z ^[[1m^[[92m    Checking^[[0m tiny-skia-path v0.11.4
portable	Latest stable check	2026-10-02T16:46:33.1065913Z ^[[1m^[[92m    Checking^[[0m bit-set v0.9.1
portable	Latest stable check	2026-10-02T16:46:33.2476007Z ^[[1m^[[92m    Checking^[[0m fontdb v0.23.0
portable	Latest stable check	2026-10-02T16:46:33.5024167Z ^[[1m^[[92m    Checking^[[0m rand_core v0.9.5
portable	Latest stable check	2026-10-02T16:46:33.6316222Z ^[[1m^[[92m   Compiling^[[0m zbus_xml v5.2.1
portable	Latest stable check	2026-10-02T16:46:33.8195999Z ^[[1m^[[92m    Checking^[[0m block-buffer v0.10.4
portable	Latest stable check	2026-10-02T16:46:33.8755930Z ^[[1m^[[92m    Checking^[[0m ppv-lite86 v0.2.21
portable	Latest stable check	2026-10-02T16:46:33.8912683Z ^[[1m^[[92m    Checking^[[0m num-complex v0.4.6
portable	Latest stable check	2026-10-02T16:46:34.1278992Z ^[[1m^[[92m   Compiling^[[0m profiling-procmacros v1.0.18
portable	Latest stable check	2026-10-02T16:46:34.2036329Z ^[[1m^[[92m    Checking^[[0m spirv v0.4.0+sdk-1.4.341.0
portable	Latest stable check	2026-10-02T16:46:34.3116083Z ^[[1m^[[92m   Compiling^[[0m semver v1.0.28
portable	Latest stable check	2026-10-02T16:46:34.5146147Z ^[[1m^[[92m    Checking^[[0m rustc-hash v1.1.0
portable	Latest stable check	2026-10-02T16:46:34.5266663Z ^[[1m^[[92m    Checking^[[0m unicode-bidi v0.3.18
portable	Latest stable check	2026-10-02T16:46:34.5466203Z ^[[1m^[[92m    Checking^[[0m unicode-bidi-mirroring v0.4.0
portable	Latest stable check	2026-10-02T16:46:34.5775961Z ^[[1m^[[92m    Checking^[[0m rustc-hash v2.1.3
portable	Latest stable check	2026-10-02T16:46:34.6215909Z ^[[1m^[[92m   Compiling^[[0m paste v1.0.15
portable	Latest stable check	2026-10-02T16:46:34.7446010Z ^[[1m^[[92m    Checking^[[0m subtle v2.6.1
portable	Latest stable check	2026-10-02T16:46:34.7646217Z ^[[1m^[[92m    Checking^[[0m unicode-properties v0.1.4
portable	Latest stable check	2026-10-02T16:46:34.8235830Z ^[[1m^[[92m   Compiling^[[0m heck v0.5.0
portable	Latest stable check	2026-10-02T16:46:34.8706050Z ^[[1m^[[92m   Compiling^[[0m khronos-egl v6.0.0
portable	Latest stable check	2026-10-02T16:46:34.9486633Z ^[[1m^[[92m    Checking^[[0m iana-time-zone v0.1.65
portable	Latest stable check	2026-10-02T16:46:34.9566422Z ^[[1m^[[92m   Compiling^[[0m tiny-keccak v2.0.2
portable	Latest stable check	2026-10-02T16:46:35.0064094Z ^[[1m^[[92m    Checking^[[0m hexf-parse v0.2.1
portable	Latest stable check	2026-10-02T16:46:35.0385799Z ^[[1m^[[92m    Checking^[[0m lazy_static v1.5.0
portable	Latest stable check	2026-10-02T16:46:35.0706272Z ^[[1m^[[92m    Checking^[[0m foldhash v0.1.5
portable	Latest stable check	2026-10-02T16:46:35.0787097Z ^[[1m^[[92m    Checking^[[0m unicode-ccc v0.4.0
portable	Latest stable check	2026-10-02T16:46:35.1156058Z ^[[1m^[[92m    Checking^[[0m rustybuzz v0.20.1
portable	Latest stable check	2026-10-02T16:46:35.1336547Z ^[[1m^[[92m    Checking^[[0m hashbrown v0.15.5
portable	Latest stable check	2026-10-02T16:46:35.4186236Z ^[[1m^[[92m    Checking^[[0m chrono v0.4.45
portable	Latest stable check	2026-10-02T16:46:35.5435955Z ^[[1m^[[92m    Checking^[[0m digest v0.10.7
portable	Latest stable check	2026-10-02T16:46:35.6775960Z ^[[1m^[[92m   Compiling^[[0m rustc_version v0.4.1
portable	Latest stable check	2026-10-02T16:46:35.8575201Z ^[[1m^[[92m    Checking^[[0m profiling v1.0.18
portable	Latest stable check	2026-10-02T16:46:35.8855986Z ^[[1m^[[92m   Compiling^[[0m zbus-lockstep v0.5.2
portable	Latest stable check	2026-10-02T16:46:35.9936180Z ^[[1m^[[92m    Checking^[[0m rand_chacha v0.9.0
portable	Latest stable check	2026-10-02T16:46:36.5612553Z ^[[1m^[[92m    Checking^[[0m icu_normalizer v2.3.0
portable	Latest stable check	2026-10-02T16:46:36.5696152Z ^[[1m^[[92m    Checking^[[0m icu_properties v2.3.0
portable	Latest stable check	2026-10-02T16:46:37.4526425Z ^[[1m^[[92m    Checking^[[0m wgpu-types v29.0.4
portable	Latest stable check	2026-10-02T16:46:37.9367341Z ^[[1m^[[92m    Checking^[[0m lyon_geom v1.0.19
portable	Latest stable check	2026-10-02T16:46:38.2716657Z ^[[1m^[[92m    Checking^[[0m gpui-pre-util v0.3.7
portable	Latest stable check	2026-10-02T16:46:38.3565938Z ^[[1m^[[92m    Checking^[[0m futures-executor v0.3.34
portable	Latest stable check	2026-10-02T16:46:38.9456125Z ^[[1m^[[92m   Compiling^[[0m wgpu-hal v29.0.4
portable	Latest stable check	2026-10-02T16:46:39.1207101Z ^[[1m^[[92m    Checking^[[0m polycool v0.4.0
portable	Latest stable check	2026-10-02T16:46:39.1473165Z ^[[1m^[[92m    Checking^[[0m aho-corasick v1.1.5
portable	Latest stable check	2026-10-02T16:46:39.2346082Z ^[[1m^[[92m   Compiling^[[0m zeroize_derive v1.5.0
portable	Latest stable check	2026-10-02T16:46:39.6155875Z ^[[1m^[[92m   Compiling^[[0m enumn v0.1.14
portable	Latest stable check	2026-10-02T16:46:39.7816116Z ^[[1m^[[92m    Checking^[[0m num-integer v0.1.47
portable	Latest stable check	2026-10-02T16:46:39.8156363Z ^[[1m^[[92m   Compiling^[[0m pulp v0.22.3
portable	Latest stable check	2026-10-02T16:46:39.9476302Z ^[[1m^[[92m    Checking^[[0m simplecss v0.2.2
portable	Latest stable check	2026-10-02T16:46:39.9816194Z ^[[1m^[[92m    Checking^[[0m gpu-descriptor-types v0.2.0
portable	Latest stable check	2026-10-02T16:46:40.0565905Z ^[[1m^[[92m    Checking^[[0m xmlwriter v0.1.0
portable	Latest stable check	2026-10-02T16:46:40.0779969Z ^[[1m^[[92m    Checking^[[0m byteorder v1.5.0
portable	Latest stable check	2026-10-02T16:46:40.2076195Z ^[[1m^[[92m    Checking^[[0m regex-syntax v0.8.11
portable	Latest stable check	2026-10-02T16:46:40.2276391Z ^[[1m^[[92m    Checking^[[0m data-url v0.3.2
portable	Latest stable check	2026-10-02T16:46:40.3383940Z ^[[1m^[[92m    Checking^[[0m zune-core v0.5.3
portable	Latest stable check	2026-10-02T16:46:40.4776546Z ^[[1m^[[92m   Compiling^[[0m ref-cast v1.0.27
portable	Latest stable check	2026-10-02T16:46:40.6356452Z ^[[1m^[[92m    Checking^[[0m unicode-vo v0.1.0
portable	Latest stable check	2026-10-02T16:46:40.7915264Z ^[[1m^[[92m    Checking^[[0m quick-error v2.0.1
portable	Latest stable check	2026-10-02T16:46:40.8316123Z ^[[1m^[[92m    Checking^[[0m bitflags v1.3.2
portable	Latest stable check	2026-10-02T16:46:40.8606009Z ^[[1m^[[92m    Checking^[[0m percent-encoding v2.3.2
portable	Latest stable check	2026-10-02T16:46:40.9236162Z ^[[1m^[[92m    Checking^[[0m either v1.18.0
portable	Latest stable check	2026-10-02T16:46:41.0495851Z ^[[1m^[[92m    Checking^[[0m base64 v0.22.1
portable	Latest stable check	2026-10-02T16:46:41.2166728Z ^[[1m^[[92m   Compiling^[[0m unicode-segmentation v1.13.3
portable	Latest stable check	2026-10-02T16:46:41.4874112Z ^[[1m^[[92m    Checking^[[0m presser v0.3.1
portable	Latest stable check	2026-10-02T16:46:41.5356025Z ^[[1m^[[92m    Checking^[[0m libbz2-rs-sys v0.2.5
portable	Latest stable check	2026-10-02T16:46:41.5656042Z ^[[1m^[[92m    Checking^[[0m pico-args v0.5.0
portable	Latest stable check	2026-10-02T16:46:41.6386532Z ^[[1m^[[92m    Checking^[[0m weezl v0.1.12
portable	Latest stable check	2026-10-02T16:46:41.8056191Z ^[[1m^[[92m   Compiling^[[0m thiserror v1.0.69
portable	Latest stable check	2026-10-02T16:46:41.8826121Z ^[[1m^[[92m   Compiling^[[0m object v0.37.3
portable	Latest stable check	2026-10-02T16:46:41.9306615Z ^[[1m^[[92m    Checking^[[0m wgpu-naga-bridge v29.0.4
portable	Latest stable check	2026-10-02T16:46:41.9736537Z ^[[1m^[[92m    Checking^[[0m bzip2 v0.6.1
portable	Latest stable check	2026-10-02T16:46:41.9917619Z ^[[1m^[[92m   Compiling^[[0m getrandom v0.2.17
portable	Latest stable check	2026-10-02T16:46:42.0326051Z ^[[1m^[[92m   Compiling^[[0m convert_case v0.10.0
portable	Latest stable check	2026-10-02T16:46:42.0541514Z ^[[1m^[[92m    Checking^[[0m regex-automata v0.4.18
portable	Latest stable check	2026-10-02T16:46:42.0976121Z ^[[1m^[[92m    Checking^[[0m form_urlencoded v1.2.2
portable	Latest stable check	2026-10-02T16:46:42.1524752Z ^[[1m^[[92m    Checking^[[0m png v0.17.16
portable	Latest stable check	2026-10-02T16:46:42.2266848Z ^[[1m^[[92m   Compiling^[[0m phf_shared v0.13.1
portable	Latest stable check	2026-10-02T16:46:42.4085977Z ^[[1m^[[92m    Checking^[[0m zune-jpeg v0.5.15
portable	Latest stable check	2026-10-02T16:46:42.7025944Z ^[[1m^[[92m    Checking^[[0m gpu-descriptor v0.3.2
portable	Latest stable check	2026-10-02T16:46:42.8276194Z ^[[1m^[[92m    Checking^[[0m accesskit v0.24.1
portable	Latest stable check	2026-10-02T16:46:42.9076540Z ^[[1m^[[92m    Checking^[[0m zeroize v1.9.0
portable	Latest stable check	2026-10-02T16:46:42.9886170Z ^[[1m^[[92m    Checking^[[0m kurbo v0.13.1
portable	Latest stable check	2026-10-02T16:46:43.3426247Z ^[[1m^[[92m    Checking^[[0m futures v0.3.34
portable	Latest stable check	2026-10-02T16:46:43.3696052Z ^[[1m^[[92m    Checking^[[0m gpui-pre-collections v0.3.7
portable	Latest stable check	2026-10-02T16:46:43.4206402Z ^[[1m^[[92m    Checking^[[0m lyon_path v1.0.19
portable	Latest stable check	2026-10-02T16:46:43.6105948Z ^[[1m^[[92m    Checking^[[0m idna_adapter v1.2.2
portable	Latest stable check	2026-10-02T16:46:43.6879948Z ^[[1m^[[92m    Checking^[[0m rand v0.9.5
portable	Latest stable check	2026-10-02T16:46:43.7956495Z ^[[1m^[[92m   Compiling^[[0m zbus-lockstep-macros v0.5.2
portable	Latest stable check	2026-10-02T16:46:44.0526070Z ^[[1m^[[92m   Compiling^[[0m pathfinder_simd v0.5.6
portable	Latest stable check	2026-10-02T16:46:44.1656371Z ^[[1m^[[92m    Checking^[[0m sharded-slab v0.1.7
portable	Latest stable check	2026-10-02T16:46:44.3906496Z ^[[1m^[[92m    Checking^[[0m block-padding v0.3.3
portable	Latest stable check	2026-10-02T16:46:44.4355969Z ^[[1m^[[92m   Compiling^[[0m freetype-sys v0.20.1
portable	Latest stable check	2026-10-02T16:46:44.5304988Z ^[[1m^[[92m    Checking^[[0m tracing-log v0.2.0
portable	Latest stable check	2026-10-02T16:46:44.5596683Z ^[[1m^[[92m   Compiling^[[0m yeslogic-fontconfig-sys v6.0.1
portable	Latest stable check	2026-10-02T16:46:44.6010119Z ^[[1m^[[92m    Checking^[[0m font-types v0.12.5
portable	Latest stable check	2026-10-02T16:46:44.6286048Z ^[[1m^[[92m    Checking^[[0m font-types v0.11.3
portable	Latest stable check	2026-10-02T16:46:44.6606028Z ^[[1m^[[92m   Compiling^[[0m pin-project-internal v1.1.13
portable	Latest stable check	2026-10-02T16:46:44.8530188Z ^[[1m^[[92m   Compiling^[[0m thiserror-impl v1.0.69
portable	Latest stable check	2026-10-02T16:46:44.8586019Z ^[[1m^[[92m   Compiling^[[0m ref-cast-impl v1.0.27
portable	Latest stable check	2026-10-02T16:46:45.1606670Z ^[[1m^[[92m   Compiling^[[0m serde_derive_internals v0.30.0
portable	Latest stable check	2026-10-02T16:46:45.4456767Z ^[[1m^[[92m    Checking^[[0m ordered-float v5.5.0
portable	Latest stable check	2026-10-02T16:46:45.6226290Z ^[[1m^[[92m    Checking^[[0m gpu-allocator v0.28.0
portable	Latest stable check	2026-10-02T16:46:45.6366060Z ^[[1m^[[92m    Checking^[[0m raw-cpuid v11.6.0
portable	Latest stable check	2026-10-02T16:46:45.7716130Z ^[[1m^[[92m    Checking^[[0m thread_local v1.1.10
portable	Latest stable check	2026-10-02T16:46:45.7825959Z ^[[1m^[[92m   Compiling^[[0m gpui-pre-ztracing v0.3.7
portable	Latest stable check	2026-10-02T16:46:45.8546239Z ^[[1m^[[92m   Compiling^[[0m heapless v0.9.3
portable	Latest stable check	2026-10-02T16:46:45.8730924Z ^[[1m^[[92m    Checking^[[0m glow v0.17.0
portable	Latest stable check	2026-10-02T16:46:45.9876085Z ^[[1m^[[92m   Compiling^[[0m unicode-xid v0.2.6
portable	Latest stable check	2026-10-02T16:46:46.0285995Z ^[[1m^[[92m    Checking^[[0m byteorder-lite v0.1.0
portable	Latest stable check	2026-10-02T16:46:46.0396301Z ^[[1m^[[92m    Checking^[[0m compression-core v0.4.32
portable	Latest stable check	2026-10-02T16:46:46.2014741Z ^[[1m^[[92m    Checking^[[0m same-file v1.0.6
portable	Latest stable check	2026-10-02T16:46:46.2084266Z ^[[1m^[[92m    Checking^[[0m reborrow v0.5.5
portable	Latest stable check	2026-10-02T16:46:46.2445868Z ^[[1m^[[92m    Checking^[[0m gimli v0.32.3
portable	Latest stable check	2026-10-02T16:46:46.2537014Z ^[[1m^[[92m    Checking^[[0m renderdoc-sys v1.1.0
portable	Latest stable check	2026-10-02T16:46:46.3396217Z ^[[1m^[[92m    Checking^[[0m nu-ansi-term v0.50.3
portable	Latest stable check	2026-10-02T16:46:46.5563490Z ^[[1m^[[92m    Checking^[[0m bytes v1.12.1
portable	Latest stable check	2026-10-02T16:46:46.9276757Z ^[[1m^[[92m    Checking^[[0m pulp-wasm-simd-flag v0.1.1
portable	Latest stable check	2026-10-02T16:46:46.9388276Z ^[[1m^[[92m    Checking^[[0m color_quant v1.1.0
portable	Latest stable check	2026-10-02T16:46:46.9565941Z ^[[1m^[[92m    Checking^[[0m http v1.5.0
portable	Latest stable check	2026-10-02T16:46:46.9885895Z ^[[1m^[[92m    Checking^[[0m gif v0.14.2
portable	Latest stable check	2026-10-02T16:46:47.4996782Z ^[[1m^[[92m   Compiling^[[0m const-random-macro v0.1.16
portable	Latest stable check	2026-10-02T16:46:47.6786731Z ^[[1m^[[92m    Checking^[[0m tracing-subscriber v0.3.23
portable	Latest stable check	2026-10-02T16:46:47.9576736Z ^[[1m^[[92m    Checking^[[0m addr2line v0.25.1
portable	Latest stable check	2026-10-02T16:46:48.2136190Z ^[[1m^[[92m    Checking^[[0m walkdir v2.5.0
portable	Latest stable check	2026-10-02T16:46:48.3016288Z ^[[1m^[[92m    Checking^[[0m image-webp v0.2.4
portable	Latest stable check	2026-10-02T16:46:49.0096178Z ^[[1m^[[92m    Checking^[[0m compression-codecs v0.4.38
portable	Latest stable check	2026-10-02T16:46:49.1156450Z ^[[1m^[[92m   Compiling^[[0m derive_more-impl v2.1.1
portable	Latest stable check	2026-10-02T16:46:49.4626067Z ^[[1m^[[92m   Compiling^[[0m phf_generator v0.13.1
portable	Latest stable check	2026-10-02T16:46:49.5176065Z ^[[1m^[[92m   Compiling^[[0m schemars_derive v1.2.2
portable	Latest stable check	2026-10-02T16:46:49.6056223Z ^[[1m^[[92m    Checking^[[0m pin-project v1.1.13
portable	Latest stable check	2026-10-02T16:46:49.6755984Z ^[[1m^[[92m    Checking^[[0m read-fonts v0.37.0
portable	Latest stable check	2026-10-02T16:46:49.7399385Z ^[[1m^[[92m    Checking^[[0m read-fonts v0.41.0
portable	Latest stable check	2026-10-02T16:46:50.8616075Z ^[[1m^[[92m    Checking^[[0m inout v0.1.4
portable	Latest stable check	2026-10-02T16:46:50.9476180Z ^[[1m^[[92m    Checking^[[0m atspi-common v0.13.0
portable	Latest stable check	2026-10-02T16:46:51.8676717Z ^[[1m^[[92m    Checking^[[0m idna v1.1.0
portable	Latest stable check	2026-10-02T16:46:52.0375990Z ^[[1m^[[92m    Checking^[[0m svgtypes v0.16.1
portable	Latest stable check	2026-10-02T16:46:52.3006519Z ^[[1m^[[92m    Checking^[[0m gpui-pre-zlog v0.3.7
portable	Latest stable check	2026-10-02T16:46:52.4456443Z ^[[1m^[[92m    Checking^[[0m tiny-skia v0.11.4
portable	Latest stable check	2026-10-02T16:46:53.5864760Z ^[[1m^[[92m    Checking^[[0m rayon v1.12.0
portable	Latest stable check	2026-10-02T16:46:53.9815115Z ^[[1m^[[92m    Checking^[[0m hash32 v0.3.1
portable	Latest stable check	2026-10-02T16:46:54.0286298Z ^[[1m^[[92m    Checking^[[0m wayland-protocols v0.32.13
portable	Latest stable check	2026-10-02T16:46:54.1736603Z ^[[1m^[[92m    Checking^[[0m spin v0.9.9
portable	Latest stable check	2026-10-02T16:46:54.2806010Z ^[[1m^[[92m   Compiling^[[0m wgpu-core v29.0.4
portable	Latest stable check	2026-10-02T16:46:54.4976095Z ^[[1m^[[92m    Checking^[[0m zune-inflate v0.2.54
portable	Latest stable check	2026-10-02T16:46:54.6216180Z ^[[1m^[[92m    Checking^[[0m rgb v0.8.53
portable	Latest stable check	2026-10-02T16:46:54.8626654Z ^[[1m^[[92m    Checking^[[0m roxmltree v0.21.1
portable	Latest stable check	2026-10-02T16:46:55.1605906Z ^[[1m^[[92m   Compiling^[[0m ahash v0.8.12
portable	Latest stable check	2026-10-02T16:46:55.1696423Z ^[[1m^[[92m    Checking^[[0m ryu v1.0.23
portable	Latest stable check	2026-10-02T16:46:55.2466226Z ^[[1m^[[92m   Compiling^[[0m gpui-pre-ztracing-macro v0.3.7
portable	Latest stable check	2026-10-02T16:46:55.2651229Z ^[[1m^[[92m    Checking^[[0m float_next_after v1.0.0
portable	Latest stable check	2026-10-02T16:46:55.2986113Z ^[[1m^[[92m    Checking^[[0m imagesize v0.14.0
portable	Latest stable check	2026-10-02T16:46:55.3606733Z ^[[1m^[[92m   Compiling^[[0m litrs v1.0.0
portable	Latest stable check	2026-10-02T16:46:55.4536331Z ^[[1m^[[92m    Checking^[[0m smol_str v0.3.6
portable	Latest stable check	2026-10-02T16:46:55.5476051Z ^[[1m^[[92m    Checking^[[0m pxfm v0.1.30
portable	Latest stable check	2026-10-02T16:46:55.7686059Z ^[[1m^[[92m    Checking^[[0m fax v0.2.7
portable	Latest stable check	2026-10-02T16:46:55.8586148Z ^[[1m^[[92m    Checking^[[0m bit_field v0.10.3
portable	Latest stable check	2026-10-02T16:46:55.9226481Z ^[[1m^[[92m    Checking^[[0m rustc-demangle v0.1.28
portable	Latest stable check	2026-10-02T16:46:55.9385963Z ^[[1m^[[92m    Checking^[[0m option-ext v0.2.0
portable	Latest stable check	2026-10-02T16:46:55.9716031Z ^[[1m^[[92m    Checking^[[0m xcursor v0.3.11
portable	Latest stable check	2026-10-02T16:46:56.0533476Z ^[[1m^[[92m    Checking^[[0m lebe v0.5.3
portable	Latest stable check	2026-10-02T16:46:56.0946153Z ^[[1m^[[92m    Checking^[[0m dyn-clone v1.0.20
portable	Latest stable check	2026-10-02T16:46:56.1326116Z ^[[1m^[[92m    Checking^[[0m as-raw-xcb-connection v1.0.1
portable	Latest stable check	2026-10-02T16:46:56.1505944Z ^[[1m^[[92m    Checking^[[0m exr v1.74.2
portable	Latest stable check	2026-10-02T16:46:56.1657752Z ^[[1m^[[92m    Checking^[[0m schemars v1.2.2
portable	Latest stable check	2026-10-02T16:46:56.7345933Z ^[[1m^[[92m    Checking^[[0m backtrace v0.3.76
portable	Latest stable check	2026-10-02T16:46:56.9656597Z ^[[1m^[[92m    Checking^[[0m dirs-sys v0.4.1
portable	Latest stable check	2026-10-02T16:46:57.0215916Z ^[[1m^[[92m    Checking^[[0m tiff v0.11.3
portable	Latest stable check	2026-10-02T16:46:57.3146568Z ^[[1m^[[92m    Checking^[[0m moxcms v0.8.1
portable	Latest stable check	2026-10-02T16:46:57.8086597Z ^[[1m^[[92m   Compiling^[[0m document-features v0.2.12
portable	Latest stable check	2026-10-02T16:46:58.1043197Z ^[[1m^[[92m    Checking^[[0m usvg v0.46.0
portable	Latest stable check	2026-10-02T16:46:58.2036179Z ^[[1m^[[92m    Checking^[[0m lyon_tessellation v1.0.20
portable	Latest stable check	2026-10-02T16:46:58.4046044Z ^[[1m^[[92m    Checking^[[0m serde_urlencoded v0.7.1
portable	Latest stable check	2026-10-02T16:46:58.5536019Z ^[[1m^[[92m    Checking^[[0m flume v0.12.0
portable	Latest stable check	2026-10-02T16:46:58.5636263Z ^[[1m^[[92m    Checking^[[0m skrifa v0.44.0
portable	Latest stable check	2026-10-02T16:46:59.2035888Z ^[[1m^[[92m    Checking^[[0m url v2.5.8
portable	Latest stable check	2026-10-02T16:46:59.2095936Z ^[[1m^[[92m    Checking^[[0m derive_more v2.1.1
portable	Latest stable check	2026-10-02T16:46:59.5436523Z ^[[1m^[[92m    Checking^[[0m cipher v0.4.4
portable	Latest stable check	2026-10-02T16:46:59.5656439Z ^[[1m^[[92m   Compiling^[[0m phf_macros v0.13.1
portable	Latest stable check	2026-10-02T16:46:59.6886365Z ^[[1m^[[92m    Checking^[[0m wgpu-core-deps-windows-linux-android v29.0.4
portable	Latest stable check	2026-10-02T16:46:59.7166024Z ^[[1m^[[92m   Compiling^[[0m gpui-pre-perf v0.3.7
portable	Latest stable check	2026-10-02T16:46:59.9806540Z ^[[1m^[[92m    Checking^[[0m async-compression v0.4.43
portable	Latest stable check	2026-10-02T16:47:00.1196067Z ^[[1m^[[92m    Checking^[[0m const-random v0.1.18
portable	Latest stable check	2026-10-02T16:47:00.1456104Z ^[[1m^[[92m    Checking^[[0m http-body v1.1.0
portable	Latest stable check	2026-10-02T16:47:00.1756532Z ^[[1m^[[92m    Checking^[[0m lyon_algorithms v1.0.20
portable	Latest stable check	2026-10-02T16:47:00.1956031Z ^[[1m^[[92m    Checking^[[0m num-bigint v0.4.8
portable	Latest stable check	2026-10-02T16:47:00.2015790Z ^[[1m^[[92m    Checking^[[0m num-iter v0.1.46
portable	Latest stable check	2026-10-02T16:47:00.2336078Z ^[[1m^[[92m    Checking^[[0m hmac v0.12.1
portable	Latest stable check	2026-10-02T16:47:00.2474123Z ^[[1m^[[92m   Compiling^[[0m strum_macros v0.28.0
portable	Latest stable check	2026-10-02T16:47:00.2926106Z ^[[1m^[[92m    Checking^[[0m png v0.18.1
portable	Latest stable check	2026-10-02T16:47:00.4886452Z ^[[1m^[[92m   Compiling^[[0m wgpu v29.0.4
portable	Latest stable check	2026-10-02T16:47:00.8346517Z ^[[1m^[[92m    Checking^[[0m gethostname v1.1.0
portable	Latest stable check	2026-10-02T16:47:00.8675932Z ^[[1m^[[92m    Checking^[[0m qoi v0.4.1
portable	Latest stable check	2026-10-02T16:47:00.8758566Z ^[[1m^[[92m   Compiling^[[0m gpui-pre-derive-refineable v0.3.7
portable	Latest stable check	2026-10-02T16:47:00.9846615Z ^[[1m^[[92m    Checking^[[0m crossbeam-queue v0.3.13
portable	Latest stable check	2026-10-02T16:47:01.0716054Z ^[[1m^[[92m    Checking^[[0m svg_fmt v0.4.5
portable	Latest stable check	2026-10-02T16:47:01.1539228Z ^[[1m^[[92m   Compiling^[[0m gpui-pre v0.3.7
portable	Latest stable check	2026-10-02T16:47:01.2538849Z ^[[1m^[[92m   Compiling^[[0m xim-parser v0.2.2
portable	Latest stable check	2026-10-02T16:47:01.3126656Z ^[[1m^[[92m   Compiling^[[0m linktime-proc-macro v0.2.3
portable	Latest stable check	2026-10-02T16:47:01.3168735Z ^[[1m^[[92m    Checking^[[0m cpufeatures v0.2.17
portable	Latest stable check	2026-10-02T16:47:01.3425834Z ^[[1m^[[92m    Checking^[[0m pollster v0.2.5
portable	Latest stable check	2026-10-02T16:47:01.3505893Z ^[[1m^[[92m    Checking^[[0m x11rb-protocol v0.13.2
portable	Latest stable check	2026-10-02T16:47:01.3775960Z ^[[1m^[[92m   Compiling^[[0m zed-font-kit v0.14.1-zed
portable	Latest stable check	2026-10-02T16:47:01.4795977Z ^[[1m^[[92m    Checking^[[0m yazi v0.2.1
portable	Latest stable check	2026-10-02T16:47:01.7036117Z ^[[1m^[[92m    Checking^[[0m web-time v1.1.0
portable	Latest stable check	2026-10-02T16:47:01.7325125Z ^[[1m^[[92m    Checking^[[0m fixedbitset v0.5.7
portable	Latest stable check	2026-10-02T16:47:01.8580604Z ^[[1m^[[92m   Compiling^[[0m num-bigint-dig v0.9.1
portable	Latest stable check	2026-10-02T16:47:01.8645956Z ^[[1m^[[92m    Checking^[[0m atomic v0.5.3
portable	Latest stable check	2026-10-02T16:47:01.9431969Z ^[[1m^[[92m    Checking^[[0m zeno v0.3.3
portable	Latest stable check	2026-10-02T16:47:01.9536120Z ^[[1m^[[92m    Checking^[[0m link-section v0.19.3
portable	Latest stable check	2026-10-02T16:47:02.0166648Z ^[[1m^[[92m    Checking^[[0m strum v0.28.0
portable	Latest stable check	2026-10-02T16:47:02.0625553Z ^[[1m^[[92m    Checking^[[0m postage v0.5.0
portable	Latest stable check	2026-10-02T16:47:02.0996435Z ^[[1m^[[92m    Checking^[[0m ctor v1.0.13
portable	Latest stable check	2026-10-02T16:47:02.1766314Z ^[[1m^[[92m    Checking^[[0m futures-concurrency v7.7.1
portable	Latest stable check	2026-10-02T16:47:02.2756347Z ^[[1m^[[92m    Checking^[[0m swash v0.2.10
portable	Latest stable check	2026-10-02T16:47:02.2975145Z ^[[1m^[[92m    Checking^[[0m gpui-pre-scheduler v0.3.7
portable	Latest stable check	2026-10-02T16:47:02.5166101Z ^[[1m^[[92m    Checking^[[0m gpui-pre-refineable v0.3.7
portable	Latest stable check	2026-10-02T16:47:02.5626104Z ^[[1m^[[92m    Checking^[[0m etagere v0.2.15
portable	Latest stable check	2026-10-02T16:47:02.6746144Z ^[[1m^[[92m    Checking^[[0m num-rational v0.4.2
portable	Latest stable check	2026-10-02T16:47:02.9016754Z ^[[1m^[[92m    Checking^[[0m image v0.25.10
portable	Latest stable check	2026-10-02T16:47:04.3116430Z ^[[1m^[[92m    Checking^[[0m phf v0.13.1
portable	Latest stable check	2026-10-02T16:47:04.3976819Z ^[[1m^[[92m    Checking^[[0m lyon v1.0.19
portable	Latest stable check	2026-10-02T16:47:04.4276131Z ^[[1m^[[92m    Checking^[[0m gpui-pre-http-client v0.3.7
portable	Latest stable check	2026-10-02T16:47:04.7096028Z ^[[1m^[[92m   Compiling^[[0m gpui-pre-util-macros v0.3.7
portable	Latest stable check	2026-10-02T16:47:04.9946345Z ^[[1m^[[92m    Checking^[[0m pathfinder_geometry v0.5.1
portable	Latest stable check	2026-10-02T16:47:05.1056037Z ^[[1m^[[92m    Checking^[[0m gpui-pre-sum-tree v0.3.7
portable	Latest stable check	2026-10-02T16:47:05.3856151Z ^[[1m^[[92m    Checking^[[0m resvg v0.46.0
portable	Latest stable check	2026-10-02T16:47:05.6206130Z ^[[1m^[[92m    Checking^[[0m dirs v5.0.1
portable	Latest stable check	2026-10-02T16:47:05.6556159Z ^[[1m^[[92m    Checking^[[0m gpui-pre-shared-string v0.3.7
portable	Latest stable check	2026-10-02T16:47:05.7046116Z ^[[1m^[[92m    Checking^[[0m atspi-proxies v0.13.0
portable	Latest stable check	2026-10-02T16:47:06.3746384Z ^[[1m^[[92m    Checking^[[0m harfrust v0.5.2
portable	Latest stable check	2026-10-02T16:47:06.8886631Z ^[[1m^[[92m    Checking^[[0m skrifa v0.40.0
portable	Latest stable check	2026-10-02T16:47:08.4823440Z ^[[1m^[[92m    Checking^[[0m regex v1.13.1
portable	Latest stable check	2026-10-02T16:47:08.4825904Z ^[[1m^[[92m    Checking^[[0m accesskit_consumer v0.38.0
portable	Latest stable check	2026-10-02T16:47:08.5896889Z ^[[1m^[[92m    Checking^[[0m itertools v0.14.0
portable	Latest stable check	2026-10-02T16:47:08.6896226Z ^[[1m^[[92m   Compiling^[[0m gpui-pre-macros v0.3.7
portable	Latest stable check	2026-10-02T16:47:08.7786082Z ^[[1m^[[92m    Checking^[[0m taffy v0.13.0
portable	Latest stable check	2026-10-02T16:47:09.2664835Z ^[[1m^[[92m    Checking^[[0m x11rb v0.13.2
portable	Latest stable check	2026-10-02T16:47:09.6746214Z ^[[1m^[[92m    Checking^[[0m async-fs v2.2.0
portable	Latest stable check	2026-10-02T16:47:09.8126810Z ^[[1m^[[92m    Checking^[[0m spin v0.10.1
portable	Latest stable check	2026-10-02T16:47:09.8376105Z ^[[1m^[[92m    Checking^[[0m is-docker v0.2.0
portable	Latest stable check	2026-10-02T16:47:09.8716037Z ^[[1m^[[92m    Checking^[[0m num_cpus v1.17.0
portable	Latest stable check	2026-10-02T16:47:09.9236056Z ^[[1m^[[92m    Checking^[[0m encoding_rs v0.8.35
portable	Latest stable check	2026-10-02T16:47:09.9476294Z ^[[1m^[[92m    Checking^[[0m linebender_resource_handle v0.1.1
portable	Latest stable check	2026-10-02T16:47:09.9886149Z ^[[1m^[[92m    Checking^[[0m waker-fn v1.2.0
portable	Latest stable check	2026-10-02T16:47:10.0186485Z ^[[1m^[[92m   Compiling^[[0m inotify-sys v0.1.8
portable	Latest stable check	2026-10-02T16:47:10.1443852Z ^[[1m^[[92m    Checking^[[0m seahash v4.1.0
portable	Latest stable check	2026-10-02T16:47:10.2036393Z ^[[1m^[[92m    Checking^[[0m sys-locale v0.3.2
portable	Latest stable check	2026-10-02T16:47:10.2496155Z ^[[1m^[[92m    Checking^[[0m pollster v0.4.0
portable	Latest stable check	2026-10-02T16:47:10.2976119Z ^[[1m^[[92m    Checking^[[0m rangemap v1.8.0
portable	Latest stable check	2026-10-02T16:47:10.3316000Z ^[[1m^[[92m    Checking^[[0m float-ord v0.3.2
portable	Latest stable check	2026-10-02T16:47:10.3726397Z ^[[1m^[[92m    Checking^[[0m unicode-linebreak v0.1.5
portable	Latest stable check	2026-10-02T16:47:10.4936197Z ^[[1m^[[92m    Checking^[[0m inventory v0.3.24
portable	Latest stable check	2026-10-02T16:47:10.5055899Z ^[[1m^[[92m    Checking^[[0m self_cell v1.3.0
portable	Latest stable check	2026-10-02T16:47:10.5425907Z ^[[1m^[[92m    Checking^[[0m cosmic-text v0.19.0
portable	Latest stable check	2026-10-02T16:47:10.7676101Z ^[[1m^[[92m    Checking^[[0m xim-ctext v0.3.0
portable	Latest stable check	2026-10-02T16:47:10.8246500Z ^[[1m^[[92m    Checking^[[0m is-wsl v0.4.0
portable	Latest stable check	2026-10-02T16:47:10.8576203Z ^[[1m^[[92m    Checking^[[0m accesskit_atspi_common v0.19.1
portable	Latest stable check	2026-10-02T16:47:11.2036191Z ^[[1m^[[92m    Checking^[[0m atspi v0.29.0
portable	Latest stable check	2026-10-02T16:47:11.2456113Z ^[[1m^[[92m    Checking^[[0m num v0.4.3
portable	Latest stable check	2026-10-02T16:47:11.7875961Z ^[[1m^[[92m    Checking^[[0m aes v0.8.4
portable	Latest stable check	2026-10-02T16:47:11.9146551Z ^[[1m^[[92m    Checking^[[0m sha2 v0.10.9
portable	Latest stable check	2026-10-02T16:47:12.0879313Z ^[[1m^[[92m    Checking^[[0m pbkdf2 v0.12.2
portable	Latest stable check	2026-10-02T16:47:12.0973331Z ^[[1m^[[92m    Checking^[[0m hkdf v0.12.4
portable	Latest stable check	2026-10-02T16:47:12.1376002Z ^[[1m^[[92m    Checking^[[0m cbc v0.1.2
portable	Latest stable check	2026-10-02T16:47:12.1566051Z ^[[1m^[[92m    Checking^[[0m ashpd v0.13.13
portable	Latest stable check	2026-10-02T16:47:12.1994072Z ^[[1m^[[92m    Checking^[[0m md-5 v0.10.6
portable	Latest stable check	2026-10-02T16:47:12.2596464Z ^[[1m^[[92m    Checking^[[0m async-net v2.0.0
portable	Latest stable check	2026-10-02T16:47:12.4215820Z ^[[1m^[[92m    Checking^[[0m calloop v0.14.4
portable	Latest stable check	2026-10-02T16:47:12.4723008Z ^[[1m^[[92m    Checking^[[0m kurbo v0.11.3
portable	Latest stable check	2026-10-02T16:47:12.8086311Z ^[[1m^[[92m   Compiling^[[0m smartstring v1.0.1
portable	Latest stable check	2026-10-02T16:47:12.9046538Z ^[[1m^[[92m    Checking^[[0m bit-vec v0.8.0
portable	Latest stable check	2026-10-02T16:47:13.0226339Z ^[[1m^[[92m    Checking^[[0m xkeysym v0.2.1
portable	Latest stable check	2026-10-02T16:47:13.0276303Z ^[[1m^[[92m    Checking^[[0m hashbrown v0.14.5
portable	Latest stable check	2026-10-02T16:47:13.3720111Z ^[[1m^[[92m    Checking^[[0m oo7 v0.6.0
portable	Latest stable check	2026-10-02T16:47:13.4666042Z ^[[1m^[[92m    Checking^[[0m zed-xim v0.4.0-zed
portable	Latest stable check	2026-10-02T16:47:13.5303646Z ^[[1m^[[92m    Checking^[[0m xkbcommon v0.8.0
portable	Latest stable check	2026-10-02T16:47:13.5946029Z ^[[1m^[[92m    Checking^[[0m svgtypes v0.15.3
portable	Latest stable check	2026-10-02T16:47:13.6996697Z ^[[1m^[[92m    Checking^[[0m bit-set v0.8.0
portable	Latest stable check	2026-10-02T16:47:13.8523821Z ^[[1m^[[92m    Checking^[[0m calloop-wayland-source v0.4.1
portable	Latest stable check	2026-10-02T16:47:13.8606046Z ^[[1m^[[92m    Checking^[[0m smol v2.0.2
portable	Latest stable check	2026-10-02T16:47:13.9026185Z ^[[1m^[[92m    Checking^[[0m accesskit_unix v0.22.1
portable	Latest stable check	2026-10-02T16:47:13.9075430Z ^[[1m^[[92m    Checking^[[0m open v5.4.4
portable	Latest stable check	2026-10-02T16:47:14.0005950Z ^[[1m^[[92m    Checking^[[0m x11-clipboard v0.9.3
portable	Latest stable check	2026-10-02T16:47:14.0986250Z ^[[1m^[[92m    Checking^[[0m wayland-protocols-plasma v0.3.12
portable	Latest stable check	2026-10-02T16:47:14.6996215Z ^[[1m^[[92m    Checking^[[0m wayland-protocols-wlr v0.3.12
portable	Latest stable check	2026-10-02T16:47:15.4666605Z ^[[1m^[[92m    Checking^[[0m wayland-cursor v0.31.14
portable	Latest stable check	2026-10-02T16:47:15.5436139Z ^[[1m^[[92m    Checking^[[0m filedescriptor v0.8.3
portable	Latest stable check	2026-10-02T16:47:15.6176186Z ^[[1m^[[92m    Checking^[[0m notify-rust v4.18.0
portable	Latest stable check	2026-10-02T16:47:15.8186477Z ^[[1m^[[92m    Checking^[[0m toml_datetime v0.6.11
portable	Latest stable check	2026-10-02T16:47:15.8547801Z ^[[1m^[[92m    Checking^[[0m serde_spanned v0.6.9
portable	Latest stable check	2026-10-02T16:47:15.8886195Z ^[[1m^[[92m    Checking^[[0m imagesize v0.13.0
portable	Latest stable check	2026-10-02T16:47:15.9066029Z ^[[1m^[[92m    Checking^[[0m winnow v0.7.15
portable	Latest stable check	2026-10-02T16:47:15.9146355Z ^[[1m^[[92m    Checking^[[0m linked-hash-map v0.5.6
portable	Latest stable check	2026-10-02T16:47:16.0126154Z ^[[1m^[[92m    Checking^[[0m toml_write v0.1.2
portable	Latest stable check	2026-10-02T16:47:16.0403329Z ^[[1m^[[92m    Checking^[[0m usvg v0.45.1
portable	Latest stable check	2026-10-02T16:47:16.1066064Z ^[[1m^[[92m    Checking^[[0m yaml-rust v0.4.5
portable	Latest stable check	2026-10-02T16:47:16.3186826Z ^[[1m^[[92m    Checking^[[0m inotify v0.11.5
portable	Latest stable check	2026-10-02T16:47:16.6706461Z ^[[1m^[[92m    Checking^[[0m fancy-regex v0.16.2
portable	Latest stable check	2026-10-02T16:47:16.9886266Z ^[[1m^[[92m    Checking^[[0m bincode v1.3.3
portable	Latest stable check	2026-10-02T16:47:17.1430468Z ^[[1m^[[92m    Checking^[[0m toml_edit v0.22.27
portable	Latest stable check	2026-10-02T16:47:17.1515883Z ^[[1m^[[92m   Compiling^[[0m rhai_codegen v3.2.0
portable	Latest stable check	2026-10-02T16:47:17.2336637Z ^[[1m^[[92m    Checking^[[0m mio v1.2.2
portable	Latest stable check	2026-10-02T16:47:17.3686736Z ^[[1m^[[92m    Checking^[[0m notify-types v2.1.0
portable	Latest stable check	2026-10-02T16:47:17.5026839Z ^[[1m^[[92m    Checking^[[0m fnv v1.0.7
portable	Latest stable check	2026-10-02T16:47:17.5356557Z ^[[1m^[[92m    Checking^[[0m jiff-core v0.1.0
portable	Latest stable check	2026-10-02T16:47:18.1296192Z ^[[1m^[[92m    Checking^[[0m thin-vec v0.2.19
portable	Latest stable check	2026-10-02T16:47:18.2246801Z ^[[1m^[[92m    Checking^[[0m jiff v0.2.35
portable	Latest stable check	2026-10-02T16:47:18.2826150Z ^[[1m^[[92m    Checking^[[0m rhai v1.26.0
portable	Latest stable check	2026-10-02T16:47:18.3086471Z ^[[1m^[[92m    Checking^[[0m toml v0.8.23
portable	Latest stable check	2026-10-02T16:47:18.5535809Z ^[[1m^[[92m    Checking^[[0m syntect v5.3.0
portable	Latest stable check	2026-10-02T16:47:19.4516331Z ^[[1m^[[92m    Checking^[[0m notify v8.2.0
portable	Latest stable check	2026-10-02T16:47:19.6025900Z ^[[1m^[[92m    Checking^[[0m resvg v0.45.1
portable	Latest stable check	2026-10-02T16:47:19.8356609Z ^[[1m^[[92m    Checking^[[0m similar v3.2.0
portable	Latest stable check	2026-10-02T16:47:20.2056167Z ^[[1m^[[92m    Checking^[[0m tempfile v3.27.0
portable	Latest stable check	2026-10-02T16:47:20.3255928Z ^[[1m^[[92m    Checking^[[0m utf8parse v0.2.2
portable	Latest stable check	2026-10-02T16:47:20.3645890Z ^[[1m^[[92m    Checking^[[0m anstyle-parse v1.0.0
portable	Latest stable check	2026-10-02T16:47:20.4185873Z ^[[1m^[[92m    Checking^[[0m colorchoice v1.0.5
portable	Latest stable check	2026-10-02T16:47:20.4366173Z ^[[1m^[[92m    Checking^[[0m anstyle v1.0.14
portable	Latest stable check	2026-10-02T16:47:20.4515929Z ^[[1m^[[92m    Checking^[[0m anstyle-query v1.1.5
portable	Latest stable check	2026-10-02T16:47:20.4846324Z ^[[1m^[[92m    Checking^[[0m is_terminal_polyfill v1.70.2
portable	Latest stable check	2026-10-02T16:47:20.5166187Z ^[[1m^[[92m    Checking^[[0m strsim v0.11.1
portable	Latest stable check	2026-10-02T16:47:20.5346622Z ^[[1m^[[92m    Checking^[[0m anstream v1.0.0
portable	Latest stable check	2026-10-02T16:47:20.5985949Z ^[[1m^[[92m    Checking^[[0m clap_lex v1.1.0
portable	Latest stable check	2026-10-02T16:47:20.6566551Z ^[[1m^[[92m   Compiling^[[0m clap_derive v4.6.4
portable	Latest stable check	2026-10-02T16:47:20.6697145Z ^[[1m^[[92m    Checking^[[0m clap_builder v4.6.6
portable	Latest stable check	2026-10-02T16:47:21.2585950Z ^[[1m^[[92m    Checking^[[0m gpui-pre-wgpu v0.3.7
portable	Latest stable check	2026-10-02T16:47:21.7536184Z ^[[1m^[[92m    Checking^[[0m gpui-pre-linux v0.3.7
portable	Latest stable check	2026-10-02T16:47:21.8666559Z ^[[1m^[[92m    Checking^[[0m gpui-rhai-registry v0.1.8 (/home/runner/work/gpui-rhai/gpui-rhai/registry)
portable	Latest stable check	2026-10-02T16:47:22.1278213Z ^[[1m^[[92m    Checking^[[0m clap v4.6.6
portable	Latest stable check	2026-10-02T16:47:23.0393118Z ^[[1m^[[92m    Checking^[[0m gpui-pre-platform v0.3.7
portable	Latest stable check	2026-10-02T16:47:25.7880748Z ^[[1m^[[92m    Checking^[[0m gpui-rhai v0.1.8 (/home/runner/work/gpui-rhai/gpui-rhai/crates/gpui-rhai)
portable	Latest stable check	2026-10-02T16:47:35.8265540Z ^[[1m^[[92m    Checking^[[0m gpui-rhai-cli v0.1.8 (/home/runner/work/gpui-rhai/gpui-rhai/crates/gpui-rhai-cli)
portable	Latest stable check	2026-10-02T16:47:38.0220735Z ^[[1m^[[92m    Finished^[[0m `dev` profile [unoptimized + debuginfo] target(s) in 1m 27s
portable	Clippy	﻿2026-10-02T16:47:38.0780269Z ##[group]Run cargo clippy --workspace --all-targets --all-features -- -D warnings
portable	Clippy	2026-10-02T16:47:38.0780855Z ^[[36;1mcargo clippy --workspace --all-targets --all-features -- -D warnings^[[0m
portable	Clippy	2026-10-02T16:47:38.0852652Z shell: /usr/bin/bash -e {0}
portable	Clippy	2026-10-02T16:47:38.0852910Z env:
portable	Clippy	2026-10-02T16:47:38.0853114Z   CARGO_HOME: /home/runner/.cargo
portable	Clippy	2026-10-02T16:47:38.0853376Z   CARGO_INCREMENTAL: 0
portable	Clippy	2026-10-02T16:47:38.0853599Z   CARGO_TERM_COLOR: always
portable	Clippy	2026-10-02T16:47:38.0853825Z ##[endgroup]
portable	Clippy	2026-10-02T16:47:38.5530006Z ^[[1m^[[92m    Checking^[[0m gpui-rhai v0.1.8 (/home/runner/work/gpui-rhai/gpui-rhai/crates/gpui-rhai)
portable	Clippy	2026-10-02T16:47:38.5531296Z ^[[1m^[[92m    Checking^[[0m gpui-rhai-registry v0.1.8 (/home/runner/work/gpui-rhai/gpui-rhai/registry)
portable	Clippy	2026-10-02T16:47:54.5655104Z ^[[1m^[[92m    Checking^[[0m gpui-rhai-cli v0.1.8 (/home/runner/work/gpui-rhai/gpui-rhai/crates/gpui-rhai-cli)
portable	Clippy	2026-10-02T16:47:57.9487492Z ^[[1m^[[92m    Finished^[[0m `dev` profile [unoptimized + debuginfo] target(s) in 19.80s
portable	Test	﻿2026-10-02T16:47:58.0059837Z ##[group]Run cargo test --workspace --all-targets --all-features
portable	Test	2026-10-02T16:47:58.0060323Z ^[[36;1mcargo test --workspace --all-targets --all-features^[[0m
portable	Test	2026-10-02T16:47:58.0127026Z shell: /usr/bin/bash -e {0}
portable	Test	2026-10-02T16:47:58.0127291Z env:
portable	Test	2026-10-02T16:47:58.0127495Z   CARGO_HOME: /home/runner/.cargo
portable	Test	2026-10-02T16:47:58.0127760Z   CARGO_INCREMENTAL: 0
portable	Test	2026-10-02T16:47:58.0127998Z   CARGO_TERM_COLOR: always
portable	Test	2026-10-02T16:47:58.0128228Z ##[endgroup]
portable	Test	2026-10-02T16:47:58.4591299Z ^[[1m^[[92m   Compiling^[[0m unicode-ident v1.0.24
portable	Test	2026-10-02T16:47:58.4592147Z ^[[1m^[[92m   Compiling^[[0m cfg-if v1.0.4
portable	Test	2026-10-02T16:47:58.4592687Z ^[[1m^[[92m   Compiling^[[0m serde_core v1.0.229
portable	Test	2026-10-02T16:47:58.4645580Z ^[[1m^[[92m   Compiling^[[0m libc v0.2.189
portable	Test	2026-10-02T16:47:58.4939703Z ^[[1m^[[92m   Compiling^[[0m bitflags v2.13.1
portable	Test	2026-10-02T16:47:58.5216144Z ^[[1m^[[92m   Compiling^[[0m proc-macro2 v1.0.107
portable	Test	2026-10-02T16:47:58.6603697Z ^[[1m^[[92m   Compiling^[[0m typeid v1.0.3
portable	Test	2026-10-02T16:47:58.7145506Z ^[[1m^[[92m   Compiling^[[0m libm v0.2.16
portable	Test	2026-10-02T16:47:59.2355991Z ^[[1m^[[92m   Compiling^[[0m quote v1.0.47
portable	Test	2026-10-02T16:47:59.3477247Z ^[[1m^[[92m   Compiling^[[0m equivalent v1.0.2
portable	Test	2026-10-02T16:47:59.3895656Z ^[[1m^[[92m   Compiling^[[0m syn v3.0.4
portable	Test	2026-10-02T16:47:59.4616499Z ^[[1m^[[92m   Compiling^[[0m syn v2.0.119
portable	Test	2026-10-02T16:48:00.0396664Z ^[[1m^[[92m   Compiling^[[0m portable-atomic v1.15.0
portable	Test	2026-10-02T16:48:00.3068371Z ^[[1m^[[92m   Compiling^[[0m once_cell v1.21.4
portable	Test	2026-10-02T16:48:00.4476324Z ^[[1m^[[92m   Compiling^[[0m hashbrown v0.17.1
portable	Test	2026-10-02T16:48:00.5625906Z ^[[1m^[[92m   Compiling^[[0m serde_fmt v1.1.0
portable	Test	2026-10-02T16:48:00.6655973Z ^[[1m^[[92m   Compiling^[[0m erased-serde v0.4.10
portable	Test	2026-10-02T16:48:00.9666088Z ^[[1m^[[92m   Compiling^[[0m indexmap v2.14.0
portable	Test	2026-10-02T16:48:01.1366793Z ^[[1m^[[92m   Compiling^[[0m value-bag-serde1 v1.13.2
portable	Test	2026-10-02T16:48:01.1746107Z ^[[1m^[[92m   Compiling^[[0m value-bag v1.13.2
portable	Test	2026-10-02T16:48:01.5886643Z ^[[1m^[[92m   Compiling^[[0m log v0.4.34
portable	Test	2026-10-02T16:48:01.6006629Z ^[[1m^[[92m   Compiling^[[0m pin-project-lite v0.2.17
portable	Test	2026-10-02T16:48:01.6486911Z ^[[1m^[[92m   Compiling^[[0m memchr v2.8.3
portable	Test	2026-10-02T16:48:01.9196010Z ^[[1m^[[92m   Compiling^[[0m num-traits v0.2.19
portable	Test	2026-10-02T16:48:02.3496255Z ^[[1m^[[92m   Compiling^[[0m futures-core v0.3.34
portable	Test	2026-10-02T16:48:02.4356199Z ^[[1m^[[92m   Compiling^[[0m crossbeam-utils v0.8.22
portable	Test	2026-10-02T16:48:02.5206397Z ^[[1m^[[92m   Compiling^[[0m futures-io v0.3.34
portable	Test	2026-10-02T16:48:02.6146691Z ^[[1m^[[92m   Compiling^[[0m linux-raw-sys v0.12.1
portable	Test	2026-10-02T16:48:02.8725832Z ^[[1m^[[92m   Compiling^[[0m winnow v1.0.4
portable	Test	2026-10-02T16:48:03.8746059Z ^[[1m^[[92m   Compiling^[[0m rustix v1.1.4
portable	Test	2026-10-02T16:48:04.0275780Z ^[[1m^[[92m   Compiling^[[0m parking v2.2.1
portable	Test	2026-10-02T16:48:04.0546190Z ^[[1m^[[92m   Compiling^[[0m serde_derive v1.0.229
portable	Test	2026-10-02T16:48:04.1224010Z ^[[1m^[[92m   Compiling^[[0m bytemuck_derive v1.12.1
portable	Test	2026-10-02T16:48:04.2906147Z ^[[1m^[[92m   Compiling^[[0m toml_parser v1.1.3+spec-1.1.0
portable	Test	2026-10-02T16:48:04.8506008Z ^[[1m^[[92m   Compiling^[[0m slab v0.4.12
portable	Test	2026-10-02T16:48:04.9586151Z ^[[1m^[[92m   Compiling^[[0m fastrand v2.5.0
portable	Test	2026-10-02T16:48:05.1156928Z ^[[1m^[[92m   Compiling^[[0m toml_edit v0.25.13+spec-1.1.0
portable	Test	2026-10-02T16:48:05.1696900Z ^[[1m^[[92m   Compiling^[[0m bytemuck v1.25.2
portable	Test	2026-10-02T16:48:05.3716767Z ^[[1m^[[92m   Compiling^[[0m arrayvec v0.7.8
portable	Test	2026-10-02T16:48:05.5356157Z ^[[1m^[[92m   Compiling^[[0m zerocopy-derive v0.8.56
portable	Test	2026-10-02T16:48:06.1676177Z ^[[1m^[[92m   Compiling^[[0m proc-macro-crate v3.5.0
portable	Test	2026-10-02T16:48:06.6036106Z ^[[1m^[[92m   Compiling^[[0m simd-adler32 v0.3.10
portable	Test	2026-10-02T16:48:06.7506114Z ^[[1m^[[92m   Compiling^[[0m enumflags2_derive v0.7.12
portable	Test	2026-10-02T16:48:06.8876646Z ^[[1m^[[92m   Compiling^[[0m zerocopy v0.8.56
portable	Test	2026-10-02T16:48:06.9266664Z ^[[1m^[[92m   Compiling^[[0m serde v1.0.229
portable	Test	2026-10-02T16:48:07.4388917Z ^[[1m^[[92m   Compiling^[[0m smallvec v1.15.2
portable	Test	2026-10-02T16:48:07.6102407Z ^[[1m^[[92m   Compiling^[[0m libloading v0.8.9
portable	Test	2026-10-02T16:48:07.6326443Z ^[[1m^[[92m   Compiling^[[0m zvariant_utils v4.2.0
portable	Test	2026-10-02T16:48:07.7425788Z ^[[1m^[[92m   Compiling^[[0m futures-lite v2.6.1
portable	Test	2026-10-02T16:48:08.3196084Z ^[[1m^[[92m   Compiling^[[0m event-listener v5.4.2
portable	Test	2026-10-02T16:48:08.4357032Z ^[[1m^[[92m   Compiling^[[0m concurrent-queue v2.5.0
portable	Test	2026-10-02T16:48:08.4946103Z ^[[1m^[[92m   Compiling^[[0m adler2 v2.0.1
portable	Test	2026-10-02T16:48:08.5617031Z ^[[1m^[[92m   Compiling^[[0m miniz_oxide v0.8.9
portable	Test	2026-10-02T16:48:08.5746576Z ^[[1m^[[92m   Compiling^[[0m event-listener-strategy v0.5.4
portable	Test	2026-10-02T16:48:08.6506614Z ^[[1m^[[92m   Compiling^[[0m synstructure v0.13.2
portable	Test	2026-10-02T16:48:08.9326768Z ^[[1m^[[92m   Compiling^[[0m zvariant_derive v5.15.0
portable	Test	2026-10-02T16:48:09.1400033Z ^[[1m^[[92m   Compiling^[[0m endi v1.1.1
portable	Test	2026-10-02T16:48:09.1996255Z ^[[1m^[[92m   Compiling^[[0m tracing-core v0.1.36
portable	Test	2026-10-02T16:48:09.2281388Z ^[[1m^[[92m   Compiling^[[0m async-task v4.7.1
portable	Test	2026-10-02T16:48:09.2355719Z ^[[1m^[[92m   Compiling^[[0m stable_deref_trait v1.2.1
portable	Test	2026-10-02T16:48:09.2613880Z ^[[1m^[[92m   Compiling^[[0m zerofrom-derive v0.1.7
portable	Test	2026-10-02T16:48:09.3776356Z ^[[1m^[[92m   Compiling^[[0m dlib v0.5.3
portable	Test	2026-10-02T16:48:09.4367600Z ^[[1m^[[92m   Compiling^[[0m crc32fast v1.5.1
portable	Test	2026-10-02T16:48:09.6006027Z ^[[1m^[[92m   Compiling^[[0m yoke-derive v0.8.2
portable	Test	2026-10-02T16:48:09.7986073Z ^[[1m^[[92m   Compiling^[[0m async-channel v2.5.0
portable	Test	2026-10-02T16:48:09.9296622Z ^[[1m^[[92m   Compiling^[[0m polling v3.11.0
portable	Test	2026-10-02T16:48:10.1245066Z ^[[1m^[[92m   Compiling^[[0m tracing-attributes v0.1.31
portable	Test	2026-10-02T16:48:10.3346074Z ^[[1m^[[92m   Compiling^[[0m zerofrom v0.1.8
portable	Test	2026-10-02T16:48:10.4106036Z ^[[1m^[[92m   Compiling^[[0m flate2 v1.1.9
portable	Test	2026-10-02T16:48:10.5125985Z ^[[1m^[[92m   Compiling^[[0m yoke v0.8.3
portable	Test	2026-10-02T16:48:10.5597896Z ^[[1m^[[92m   Compiling^[[0m getrandom v0.4.3
portable	Test	2026-10-02T16:48:10.6445998Z ^[[1m^[[92m   Compiling^[[0m enumflags2 v0.7.12
portable	Test	2026-10-02T16:48:10.6805935Z ^[[1m^[[92m   Compiling^[[0m zcheapstr v1.1.0
portable	Test	2026-10-02T16:48:10.7796211Z ^[[1m^[[92m   Compiling^[[0m siphasher v1.0.3
portable	Test	2026-10-02T16:48:10.7886022Z ^[[1m^[[92m   Compiling^[[0m typenum v1.20.1
portable	Test	2026-10-02T16:48:10.7996110Z ^[[1m^[[92m   Compiling^[[0m zvariant v5.15.0
portable	Test	2026-10-02T16:48:10.9244232Z ^[[1m^[[92m   Compiling^[[0m wayland-sys v0.31.11
portable	Test	2026-10-02T16:48:11.1986158Z ^[[1m^[[92m   Compiling^[[0m tracing v0.1.44
portable	Test	2026-10-02T16:48:11.3016770Z ^[[1m^[[92m   Compiling^[[0m zerovec-derive v0.11.6
portable	Test	2026-10-02T16:48:11.4800783Z ^[[1m^[[92m   Compiling^[[0m generic-array v0.14.7
portable	Test	2026-10-02T16:48:11.9945989Z ^[[1m^[[92m   Compiling^[[0m scopeguard v1.2.0
portable	Test	2026-10-02T16:48:12.0405570Z ^[[1m^[[92m   Compiling^[[0m atomic-waker v1.1.2
portable	Test	2026-10-02T16:48:12.1076151Z ^[[1m^[[92m   Compiling^[[0m sha1_smol v1.0.1
portable	Test	2026-10-02T16:48:12.2555887Z ^[[1m^[[92m   Compiling^[[0m uuid v1.26.0
portable	Test	2026-10-02T16:48:12.2946148Z ^[[1m^[[92m   Compiling^[[0m zerovec v0.11.8
portable	Test	2026-10-02T16:48:12.7336739Z ^[[1m^[[92m   Compiling^[[0m piper v0.2.5
portable	Test	2026-10-02T16:48:12.8256641Z ^[[1m^[[92m   Compiling^[[0m lock_api v0.4.14
portable	Test	2026-10-02T16:48:12.8836494Z ^[[1m^[[92m   Compiling^[[0m async-io v2.6.0
portable	Test	2026-10-02T16:48:13.1136038Z ^[[1m^[[92m   Compiling^[[0m zbus_names v4.3.4
portable	Test	2026-10-02T16:48:13.5796349Z ^[[1m^[[92m   Compiling^[[0m displaydoc v0.2.7
portable	Test	2026-10-02T16:48:13.6870419Z ^[[1m^[[92m   Compiling^[[0m serde_bytes v0.11.19
portable	Test	2026-10-02T16:48:13.7756372Z ^[[1m^[[92m   Compiling^[[0m core_maths v0.1.1
portable	Test	2026-10-02T16:48:13.8266154Z ^[[1m^[[92m   Compiling^[[0m errno v0.3.14
portable	Test	2026-10-02T16:48:13.8535990Z ^[[1m^[[92m   Compiling^[[0m itoa v1.0.18
portable	Test	2026-10-02T16:48:13.9146447Z ^[[1m^[[92m   Compiling^[[0m futures-sink v0.3.34
portable	Test	2026-10-02T16:48:13.9671567Z ^[[1m^[[92m   Compiling^[[0m signal-hook-registry v1.4.8
portable	Test	2026-10-02T16:48:13.9786412Z ^[[1m^[[92m   Compiling^[[0m blocking v1.7.0
portable	Test	2026-10-02T16:48:14.1296038Z ^[[1m^[[92m   Compiling^[[0m async-lock v3.4.2
portable	Test	2026-10-02T16:48:14.2346921Z ^[[1m^[[92m   Compiling^[[0m foldhash v0.2.0
portable	Test	2026-10-02T16:48:14.3476133Z ^[[1m^[[92m   Compiling^[[0m allocator-api2 v0.2.21
portable	Test	2026-10-02T16:48:14.6216695Z ^[[1m^[[92m   Compiling^[[0m hashbrown v0.16.1
portable	Test	2026-10-02T16:48:14.6596160Z ^[[1m^[[92m   Compiling^[[0m async-signal v0.2.14
portable	Test	2026-10-02T16:48:15.1645394Z ^[[1m^[[92m   Compiling^[[0m getrandom v0.3.4
portable	Test	2026-10-02T16:48:15.3015998Z ^[[1m^[[92m   Compiling^[[0m futures-channel v0.3.34
portable	Test	2026-10-02T16:48:15.4636281Z ^[[1m^[[92m   Compiling^[[0m half v2.7.1
portable	Test	2026-10-02T16:48:15.5626202Z ^[[1m^[[92m   Compiling^[[0m thiserror-impl v2.0.20
portable	Test	2026-10-02T16:48:15.8766603Z ^[[1m^[[92m   Compiling^[[0m futures-macro v0.3.34
portable	Test	2026-10-02T16:48:16.4866163Z ^[[1m^[[92m   Compiling^[[0m static_assertions v1.1.0
portable	Test	2026-10-02T16:48:16.5224960Z ^[[1m^[[92m   Compiling^[[0m futures-task v0.3.34
portable	Test	2026-10-02T16:48:16.6321283Z ^[[1m^[[92m   Compiling^[[0m futures-util v0.3.34
portable	Test	2026-10-02T16:48:16.6536151Z ^[[1m^[[92m   Compiling^[[0m thiserror v2.0.20
portable	Test	2026-10-02T16:48:16.7005909Z ^[[1m^[[92m   Compiling^[[0m async-process v2.5.0
portable	Test	2026-10-02T16:48:16.9966148Z ^[[1m^[[92m   Compiling^[[0m anyhow v1.0.104
portable	Test	2026-10-02T16:48:17.3925377Z ^[[1m^[[92m   Compiling^[[0m zmij v1.0.23
portable	Test	2026-10-02T16:48:17.6636413Z ^[[1m^[[92m   Compiling^[[0m parking_lot_core v0.9.12
portable	Test	2026-10-02T16:48:17.8098198Z ^[[1m^[[92m   Compiling^[[0m tinystr v0.8.4
portable	Test	2026-10-02T16:48:17.8526672Z ^[[1m^[[92m   Compiling^[[0m crypto-common v0.1.7
portable	Test	2026-10-02T16:48:17.9152854Z ^[[1m^[[92m   Compiling^[[0m async-executor v1.14.0
portable	Test	2026-10-02T16:48:17.9486106Z ^[[1m^[[92m   Compiling^[[0m litemap v0.8.3
portable	Test	2026-10-02T16:48:17.9935682Z ^[[1m^[[92m   Compiling^[[0m writeable v0.6.4
portable	Test	2026-10-02T16:48:18.0976385Z ^[[1m^[[92m   Compiling^[[0m parking_lot v0.12.5
portable	Test	2026-10-02T16:48:18.1766740Z ^[[1m^[[92m   Compiling^[[0m icu_locale_core v2.3.0
portable	Test	2026-10-02T16:48:18.2306108Z ^[[1m^[[92m   Compiling^[[0m slotmap v1.1.1
portable	Test	2026-10-02T16:48:18.5036190Z ^[[1m^[[92m   Compiling^[[0m zerotrie v0.2.5
portable	Test	2026-10-02T16:48:18.6326038Z ^[[1m^[[92m   Compiling^[[0m ttf-parser v0.25.1
portable	Test	2026-10-02T16:48:18.7326076Z ^[[1m^[[92m   Compiling^[[0m zbus_macros v5.19.0
portable	Test	2026-10-02T16:48:19.2176171Z ^[[1m^[[92m   Compiling^[[0m potential_utf v0.1.6
portable	Test	2026-10-02T16:48:19.3084434Z ^[[1m^[[92m   Compiling^[[0m async-broadcast v0.7.2
portable	Test	2026-10-02T16:48:19.3900557Z ^[[1m^[[92m   Compiling^[[0m async-recursion v1.1.1
portable	Test	2026-10-02T16:48:19.4686534Z ^[[1m^[[92m   Compiling^[[0m async-trait v0.1.92
portable	Test	2026-10-02T16:48:19.8086606Z ^[[1m^[[92m   Compiling^[[0m serde_repr v0.1.21
portable	Test	2026-10-02T16:48:20.1216244Z ^[[1m^[[92m   Compiling^[[0m ordered-stream v0.2.0
portable	Test	2026-10-02T16:48:20.2076072Z ^[[1m^[[92m   Compiling^[[0m quick-xml v0.41.0
portable	Test	2026-10-02T16:48:20.3675794Z ^[[1m^[[92m   Compiling^[[0m memmap2 v0.9.11
portable	Test	2026-10-02T16:48:20.5298160Z ^[[1m^[[92m   Compiling^[[0m float-cmp v0.9.0
portable	Test	2026-10-02T16:48:20.6026467Z ^[[1m^[[92m   Compiling^[[0m rustc-hash v2.1.3
portable	Test	2026-10-02T16:48:20.6606041Z ^[[1m^[[92m   Compiling^[[0m roxmltree v0.20.0
portable	Test	2026-10-02T16:48:21.1026168Z ^[[1m^[[92m   Compiling^[[0m scoped-tls v1.0.1
portable	Test	2026-10-02T16:48:21.1506885Z ^[[1m^[[92m   Compiling^[[0m downcast-rs v1.2.1
portable	Test	2026-10-02T16:48:21.1876413Z ^[[1m^[[92m   Compiling^[[0m tinyvec_macros v0.1.1
portable	Test	2026-10-02T16:48:21.1975700Z ^[[1m^[[92m   Compiling^[[0m utf8_iter v1.0.4
portable	Test	2026-10-02T16:48:21.2217959Z ^[[1m^[[92m   Compiling^[[0m hex v0.4.3
portable	Test	2026-10-02T16:48:21.2716366Z ^[[1m^[[92m   Compiling^[[0m icu_collections v2.3.0
portable	Test	2026-10-02T16:48:21.3763940Z ^[[1m^[[92m   Compiling^[[0m tinyvec v1.12.0
portable	Test	2026-10-02T16:48:21.4206524Z ^[[1m^[[92m   Compiling^[[0m zbus v5.19.0
portable	Test	2026-10-02T16:48:21.4296377Z ^[[1m^[[92m   Compiling^[[0m wayland-backend v0.3.17
portable	Test	2026-10-02T16:48:21.6876655Z ^[[1m^[[92m   Compiling^[[0m wayland-scanner v0.31.11
portable	Test	2026-10-02T16:48:21.7589395Z ^[[1m^[[92m   Compiling^[[0m fontconfig-parser v0.5.8
portable	Test	2026-10-02T16:48:22.5316380Z ^[[1m^[[92m   Compiling^[[0m strict-num v0.1.1
portable	Test	2026-10-02T16:48:22.6235973Z ^[[1m^[[92m   Compiling^[[0m icu_provider v2.3.1
portable	Test	2026-10-02T16:48:22.8766061Z ^[[1m^[[92m   Compiling^[[0m crossbeam-epoch v0.9.20
portable	Test	2026-10-02T16:48:22.8956231Z ^[[1m^[[92m   Compiling^[[0m gpui-pre-util v0.3.7
portable	Test	2026-10-02T16:48:23.0646139Z ^[[1m^[[92m   Compiling^[[0m fdeflate v0.3.7
portable	Test	2026-10-02T16:48:23.1055876Z ^[[1m^[[92m   Compiling^[[0m euclid v0.22.14
portable	Test	2026-10-02T16:48:23.1575778Z ^[[1m^[[92m   Compiling^[[0m arrayref v0.3.9
portable	Test	2026-10-02T16:48:23.1946086Z ^[[1m^[[92m   Compiling^[[0m bit-vec v0.9.1
portable	Test	2026-10-02T16:48:23.3726242Z ^[[1m^[[92m   Compiling^[[0m unicode-segmentation v1.13.3
portable	Test	2026-10-02T16:48:23.4966580Z ^[[1m^[[92m   Compiling^[[0m unicode-script v0.5.8
portable	Test	2026-10-02T16:48:23.7346188Z ^[[1m^[[92m   Compiling^[[0m raw-window-handle v0.6.2
portable	Test	2026-10-02T16:48:23.7556130Z ^[[1m^[[92m   Compiling^[[0m unicode-width v0.2.2
portable	Test	2026-10-02T16:48:23.7645402Z ^[[1m^[[92m   Compiling^[[0m bit-set v0.9.1
portable	Test	2026-10-02T16:48:23.8556637Z ^[[1m^[[92m   Compiling^[[0m tiny-skia-path v0.11.4
portable	Test	2026-10-02T16:48:23.9116938Z ^[[1m^[[92m   Compiling^[[0m codespan-reporting v0.13.1
portable	Test	2026-10-02T16:48:23.9316575Z ^[[1m^[[92m   Compiling^[[0m wayland-client v0.31.15
portable	Test	2026-10-02T16:48:24.3896983Z ^[[1m^[[92m   Compiling^[[0m crossbeam-deque v0.8.7
portable	Test	2026-10-02T16:48:24.5176050Z ^[[1m^[[92m   Compiling^[[0m gpui-pre-collections v0.3.7
portable	Test	2026-10-02T16:48:24.5583790Z ^[[1m^[[92m   Compiling^[[0m fontdb v0.23.0
portable	Test	2026-10-02T16:48:24.5796130Z ^[[1m^[[92m   Compiling^[[0m icu_normalizer_data v2.3.0
portable	Test	2026-10-02T16:48:24.6206795Z ^[[1m^[[92m   Compiling^[[0m icu_properties_data v2.3.0
portable	Test	2026-10-02T16:48:24.7176346Z ^[[1m^[[92m   Compiling^[[0m rand_core v0.9.5
portable	Test	2026-10-02T16:48:24.8676112Z ^[[1m^[[92m   Compiling^[[0m zbus_xml v5.2.1
portable	Test	2026-10-02T16:48:25.1325794Z ^[[1m^[[92m   Compiling^[[0m block-buffer v0.10.4
portable	Test	2026-10-02T16:48:25.2049393Z ^[[1m^[[92m   Compiling^[[0m ppv-lite86 v0.2.21
portable	Test	2026-10-02T16:48:25.5046056Z ^[[1m^[[92m   Compiling^[[0m num-complex v0.4.6
portable	Test	2026-10-02T16:48:25.8767166Z ^[[1m^[[92m   Compiling^[[0m profiling-procmacros v1.0.18
portable	Test	2026-10-02T16:48:25.8815262Z ^[[1m^[[92m   Compiling^[[0m spirv v0.4.0+sdk-1.4.341.0
portable	Test	2026-10-02T16:48:26.0667178Z ^[[1m^[[92m   Compiling^[[0m lazy_static v1.5.0
portable	Test	2026-10-02T16:48:26.0735935Z ^[[1m^[[92m   Compiling^[[0m hexf-parse v0.2.1
portable	Test	2026-10-02T16:48:26.1101118Z ^[[1m^[[92m   Compiling^[[0m unicode-bidi v0.3.18
portable	Test	2026-10-02T16:48:26.1486764Z ^[[1m^[[92m   Compiling^[[0m unicode-properties v0.1.4
portable	Test	2026-10-02T16:48:26.2808730Z ^[[1m^[[92m   Compiling^[[0m unicode-ccc v0.4.0
portable	Test	2026-10-02T16:48:26.3446119Z ^[[1m^[[92m   Compiling^[[0m rustc-hash v1.1.0
portable	Test	2026-10-02T16:48:26.3896027Z ^[[1m^[[92m   Compiling^[[0m iana-time-zone v0.1.65
portable	Test	2026-10-02T16:48:26.6096072Z ^[[1m^[[92m   Compiling^[[0m subtle v2.6.1
portable	Test	2026-10-02T16:48:26.7044325Z ^[[1m^[[92m   Compiling^[[0m foldhash v0.1.5
portable	Test	2026-10-02T16:48:26.7115846Z ^[[1m^[[92m   Compiling^[[0m unicode-bidi-mirroring v0.4.0
portable	Test	2026-10-02T16:48:26.7635401Z ^[[1m^[[92m   Compiling^[[0m rustybuzz v0.20.1
portable	Test	2026-10-02T16:48:26.8066077Z ^[[1m^[[92m   Compiling^[[0m hashbrown v0.15.5
portable	Test	2026-10-02T16:48:27.3196089Z ^[[1m^[[92m   Compiling^[[0m naga v29.0.4
portable	Test	2026-10-02T16:48:27.9105988Z ^[[1m^[[92m   Compiling^[[0m digest v0.10.7
portable	Test	2026-10-02T16:48:28.0573509Z ^[[1m^[[92m   Compiling^[[0m chrono v0.4.45
portable	Test	2026-10-02T16:48:29.6586588Z ^[[1m^[[92m   Compiling^[[0m profiling v1.0.18
portable	Test	2026-10-02T16:48:29.7026087Z ^[[1m^[[92m   Compiling^[[0m rand_chacha v0.9.0
portable	Test	2026-10-02T16:48:30.0636312Z ^[[1m^[[92m   Compiling^[[0m zbus-lockstep v0.5.2
portable	Test	2026-10-02T16:48:30.1316084Z ^[[1m^[[92m   Compiling^[[0m icu_properties v2.3.0
portable	Test	2026-10-02T16:48:30.2026596Z ^[[1m^[[92m   Compiling^[[0m icu_normalizer v2.3.0
portable	Test	2026-10-02T16:48:30.7636116Z ^[[1m^[[92m   Compiling^[[0m rayon-core v1.13.0
portable	Test	2026-10-02T16:48:31.4356086Z ^[[1m^[[92m   Compiling^[[0m wgpu-types v29.0.4
portable	Test	2026-10-02T16:48:31.5075979Z ^[[1m^[[92m   Compiling^[[0m ash v0.38.0+1.3.281
portable	Test	2026-10-02T16:48:33.7855979Z ^[[1m^[[92m   Compiling^[[0m serde_json v1.0.151
portable	Test	2026-10-02T16:48:34.1055972Z ^[[1m^[[92m   Compiling^[[0m lyon_geom v1.0.19
portable	Test	2026-10-02T16:48:34.5060346Z ^[[1m^[[92m   Compiling^[[0m futures-executor v0.3.34
portable	Test	2026-10-02T16:48:35.3011988Z ^[[1m^[[92m   Compiling^[[0m polycool v0.4.0
portable	Test	2026-10-02T16:48:35.6326218Z ^[[1m^[[92m   Compiling^[[0m zeroize_derive v1.5.0
portable	Test	2026-10-02T16:48:35.9771512Z ^[[1m^[[92m   Compiling^[[0m enumn v0.1.14
portable	Test	2026-10-02T16:48:36.0686667Z ^[[1m^[[92m   Compiling^[[0m num-integer v0.1.47
portable	Test	2026-10-02T16:48:36.2078035Z ^[[1m^[[92m   Compiling^[[0m aho-corasick v1.1.5
portable	Test	2026-10-02T16:48:36.3516478Z ^[[1m^[[92m   Compiling^[[0m simplecss v0.2.2
portable	Test	2026-10-02T16:48:36.8536738Z ^[[1m^[[92m   Compiling^[[0m gpu-descriptor-types v0.2.0
portable	Test	2026-10-02T16:48:36.9966178Z ^[[1m^[[92m   Compiling^[[0m weezl v0.1.12
portable	Test	2026-10-02T16:48:37.4225968Z ^[[1m^[[92m   Compiling^[[0m percent-encoding v2.3.2
portable	Test	2026-10-02T16:48:37.5425922Z ^[[1m^[[92m   Compiling^[[0m quick-error v2.0.1
portable	Test	2026-10-02T16:48:37.5906007Z ^[[1m^[[92m   Compiling^[[0m presser v0.3.1
portable	Test	2026-10-02T16:48:37.6656095Z ^[[1m^[[92m   Compiling^[[0m bitflags v1.3.2
portable	Test	2026-10-02T16:48:37.6985507Z ^[[1m^[[92m   Compiling^[[0m unicode-vo v0.1.0
portable	Test	2026-10-02T16:48:37.7636215Z ^[[1m^[[92m   Compiling^[[0m xmlwriter v0.1.0
portable	Test	2026-10-02T16:48:37.9273071Z ^[[1m^[[92m   Compiling^[[0m zune-core v0.5.3
portable	Test	2026-10-02T16:48:38.1266815Z ^[[1m^[[92m   Compiling^[[0m libbz2-rs-sys v0.2.5
portable	Test	2026-10-02T16:48:38.4635972Z ^[[1m^[[92m   Compiling^[[0m data-url v0.3.2
portable	Test	2026-10-02T16:48:38.7336112Z ^[[1m^[[92m   Compiling^[[0m byteorder v1.5.0
portable	Test	2026-10-02T16:48:38.8868454Z ^[[1m^[[92m   Compiling^[[0m pico-args v0.5.0
portable	Test	2026-10-02T16:48:38.8985706Z ^[[1m^[[92m   Compiling^[[0m base64 v0.22.1
portable	Test	2026-10-02T16:48:39.0766049Z ^[[1m^[[92m   Compiling^[[0m either v1.18.0
portable	Test	2026-10-02T16:48:39.1536387Z ^[[1m^[[92m   Compiling^[[0m regex-syntax v0.8.11
portable	Test	2026-10-02T16:48:39.2346070Z ^[[1m^[[92m   Compiling^[[0m bzip2 v0.6.1
portable	Test	2026-10-02T16:48:39.3675991Z ^[[1m^[[92m   Compiling^[[0m zune-jpeg v0.5.15
portable	Test	2026-10-02T16:48:40.2546161Z ^[[1m^[[92m   Compiling^[[0m png v0.17.16
portable	Test	2026-10-02T16:48:41.3016121Z ^[[1m^[[92m   Compiling^[[0m regex-automata v0.4.18
portable	Test	2026-10-02T16:48:42.1046146Z ^[[1m^[[92m   Compiling^[[0m gpu-allocator v0.28.0
portable	Test	2026-10-02T16:48:42.7817286Z ^[[1m^[[92m   Compiling^[[0m form_urlencoded v1.2.2
portable	Test	2026-10-02T16:48:42.8766121Z ^[[1m^[[92m   Compiling^[[0m gpu-descriptor v0.3.2
portable	Test	2026-10-02T16:48:42.8942017Z ^[[1m^[[92m   Compiling^[[0m accesskit v0.24.1
portable	Test	2026-10-02T16:48:43.0296486Z ^[[1m^[[92m   Compiling^[[0m zeroize v1.9.0
portable	Test	2026-10-02T16:48:43.1425951Z ^[[1m^[[92m   Compiling^[[0m kurbo v0.13.1
portable	Test	2026-10-02T16:48:43.1625722Z ^[[1m^[[92m   Compiling^[[0m wgpu-naga-bridge v29.0.4
portable	Test	2026-10-02T16:48:43.3636742Z ^[[1m^[[92m   Compiling^[[0m futures v0.3.34
portable	Test	2026-10-02T16:48:43.3706056Z ^[[1m^[[92m   Compiling^[[0m lyon_path v1.0.19
portable	Test	2026-10-02T16:48:43.4088050Z ^[[1m^[[92m   Compiling^[[0m getrandom v0.2.17
portable	Test	2026-10-02T16:48:43.5161579Z ^[[1m^[[92m   Compiling^[[0m idna_adapter v1.2.2
portable	Test	2026-10-02T16:48:43.5916118Z ^[[1m^[[92m   Compiling^[[0m zbus-lockstep-macros v0.5.2
portable	Test	2026-10-02T16:48:43.8343534Z ^[[1m^[[92m   Compiling^[[0m rand v0.9.5
portable	Test	2026-10-02T16:48:43.9495938Z ^[[1m^[[92m   Compiling^[[0m khronos-egl v6.0.0
portable	Test	2026-10-02T16:48:44.2646616Z ^[[1m^[[92m   Compiling^[[0m sharded-slab v0.1.7
portable	Test	2026-10-02T16:48:44.4306161Z ^[[1m^[[92m   Compiling^[[0m convert_case v0.10.0
portable	Test	2026-10-02T16:48:44.6456026Z ^[[1m^[[92m   Compiling^[[0m block-padding v0.3.3
portable	Test	2026-10-02T16:48:44.7097255Z ^[[1m^[[92m   Compiling^[[0m phf_shared v0.13.1
portable	Test	2026-10-02T16:48:44.7098533Z ^[[1m^[[92m   Compiling^[[0m tracing-log v0.2.0
portable	Test	2026-10-02T16:48:44.7275158Z ^[[1m^[[92m   Compiling^[[0m font-types v0.11.3
portable	Test	2026-10-02T16:48:44.8656034Z ^[[1m^[[92m   Compiling^[[0m font-types v0.12.5
portable	Test	2026-10-02T16:48:44.8887310Z ^[[1m^[[92m   Compiling^[[0m pin-project-internal v1.1.13
portable	Test	2026-10-02T16:48:45.0456250Z ^[[1m^[[92m   Compiling^[[0m thiserror-impl v1.0.69
portable	Test	2026-10-02T16:48:45.2105703Z ^[[1m^[[92m   Compiling^[[0m ref-cast-impl v1.0.27
portable	Test	2026-10-02T16:48:45.5506467Z ^[[1m^[[92m   Compiling^[[0m ordered-float v5.5.0
portable	Test	2026-10-02T16:48:45.7796173Z ^[[1m^[[92m   Compiling^[[0m serde_derive_internals v0.30.0
portable	Test	2026-10-02T16:48:45.7862833Z ^[[1m^[[92m   Compiling^[[0m raw-cpuid v11.6.0
portable	Test	2026-10-02T16:48:46.0736176Z ^[[1m^[[92m   Compiling^[[0m thread_local v1.1.10
portable	Test	2026-10-02T16:48:46.2386063Z ^[[1m^[[92m   Compiling^[[0m bytes v1.12.1
portable	Test	2026-10-02T16:48:46.5985413Z ^[[1m^[[92m   Compiling^[[0m byteorder-lite v0.1.0
portable	Test	2026-10-02T16:48:46.8035635Z ^[[1m^[[92m   Compiling^[[0m nu-ansi-term v0.50.3
portable	Test	2026-10-02T16:48:46.8606155Z ^[[1m^[[92m   Compiling^[[0m reborrow v0.5.5
portable	Test	2026-10-02T16:48:46.8998874Z ^[[1m^[[92m   Compiling^[[0m glow v0.17.0
portable	Test	2026-10-02T16:48:47.0696034Z ^[[1m^[[92m   Compiling^[[0m renderdoc-sys v1.1.0
portable	Test	2026-10-02T16:48:47.0986083Z ^[[1m^[[92m   Compiling^[[0m compression-core v0.4.32
portable	Test	2026-10-02T16:48:47.1495904Z ^[[1m^[[92m   Compiling^[[0m same-file v1.0.6
portable	Test	2026-10-02T16:48:47.1856694Z ^[[1m^[[92m   Compiling^[[0m pulp-wasm-simd-flag v0.1.1
portable	Test	2026-10-02T16:48:47.2156898Z ^[[1m^[[92m   Compiling^[[0m color_quant v1.1.0
portable	Test	2026-10-02T16:48:47.2446183Z ^[[1m^[[92m   Compiling^[[0m gimli v0.32.3
portable	Test	2026-10-02T16:48:47.3425907Z ^[[1m^[[92m   Compiling^[[0m gif v0.14.2
portable	Test	2026-10-02T16:48:47.8626681Z ^[[1m^[[92m   Compiling^[[0m pulp v0.22.3
portable	Test	2026-10-02T16:48:48.1046779Z ^[[1m^[[92m   Compiling^[[0m wgpu-hal v29.0.4
portable	Test	2026-10-02T16:48:48.7596114Z ^[[1m^[[92m   Compiling^[[0m derive_more-impl v2.1.1
portable	Test	2026-10-02T16:48:49.4376422Z ^[[1m^[[92m   Compiling^[[0m addr2line v0.25.1
portable	Test	2026-10-02T16:48:49.7238780Z ^[[1m^[[92m   Compiling^[[0m walkdir v2.5.0
portable	Test	2026-10-02T16:48:50.0176188Z ^[[1m^[[92m   Compiling^[[0m const-random-macro v0.1.16
portable	Test	2026-10-02T16:48:50.2296213Z ^[[1m^[[92m   Compiling^[[0m compression-codecs v0.4.38
portable	Test	2026-10-02T16:48:50.4676173Z ^[[1m^[[92m   Compiling^[[0m tracing-subscriber v0.3.23
portable	Test	2026-10-02T16:48:51.0116221Z ^[[1m^[[92m   Compiling^[[0m phf_generator v0.13.1
portable	Test	2026-10-02T16:48:51.1356602Z ^[[1m^[[92m   Compiling^[[0m image-webp v0.2.4
portable	Test	2026-10-02T16:48:51.6706110Z ^[[1m^[[92m   Compiling^[[0m http v1.5.0
portable	Test	2026-10-02T16:48:52.1656662Z ^[[1m^[[92m   Compiling^[[0m schemars_derive v1.2.2
portable	Test	2026-10-02T16:48:52.6436115Z ^[[1m^[[92m   Compiling^[[0m thiserror v1.0.69
portable	Test	2026-10-02T16:48:52.6906070Z ^[[1m^[[92m   Compiling^[[0m pin-project v1.1.13
portable	Test	2026-10-02T16:48:52.7326649Z ^[[1m^[[92m   Compiling^[[0m ref-cast v1.0.27
portable	Test	2026-10-02T16:48:52.7426164Z ^[[1m^[[92m   Compiling^[[0m read-fonts v0.41.0
portable	Test	2026-10-02T16:48:52.7791921Z ^[[1m^[[92m   Compiling^[[0m read-fonts v0.37.0
portable	Test	2026-10-02T16:48:53.5815867Z ^[[1m^[[92m   Compiling^[[0m inout v0.1.4
portable	Test	2026-10-02T16:48:53.6676859Z ^[[1m^[[92m   Compiling^[[0m svgtypes v0.16.1
portable	Test	2026-10-02T16:48:54.3041937Z ^[[1m^[[92m   Compiling^[[0m atspi-common v0.13.0
portable	Test	2026-10-02T16:48:55.7367400Z ^[[1m^[[92m   Compiling^[[0m idna v1.1.0
portable	Test	2026-10-02T16:48:56.5616105Z ^[[1m^[[92m   Compiling^[[0m object v0.37.3
portable	Test	2026-10-02T16:49:00.3976108Z ^[[1m^[[92m   Compiling^[[0m tiny-skia v0.11.4
portable	Test	2026-10-02T16:49:00.9086112Z ^[[1m^[[92m   Compiling^[[0m rayon v1.12.0
portable	Test	2026-10-02T16:49:02.1966405Z ^[[1m^[[92m   Compiling^[[0m hash32 v0.3.1
portable	Test	2026-10-02T16:49:02.2726130Z ^[[1m^[[92m   Compiling^[[0m gpui-pre-zlog v0.3.7
portable	Test	2026-10-02T16:49:02.6536432Z ^[[1m^[[92m   Compiling^[[0m wayland-protocols v0.32.13
portable	Test	2026-10-02T16:49:02.6957252Z ^[[1m^[[92m   Compiling^[[0m spin v0.9.9
portable	Test	2026-10-02T16:49:02.8256358Z ^[[1m^[[92m   Compiling^[[0m zune-inflate v0.2.54
portable	Test	2026-10-02T16:49:02.9216397Z ^[[1m^[[92m   Compiling^[[0m rgb v0.8.53
portable	Test	2026-10-02T16:49:02.9390248Z ^[[1m^[[92m   Compiling^[[0m roxmltree v0.21.1
portable	Test	2026-10-02T16:49:03.0816043Z ^[[1m^[[92m   Compiling^[[0m option-ext v0.2.0
portable	Test	2026-10-02T16:49:03.1206151Z ^[[1m^[[92m   Compiling^[[0m rustc-demangle v0.1.28
portable	Test	2026-10-02T16:49:03.1967625Z ^[[1m^[[92m   Compiling^[[0m as-raw-xcb-connection v1.0.1
portable	Test	2026-10-02T16:49:03.2396090Z ^[[1m^[[92m   Compiling^[[0m pxfm v0.1.30
portable	Test	2026-10-02T16:49:03.5334338Z ^[[1m^[[92m   Compiling^[[0m lebe v0.5.3
portable	Test	2026-10-02T16:49:03.6646038Z ^[[1m^[[92m   Compiling^[[0m float_next_after v1.0.0
portable	Test	2026-10-02T16:49:03.7116089Z ^[[1m^[[92m   Compiling^[[0m dyn-clone v1.0.20
portable	Test	2026-10-02T16:49:03.7585923Z ^[[1m^[[92m   Compiling^[[0m imagesize v0.14.0
portable	Test	2026-10-02T16:49:03.7896748Z ^[[1m^[[92m   Compiling^[[0m bit_field v0.10.3
portable	Test	2026-10-02T16:49:03.8826284Z ^[[1m^[[92m   Compiling^[[0m fax v0.2.7
portable	Test	2026-10-02T16:49:04.1076337Z ^[[1m^[[92m   Compiling^[[0m ryu v1.0.23
portable	Test	2026-10-02T16:49:04.1785927Z ^[[1m^[[92m   Compiling^[[0m smol_str v0.3.6
portable	Test	2026-10-02T16:49:04.2356577Z ^[[1m^[[92m   Compiling^[[0m xcursor v0.3.11
portable	Test	2026-10-02T16:49:04.3586099Z ^[[1m^[[92m   Compiling^[[0m serde_urlencoded v0.7.1
portable	Test	2026-10-02T16:49:04.5565935Z ^[[1m^[[92m   Compiling^[[0m tiff v0.11.3
portable	Test	2026-10-02T16:49:04.6052124Z ^[[1m^[[92m   Compiling^[[0m usvg v0.46.0
portable	Test	2026-10-02T16:49:06.3475962Z ^[[1m^[[92m   Compiling^[[0m moxcms v0.8.1
portable	Test	2026-10-02T16:49:06.9987908Z ^[[1m^[[92m   Compiling^[[0m exr v1.74.2
portable	Test	2026-10-02T16:49:08.3436276Z ^[[1m^[[92m   Compiling^[[0m gpui-pre-ztracing v0.3.7
portable	Test	2026-10-02T16:49:08.3896020Z ^[[1m^[[92m   Compiling^[[0m schemars v1.2.2
portable	Test	2026-10-02T16:49:10.1496161Z ^[[1m^[[92m   Compiling^[[0m lyon_tessellation v1.0.20
portable	Test	2026-10-02T16:49:10.2936401Z ^[[1m^[[92m   Compiling^[[0m backtrace v0.3.76
portable	Test	2026-10-02T16:49:11.1306592Z ^[[1m^[[92m   Compiling^[[0m dirs-sys v0.4.1
portable	Test	2026-10-02T16:49:11.3189226Z ^[[1m^[[92m   Compiling^[[0m flume v0.12.0
portable	Test	2026-10-02T16:49:11.3825925Z ^[[1m^[[92m   Compiling^[[0m heapless v0.9.3
portable	Test	2026-10-02T16:49:11.5625880Z ^[[1m^[[92m   Compiling^[[0m gpui-pre-perf v0.3.7
portable	Test	2026-10-02T16:49:11.8736598Z ^[[1m^[[92m   Compiling^[[0m skrifa v0.44.0
portable	Test	2026-10-02T16:49:11.9686467Z ^[[1m^[[92m   Compiling^[[0m url v2.5.8
portable	Test	2026-10-02T16:49:12.0348841Z ^[[1m^[[92m   Compiling^[[0m pathfinder_simd v0.5.6
portable	Test	2026-10-02T16:49:12.4280780Z ^[[1m^[[92m   Compiling^[[0m cipher v0.4.4
portable	Test	2026-10-02T16:49:12.6146078Z ^[[1m^[[92m   Compiling^[[0m http-body v1.1.0
portable	Test	2026-10-02T16:49:12.6966585Z ^[[1m^[[92m   Compiling^[[0m derive_more v2.1.1
portable	Test	2026-10-02T16:49:12.7651631Z ^[[1m^[[92m   Compiling^[[0m wgpu-core-deps-windows-linux-android v29.0.4
portable	Test	2026-10-02T16:49:12.8076025Z ^[[1m^[[92m   Compiling^[[0m phf_macros v0.13.1
portable	Test	2026-10-02T16:49:12.8206131Z ^[[1m^[[92m   Compiling^[[0m async-compression v0.4.43
portable	Test	2026-10-02T16:49:13.0966196Z ^[[1m^[[92m   Compiling^[[0m const-random v0.1.18
portable	Test	2026-10-02T16:49:13.1376198Z ^[[1m^[[92m   Compiling^[[0m lyon_algorithms v1.0.20
portable	Test	2026-10-02T16:49:13.3947486Z ^[[1m^[[92m   Compiling^[[0m num-bigint v0.4.8
portable	Test	2026-10-02T16:49:13.5846638Z ^[[1m^[[92m   Compiling^[[0m num-iter v0.1.46
portable	Test	2026-10-02T16:49:13.6435888Z ^[[1m^[[92m   Compiling^[[0m hmac v0.12.1
portable	Test	2026-10-02T16:49:13.7226506Z ^[[1m^[[92m   Compiling^[[0m strum_macros v0.28.0
portable	Test	2026-10-02T16:49:14.9066186Z ^[[1m^[[92m   Compiling^[[0m png v0.18.1
portable	Test	2026-10-02T16:49:15.5383039Z ^[[1m^[[92m   Compiling^[[0m gethostname v1.1.0
portable	Test	2026-10-02T16:49:15.5556693Z ^[[1m^[[92m   Compiling^[[0m qoi v0.4.1
portable	Test	2026-10-02T16:49:15.5976725Z ^[[1m^[[92m   Compiling^[[0m gpui-pre-derive-refineable v0.3.7
portable	Test	2026-10-02T16:49:15.7116125Z ^[[1m^[[92m   Compiling^[[0m crossbeam-queue v0.3.13
portable	Test	2026-10-02T16:49:15.8136112Z ^[[1m^[[92m   Compiling^[[0m fixedbitset v0.5.7
portable	Test	2026-10-02T16:49:16.0706447Z ^[[1m^[[92m   Compiling^[[0m atomic v0.5.3
portable	Test	2026-10-02T16:49:16.0906027Z ^[[1m^[[92m   Compiling^[[0m svg_fmt v0.4.5
portable	Test	2026-10-02T16:49:16.1806028Z ^[[1m^[[92m   Compiling^[[0m yazi v0.2.1
portable	Test	2026-10-02T16:49:16.1926519Z ^[[1m^[[92m   Compiling^[[0m x11rb-protocol v0.13.2
portable	Test	2026-10-02T16:49:16.2540443Z ^[[1m^[[92m   Compiling^[[0m zeno v0.3.3
portable	Test	2026-10-02T16:49:16.6796050Z ^[[1m^[[92m   Compiling^[[0m pollster v0.2.5
portable	Test	2026-10-02T16:49:16.7536048Z ^[[1m^[[92m   Compiling^[[0m cpufeatures v0.2.17
portable	Test	2026-10-02T16:49:16.7926076Z ^[[1m^[[92m   Compiling^[[0m web-time v1.1.0
portable	Test	2026-10-02T16:49:16.8126305Z ^[[1m^[[92m   Compiling^[[0m link-section v0.19.3
portable	Test	2026-10-02T16:49:16.8346828Z ^[[1m^[[92m   Compiling^[[0m gpui-pre-scheduler v0.3.7
portable	Test	2026-10-02T16:49:17.0106516Z ^[[1m^[[92m   Compiling^[[0m ctor v1.0.13
portable	Test	2026-10-02T16:49:17.1076136Z ^[[1m^[[92m   Compiling^[[0m postage v0.5.0
portable	Test	2026-10-02T16:49:17.2236051Z ^[[1m^[[92m   Compiling^[[0m swash v0.2.10
portable	Test	2026-10-02T16:49:17.4826376Z ^[[1m^[[92m   Compiling^[[0m etagere v0.2.15
portable	Test	2026-10-02T16:49:17.7165297Z ^[[1m^[[92m   Compiling^[[0m gpui-pre-refineable v0.3.7
portable	Test	2026-10-02T16:49:17.7756167Z ^[[1m^[[92m   Compiling^[[0m futures-concurrency v7.7.1
portable	Test	2026-10-02T16:49:17.9906621Z ^[[1m^[[92m   Compiling^[[0m image v0.25.10
portable	Test	2026-10-02T16:49:21.8806535Z ^[[1m^[[92m   Compiling^[[0m strum v0.28.0
portable	Test	2026-10-02T16:49:21.9446130Z ^[[1m^[[92m   Compiling^[[0m phf v0.13.1
portable	Test	2026-10-02T16:49:22.0496241Z ^[[1m^[[92m   Compiling^[[0m num-rational v0.4.2
portable	Test	2026-10-02T16:49:22.6005785Z ^[[1m^[[92m   Compiling^[[0m lyon v1.0.19
portable	Test	2026-10-02T16:49:22.6376098Z ^[[1m^[[92m   Compiling^[[0m ahash v0.8.12
portable	Test	2026-10-02T16:49:22.6856062Z ^[[1m^[[92m   Compiling^[[0m gpui-pre-http-client v0.3.7
portable	Test	2026-10-02T16:49:22.7944387Z ^[[1m^[[92m   Compiling^[[0m wgpu-core v29.0.4
portable	Test	2026-10-02T16:49:23.3715960Z ^[[1m^[[92m   Compiling^[[0m pathfinder_geometry v0.5.1
portable	Test	2026-10-02T16:49:23.5306278Z ^[[1m^[[92m   Compiling^[[0m gpui-pre-sum-tree v0.3.7
portable	Test	2026-10-02T16:49:23.8876243Z ^[[1m^[[92m   Compiling^[[0m gpui-pre-util-macros v0.3.7
portable	Test	2026-10-02T16:49:24.1512134Z ^[[1m^[[92m   Compiling^[[0m dirs v5.0.1
portable	Test	2026-10-02T16:49:24.2106421Z ^[[1m^[[92m   Compiling^[[0m gpui-pre-shared-string v0.3.7
portable	Test	2026-10-02T16:49:24.2896015Z ^[[1m^[[92m   Compiling^[[0m resvg v0.46.0
portable	Test	2026-10-02T16:49:25.8866445Z ^[[1m^[[92m   Compiling^[[0m x11rb v0.13.2
portable	Test	2026-10-02T16:49:27.8576086Z ^[[1m^[[92m   Compiling^[[0m atspi-proxies v0.13.0
portable	Test	2026-10-02T16:49:27.9356508Z ^[[1m^[[92m   Compiling^[[0m harfrust v0.5.2
portable	Test	2026-10-02T16:49:29.4685940Z ^[[1m^[[92m   Compiling^[[0m skrifa v0.40.0
portable	Test	2026-10-02T16:49:32.5223676Z ^[[1m^[[92m   Compiling^[[0m freetype-sys v0.20.1
portable	Test	2026-10-02T16:49:32.7186593Z ^[[1m^[[92m   Compiling^[[0m yeslogic-fontconfig-sys v6.0.1
portable	Test	2026-10-02T16:49:32.8036059Z ^[[1m^[[92m   Compiling^[[0m regex v1.13.1
portable	Test	2026-10-02T16:49:33.2036719Z ^[[1m^[[92m   Compiling^[[0m accesskit_consumer v0.38.0
portable	Test	2026-10-02T16:49:33.3956423Z ^[[1m^[[92m   Compiling^[[0m itertools v0.14.0
portable	Test	2026-10-02T16:49:34.2266501Z ^[[1m^[[92m   Compiling^[[0m gpui-pre-macros v0.3.7
portable	Test	2026-10-02T16:49:34.3866015Z ^[[1m^[[92m   Compiling^[[0m taffy v0.13.0
portable	Test	2026-10-02T16:49:34.7216500Z ^[[1m^[[92m   Compiling^[[0m async-fs v2.2.0
portable	Test	2026-10-02T16:49:35.2186474Z ^[[1m^[[92m   Compiling^[[0m spin v0.10.1
portable	Test	2026-10-02T16:49:35.3446804Z ^[[1m^[[92m   Compiling^[[0m is-docker v0.2.0
portable	Test	2026-10-02T16:49:35.4626643Z ^[[1m^[[92m   Compiling^[[0m num_cpus v1.17.0
portable	Test	2026-10-02T16:49:35.5166113Z ^[[1m^[[92m   Compiling^[[0m encoding_rs v0.8.35
portable	Test	2026-10-02T16:49:35.8005962Z ^[[1m^[[92m   Compiling^[[0m pollster v0.4.0
portable	Test	2026-10-02T16:49:35.8861130Z ^[[1m^[[92m   Compiling^[[0m unicode-linebreak v0.1.5
portable	Test	2026-10-02T16:49:35.8986187Z ^[[1m^[[92m   Compiling^[[0m sys-locale v0.3.2
portable	Test	2026-10-02T16:49:36.0096636Z ^[[1m^[[92m   Compiling^[[0m inventory v0.3.24
portable	Test	2026-10-02T16:49:36.0610359Z ^[[1m^[[92m   Compiling^[[0m seahash v4.1.0
portable	Test	2026-10-02T16:49:36.0665824Z ^[[1m^[[92m   Compiling^[[0m float-ord v0.3.2
portable	Test	2026-10-02T16:49:36.1006112Z ^[[1m^[[92m   Compiling^[[0m self_cell v1.3.0
portable	Test	2026-10-02T16:49:36.1129338Z ^[[1m^[[92m   Compiling^[[0m waker-fn v1.2.0
portable	Test	2026-10-02T16:49:36.1484271Z ^[[1m^[[92m   Compiling^[[0m rangemap v1.8.0
portable	Test	2026-10-02T16:49:36.1566060Z ^[[1m^[[92m   Compiling^[[0m linebender_resource_handle v0.1.1
portable	Test	2026-10-02T16:49:36.1640310Z ^[[1m^[[92m   Compiling^[[0m gpui-pre v0.3.7
portable	Test	2026-10-02T16:49:36.2206108Z ^[[1m^[[92m   Compiling^[[0m zed-font-kit v0.14.1-zed
portable	Test	2026-10-02T16:49:36.3715974Z ^[[1m^[[92m   Compiling^[[0m cosmic-text v0.19.0
portable	Test	2026-10-02T16:49:37.1706505Z ^[[1m^[[92m   Compiling^[[0m xim-ctext v0.3.0
portable	Test	2026-10-02T16:49:37.2509238Z ^[[1m^[[92m   Compiling^[[0m is-wsl v0.4.0
portable	Test	2026-10-02T16:49:37.2686425Z ^[[1m^[[92m   Compiling^[[0m accesskit_atspi_common v0.19.1
portable	Test	2026-10-02T16:49:37.3336108Z ^[[1m^[[92m   Compiling^[[0m atspi v0.29.0
portable	Test	2026-10-02T16:49:37.3825846Z ^[[1m^[[92m   Compiling^[[0m wgpu v29.0.4
portable	Test	2026-10-02T16:49:38.3676736Z ^[[1m^[[92m   Compiling^[[0m num v0.4.3
portable	Test	2026-10-02T16:49:38.4085985Z ^[[1m^[[92m   Compiling^[[0m xim-parser v0.2.2
portable	Test	2026-10-02T16:49:39.4316369Z ^[[1m^[[92m   Compiling^[[0m num-bigint-dig v0.9.1
portable	Test	2026-10-02T16:49:39.5166091Z ^[[1m^[[92m   Compiling^[[0m aes v0.8.4
portable	Test	2026-10-02T16:49:40.0486104Z ^[[1m^[[92m   Compiling^[[0m sha2 v0.10.9
portable	Test	2026-10-02T16:49:40.3749236Z ^[[1m^[[92m   Compiling^[[0m hkdf v0.12.4
portable	Test	2026-10-02T16:49:40.4622905Z ^[[1m^[[92m   Compiling^[[0m pbkdf2 v0.12.2
portable	Test	2026-10-02T16:49:40.5166050Z ^[[1m^[[92m   Compiling^[[0m cbc v0.1.2
portable	Test	2026-10-02T16:49:40.5925959Z ^[[1m^[[92m   Compiling^[[0m ashpd v0.13.13
portable	Test	2026-10-02T16:49:40.5985694Z ^[[1m^[[92m   Compiling^[[0m md-5 v0.10.6
portable	Test	2026-10-02T16:49:40.6776049Z ^[[1m^[[92m   Compiling^[[0m async-net v2.0.0
portable	Test	2026-10-02T16:49:41.2516057Z ^[[1m^[[92m   Compiling^[[0m calloop v0.14.4
portable	Test	2026-10-02T16:49:41.3996455Z ^[[1m^[[92m   Compiling^[[0m kurbo v0.11.3
portable	Test	2026-10-02T16:49:41.9936005Z ^[[1m^[[92m   Compiling^[[0m bit-vec v0.8.0
portable	Test	2026-10-02T16:49:42.1626174Z ^[[1m^[[92m   Compiling^[[0m hashbrown v0.14.5
portable	Test	2026-10-02T16:49:42.6436292Z ^[[1m^[[92m   Compiling^[[0m xkeysym v0.2.1
portable	Test	2026-10-02T16:49:42.8906732Z ^[[1m^[[92m   Compiling^[[0m zed-xim v0.4.0-zed
portable	Test	2026-10-02T16:49:43.0926093Z ^[[1m^[[92m   Compiling^[[0m oo7 v0.6.0
portable	Test	2026-10-02T16:49:43.2866538Z ^[[1m^[[92m   Compiling^[[0m xkbcommon v0.8.0
portable	Test	2026-10-02T16:49:43.5556457Z ^[[1m^[[92m   Compiling^[[0m bit-set v0.8.0
portable	Test	2026-10-02T16:49:43.6606422Z ^[[1m^[[92m   Compiling^[[0m svgtypes v0.15.3
portable	Test	2026-10-02T16:49:44.1136610Z ^[[1m^[[92m   Compiling^[[0m calloop-wayland-source v0.4.1
portable	Test	2026-10-02T16:49:44.1856053Z ^[[1m^[[92m   Compiling^[[0m smol v2.0.2
portable	Test	2026-10-02T16:49:44.2806217Z ^[[1m^[[92m   Compiling^[[0m accesskit_unix v0.22.1
portable	Test	2026-10-02T16:49:44.4641376Z ^[[1m^[[92m   Compiling^[[0m open v5.4.4
portable	Test	2026-10-02T16:49:44.6506123Z ^[[1m^[[92m   Compiling^[[0m inotify-sys v0.1.8
portable	Test	2026-10-02T16:49:44.7085949Z ^[[1m^[[92m   Compiling^[[0m x11-clipboard v0.9.3
portable	Test	2026-10-02T16:49:45.4485990Z ^[[1m^[[92m   Compiling^[[0m wayland-protocols-wlr v0.3.12
portable	Test	2026-10-02T16:49:46.5336506Z ^[[1m^[[92m   Compiling^[[0m wayland-protocols-plasma v0.3.12
portable	Test	2026-10-02T16:49:46.9266412Z ^[[1m^[[92m   Compiling^[[0m wayland-cursor v0.31.14
portable	Test	2026-10-02T16:49:47.1406495Z ^[[1m^[[92m   Compiling^[[0m filedescriptor v0.8.3
portable	Test	2026-10-02T16:49:47.2736652Z ^[[1m^[[92m   Compiling^[[0m notify-rust v4.18.0
portable	Test	2026-10-02T16:49:49.0426622Z ^[[1m^[[92m   Compiling^[[0m toml_datetime v0.6.11
portable	Test	2026-10-02T16:49:49.2446195Z ^[[1m^[[92m   Compiling^[[0m serde_spanned v0.6.9
portable	Test	2026-10-02T16:49:49.3151521Z ^[[1m^[[92m   Compiling^[[0m imagesize v0.13.0
portable	Test	2026-10-02T16:49:49.7026569Z ^[[1m^[[92m   Compiling^[[0m toml_write v0.1.2
portable	Test	2026-10-02T16:49:49.8297016Z ^[[1m^[[92m   Compiling^[[0m linked-hash-map v0.5.6
portable	Test	2026-10-02T16:49:49.9046589Z ^[[1m^[[92m   Compiling^[[0m winnow v0.7.15
portable	Test	2026-10-02T16:49:49.9556424Z ^[[1m^[[92m   Compiling^[[0m yaml-rust v0.4.5
portable	Test	2026-10-02T16:49:50.7476760Z ^[[1m^[[92m   Compiling^[[0m gpui-pre-wgpu v0.3.7
portable	Test	2026-10-02T16:49:51.0356065Z ^[[1m^[[92m   Compiling^[[0m usvg v0.45.1
portable	Test	2026-10-02T16:49:51.5636120Z ^[[1m^[[92m   Compiling^[[0m toml_edit v0.22.27
portable	Test	2026-10-02T16:49:53.2566125Z ^[[1m^[[92m   Compiling^[[0m gpui-pre-linux v0.3.7
portable	Test	2026-10-02T16:49:54.7312886Z ^[[1m^[[92m   Compiling^[[0m inotify v0.11.5
portable	Test	2026-10-02T16:49:55.1426197Z ^[[1m^[[92m   Compiling^[[0m smartstring v1.0.1
portable	Test	2026-10-02T16:49:55.3346612Z ^[[1m^[[92m   Compiling^[[0m fancy-regex v0.16.2
portable	Test	2026-10-02T16:49:55.4273757Z ^[[1m^[[92m   Compiling^[[0m bincode v1.3.3
portable	Test	2026-10-02T16:49:55.7776172Z ^[[1m^[[92m   Compiling^[[0m rhai_codegen v3.2.0
portable	Test	2026-10-02T16:49:56.4455850Z ^[[1m^[[92m   Compiling^[[0m mio v1.2.2
portable	Test	2026-10-02T16:49:56.6986025Z ^[[1m^[[92m   Compiling^[[0m notify-types v2.1.0
portable	Test	2026-10-02T16:49:56.8586585Z ^[[1m^[[92m   Compiling^[[0m jiff-core v0.1.0
portable	Test	2026-10-02T16:49:56.9716098Z ^[[1m^[[92m   Compiling^[[0m thin-vec v0.2.19
portable	Test	2026-10-02T16:49:57.1655981Z ^[[1m^[[92m   Compiling^[[0m fnv v1.0.7
portable	Test	2026-10-02T16:49:57.2106053Z ^[[1m^[[92m   Compiling^[[0m syntect v5.3.0
portable	Test	2026-10-02T16:49:58.1126172Z ^[[1m^[[92m   Compiling^[[0m jiff v0.2.35
portable	Test	2026-10-02T16:50:00.1776109Z ^[[1m^[[92m   Compiling^[[0m rhai v1.26.0
portable	Test	2026-10-02T16:50:02.1285991Z ^[[1m^[[92m   Compiling^[[0m gpui-pre-platform v0.3.7
portable	Test	2026-10-02T16:50:02.4207043Z ^[[1m^[[92m   Compiling^[[0m notify v8.2.0
portable	Test	2026-10-02T16:50:03.6596477Z ^[[1m^[[92m   Compiling^[[0m toml v0.8.23
portable	Test	2026-10-02T16:50:04.3646508Z ^[[1m^[[92m   Compiling^[[0m resvg v0.45.1
portable	Test	2026-10-02T16:50:04.9535996Z ^[[1m^[[92m   Compiling^[[0m similar v3.2.0
portable	Test	2026-10-02T16:50:07.6846096Z ^[[1m^[[92m   Compiling^[[0m semver v1.0.28
portable	Test	2026-10-02T16:50:07.8616584Z ^[[1m^[[92m   Compiling^[[0m tempfile v3.27.0
portable	Test	2026-10-02T16:50:07.9636326Z ^[[1m^[[92m   Compiling^[[0m utf8parse v0.2.2
portable	Test	2026-10-02T16:50:08.0136502Z ^[[1m^[[92m   Compiling^[[0m anstyle-parse v1.0.0
portable	Test	2026-10-02T16:50:08.1246195Z ^[[1m^[[92m   Compiling^[[0m is_terminal_polyfill v1.70.2
portable	Test	2026-10-02T16:50:08.1676101Z ^[[1m^[[92m   Compiling^[[0m anstyle v1.0.14
portable	Test	2026-10-02T16:50:08.2623048Z ^[[1m^[[92m   Compiling^[[0m colorchoice v1.0.5
portable	Test	2026-10-02T16:50:08.3172504Z ^[[1m^[[92m   Compiling^[[0m anstyle-query v1.1.5
portable	Test	2026-10-02T16:50:08.3216017Z ^[[1m^[[92m   Compiling^[[0m clap_lex v1.1.0
portable	Test	2026-10-02T16:50:08.3666014Z ^[[1m^[[92m   Compiling^[[0m anstream v1.0.0
portable	Test	2026-10-02T16:50:08.4856082Z ^[[1m^[[92m   Compiling^[[0m strsim v0.11.1
portable	Test	2026-10-02T16:50:08.6216400Z ^[[1m^[[92m   Compiling^[[0m clap_builder v4.6.6
portable	Test	2026-10-02T16:50:08.8276155Z ^[[1m^[[92m   Compiling^[[0m clap_derive v4.6.4
portable	Test	2026-10-02T16:50:09.7192600Z ^[[1m^[[92m   Compiling^[[0m gpui-rhai-registry v0.1.8 (/home/runner/work/gpui-rhai/gpui-rhai/registry)
portable	Test	2026-10-02T16:50:10.4076938Z ^[[1m^[[92m   Compiling^[[0m clap v4.6.6
portable	Test	2026-10-02T16:50:11.5170076Z ^[[1m^[[92m   Compiling^[[0m gpui-rhai v0.1.8 (/home/runner/work/gpui-rhai/gpui-rhai/crates/gpui-rhai)
portable	Test	2026-10-02T16:50:27.8683122Z ^[[1m^[[92m   Compiling^[[0m gpui-rhai-cli v0.1.8 (/home/runner/work/gpui-rhai/gpui-rhai/crates/gpui-rhai-cli)
portable	Test	2026-10-02T16:52:09.5129121Z ^[[1m^[[92m    Finished^[[0m `test` profile [unoptimized + debuginfo] target(s) in 4m 11s
portable	Test	2026-10-02T16:52:10.6343560Z ^[[1m^[[92m     Running^[[0m unittests src/lib.rs (target/debug/deps/gpui_rhai-ad4ccf64dc3f12e8)
portable	Test	2026-10-02T16:52:10.6539654Z 
portable	Test	2026-10-02T16:52:10.6545667Z running 503 tests
portable	Test	2026-10-02T16:52:10.6773106Z test accessibility::tests::committed_frame_rejects_unknown_native_roles_before_presentation ... ok
portable	Test	2026-10-02T16:52:10.6777230Z test accessibility::tests::semantic_tree_preserves_pressed_expanded_orientation_and_range_values ... ok
portable	Test	2026-10-02T16:52:10.6780051Z test accessibility::tests::presented_tree_excludes_retained_but_unpainted_subtrees ... ok
portable	Test	2026-10-02T16:52:10.6783319Z test accessibility::tests::semantic_descendant_inherits_nearest_realized_geometry ... ok
portable	Test	2026-10-02T16:52:10.6786663Z test accessibility::tests::semantic_tree_flattens_layout_and_resolves_label_relationships ... ok
portable	Test	2026-10-02T16:52:10.6853870Z test action::tests::key_bindings_validate_and_convert_to_gpui ... ok
portable	Test	2026-10-02T16:52:11.9121042Z test action::tests::disabled_actions_do_not_dispatch ... ok
portable	Test	2026-10-02T16:52:11.9206589Z test app::tests::embedded_font_sources_are_validated_and_retained_for_mount ... ok
portable	Test	2026-10-02T16:52:11.9298983Z test app::tests::embedded_host_theme_overrides_cover_primary_and_additional_variants ... ok
portable	Test	2026-10-02T16:52:11.9306070Z test app::tests::error_banner_policy_defaults_on_and_can_be_disabled ... ok
portable	Test	2026-10-02T16:52:11.9342530Z test app::tests::embedded_runtime_clock_is_installed_before_initial_render ... ok
portable	Test	2026-10-02T16:52:11.9469844Z test app::tests::embedded_asset_sources_match_file_provider_namespace ... ok
portable	Test	2026-10-02T16:52:11.9470879Z test app::tests::declared_component_assets_preload_and_render_without_lifecycle_io ... ok
portable	Test	2026-10-02T16:52:11.9632108Z test app::tests::initial_mount_failure_returns_a_structured_root_diagnostic ... ok
portable	Test	2026-10-02T16:52:11.9655609Z test app::tests::missing_entry_has_path_aware_error ... ok
portable	Test	2026-10-02T16:52:11.9663386Z test app::tests::motion_frame_freezes_only_events_present_at_its_sample_boundary ... ok
portable	Test	2026-10-02T16:52:11.9685559Z test app::tests::pointer_callback_return_controls_gpui_propagation ... ok
portable	Test	2026-10-02T16:52:11.9715288Z test app::tests::missing_declared_component_asset_fails_preparation ... ok
portable	Test	2026-10-02T16:52:11.9854039Z test app::tests::file_and_embedded_apps_produce_equivalent_locale_asset_tree ... ok
portable	Test	2026-10-02T16:52:11.9857906Z test app::tests::reduced_motion_environment_values_are_normalized ... ok
portable	Test	2026-10-02T16:52:11.9905600Z test app::tests::retained_descendant_resolves_nearest_scroll_ancestor ... ok
portable	Test	2026-10-02T16:52:11.9906694Z test app::tests::prepare_resolves_copied_component_modules ... ok
portable	Test	2026-10-02T16:52:11.9907484Z test app::tests::prepared_view_starts_engine_and_lifecycle_on_mount ... ok
portable	Test	2026-10-02T16:52:11.9908332Z test app::tests::file_view_applies_the_validated_component_stylesheet ... ok
portable	Test	2026-10-02T16:52:12.0035917Z test app::tests::script_window_api_queues_open_and_installs_close_confirmation_handler ... ok
portable	Test	2026-10-02T16:52:12.0075611Z test app::tests::script_registered_semantic_action_dispatches_generation_bound_callback ... ok
portable	Test	2026-10-02T16:52:12.0104199Z test app::tests::startup_rejects_manifest_capabilities_missing_from_host ... ok
portable	Test	2026-10-02T16:52:12.0165508Z test app::tests::structured_script_error_keeps_human_display_separate_from_diagnostic ... ok
portable	Test	2026-10-02T16:52:12.0166399Z test asset::tests::logical_ids_reject_urls_and_traversal ... ok
portable	Test	2026-10-02T16:52:12.0175657Z test asset::tests::namespace_refresh_preserves_handle_and_replaces_cached_bytes ... ok
portable	Test	2026-10-02T16:52:12.0177204Z test asset::tests::provider_images_are_cached_behind_opaque_handles ... ok
portable	Test	2026-10-02T16:52:12.0196475Z test app::tests::theme_handle_state_only_advances_for_an_effective_theme_change ... ok
portable	Test	2026-10-02T16:52:12.0197335Z test asset::tests::raster_decode_delivers_handle_on_foreground_drain ... ok
portable	Test	2026-10-02T16:52:12.0198113Z test asset::tests::rejected_duplicate_provider_keeps_uncached_assets_from_the_original ... ok
portable	Test	2026-10-02T16:52:12.0209979Z test asset::tests::svg_current_color_uses_external_default_without_overriding_local_color ... ok
portable	Test	2026-10-02T16:52:12.0213927Z test asset::tests::svg_variant_cache_is_lru_bounded_and_observable ... ok
portable	Test	2026-10-02T16:52:12.0218392Z test asset::tests::transaction_rollback_restores_a_cancelled_decode_registration ... ok
portable	Test	2026-10-02T16:52:12.0220519Z test async_runtime::tests::async_error_payload_is_always_bounded_utf8 ... ok
portable	Test	2026-10-02T16:52:12.0230184Z test asset::tests::svg_raster_adapter_preserves_fixed_color_gradient_and_semantic_alpha ... ok
portable	Test	2026-10-02T16:52:12.0241574Z test asset::tests::canceled_and_stale_image_decodes_do_not_deliver ... ok
portable	Test	2026-10-02T16:52:12.0389107Z test async_runtime::tests::cancellation_wakes_a_blocked_lossless_producer ... ok
portable	Test	2026-10-02T16:52:12.0390731Z test async_runtime::tests::exact_effect_activation_cancellation_preserves_replacement_work ... ok
portable	Test	2026-10-02T16:52:12.0526250Z test app::tests::secondary_window_engine_restores_compiled_component_exports ... ok
portable	Test	2026-10-02T16:52:12.0547855Z test async_runtime::tests::rhai_delivery_preflight_matches_recursive_engine_limits ... ok
portable	Test	2026-10-02T16:52:12.0575624Z test async_runtime::tests::producer_close_and_registry_drop_report_first_close_reason ... ok
portable	Test	2026-10-02T16:52:12.0600358Z test async_runtime::tests::canceled_and_stale_tasks_never_deliver ... ok
portable	Test	2026-10-02T16:52:12.0689623Z test async_runtime::tests::stale_generation_discards_buffer_and_reclaims_subscription ... ok
portable	Test	2026-10-02T16:52:12.0715508Z test async_runtime::tests::subscription_defaults_to_bounded_ordered_delivery ... ok
portable	Test	2026-10-02T16:52:12.0855845Z test async_runtime::tests::task_completion_delivers_on_foreground_drain ... ok
portable	Test	2026-10-02T16:52:12.0856810Z test async_runtime::tests::task_cancellation_is_reversible_until_transaction_commit ... ok
portable	Test	2026-10-02T16:52:12.0983163Z test async_runtime::tests::window_and_component_scope_cancellation_preserves_app_tasks ... ok
portable	Test	2026-10-02T16:52:12.0995661Z test automation::tests::json_lines_protocol_correlates_success_and_errors ... ok
portable	Test	2026-10-02T16:52:12.1015534Z test automation::tests::locators_require_one_unambiguous_semantic_node ... ok
portable	Test	2026-10-02T16:52:12.1035695Z test async_runtime::tests::task_panic_becomes_an_error_delivery_and_releases_the_entry ... ok
portable	Test	2026-10-02T16:52:12.1036785Z test budget::tests::default_budgets_are_valid_and_limits_are_inclusive ... ok
portable	Test	2026-10-02T16:52:12.1037711Z test canvas::tests::path_sampling_uses_arc_length_and_morph_requires_matching_topology ... ok
portable	Test	2026-10-02T16:52:12.1038784Z test canvas::tests::presented_hit_testing_tracks_morph_trim_and_non_scaling_stroke ... ok
portable	Test	2026-10-02T16:52:12.1039915Z test canvas::tests::scene_hit_testing_uses_reverse_paint_order_and_path_geometry ... ok
portable	Test	2026-10-02T16:52:12.1040394Z test canvas::tests::scene_rejects_duplicate_keys ... ok
portable	Test	2026-10-02T16:52:12.1058509Z test backend::tests::grain_harness_checks_values_and_records_diagnostic_blocker ... ok
portable	Test	2026-10-02T16:52:12.1061502Z test capability::tests::async_handler_builds_validated_worker_without_moving_rhai_callbacks ... ok
portable	Test	2026-10-02T16:52:12.1063225Z test capability::tests::manifest_controls_capability_access_and_versions ... ok
portable	Test	2026-10-02T16:52:12.1064791Z test capability::tests::manifest_must_cover_component_capability_requirements ... ok
portable	Test	2026-10-02T16:52:12.1065886Z test capability::tests::output_is_validated_even_for_rust_handlers ... ok
portable	Test	2026-10-02T16:52:12.1091717Z test chart::data::tests::concurrent_appends_retry_without_losing_a_committed_revision ... ok
portable	Test	2026-10-02T16:52:12.1092982Z test canvas::tests::script_paths_are_typed_transformed_clipped_and_budgeted_by_segments ... ok
portable	Test	2026-10-02T16:52:12.1094151Z test chart::data::tests::inferred_columns_are_typed_columnar_and_keyed ... ok
portable	Test	2026-10-02T16:52:12.1097441Z test chart::data::tests::invalid_streaming_candidate_does_not_advance_revision ... ok
portable	Test	2026-10-02T16:52:12.1099553Z test chart::data::tests::streaming_updates_are_atomic_revisioned_and_sliding ... ok
portable	Test	2026-10-02T16:52:12.1117254Z test chart::data::tests::unkeyed_data_uses_content_scoped_whole_series_identity ... ok
portable	Test	2026-10-02T16:52:12.1119111Z test chart::export::tests::selected_business_key_does_not_style_the_legend_control ... ok
portable	Test	2026-10-02T16:52:12.1120295Z test chart::export::tests::export_and_layout_share_theme_typography ... ok
portable	Test	2026-10-02T16:52:12.1142264Z test chart::extension::tests::host_formatter_registry_is_typed_and_duplicate_safe ... ok
portable	Test	2026-10-02T16:52:12.1143418Z test chart::geo::tests::geojson_maps_parse_project_and_hit_test ... ok
portable	Test	2026-10-02T16:52:12.1150109Z test chart::geo::tests::svg_map_paths_keep_ids_and_curves_become_hit_testable_polygons ... ok
portable	Test	2026-10-02T16:52:12.1151624Z test chart::primitive::tests::linked_domain_round_trip_is_independent_of_chart_size_and_full_domain ... ok
portable	Test	2026-10-02T16:52:12.1153174Z test chart::primitive::tests::typed_viewport_round_trips_without_collapsing_axis_windows ... ok
portable	Test	2026-10-02T16:52:12.1154354Z test chart::scale::tests::categories_occupy_band_centers_and_reject_duplicates ... ok
portable	Test	2026-10-02T16:52:12.1156073Z test chart::scale::tests::continuous_mapping_inverts_and_reversal_is_explicit ... ok
portable	Test	2026-10-02T16:52:12.1157089Z test chart::scale::tests::time_ticks_use_the_explicit_timezone_and_reject_unknown_iana_names ... ok
portable	Test	2026-10-02T16:52:12.1159587Z test chart::scene::tests::bar_scene_uses_stable_original_keys_for_hit_testing_and_semantics ... ok
portable	Test	2026-10-02T16:52:12.1181520Z test chart::scene::tests::complete_builtin_series_matrix_produces_real_scene_geometry ... ok
portable	Test	2026-10-02T16:52:12.1188801Z test chart::scene::tests::pie_scene_produces_distinct_keyed_sector_geometry ... ok
portable	Test	2026-10-02T16:52:12.1190408Z test chart::scene::tests::sampled_motion_scene_is_the_hit_test_scene ... ok
portable	Test	2026-10-02T16:52:12.1191668Z test chart::spec::tests::blank_titles_are_absent_and_wheel_zoom_defaults_to_modifier ... ok
portable	Test	2026-10-02T16:52:12.1192927Z test chart::spec::tests::coordinate_and_channel_mismatches_fail_before_scene_install ... ok
portable	Test	2026-10-02T16:52:12.1195341Z test chart::spec::tests::mixed_series_and_named_regions_validate_as_one_scene ... ok
portable	Test	2026-10-02T16:52:12.1196290Z test chart::spec::tests::timezones_require_explicit_unambiguous_contracts ... ok
portable	Test	2026-10-02T16:52:12.1263236Z test chart::transform::tests::lttb_collapses_null_runs_and_respects_the_total_budget ... ok
portable	Test	2026-10-02T16:52:12.1343325Z test chart::transform::tests::lttb_preserves_first_last_and_original_datum_keys ... ok
portable	Test	2026-10-02T16:52:12.1344883Z test chart::transform::tests::transform_failure_keeps_the_input_immutable ... ok
portable	Test	2026-10-02T16:52:12.1345997Z test clock::tests::manual_clock_is_shared_and_monotonic_by_host_policy ... ok
portable	Test	2026-10-02T16:52:12.1364988Z test async_runtime::tests::subscription_throttles_to_latest_value_and_cancels ... ok
portable	Test	2026-10-02T16:52:12.1372146Z test collection_projection::tests::outline_projection_is_stable_and_rejects_cycles ... ok
portable	Test	2026-10-02T16:52:12.1379288Z test collection_projection::tests::stable_grouping_preserves_first_group_and_item_order ... ok
portable	Test	2026-10-02T16:52:12.1402730Z test collection_projection::tests::collapsed_outline_still_enforces_global_depth_limit ... ok
portable	Test	2026-10-02T16:52:12.1432551Z test column_resize::tests::intrinsic_measurement_is_a_keyed_lifecycle_primitive ... ok
portable	Test	2026-10-02T16:52:12.1455147Z test column_resize::tests::realized_measurements_replace_and_unmount_without_retaining_stale_maxima ... ok
portable	Test	2026-10-02T16:52:12.1475411Z test column_resize::tests::resize_event_uses_a_fixed_width_descriptor ... ok
portable	Test	2026-10-02T16:52:12.1479325Z test column_resize::tests::width_delta_and_clamping_follow_text_direction ... ok
portable	Test	2026-10-02T16:52:12.1482649Z test component::tests::component_assets_are_safe_and_part_of_header_identity ... ok
portable	Test	2026-10-02T16:52:12.1487172Z test component::tests::component_collector_is_idempotent_and_rejects_conflicts ... ok
portable	Test	2026-10-02T16:52:12.1488301Z test component::tests::component_header_is_machine_readable ... ok
portable	Test	2026-10-02T16:52:12.1491059Z test component::tests::component_reuse_equality_is_conservative_for_nested_nodes ... ok
portable	Test	2026-10-02T16:52:12.1495636Z test async_runtime::tests::online_schema_rejection_formats_only_the_first_issue ... ok
portable	Test	2026-10-02T16:52:12.1498500Z test component::tests::header_and_exported_metadata_must_match ... ok
portable	Test	2026-10-02T16:52:12.1501549Z test component::tests::invalid_nested_schema_definition_is_rejected_at_export ... ok
portable	Test	2026-10-02T16:52:12.1502928Z test component::tests::invocation_applies_defaults_and_rejects_unknown_props ... ok
portable	Test	2026-10-02T16:52:12.1506409Z test component::tests::invocation_normalizes_data_style_and_callback_props_for_retention ... ok
portable	Test	2026-10-02T16:52:12.1509508Z test component::tests::component_schema_round_trips_for_tooling ... ok
portable	Test	2026-10-02T16:52:12.1515122Z test component::tests::registry_resolves_dependencies_first ... ok
portable	Test	2026-10-02T16:52:12.1517677Z test component::tests::standard_style_props_are_typed_and_reject_unknown_parts ... ok
portable	Test	2026-10-02T16:52:12.1522197Z test component::tests::stateful_components_require_keys ... ok
portable	Test	2026-10-02T16:52:12.1525513Z test component::tests::invocation_rejects_anonymous_retained_callback_props ... ok
portable	Test	2026-10-02T16:52:12.1594404Z test component_styles::tests::source_decodes_typed_styles_and_validates_parts ... ok
portable	Test	2026-10-02T16:52:12.1675537Z test component_styles::tests::source_rejects_unknown_components_parts_and_non_styles ... ok
portable	Test	2026-10-02T16:52:12.1680763Z test context::tests::event_mutations_are_batched ... ok
portable	Test	2026-10-02T16:52:12.1683849Z test context::tests::event_target_bounds_are_untracked_and_event_only ... ok
portable	Test	2026-10-02T16:52:12.1784342Z test component_styles::tests::stylesheet_precedes_instance_overrides_during_component_render ... ok
portable	Test	2026-10-02T16:52:12.1786271Z test context::tests::focus_by_ref_key_queues_a_window_scoped_retained_command ... ok
portable	Test	2026-10-02T16:52:12.1794156Z test context::tests::host_can_register_a_new_native_collection_after_mount ... ok
portable	Test	2026-10-02T16:52:12.1799891Z test context::tests::host_motion_preference_changes_without_replacing_runtime_state ... ok
portable	Test	2026-10-02T16:52:12.1881032Z test context::tests::first_native_appearance_replaces_dark_fallback_and_invalidates_render_readers_once ... ok
portable	Test	2026-10-02T16:52:12.1897630Z test context::tests::presentation_geometry_and_capture_are_isolated_per_view ... ok
portable	Test	2026-10-02T16:52:12.1904449Z test context::tests::locale_and_viewport_reads_register_exact_component_dependencies ... ok
portable	Test	2026-10-02T16:52:12.2050570Z test context::tests::receiver_subscription_forwards_external_values_until_sender_drop ... ok
portable	Test	2026-10-02T16:52:12.2059379Z test context::tests::render_context_rejects_mutation ... ok
portable	Test	2026-10-02T16:52:12.2066955Z test context::tests::receiver_subscription_waits_for_lossless_capacity_without_ending_the_stream ... ok
portable	Test	2026-10-02T16:52:12.2074380Z test context::tests::render_signal_reads_disable_component_reuse ... ok
portable	Test	2026-10-02T16:52:12.2240321Z test context::tests::runtime_transaction_rollback_restores_cancelled_subscription ... ok
portable	Test	2026-10-02T16:52:12.2248286Z test context::tests::returning_subscription_work_closes_external_emitters_with_reason ... ok
portable	Test	2026-10-02T16:52:12.2329878Z test context::tests::script_reads_fixed_today_calendar_and_locale_formatters ... ok
portable	Test	2026-10-02T16:52:12.2456355Z test context::tests::script_theme_switch_preserves_component_state_and_ast_generation ... ok
portable	Test	2026-10-02T16:52:12.2467842Z test context::tests::scripts_receive_restricted_context_without_gpui_types ... ok
portable	Test	2026-10-02T16:52:12.2608389Z test context::tests::semantic_event_and_action_traces_never_retain_payload_values ... ok
portable	Test	2026-10-02T16:52:12.2616300Z test context::tests::scripts_use_bounded_nested_and_keyed_store_paths ... ok
portable	Test	2026-10-02T16:52:12.2626108Z test context::tests::structural_store_paths_invalidate_executable_owner_not_synthetic_scope ... ok
portable	Test	2026-10-02T16:52:12.2633085Z test context::tests::timeline_handles_cannot_cross_view_contexts ... ok
portable	Test	2026-10-02T16:52:12.2640264Z test context::tests::transaction_tokens_cannot_cross_runtime_or_commit_unbalanced ... ok
portable	Test	2026-10-02T16:52:12.2657726Z test context::tests::viewport_class_is_window_scoped_and_script_readable ... ok
portable	Test	2026-10-02T16:52:12.2663732Z test context::tests::window_release_uses_segment_boundaries_and_clears_suspend_tombstones ... ok
portable	Test	2026-10-02T16:52:12.2675176Z test date::tests::arithmetic_crosses_month_year_and_century_boundaries ... ok
portable	Test	2026-10-02T16:52:12.2696888Z test date::tests::fixed_clock_is_deterministic ... ok
portable	Test	2026-10-02T16:52:12.2798892Z test context::tests::theme_variant_reads_the_resolved_selection ... ok
portable	Test	2026-10-02T16:52:12.2826521Z test date::tests::strict_iso_and_leap_year_validation ... ok
portable	Test	2026-10-02T16:52:12.2833939Z test date::tests::weekdays_match_known_dates ... ok
portable	Test	2026-10-02T16:52:12.2840717Z test dependency::tests::changes_invalidate_transitive_dependants ... ok
portable	Test	2026-10-02T16:52:12.2847541Z test date::tests::rhai_date_data_api_is_checked_and_month_grid_is_stable ... ok
portable	Test	2026-10-02T16:52:12.2854193Z test dependency::tests::file_watcher_accepts_all_supported_image_formats ... ok
portable	Test	2026-10-02T16:52:12.2860823Z test dependency::tests::failed_refresh_does_not_commit_partial_cache ... ok
portable	Test	2026-10-02T16:52:12.2887613Z test dependency::tests::import_extraction_rejects_dynamic_and_invalid_imports ... ok
portable	Test	2026-10-02T16:52:12.2892259Z test dependency::tests::import_extraction_uses_rhai_parser_for_nested_comments_and_templates ... ok
portable	Test	2026-10-02T16:52:12.2898892Z test dependency::tests::import_extraction_uses_unoptimized_ast_for_nested_templates ... ok
portable	Test	2026-10-02T16:52:12.2905197Z test dependency::tests::import_scanner_ignores_comments_and_string_contents ... ok
portable	Test	2026-10-02T16:52:12.2912468Z test devtools::tests::inspector_reports_host_handler_label_without_opaque_details ... ok
portable	Test	2026-10-02T16:52:12.2919308Z test devtools::tests::sensitive_trace_payload_is_redacted_before_storage ... ok
portable	Test	2026-10-02T16:52:12.3047926Z test devtools::tests::snapshot_captures_source_and_redacts_sensitive_state ... ok
portable	Test	2026-10-02T16:52:12.3247558Z test devtools::tests::snapshot_includes_runtime_mechanism_identity_and_state ... ok
portable	Test	2026-10-02T16:52:12.3254965Z test devtools::tests::trace_buffer_is_bounded_and_ordered ... ok
portable	Test	2026-10-02T16:52:12.3357455Z test diagnostic::tests::diagnostic_keeps_the_failed_round_quota_after_host_policy_changes ... ok
portable	Test	2026-10-02T16:52:12.3500603Z test diagnostic::tests::runtime_diagnostic_contains_location_component_and_stack ... ok
portable	Test	2026-10-02T16:52:12.3508093Z test diagnostic::tests::terminated_evaluation_preserves_structured_runtime_context ... ok
portable	Test	2026-10-02T16:52:12.3556356Z test chart::export::tests::svg_and_png_export_the_same_prepared_terminal_scene ... ok
portable	Test	2026-10-02T16:52:12.3563902Z test document::tests::host_limits_fail_explicitly_before_unbounded_work ... ok
portable	Test	2026-10-02T16:52:12.3680293Z test document::tests::diff_is_direction_neutral_refines_unicode_and_collapses_context ... ok
portable	Test	2026-10-02T16:52:12.3686575Z test document::tests::line_ranges_normalize_crlf_but_retain_terminal_empty_line ... ok
portable	Test	2026-10-02T16:52:12.3694013Z test document::tests::native_documents_are_revisioned_and_registry_reads_are_exact ... ok
portable	Test	2026-10-02T16:52:12.4148382Z test collection_projection::tests::ten_thousand_outline_roots_project_without_quadratic_ancestry_walks ... ok
portable	Test	2026-10-02T16:52:12.5084116Z test dependency::tests::file_watcher_reports_rhai_changes ... ok
portable	Test	2026-10-02T16:52:12.5094932Z test document::tests::whitespace_policy_is_explicit ... ok
portable	Test	2026-10-02T16:52:12.5128915Z test document_view::tests::code_descriptor_exposes_string_or_native_document_without_rhai_rows ... ok
portable	Test	2026-10-02T16:52:12.5141208Z test document_view::tests::document_font_resolution_uses_an_installed_monospace_before_fallback ... ok
portable	Test	2026-10-02T16:52:12.5147115Z test document_view::tests::document_selection_copies_original_cross_line_text ... ok
portable	Test	2026-10-02T16:52:12.5148757Z test document_view::tests::native_search_supports_case_word_and_regex_policies ... ok
portable	Test	2026-10-02T16:52:12.5185455Z test document_view::tests::overlapping_highlight_layers_become_ordered_composed_runs ... ok
portable	Test	2026-10-02T16:52:12.5186509Z test document_view::tests::tab_expansion_preserves_source_and_display_offsets ... ok
portable	Test	2026-10-02T16:52:12.5215422Z test document_view::tests::wrapping_respects_tabs_and_unicode_grapheme_boundaries ... ok
portable	Test	2026-10-02T16:52:12.5275391Z test drag_drop::tests::typed_target_acceptance_distinguishes_payload_and_operation ... ok
portable	Test	2026-10-02T16:52:12.5276417Z test draggable::tests::drag_axes_snap_and_containment_are_one_pure_policy ... ok
portable	Test	2026-10-02T16:52:12.5775796Z test effect::tests::restarted_effect_uses_a_distinct_async_activation_scope ... ok
portable	Test	2026-10-02T16:52:12.6075990Z test effect::tests::unchanged_effects_do_not_restart_and_removed_effects_cleanup ... ok
portable	Test	2026-10-02T16:52:12.6077611Z test element_ref::tests::contribution_retarget_and_last_item_prune_detach_native_and_logical_reads ... ok
portable	Test	2026-10-02T16:52:12.6105668Z test element_ref::tests::failed_candidate_restores_last_good_binding_and_subscriptions ... ok
portable	Test	2026-10-02T16:52:12.6136043Z test element_ref::tests::final_manifest_prunes_provider_subscription_without_reviving_removed_readers ... ok
portable	Test	2026-10-02T16:52:12.6145636Z test element_ref::tests::logical_ref_subscription_survives_all_binding_transitions_without_repeats ... ok
portable	Test	2026-10-02T16:52:12.6146703Z test element_ref::tests::pending_geometry_reader_binds_after_the_ref_commits ... ok
portable	Test	2026-10-02T16:52:12.6147703Z test element_ref::tests::reader_teardown_and_provider_removal_notify_only_surviving_owners ... ok
portable	Test	2026-10-02T16:52:12.6148661Z test element_ref::tests::rebinding_does_not_remove_an_independent_direct_geometry_read ... ok
portable	Test	2026-10-02T16:52:12.6149566Z test element_ref::tests::stale_refs_do_not_rebind_after_scope_removal ... ok
portable	Test	2026-10-02T16:52:12.6215700Z test engine::tests::callbacks_are_rejected_after_reload ... ok
portable	Test	2026-10-02T16:52:12.6406524Z test engine::tests::callbacks_cannot_cross_runtime_engines ... ok
portable	Test	2026-10-02T16:52:12.6515747Z test engine::tests::canvas_scene_is_keyed_validated_and_script_constructible ... ok
portable	Test	2026-10-02T16:52:12.6619987Z test engine::tests::click_handlers_can_carry_typed_semantic_payloads ... ok
portable	Test	2026-10-02T16:52:12.6736629Z test engine::tests::default_runtime_rejects_filesystem_imports ... ok
portable	Test	2026-10-02T16:52:12.7055776Z test document::tests::rhai_and_go_are_built_in_and_unknown_languages_fall_back_to_plain_text ... ok
portable	Test	2026-10-02T16:52:12.7235646Z test engine::tests::execution_timings_cover_compile_and_render ... ok
portable	Test	2026-10-02T16:52:12.7415646Z test engine::tests::failed_candidate_keeps_last_good_generation_active ... ok
portable	Test	2026-10-02T16:52:12.7565741Z test engine::tests::failed_nested_component_records_the_deepest_component_path ... ok
portable	Test	2026-10-02T16:52:12.7745669Z test engine::tests::final_box_and_fragment_atoms_are_distinct_snapshots ... ok
portable	Test	2026-10-02T16:52:12.7895744Z test engine::tests::final_component_api_registers_render_once_and_invokes_by_id ... ok
portable	Test	2026-10-02T16:52:12.8165842Z test engine::tests::host_policies_are_independent_and_reload_candidates_do_not_share_mutable_quota ... ok
portable	Test	2026-10-02T16:52:12.8315680Z test engine::tests::independent_candidates_never_share_callback_authority ... ok
portable	Test	2026-10-02T16:52:12.8465465Z test engine::tests::inline_svg_atom_is_bounded_and_self_contained ... ok
portable	Test	2026-10-02T16:52:12.8605687Z test engine::tests::invalid_state_default_reports_the_field_and_tagged_encoding ... ok
portable	Test	2026-10-02T16:52:12.8745608Z test engine::tests::lazy_error_boundary_catches_rhai_evaluation_failure ... ok
portable	Test	2026-10-02T16:52:13.3566014Z test engine::tests::delayed_component_callback_starts_with_a_fresh_operation_budget ... ok
portable	Test	2026-10-02T16:52:13.4828014Z test engine::tests::multiple_dirty_components_share_one_incremental_budget ... ok
portable	Test	2026-10-02T16:52:13.5085797Z test engine::tests::old_component_handles_cannot_target_a_same_key_remount ... ok
portable	Test	2026-10-02T16:52:13.5235576Z test engine::tests::one_program_preparation_shares_identity_across_module_and_entry_compilation ... ok
portable	Test	2026-10-02T16:52:13.9752054Z test engine::tests::nested_component_work_consumes_one_shared_operation_budget ... ok
portable	Test	2026-10-02T16:52:13.9910633Z test engine::tests::recompilation_invalidates_previous_generation ... ok
portable	Test	2026-10-02T16:52:13.9935346Z test engine::tests::replay_hydrates_formal_subtrees_inside_nested_dynamic_node_shapes ... ok
portable	Test	2026-10-02T16:52:14.0075486Z test engine::tests::retained_callbacks_reject_capturing_functions_and_non_data_curry ... ok
portable	Test	2026-10-02T16:52:14.0636033Z test document::tests::host_registered_syntax_participates_in_background_safe_snapshots ... ok
portable	Test	2026-10-02T16:52:14.8575913Z test engine::tests::retained_component_budget_ignores_parent_history_without_resetting_session_total ... ok
portable	Test	2026-10-02T16:52:14.8805789Z test engine::tests::retained_virtual_renderer_replays_curried_node_presentation ... ok
portable	Test	2026-10-02T16:52:14.8995810Z test engine::tests::rhai_nodes_attach_only_registered_schema_checked_native_handlers ... ok
portable	Test	2026-10-02T16:52:14.9245856Z test engine::tests::retained_virtual_renderer_budget_ignores_parent_history ... ok
portable	Test	2026-10-02T16:52:14.9423901Z test engine::tests::operation_limit_is_host_configurable ... ok
portable	Test	2026-10-02T16:52:14.9520536Z test engine::tests::script_builds_a_declarative_tree ... ok
portable	Test	2026-10-02T16:52:14.9616730Z test engine::tests::script_builds_a_typed_controlled_overlay ... ok
portable	Test	2026-10-02T16:52:14.9708735Z test engine::tests::script_builds_an_error_boundary ... ok
portable	Test	2026-10-02T16:52:14.9798190Z test engine::tests::self_contained_compile_rejects_dynamic_imports_before_evaluation ... ok
portable	Test	2026-10-02T16:52:14.9801695Z test engine::tests::sticky_virtual_collection_indices_are_bounded_unique_and_top_aligned ... ok
portable	Test	2026-10-02T16:52:15.0086522Z test engine::tests::rhai_nodes_retain_ordered_handlers_for_all_event_phases ... ok
portable	Test	2026-10-02T16:52:15.0099987Z test engine::tests::text_accepts_typed_inline_span_runs ... ok
portable	Test	2026-10-02T16:52:15.0101128Z test engine::tests::virtual_collection_reveal_key_is_known_and_has_one_scroll_owner ... ok
portable	Test	2026-10-02T16:52:15.0242086Z test engine::tests::unsafe_const_container_assignment_is_rejected_before_evaluation ... ok
portable	Test	2026-10-02T16:52:15.0244065Z test environment_dependency::tests::environment_dependencies_invalidate_only_matching_domains ... ok
portable	Test	2026-10-02T16:52:15.0325726Z test engine::tests::virtual_row_formal_component_preserves_the_real_callback_owner ... ok
portable	Test	2026-10-02T16:52:15.0391067Z test event::tests::capture_target_bubble_and_immediate_stop_are_ordered ... ok
portable	Test	2026-10-02T16:52:15.0392032Z test event::tests::host_callback_identity_debug_and_tree_drop_follow_rc_ownership ... ok
portable	Test	2026-10-02T16:52:15.0394025Z test event::tests::pointer_capture_is_node_scoped_and_clears_on_unmount ... ok
portable	Test	2026-10-02T16:52:15.0425503Z test event::tests::events_bubble_until_explicitly_handled ... ok
portable	Test	2026-10-02T16:52:15.0498295Z test event::tests::rhai_cannot_construct_host_callbacks ... ok
portable	Test	2026-10-02T16:52:15.0499265Z test font::tests::font_sources_validate_format_size_and_duplicates ... ok
portable	Test	2026-10-02T16:52:15.0500316Z test geometry::tests::affine_composition_inverse_and_bounds_share_one_coordinate_fact ... ok
portable	Test	2026-10-02T16:52:15.0501426Z test geometry::tests::affine_inverse_is_scale_relative_and_rejects_singular_matrices ... ok
portable	Test	2026-10-02T16:52:15.0503253Z test geometry::tests::changed_geometry_invalidates_exact_readers_and_snapshot_restores ... ok
portable	Test	2026-10-02T16:52:15.0504960Z test geometry::tests::layout_and_trigger_motion_sample_from_committed_native_state ... ok
portable	Test	2026-10-02T16:52:15.0506099Z test geometry::tests::presented_geometry_maps_local_and_window_coordinates_both_ways ... ok
portable	Test	2026-10-02T16:52:15.0507763Z test geometry::tests::shared_layout_history_expires_after_its_last_presented_frame ... ok
portable	Test	2026-10-02T16:52:15.0556692Z test event::tests::stop_allows_remaining_same_phase_handlers_but_blocks_ancestors ... ok
portable	Test	2026-10-02T16:52:15.1485494Z test host_slot::tests::registry_rejects_invalid_and_duplicate_names ... ok
portable	Test	2026-10-02T16:52:15.1500436Z test inline_svg::tests::inline_svg_accepts_local_gradients_and_current_color ... ok
portable	Test	2026-10-02T16:52:15.1515617Z test inline_svg::tests::inline_svg_rejects_active_and_external_content ... ok
portable	Test	2026-10-02T16:52:15.1545887Z test interaction::tests::gesture_session_owns_activation_and_total_delta ... ok
portable	Test	2026-10-02T16:52:15.3056576Z test host_slot::tests::extension_registers_a_keyed_opaque_primitive_constructor ... ok
portable	Test	2026-10-02T16:52:15.3084754Z test invocation::tests::retained_callback_chains_start_with_a_fresh_call_depth ... ok
portable	Test	2026-10-02T16:52:15.3085784Z test invocation::tests::synchronous_recursion_still_obeys_the_engine_limit ... ok
portable	Test	2026-10-02T16:52:15.3086599Z test engine::tests::runtime_emits_official_rhai_language_server_definitions ... ok
portable	Test	2026-10-02T16:52:15.3087371Z test lifecycle::tests::async_image_decode_completes_through_lifecycle_delivery ... ok
portable	Test	2026-10-02T16:52:15.3088657Z test lifecycle::tests::canvas_scene_budget_is_independent_from_command_budget ... ok
portable	Test	2026-10-02T16:52:15.3200280Z test lifecycle::tests::exit_ghost_uses_the_views_committed_geometry_domain ... ok
portable	Test	2026-10-02T16:52:15.3224993Z test lifecycle::tests::async_capability_completes_through_foreground_delivery ... ok
portable	Test	2026-10-02T16:52:15.3356332Z test lifecycle::tests::failed_event_callback_rolls_back_ui_state ... ok
portable	Test	2026-10-02T16:52:15.3516717Z test lifecycle::tests::hot_reload_rolls_back_candidate_init_state_on_render_failure ... ok
portable	Test	2026-10-02T16:52:15.3626463Z test lifecycle::tests::hot_reload_rolls_back_engine_generation_after_retained_validation_failure ... ok
portable	Test	2026-10-02T16:52:15.3727135Z test lifecycle::tests::invalid_native_semantics_reject_the_candidate_before_commit ... ok
portable	Test	2026-10-02T16:52:15.3825968Z test lifecycle::tests::layer_budget_rejects_candidate_before_commit ... ok
portable	Test	2026-10-02T16:52:15.3926954Z test lifecycle::tests::lifecycle_motion_uses_the_host_runtime_clock ... ok
portable	Test	2026-10-02T16:52:15.4085932Z test lifecycle::tests::geometry_motion_reserves_capacity_from_timeline_control ... ok
portable	Test	2026-10-02T16:52:15.4150992Z test lifecycle::tests::lifecycle_order_and_optional_functions_are_enforced ... ok
portable	Test	2026-10-02T16:52:15.4169023Z test lifecycle::tests::missing_optional_lifecycle_functions_are_valid ... ok
portable	Test	2026-10-02T16:52:15.4270646Z test lifecycle::tests::motion_budget_admits_active_timeline_to_idle_plus_direct_replacement ... ok
portable	Test	2026-10-02T16:52:15.4411749Z test lifecycle::tests::reload_migrates_timeline_authority_to_the_candidate_generation ... ok
portable	Test	2026-10-02T16:52:15.4471376Z test lifecycle::tests::nested_virtual_targets_preserve_callbacks_snapshots_and_prune_atomically ... ok
portable	Test	2026-10-02T16:52:15.4576079Z test lifecycle::tests::resume_reload_unfreezes_motion_at_the_preserved_position ... ok
portable	Test	2026-10-02T16:52:15.4593292Z test lifecycle::tests::controlled_rerender_synchronously_rebuilds_the_retained_virtual_window ... ok
portable	Test	2026-10-02T16:52:15.4626351Z test lifecycle::tests::retained_candidate_over_host_budget_is_rejected_before_commit ... ok
portable	Test	2026-10-02T16:52:15.4703188Z test lifecycle::tests::retained_root_remount_allocates_new_motion_identity ... ok
portable	Test	2026-10-02T16:52:15.4795473Z test lifecycle::tests::subscription_start_outside_a_declarative_effect_is_rejected ... ok
portable	Test	2026-10-02T16:52:15.4796825Z test lifecycle::tests::subscription_capability_streams_until_close ... ok
portable	Test	2026-10-02T16:52:15.4885860Z test lifecycle::tests::suspend_resume_preserves_state_and_freezes_motion_time ... ok
portable	Test	2026-10-02T16:52:15.4975790Z test lifecycle::tests::suspended_reload_migrates_atomically_and_keeps_last_good_on_failure ... ok
portable	Test	2026-10-02T16:52:15.4985611Z test lifecycle::tests::virtual_item_motion_uses_the_stable_data_key_path ... ok
portable	Test	2026-10-02T16:52:15.5105971Z test lifecycle::tests::virtual_realization_commits_the_complete_target_window_and_prunes_old_items ... ok
portable	Test	2026-10-02T16:52:15.5485978Z test locale::tests::dates_and_numbers_use_selected_bundle_metadata ... ok
portable	Test	2026-10-02T16:52:15.5486921Z test locale::tests::malformed_calendar_and_number_contracts_fail_load ... ok
portable	Test	2026-10-02T16:52:15.5487799Z test locale::tests::live_locale_switch_advances_only_locale_generation ... ok
portable	Test	2026-10-02T16:52:15.5488665Z test locale::tests::rtl_direction_follows_scope_window_and_app_precedence ... ok
portable	Test	2026-10-02T16:52:15.5489509Z test locale::tests::scope_precedence_and_fallback_are_deterministic ... ok
portable	Test	2026-10-02T16:52:15.5490333Z test motion::tests::affine_canvas_motion_rejects_axis_aligned_path_clips ... ok
portable	Test	2026-10-02T16:52:15.5491448Z test motion::tests::animated_nodes_require_keys_and_removed_declarations_cancel ... ok
portable	Test	2026-10-02T16:52:15.5492560Z test motion::tests::autoreverse_completion_keeps_the_sampled_terminal_value ... ok
portable	Test	2026-10-02T16:52:15.5620570Z test locale::tests::month_year_pattern_controls_date_picker_header_order ... ok
portable	Test	2026-10-02T16:52:15.5626485Z test motion::tests::compatible_generation_migration_preserves_progress_but_rekeys_authority ... ok
portable	Test	2026-10-02T16:52:15.5629804Z test motion::tests::direct_and_timeline_physics_share_one_sampler_and_extremes_fail ... ok
portable	Test	2026-10-02T16:52:15.5637166Z test motion::tests::encoded_paths_do_not_alias_legal_slash_keys_and_root_remounts_restart ... ok
portable	Test	2026-10-02T16:52:15.5638560Z test motion::tests::exit_ghost_rejects_an_unsupported_nested_subtree_atomically ... ok
portable	Test	2026-10-02T16:52:15.5639996Z test motion::tests::looping_transition_repeats_without_completing ... ok
portable	Test	2026-10-02T16:52:15.5642494Z test motion::tests::node_declarations_reconcile_without_restarting_same_target ... ok
portable	Test	2026-10-02T16:52:15.5645066Z test motion::tests::none_policy_cannot_be_bypassed_by_restart ... ok
portable	Test	2026-10-02T16:52:15.5647526Z test motion::tests::none_policy_reprojects_settled_and_outer_autoreverse_terminals ... ok
portable	Test	2026-10-02T16:52:15.5649178Z test motion::tests::play_and_restart_recheck_active_budget ... ok
portable	Test	2026-10-02T16:52:15.5651960Z test motion::tests::reconciliation_validates_targets_ownership_and_is_atomic ... ok
portable	Test	2026-10-02T16:52:15.5653360Z test motion::tests::reduced_motion_keeps_looping_indicators_visible_at_midpoint ... ok
portable	Test	2026-10-02T16:52:15.5654445Z test motion::tests::reduced_motion_settles_without_frames ... ok
portable	Test	2026-10-02T16:52:15.6081096Z test motion::tests::replay_key_restarts_a_settled_declaration_without_restarting_equal_renders ... ok
portable	Test	2026-10-02T16:52:15.6082496Z test motion::tests::bouncing_inertia_is_bounded_and_matches_timeline_sampling ... ok
portable	Test	2026-10-02T16:52:15.6083719Z test motion::tests::scoped_reconciliation_does_not_remove_other_window_motion ... ok
portable	Test	2026-10-02T16:52:15.6085112Z test motion::tests::retained_timeline_targets_resolve_to_the_target_node_identity ... ok
portable	Test	2026-10-02T16:52:15.6100454Z test motion::tests::script_preference_cannot_relax_a_stricter_host_policy ... ok
portable	Test	2026-10-02T16:52:15.6101684Z test motion::tests::spring_converges_without_rhai_frame_callbacks ... ok
portable	Test	2026-10-02T16:52:15.6102815Z test motion::tests::terminal_events_are_partitioned_and_discarded_by_presentation_scope ... ok
portable	Test	2026-10-02T16:52:15.6110397Z test motion::tests::timeline_budget_is_independent_of_declaration_order ... ok
portable	Test	2026-10-02T16:52:15.6112737Z test motion::tests::timeline_handles_are_instance_bound_and_play_is_idempotent ... ok
portable	Test	2026-10-02T16:52:15.6114254Z test motion::tests::timeline_rejects_overlapping_property_ownership ... ok
portable	Test	2026-10-02T16:52:15.6116707Z test motion::tests::timeline_sequence_seek_pause_and_complete_are_deterministic ... ok
portable	Test	2026-10-02T16:52:15.6119106Z test motion::tests::timeline_snapshot_resets_future_sequence_tracks_when_seeking_back ... ok
portable	Test	2026-10-02T16:52:15.6120603Z test motion::tests::transition_retargets_from_current_sample ... ok
portable	Test	2026-10-02T16:52:15.6121744Z test motion::tests::unconstrained_inertia_uses_the_closed_form_at_any_animation_age ... ok
portable	Test	2026-10-02T16:52:15.6157222Z test motion::tests::script_motion_configs_are_strict_and_keyframes_sample_natively ... ok
portable	Test	2026-10-02T16:52:15.7052057Z test native_collection::tests::fuzzy_projection_filters_groups_projects_and_reuses_structural_order ... ok
portable	Test	2026-10-02T16:52:15.7053677Z test native_collection::tests::grouped_table_projection_flattens_headers_and_sorted_rows ... ok
portable	Test	2026-10-02T16:52:15.7055322Z test native_collection::tests::grouped_table_projection_collapses_rows_but_retains_header_counts ... ok
portable	Test	2026-10-02T16:52:15.7056645Z test native_collection::tests::registering_a_missing_name_invalidates_its_exact_readers ... ok
portable	Test	2026-10-02T16:52:15.7069392Z test native_collection::tests::missing_dependencies_are_render_only_validated_and_bounded ... ok
portable	Test	2026-10-02T16:52:15.7070623Z test native_collection::tests::tracked_replacement_invalidates_only_collection_readers ... ok
portable	Test	2026-10-02T16:52:15.7071838Z test native_collection::tests::validates_keys_and_caches_rust_sort_order ... ok
portable	Test	2026-10-02T16:52:15.7072957Z test native_handler::tests::descriptor_rejects_unsafe_ids_and_events ... ok
portable	Test	2026-10-02T16:52:15.7462284Z test lifecycle::tests::virtual_target_commit_retains_and_releases_the_complete_component_manifest ... ok
portable	Test	2026-10-02T16:52:15.7463579Z test node::tests::component_replacement_preserves_every_external_presentation_mutation ... ok
portable	Test	2026-10-02T16:52:15.7486278Z test node::tests::component_snapshot_activates_lazily_and_stays_free_of_outer_presentation ... ok
portable	Test	2026-10-02T16:52:15.7513137Z test node::tests::inherited_motion_group_replays_across_nested_component_replacement ... ok
portable	Test	2026-10-02T16:52:15.7984868Z test native_collection::tests::table_projection_filters_then_pages_the_sorted_native_rows ... ok
portable	Test	2026-10-02T16:52:15.8229552Z test node::tests::key_handler_names_accept_punctuation_keys ... ok
portable	Test	2026-10-02T16:52:15.8256028Z test node::tests::key_normalization_does_not_change_ordinary_event_namespaces ... ok
portable	Test	2026-10-02T16:52:15.8285768Z test node::tests::node_identity_style_source_and_attributes_are_runtime_owned ... ok
portable	Test	2026-10-02T16:52:15.8315665Z test node::tests::node_styles_share_immutable_snapshots_and_mutate_without_aliasing ... ok
portable	Test	2026-10-02T16:52:15.8345669Z test node::tests::realized_items_move_into_nested_collections_without_copies ... ok
portable	Test	2026-10-02T16:52:15.8405684Z test node::tests::selectable_rejects_non_text_nodes_at_the_script_boundary ... ok
portable	Test	2026-10-02T16:52:15.8419086Z test overlay::tests::centered_dialog_ignores_anchor_and_fits_viewport ... ok
portable	Test	2026-10-02T16:52:15.8435596Z test overlay::tests::clicking_trigger_is_not_an_outside_dismissal ... ok
portable	Test	2026-10-02T16:52:15.8465630Z test overlay::tests::dismissing_parent_closes_nested_children_top_down ... ok
portable	Test	2026-10-02T16:52:15.8495550Z test overlay::tests::escape_closes_only_topmost_dismissible_overlay ... ok
portable	Test	2026-10-02T16:52:15.8505649Z test overlay::tests::placement_flips_then_clamps_to_window ... ok
portable	Test	2026-10-02T16:52:15.8525632Z test overlay::tests::tooltip_delay_cancels_on_leave_and_transitions_deterministically ... ok
portable	Test	2026-10-02T16:52:15.8555523Z test overlay_element::tests::removing_a_view_closes_overlays_without_callbacks ... ok
portable	Test	2026-10-02T16:52:15.8585599Z test overlay_element::tests::window_coordinator_shares_parent_stack_and_resets_per_frame ... ok
portable	Test	2026-10-02T16:52:15.8595529Z test pan_zoom::tests::pointer_anchored_zoom_preserves_the_content_point ... ok
portable	Test	2026-10-02T16:52:15.8615658Z test primitive::tests::custom_primitive_events_are_normalized ... ok
portable	Test	2026-10-02T16:52:15.8645599Z test primitive::tests::custom_primitive_props_and_keys_are_validated ... ok
portable	Test	2026-10-02T16:52:15.8675630Z test primitive::tests::effect_descriptors_require_current_platform_lifecycle_and_budgets ... ok
portable	Test	2026-10-02T16:52:15.8676597Z test primitive::tests::native_panics_are_converted_to_primitive_errors ... ok
portable	Test	2026-10-02T16:52:15.8677425Z test primitive::tests::primitive_context_holds_only_a_weak_registry_reference ... ok
portable	Test	2026-10-02T16:52:15.8678342Z test primitive::tests::primitive_identity_uses_retained_node_not_component_local_key ... ok
portable	Test	2026-10-02T16:52:15.8705443Z test primitive::tests::primitive_identity_uses_the_presented_retained_key ... ok
portable	Test	2026-10-02T16:52:15.8735550Z test primitive::tests::primitive_resource_scope_rolls_back_and_continues_after_cleanup_panic ... ok
portable	Test	2026-10-02T16:52:15.8765441Z test primitive::tests::primitive_theme_exposes_only_resolved_semantic_snapshot ... ok
portable	Test	2026-10-02T16:52:15.8766458Z test primitive::tests::successful_tree_cleanup_unmounts_removed_keyed_instances ... ok
portable	Test	2026-10-02T16:52:15.8795849Z test range_input::tests::horizontal_rtl_geometry_keeps_the_fill_between_minimum_and_thumb ... ok
portable	Test	2026-10-02T16:52:15.8825407Z test range_input::tests::range_values_clamp_and_snap_to_step ... ok
portable	Test	2026-10-02T16:52:15.8826802Z test range_slider::tests::normalized_pairs_are_bounded_gapped_and_idempotent ... ok
portable	Test	2026-10-02T16:52:15.8855419Z test range_slider::tests::pair_normalization_preserves_order_and_gap ... ok
portable	Test	2026-10-02T16:52:15.8885521Z test range_slider::tests::pair_normalization_solves_legal_endpoint_constraints_jointly ... ok
portable	Test	2026-10-02T16:52:15.8915611Z test read_dependency::tests::contribution_retention_is_shared_by_store_environment_and_geometry ... ok
portable	Test	2026-10-02T16:52:15.8917078Z test reload::tests::failed_reload_preserves_last_good_tree_and_generation ... ok
portable	Test	2026-10-02T16:52:15.8945421Z test reload::tests::successful_reload_atomically_replaces_tree ... ok
portable	Test	2026-10-02T16:52:15.8966213Z test renderer::tests::aligned_text_nodes_become_flex_content_boxes ... ok
portable	Test	2026-10-02T16:52:15.8978023Z test node::tests::key_handler_names_reject_invalid_key_names ... ok
portable	Test	2026-10-02T16:52:15.8983693Z test renderer::tests::ambient_text_color_inherits_and_a_local_value_wins ... ok
portable	Test	2026-10-02T16:52:15.8992449Z test renderer::tests::canvas_motion_uses_one_affine_transform_for_paint_and_hit_testing ... ok
portable	Test	2026-10-02T16:52:15.8997968Z test renderer::tests::canvas_signal_transform_is_shared_by_paint_and_hit_testing ... ok
portable	Test	2026-10-02T16:52:15.9012283Z test renderer::tests::committed_semantics_write_native_role_label_state_and_range ... ok
portable	Test	2026-10-02T16:52:15.9024246Z test renderer::tests::asset_svg_uses_an_ancestor_text_color ... ok
portable	Test	2026-10-02T16:52:15.9025738Z test renderer::tests::declarative_nodes_and_typed_styles_convert_without_a_gpui_context ... ok
portable	Test	2026-10-02T16:52:15.9026908Z test renderer::tests::logical_overlay_edges_resolve_against_text_direction ... ok
portable	Test	2026-10-02T16:52:15.9028146Z test renderer::tests::logical_spacing_resolves_to_physical_edges_in_both_directions ... ok
portable	Test	2026-10-02T16:52:15.9029372Z test renderer::tests::native_signal_values_override_approved_properties_without_rhai ... ok
portable	Test	2026-10-02T16:52:15.9045873Z test renderer::tests::optional_width_override_activates_fixed_layout_only_when_present ... ok
portable	Test	2026-10-02T16:52:15.9048097Z test renderer::tests::plain_text_semantics_use_a_valued_native_label ... ok
portable	Test	2026-10-02T16:52:15.9052566Z test renderer::tests::pointer_payload_uses_committed_local_geometry_and_canvas_hit_key ... ok
portable	Test	2026-10-02T16:52:15.9055817Z test renderer::tests::property_specific_layout_values_reach_gpui_without_loss ... ok
portable	Test	2026-10-02T16:52:15.9057337Z test renderer::tests::pseudo_paint_preserves_native_border_text_and_opacity_states ... ok
portable	Test	2026-10-02T16:52:15.9061559Z test renderer::tests::retained_tab_order_reads_explicit_group_indices ... ok
portable	Test	2026-10-02T16:52:15.9063165Z test renderer::tests::rtl_keyboard_navigation_maps_physical_arrows_to_logical_handlers ... ok
portable	Test	2026-10-02T16:52:15.9064429Z test renderer::tests::sampled_motion_values_override_dimensions_and_transform_without_rhai ... ok
portable	Test	2026-10-02T16:52:15.9070045Z test renderer::tests::styled_inline_svg_fills_its_node_box_without_losing_intrinsic_default ... ok
portable	Test	2026-10-02T16:52:15.9071305Z test renderer::tests::symbolic_typography_resolves_and_explicit_fields_win ... ok
portable	Test	2026-10-02T16:52:15.9072339Z test resizable::tests::containment_and_aspect_ratio_clamp_one_atomic_rect ... ok
portable	Test	2026-10-02T16:52:15.9073399Z test resizable::tests::west_and_north_handles_keep_the_opposite_corner_fixed ... ok
portable	Test	2026-10-02T16:52:15.9074458Z test responsive::tests::discrete_classes_change_only_at_configured_boundaries ... ok
portable	Test	2026-10-02T16:52:15.9077275Z test retained::tests::duplicate_key_rejects_candidate_without_consuming_ids ... ok
portable	Test	2026-10-02T16:52:15.9078832Z test retained::tests::fragment_rejects_layout_or_interaction_decoration ... ok
portable	Test	2026-10-02T16:52:15.9097948Z test retained::tests::keyed_reorder_preserves_ids_and_reports_moves ... ok
portable	Test	2026-10-02T16:52:15.9099982Z test retained::tests::kind_change_replaces_only_the_changed_subtree ... ok
portable	Test	2026-10-02T16:52:15.9101871Z test retained::tests::named_child_groups_isolate_duplicate_slot_keys ... ok
portable	Test	2026-10-02T16:52:15.9103152Z test rotatable::tests::arbitrary_pivot_stays_fixed_under_rotation_compensation ... ok
portable	Test	2026-10-02T16:52:15.9104751Z test schema::tests::bounds_and_unions_report_precise_failures ... ok
portable	Test	2026-10-02T16:52:15.9106061Z test schema::tests::invalid_definitions_are_rejected ... ok
portable	Test	2026-10-02T16:52:15.9109211Z test schema::tests::length_ui_value_and_asset_are_distinct ... ok
portable	Test	2026-10-02T16:52:15.9110280Z test schema::tests::node_callback_and_handle_types_are_distinct ... ok
portable	Test	2026-10-02T16:52:15.9111946Z test schema::tests::objects_report_all_precise_paths ... ok
portable	Test	2026-10-02T16:52:15.9114411Z test schema::tests::online_and_complete_durable_validation_agree_on_acceptance ... ok
portable	Test	2026-10-02T16:52:15.9259127Z test renderer::tests::owned_color_snapshot_matches_the_native_primitive_theme_surface ... ok
portable	Test	2026-10-02T16:52:16.0000016Z test schema::tests::online_ui_value_validation_stops_after_the_first_issue ... ok
portable	Test	2026-10-02T16:52:16.0445050Z test document::tests::public_launch_language_pack_resolves_every_declared_language ... ok
portable	Test	2026-10-02T16:52:16.0478598Z test script_lint::tests::known_call_lint_accepts_local_module_core_and_standard_calls ... ok
portable	Test	2026-10-02T16:52:16.1163895Z test script_lint::tests::known_call_lint_characterizes_rhai_language_intrinsics ... ok
portable	Test	2026-10-02T16:52:16.1665042Z test script_lint::tests::known_call_lint_checks_qualified_installed_modules ... ok
portable	Test	2026-10-02T16:52:16.1736309Z test script_lint::tests::known_call_lint_checks_unexecuted_branches_and_arities ... ok
portable	Test	2026-10-02T16:52:16.1759467Z test script_source::tests::embedded_source_is_content_addressed ... ok
portable	Test	2026-10-02T16:52:16.1926758Z test script_source::tests::file_and_embedded_sources_have_identical_resolution ... ok
portable	Test	2026-10-02T16:52:16.1934452Z test script_source::tests::missing_embedded_module_is_explicit ... ok
portable	Test	2026-10-02T16:52:16.1942216Z test scrollbar::tests::vertical_track_uses_the_logical_end_edge ... ok
portable	Test	2026-10-02T16:52:16.1944895Z test scrollbar::tests::visibility_contract_is_strict_and_round_trips ... ok
portable	Test	2026-10-02T16:52:16.1947707Z test selection_area::tests::degenerate_marquee_does_not_contain_far_collinear_points ... ok
portable	Test	2026-10-02T16:52:16.1950506Z test selection_area::tests::marquee_policies_distinguish_intersection_and_enclosure ... ok
portable	Test	2026-10-02T16:52:16.1954958Z test selection_area::tests::polygon_predicates_preserve_translation_and_scale ... ok
portable	Test	2026-10-02T16:52:16.1956085Z test signal::tests::optional_float_signal_supports_an_inactive_width_override ... ok
portable	Test	2026-10-02T16:52:16.1958980Z test signal::tests::reconcile_preserves_value_and_revision_for_compatible_identity ... ok
portable	Test	2026-10-02T16:52:16.1961790Z test signal::tests::related_signal_patch_validates_every_member_before_mutating ... ok
portable	Test	2026-10-02T16:52:16.1964179Z test signal::tests::stale_and_type_mismatched_writes_are_atomic ... ok
portable	Test	2026-10-02T16:52:16.1967681Z test sortable::tests::adjacent_and_self_moves_are_no_ops ... ok
portable	Test	2026-10-02T16:52:16.2196363Z test source::tests::cyclic_imports_report_the_cycle ... ok
portable	Test	2026-10-02T16:52:16.2208750Z test source::tests::missing_modules_are_diagnostic_errors ... ok
portable	Test	2026-10-02T16:52:16.2225427Z test source::tests::module_ids_reject_escape_paths ... ok
portable	Test	2026-10-02T16:52:16.2245681Z test source::tests::module_init_accepts_literal_consts_and_direct_pure_definition ... ok
portable	Test	2026-10-02T16:52:16.2249746Z test source::tests::module_init_rejects_effectful_calls_before_evaluation ... ok
portable	Test	2026-10-02T16:52:16.2250985Z test source::tests::module_init_rejects_mutable_globals_and_computed_definitions ... ok
portable	Test	2026-10-02T16:52:16.2252079Z test source::tests::registered_modules_can_be_imported ... ok
portable	Test	2026-10-02T16:52:16.2345728Z test source::tests::resolver_reuses_only_content_matching_cached_asts ... ok
portable	Test	2026-10-02T16:52:16.2346711Z test split_resize::tests::split_delta_and_constraints_are_directional_and_deterministic ... ok
portable	Test	2026-10-02T16:52:16.2349955Z test state::tests::failed_render_does_not_change_committed_state ... ok
portable	Test	2026-10-02T16:52:16.2351305Z test state::tests::inspect_instance_is_exact_and_redacts_sensitive_values ... ok
portable	Test	2026-10-02T16:52:16.2352482Z test state::tests::scoped_candidates_preserve_latest_outside_writes_and_deletions ... ok
portable	Test	2026-10-02T16:52:16.2354055Z test state::tests::scoped_commit_preserves_other_window_roots_and_remove_scope_cleans_one ... ok
portable	Test	2026-10-02T16:52:16.2355344Z test state::tests::snapshots_share_instances_until_one_store_mutates ... ok
portable	Test	2026-10-02T16:52:16.2356964Z test state::tests::successful_render_cleans_unreachable_instances ... ok
portable	Test	2026-10-02T16:52:16.2358522Z test state::tests::successful_render_resets_only_incompatible_fields ... ok
portable	Test	2026-10-02T16:52:16.2359731Z test state::tests::updates_are_schema_checked ... ok
portable	Test	2026-10-02T16:52:16.2361461Z test store::tests::deserialized_schema_defaults_are_validated_before_store_declaration ... ok
portable	Test	2026-10-02T16:52:16.2405581Z test store::tests::keyed_item_reader_ignores_reorder_but_observes_item_change ... ok
portable	Test	2026-10-02T16:52:16.2407459Z test store::tests::nested_writes_invalidate_only_changed_path_and_whole_readers ... ok
portable	Test	2026-10-02T16:52:16.2435327Z test store::tests::removing_window_clears_window_store ... ok
portable	Test	2026-10-02T16:52:16.2465314Z test store::tests::repeated_value_does_not_invalidate ... ok
portable	Test	2026-10-02T16:52:16.2480537Z test store::tests::snapshots_share_large_store_values_until_a_write ... ok
portable	Test	2026-10-02T16:52:16.2495456Z test store::tests::successful_subtree_reconcile_removes_stale_app_store_readers ... ok
portable	Test	2026-10-02T16:52:16.2525510Z test store::tests::writes_invalidate_only_exact_field_readers ... ok
portable	Test	2026-10-02T16:52:16.2532715Z test style::tests::caller_overlay_wins_deterministically ... ok
portable	Test	2026-10-02T16:52:16.2555520Z test style::tests::disabled_pseudo_state_has_final_precedence ... ok
portable	Test	2026-10-02T16:52:16.2585373Z test style::tests::invalid_lengths_are_rejected ... ok
portable	Test	2026-10-02T16:52:16.2615513Z test script_lint::tests::known_call_lint_normalizes_native_method_receiver_arity ... ok
portable	Test	2026-10-02T16:52:16.2628052Z test style::tests::script_builds_extended_layout_paint_and_typography ... ok
portable	Test	2026-10-02T16:52:16.2645295Z test style::tests::script_builds_typed_styles ... ok
portable	Test	2026-10-02T16:52:16.2675552Z test style::tests::script_layout_values_separate_auto_and_signed_offsets_from_lengths ... ok
portable	Test	2026-10-02T16:52:16.2699642Z test style::tests::script_selects_uniform_border_style ... ok
portable	Test	2026-10-02T16:52:16.2700546Z test style::tests::script_uses_validated_symbolic_typography_roles ... ok
portable	Test	2026-10-02T16:52:16.2701415Z test style::tests::strict_color_literals_share_one_typed_value_path ... ok
portable	Test	2026-10-02T16:52:16.2702293Z test table_layout::tests::flexible_minima_are_frozen_without_losing_weighted_allocation ... ok
portable	Test	2026-10-02T16:52:16.2725541Z test table_layout::tests::mixed_minimum_and_maximum_constraints_do_not_freeze_the_wrong_column ... ok
portable	Test	2026-10-02T16:52:16.2755573Z test table_layout::tests::unused_viewport_and_extreme_weights_remain_finite ... ok
portable	Test	2026-10-02T16:52:16.2756469Z test table_layout::tests::viewport_is_the_only_percentage_and_flex_basis ... ok
portable	Test	2026-10-02T16:52:16.2757321Z test text_area::tests::config_rejects_controlled_values_over_grapheme_limit ... ok
portable	Test	2026-10-02T16:52:16.2758133Z test text_area::tests::visual_line_layout_maps_positions_and_selection ... ok
portable	Test	2026-10-02T16:52:16.2758958Z test text_edit::tests::ime_can_temporarily_exceed_then_clamps_only_marked_text ... ok
portable	Test	2026-10-02T16:52:16.2759856Z test text_edit::tests::ime_composition_is_one_revision_and_external_control_resets_history ... ok
portable	Test	2026-10-02T16:52:16.2760835Z test text_edit::tests::max_length_counts_extended_graphemes_and_credits_selection ... ok
portable	Test	2026-10-02T16:52:16.2761673Z test text_edit::tests::oversized_paste_truncates_at_grapheme_boundary ... ok
portable	Test	2026-10-02T16:52:16.2762868Z test text_edit::tests::physical_line_boundaries_are_stable ... ok
portable	Test	2026-10-02T16:52:16.2763562Z test text_edit::tests::undo_redo_coalesces_typing_and_restores_selection ... ok
portable	Test	2026-10-02T16:52:16.2764316Z test text_edit::tests::utf16_offsets_never_split_extended_graphemes ... ok
portable	Test	2026-10-02T16:52:16.2765377Z test text_input::tests::grapheme_navigation_does_not_split_emoji_or_combining_text ... ok
portable	Test	2026-10-02T16:52:16.2766251Z test text_input::tests::horizontal_scroll_keeps_the_active_cursor_inside_the_viewport ... ok
portable	Test	2026-10-02T16:52:16.2767114Z test text_input::tests::marked_text_replacement_tracks_ime_range ... ok
portable	Test	2026-10-02T16:52:16.2767856Z test text_input::tests::utf16_round_trip_supports_cjk_and_surrogate_pairs ... ok
portable	Test	2026-10-02T16:52:16.2768574Z test theme::tests::document_palette_defaults_preserve_explicit_theme_tuning ... ok
portable	Test	2026-10-02T16:52:16.2769366Z test style::tests::weighted_flex_grow_is_validated_overloaded_and_merges_as_one_property ... ok
portable	Test	2026-10-02T16:52:16.2770185Z test theme::tests::host_token_overrides_are_partial_merged_and_validated ... ok
portable	Test	2026-10-02T16:52:16.2770783Z test theme::tests::missing_semantic_token_is_rejected ... ok
portable	Test	2026-10-02T16:52:16.2771428Z test theme::tests::invalid_host_token_override_rejects_the_candidate_theme ... ok
portable	Test	2026-10-02T16:52:16.2772672Z test theme::tests::namespaced_typed_tokens_validate_and_resolve_colors ... ok
portable	Test	2026-10-02T16:52:16.2795405Z test theme::tests::replacing_a_variant_preserves_identity_and_advances_generation ... ok
portable	Test	2026-10-02T16:52:16.2796282Z test theme::tests::scope_precedes_window_and_app_preferences ... ok
portable	Test	2026-10-02T16:52:16.2797117Z test theme::tests::semantic_motion_tokens_default_validate_and_reject_invalid_physics ... ok
portable	Test	2026-10-02T16:52:16.2798043Z test theme::tests::semantic_spacing_and_radius_lengths_resolve_without_recursion ... ok
portable	Test	2026-10-02T16:52:16.2798913Z test theme::tests::switching_theme_only_advances_theme_generation ... ok
portable	Test	2026-10-02T16:52:16.2799706Z test theme::tests::typography_roles_are_required_validated_and_resolved ... ok
portable	Test	2026-10-02T16:52:16.2800548Z test timer::tests::changing_signature_restarts_and_removal_cleans_scope ... ok
portable	Test	2026-10-02T16:52:16.2825487Z test timer::tests::reconcile_preserves_deadline_pause_and_one_shot_completion ... ok
portable	Test	2026-10-02T16:52:16.2826375Z test timer::tests::view_resume_does_not_clear_an_explicit_pause ... ok
portable	Test	2026-10-02T16:52:16.2827183Z test theme::tests::rhai_theme_source_is_typed_and_validated ... ok
portable	Test	2026-10-02T16:52:16.2827941Z test value::tests::keyed_item_paths_survive_array_reorder ... ok
portable	Test	2026-10-02T16:52:16.2828566Z test value::tests::nested_values_round_trip ... ok
portable	Test	2026-10-02T16:52:16.2829315Z test value::tests::bounded_paths_read_and_replace_existing_nested_values ... ok
portable	Test	2026-10-02T16:52:16.2830244Z test value::tests::non_finite_numbers_are_rejected_from_rhai_and_serialization ... ok
portable	Test	2026-10-02T16:52:16.2831132Z test value::tests::ui_nodes_cannot_cross_capability_boundary ... ok
portable	Test	2026-10-02T16:52:16.2832364Z test virtual_list::tests::variable_height_measurements_survive_reorder_and_tail_alignment ... ok
portable	Test	2026-10-02T16:52:16.2848820Z test virtual_list::tests::virtual_collection_metrics_track_frame_scroll_requests_and_rollback ... ok
portable	Test	2026-10-02T16:52:16.2881569Z test virtual_list_element::tests::frame_target_does_not_fill_the_gap_to_an_offscreen_focused_item ... ok
portable	Test	2026-10-02T16:52:16.2889000Z test script_lint::tests::known_call_lint_restores_engine_optimization_after_parse_failure ... ok
portable	Test	2026-10-02T16:52:16.2898061Z test virtual_list_element::tests::frame_target_prunes_items_outside_the_current_halo ... ok
portable	Test	2026-10-02T16:52:16.2898985Z test virtual_list_element::tests::frame_target_retains_cached_overdraw_without_oscillation ... ok
portable	Test	2026-10-02T16:52:16.2900515Z test virtual_list_element::tests::sticky_sections_select_the_latest_header_and_push_before_the_next ... ok
portable	Test	2026-10-02T16:52:16.2901833Z test virtual_list_element::tests::initial_reveal_keeps_estimated_visible_predecessors ... ok
portable	Test	2026-10-02T16:52:16.2902964Z test window::tests::commands_validate_identity_lifecycle_and_duplicates ... ok
portable	Test	2026-10-02T16:52:16.2904523Z test window::tests::embedded_view_policy_rejects_window_commands_at_call_site ... ok
portable	Test	2026-10-02T16:52:16.2905920Z test window::tests::invalid_window_specs_never_reserve_an_id ... ok
portable	Test	2026-10-02T16:52:16.2906808Z test window::tests::revocation_releases_only_its_queued_open_and_host_origin_is_explicit ... ok
portable	Test	2026-10-02T16:52:16.2917333Z test window::tests::queued_origin_and_target_keep_their_registration_identity ... ok
portable	Test	2026-10-02T16:52:16.3033540Z test virtual_list::tests::variable_height_window_is_bounded_and_measurement_preserves_anchor ... ok
portable	Test	2026-10-02T16:52:16.8839733Z test node::tests::all_rhai_key_entries_share_normalization_and_exact_limits ... ok
portable	Test	2026-10-02T16:52:16.8840303Z 
portable	Test	2026-10-02T16:52:16.8840664Z test result: ok. 503 passed; 0 failed; 0 ignored; 0 measured; 0 filtered out; finished in 6.23s
portable	Test	2026-10-02T16:52:16.8841166Z 
portable	Test	2026-10-02T16:52:16.8936484Z ^[[1m^[[92m     Running^[[0m tests/chart_contract.rs (target/debug/deps/chart_contract-047d7cb85d7314ff)
portable	Test	2026-10-02T16:52:16.8960963Z 
portable	Test	2026-10-02T16:52:16.8961259Z running 21 tests
portable	Test	2026-10-02T16:52:16.8971745Z test annotations_compile_independent_crossed_primary_axes ... ok
portable	Test	2026-10-02T16:52:16.8981484Z test category_log_and_viewport_scales_keep_ticks_and_marks_coherent ... ok
portable	Test	2026-10-02T16:52:16.8996410Z test custom_series_failures_are_atomic_across_coordinate_systems ... ok
portable	Test	2026-10-02T16:52:16.9005566Z test draw_sampling_does_not_change_the_semantic_domain ... ok
portable	Test	2026-10-02T16:52:16.9006402Z test axis_schema_fact_is_shared_by_data_ticks_and_annotations ... ok
portable	Test	2026-10-02T16:52:16.9007412Z test failed_duplicate_registration_is_atomic_and_custom_polar_is_dispatched ... ok
portable	Test	2026-10-02T16:52:16.9008385Z test empty_data_preserves_schema_and_produces_a_valid_scene ... ok
portable	Test	2026-10-02T16:52:16.9009171Z test mark_identity_role_and_color_are_stable ... ok
portable	Test	2026-10-02T16:52:16.9009950Z test geo_viewport_and_complex_series_keep_business_identity ... ok
portable	Test	2026-10-02T16:52:16.9010762Z test gauge_and_radar_share_explicit_value_domains ... ok
portable	Test	2026-10-02T16:52:16.9045391Z test normalized_axis_and_structured_mark_identities_accept_legal_combinations ... ok
portable	Test	2026-10-02T16:52:16.9065239Z test pan_moves_content_with_the_pointer_on_normal_and_reversed_axes ... ok
portable	Test	2026-10-02T16:52:16.9075628Z test primary_axis_and_annotations_do_not_depend_on_axis_names_or_empty_groups ... ok
portable	Test	2026-10-02T16:52:16.9076794Z test rejected_geo_projection_does_not_mix_coordinate_spaces ... ok
portable	Test	2026-10-02T16:52:16.9077700Z test shared_axes_compile_one_coordinate_fact ... ok
portable	Test	2026-10-02T16:52:16.9078408Z test stacked_bars_use_interval_domain_and_split_signs ... ok
portable	Test	2026-10-02T16:52:16.9079280Z test transform_pipeline_preserves_schema_types_and_valid_empty_sets ... ok
portable	Test	2026-10-02T16:52:16.9080233Z test viewport_uses_the_resolved_axis_plan_for_explicit_log_and_category_scales ... ok
portable	Test	2026-10-02T16:52:17.0414009Z test null_gaps_survive_automatic_sampling_and_semantics_keep_all_keys ... ok
portable	Test	2026-10-02T16:52:17.5319375Z test png_rasterization_keeps_text ... ok
portable	Test	2026-10-02T16:52:17.8190400Z test categorical_line_and_area_survive_the_automatic_sampling_boundary ... ok
portable	Test	2026-10-02T16:52:17.8190814Z 
portable	Test	2026-10-02T16:52:17.8191067Z test result: ok. 21 passed; 0 failed; 0 ignored; 0 measured; 0 filtered out; finished in 0.92s
portable	Test	2026-10-02T16:52:17.8191459Z 
portable	Test	2026-10-02T16:52:17.8199717Z ^[[1m^[[92m     Running^[[0m tests/custom_primitive.rs (target/debug/deps/custom_primitive-f8fd9de4ca15feb9)
portable	Test	2026-10-02T16:52:17.8232862Z 
portable	Test	2026-10-02T16:52:17.8233083Z running 1 test
portable	Test	2026-10-02T16:52:18.9936488Z test downstream_crate_registers_namespaced_primitive ... ok
portable	Test	2026-10-02T16:52:18.9936851Z 
portable	Test	2026-10-02T16:52:18.9937113Z test result: ok. 1 passed; 0 failed; 0 ignored; 0 measured; 0 filtered out; finished in 1.17s
portable	Test	2026-10-02T16:52:18.9937452Z 
portable	Test	2026-10-02T16:52:18.9961833Z ^[[1m^[[92m     Running^[[0m tests/formal_component.rs (target/debug/deps/formal_component-caa6ebb7f19ccc12)
portable	Test	2026-10-02T16:52:18.9995098Z 
portable	Test	2026-10-02T16:52:18.9995352Z running 21 tests
portable	Test	2026-10-02T16:52:20.1885977Z test component_reuse_invalidates_on_calendar_environment_change ... ok
portable	Test	2026-10-02T16:52:20.1975583Z test callback_props_execute_in_the_caller_state_scope ... ok
portable	Test	2026-10-02T16:52:20.2035639Z test data_backed_virtual_collection_realizes_only_requested_items_off_layout_path ... ok
portable	Test	2026-10-02T16:52:20.2176219Z test declarative_effects_start_restart_and_cleanup_in_imported_module_context ... ok
portable	Test	2026-10-02T16:52:20.2225775Z test duplicate_stateful_component_keys_are_rejected ... ok
portable	Test	2026-10-02T16:52:20.2389172Z test element_refs_follow_retained_node_identity_and_fail_stale_after_unmount ... ok
portable	Test	2026-10-02T16:52:20.2515705Z test hot_reload_cleans_old_effect_context_before_starting_new_generation ... ok
portable	Test	2026-10-02T16:52:20.2605817Z test composed_semantic_callback_props_execute_in_the_caller_state_scope ... ok
portable	Test	2026-10-02T16:52:20.2766120Z test local_state_callback_scope_and_reload_cleanup_are_end_to_end ... ok
portable	Test	2026-10-02T16:52:20.2808383Z test native_signal_updates_preserve_identity_without_component_invalidation ... ok
portable	Test	2026-10-02T16:52:20.2996262Z test nested_callback_scope_is_never_inferred_from_a_private_function_name ... ok
portable	Test	2026-10-02T16:52:20.3115597Z test raw_node_slots_keep_the_callers_callback_provenance ... ok
portable	Test	2026-10-02T16:52:20.3276356Z test receiver_rerender_does_not_restart_replayed_node_prop_resources ... ok
portable	Test	2026-10-02T16:52:20.3415899Z test receiver_rerender_replays_the_latest_node_prop_component_snapshot ... ok
portable	Test	2026-10-02T16:52:20.3445885Z test dirty_transparent_child_promotes_to_the_nearest_replaceable_component ... ok
portable	Test	2026-10-02T16:52:20.3616122Z test rejected_child_candidate_cannot_leak_through_the_shared_node_snapshot ... ok
portable	Test	2026-10-02T16:52:20.3645651Z test reused_component_preserves_effect_and_async_ownership ... ok
portable	Test	2026-10-02T16:52:20.3662145Z test reused_component_keeps_store_reader_dependency ... ok
portable	Test	2026-10-02T16:52:20.3814522Z test root_dirty_render_reuses_unchanged_components_and_respects_dirty_descendants ... ok
portable	Test	2026-10-02T16:52:20.3872791Z test suspension_cleans_effects_and_resume_restarts_fresh_activations ... ok
portable	Test	2026-10-02T16:52:21.0614239Z test incremental_component_renders_match_forced_full_renders_over_event_sequences ... ok
portable	Test	2026-10-02T16:52:21.0615097Z 
portable	Test	2026-10-02T16:52:21.0615500Z test result: ok. 21 passed; 0 failed; 0 ignored; 0 measured; 0 filtered out; finished in 2.06s
portable	Test	2026-10-02T16:52:21.0616108Z 
portable	Test	2026-10-02T16:52:21.0648766Z ^[[1m^[[92m     Running^[[0m tests/host_execution_policy.rs (target/debug/deps/host_execution_policy-5a6b2397d903d4d6)
portable	Test	2026-10-02T16:52:21.0818494Z 
portable	Test	2026-10-02T16:52:21.0818843Z running 6 tests
portable	Test	2026-10-02T16:52:22.4245983Z test builder_policy_precedes_extensions_and_zero_never_means_unlimited ... ok
portable	Test	2026-10-02T16:52:22.5406545Z test parser_depth_defaults_and_independent_host_configuration_cover_all_constructors ... ok
portable	Test	2026-10-02T16:52:23.4765994Z test nested_and_sibling_components_still_share_a_nondefault_round_quota ... ok
portable	Test	2026-10-02T16:52:23.5792988Z test restricted_imports_obey_quota_and_failed_reload_preserves_active_policy ... ok
portable	Test	2026-10-02T16:52:23.6763818Z test retained_component_and_delayed_delivery_begin_fresh_nondefault_rounds ... ok
portable	Test	2026-10-02T16:52:24.5386288Z test same_finite_work_exceeds_default_and_obeys_raised_and_lowered_quotas ... ok
portable	Test	2026-10-02T16:52:24.5386915Z 
portable	Test	2026-10-02T16:52:24.5387298Z test result: ok. 6 passed; 0 failed; 0 ignored; 0 measured; 0 filtered out; finished in 3.46s
portable	Test	2026-10-02T16:52:24.5387879Z 
portable	Test	2026-10-02T16:52:24.5431384Z ^[[1m^[[92m     Running^[[0m tests/official_registry.rs (target/debug/deps/official_registry-95f5eda54436c872)
portable	Test	2026-10-02T16:52:24.5606120Z 
portable	Test	2026-10-02T16:52:24.5606472Z running 50 tests
portable	Test	2026-10-02T16:52:25.8427236Z test bundled_themes_share_the_readable_square_metric_contract ... ok
portable	Test	2026-10-02T16:52:25.8457579Z test bundled_theme_text_pairs_meet_small_text_contrast ... ok
portable	Test	2026-10-02T16:52:25.8458381Z test bundled_themes_materialize_complete_document_and_chart_palettes ... ok
portable	Test	2026-10-02T16:52:25.8585959Z test code_and_diff_viewers_accept_inline_and_host_owned_documents ... ok
portable	Test	2026-10-02T16:52:25.9128744Z test command_array_items_keep_text_semantics_with_rich_visual_content ... ok
portable	Test	2026-10-02T16:52:25.9276561Z test command_filters_native_collection_and_keeps_large_rows_out_of_rhai ... ok
portable	Test	2026-10-02T16:52:25.9853150Z test command_fuzzy_search_and_keyboard_action_are_composable_and_controlled ... ok
portable	Test	2026-10-02T16:52:26.0170687Z test context_menu_and_sheet_use_generic_pointer_and_edge_overlay_policies ... ok
portable	Test	2026-10-02T16:52:26.0345826Z test icon_button_owns_a_square_target_and_selected_icon_state ... ok
portable	Test	2026-10-02T16:52:26.0577969Z test m1_palette_adaptations_implement_the_semantic_contract ... ok
portable	Test	2026-10-02T16:52:26.0962064Z test command_empty_and_all_disabled_models_have_no_navigation_owner ... ok
portable	Test	2026-10-02T16:52:26.1365718Z test m2_composites_export_slots_animation_and_keyboard_payloads ... ok
portable	Test	2026-10-02T16:52:26.1705856Z test m2_control_sources_emit_typed_values_and_roving_keys ... ok
portable	Test	2026-10-02T16:52:26.1855954Z test m2_visual_primitives_export_fallbacks_and_rust_animations ... ok
portable	Test	2026-10-02T16:52:26.3415829Z test nested_menu_preserves_parent_overlay_identity ... ok
portable	Test	2026-10-02T16:52:26.3595634Z test official_combobox_groups_and_routes_keyboard_in_rhai ... ok
portable	Test	2026-10-02T16:52:26.3925914Z test command_array_and_native_models_share_one_enabled_active_sequence ... ok
portable	Test	2026-10-02T16:52:26.4309919Z test official_combobox_is_public_overlay_and_virtual_collection_composition ... ok
portable	Test	2026-10-02T16:52:26.4335530Z test official_component_sources_reject_decorative_visual_drift ... ok
portable	Test	2026-10-02T16:52:26.4423779Z test interactive_component_contracts_require_explicit_accessible_names ... ok
portable	Test	2026-10-02T16:52:26.4622216Z test official_default_theme_pair_satisfies_one_semantic_contract ... ok
portable	Test	2026-10-02T16:52:26.4855829Z test official_divider_is_typed_decorative_layout ... ok
portable	Test	2026-10-02T16:52:26.4935539Z test official_components_validate_props_and_merge_standard_style_overrides ... ok
portable	Test	2026-10-02T16:52:26.5065759Z test official_icon_selects_explicit_rtl_resource_pair ... ok
portable	Test	2026-10-02T16:52:26.5228701Z test official_icon_uses_only_logical_asset_and_opaque_image_handle ... ok
portable	Test	2026-10-02T16:52:26.5285461Z test official_input_wraps_keyed_native_text_input_primitive ... ok
portable	Test	2026-10-02T16:52:26.5620403Z test official_m0_components_compile_export_and_render_together ... ok
portable	Test	2026-10-02T16:52:26.5866157Z test official_combobox_rejects_invalid_choice_identity ... ok
portable	Test	2026-10-02T16:52:26.7215142Z test official_pagination_is_pure_rhai_composition ... ok
portable	Test	2026-10-02T16:52:26.7255641Z test official_pagination_page_window_covers_ellipsis_transitions ... ok
portable	Test	2026-10-02T16:52:26.7635763Z test official_popover_and_dialog_use_native_overlay_nodes ... ok
portable	Test	2026-10-02T16:52:26.7665423Z test official_registry_has_no_privileged_component_constructors ... ok
portable	Test	2026-10-02T16:52:26.7875792Z test official_pagination_page_size_emits_one_atomic_reset ... ok
portable	Test	2026-10-02T16:52:26.8085897Z test official_date_picker_consumes_locale_and_strict_iso_values ... ok
portable	Test	2026-10-02T16:52:26.8528672Z test official_pagination_rejects_duplicate_page_sizes ... ok
portable	Test	2026-10-02T16:52:26.8731801Z test official_select_uses_scalar_controlled_choice_semantics ... ok
portable	Test	2026-10-02T16:52:26.9056144Z test official_textarea_wraps_independent_multiline_primitive ... ok
portable	Test	2026-10-02T16:52:26.9226195Z test official_table_groups_native_collection_without_materializing_rows_in_rhai ... ok
portable	Test	2026-10-02T16:52:26.9285631Z test official_table_groups_array_rows_with_controlled_collapse ... ok
portable	Test	2026-10-02T16:52:26.9545930Z test scroll_area_decorates_the_generic_retained_scroll_node ... ok
portable	Test	2026-10-02T16:52:26.9831512Z test slider_uses_the_public_native_range_input_with_range_semantics ... ok
portable	Test	2026-10-02T16:52:26.9855679Z test radio_group_forwards_pointer_and_keyboard_changes_to_its_caller ... ok
portable	Test	2026-10-02T16:52:26.9856675Z test tabs_and_table_use_semantic_theme_state_surfaces ... ok
portable	Test	2026-10-02T16:52:26.9915569Z test official_table_is_public_data_backed_rhai_composition ... ok
portable	Test	2026-10-02T16:52:27.0270555Z test toast_source_builds_public_layers_and_declarative_timers ... ok
portable	Test	2026-10-02T16:52:27.0492697Z test unlabeled_icon_is_decorative_presentation ... ok
portable	Test	2026-10-02T16:52:27.0565816Z test public_launch_static_components_compile_and_compose ... ok
portable	Test	2026-10-02T16:52:27.0813135Z test toggle_group_routes_pointer_and_roving_keyboard_changes_to_caller_state ... ok
portable	Test	2026-10-02T16:52:27.0844526Z test tooltip_and_menu_use_window_overlay_policies ... ok
portable	Test	2026-10-02T16:52:27.0863460Z test window_bars_are_source_owned_compositions_without_native_authority ... ok
portable	Test	2026-10-02T16:52:27.0864011Z 
portable	Test	2026-10-02T16:52:27.0864388Z test result: ok. 50 passed; 0 failed; 0 ignored; 0 measured; 0 filtered out; finished in 2.53s
portable	Test	2026-10-02T16:52:27.0865086Z 
portable	Test	2026-10-02T16:52:27.0906401Z ^[[1m^[[92m     Running^[[0m tests/resolved_theme.rs (target/debug/deps/resolved_theme-737f224c890cd545)
portable	Test	2026-10-02T16:52:27.0939805Z 
portable	Test	2026-10-02T16:52:27.0940009Z running 5 tests
portable	Test	2026-10-02T16:52:28.2671830Z test resolved_identity_is_not_system_preference_and_headless_fallback_is_explicit ... ok
portable	Test	2026-10-02T16:52:28.2673287Z test token_and_motion_updates_do_not_infer_a_different_identity_from_colors ... ok
portable	Test	2026-10-02T16:52:28.2830521Z test no_theme_and_unavailable_borrow_return_none_without_panicking ... ok
portable	Test	2026-10-02T16:52:28.2883434Z test window_nearest_local_and_sibling_resolution_share_one_identity_projection ... ok
portable	Test	2026-10-02T16:52:28.3216966Z test only_render_reads_track_theme_and_rhai_returns_exact_metadata_fields ... ok
portable	Test	2026-10-02T16:52:28.3217925Z 
portable	Test	2026-10-02T16:52:28.3218182Z test result: ok. 5 passed; 0 failed; 0 ignored; 0 measured; 0 filtered out; finished in 1.23s
portable	Test	2026-10-02T16:52:28.3218516Z 
portable	Test	2026-10-02T16:52:28.3243044Z ^[[1m^[[92m     Running^[[0m tests/virtual_read_contributions.rs (target/debug/deps/virtual_read_contributions-d4162a92d9189cdf)
portable	Test	2026-10-02T16:52:28.3411304Z 
portable	Test	2026-10-02T16:52:28.3411470Z running 2 tests
portable	Test	2026-10-02T16:52:29.6432491Z test failed_row_candidate_restores_the_previous_read_contributions ... ok
portable	Test	2026-10-02T16:52:29.7554483Z test raw_scroll_dependencies_release_history_keep_other_contributors_and_wake_the_current_owner ... ok
portable	Test	2026-10-02T16:52:29.7555386Z 
portable	Test	2026-10-02T16:52:29.7555763Z test result: ok. 2 passed; 0 failed; 0 ignored; 0 measured; 0 filtered out; finished in 1.41s
portable	Test	2026-10-02T16:52:29.7556339Z 
portable	Test	2026-10-02T16:52:29.7592003Z ^[[1m^[[92m     Running^[[0m tests/virtual_transactions.rs (target/debug/deps/virtual_transactions-cf9964d9d00e84db)
portable	Test	2026-10-02T16:52:29.7756595Z 
portable	Test	2026-10-02T16:52:29.7756768Z running 3 tests
portable	Test	2026-10-02T16:52:31.0512110Z test batch_failure_restores_all_prior_scope_state_and_callbacks ... ok
portable	Test	2026-10-02T16:52:31.0868403Z test overlapping_targets_keep_new_formal_callbacks_and_resources_live ... ok
portable	Test	2026-10-02T16:52:31.1110029Z test disjoint_scope_targets_are_equivalent_for_both_orders_and_one_batch ... ok
portable	Test	2026-10-02T16:52:31.1111209Z 
portable	Test	2026-10-02T16:52:31.1111617Z test result: ok. 3 passed; 0 failed; 0 ignored; 0 measured; 0 filtered out; finished in 1.34s
portable	Test	2026-10-02T16:52:31.1111977Z 
portable	Test	2026-10-02T16:52:31.1146610Z ^[[1m^[[92m     Running^[[0m unittests examples/artistic_showcase.rs (target/debug/examples/artistic_showcase-a802d2da68507cfa)
portable	Test	2026-10-02T16:52:31.1312527Z 
portable	Test	2026-10-02T16:52:31.1312871Z running 1 test
portable	Test	2026-10-02T16:52:32.4019730Z test tests::pure_rhai_artistic_showcase_prepares ... ok
portable	Test	2026-10-02T16:52:32.4020191Z 
portable	Test	2026-10-02T16:52:32.4020570Z test result: ok. 1 passed; 0 failed; 0 ignored; 0 measured; 0 filtered out; finished in 1.27s
portable	Test	2026-10-02T16:52:32.4021151Z 
portable	Test	2026-10-02T16:52:32.4045233Z ^[[1m^[[92m     Running^[[0m unittests examples/code_viewer.rs (target/debug/examples/code_viewer-8576e00f4328f591)
portable	Test	2026-10-02T16:52:32.4160257Z 
portable	Test	2026-10-02T16:52:32.4160533Z running 1 test
portable	Test	2026-10-02T16:52:33.6190943Z test tests::code_viewer_example_prepares ... ok
portable	Test	2026-10-02T16:52:33.6191395Z 
portable	Test	2026-10-02T16:52:33.6191784Z test result: ok. 1 passed; 0 failed; 0 ignored; 0 measured; 0 filtered out; finished in 1.20s
portable	Test	2026-10-02T16:52:33.6192314Z 
portable	Test	2026-10-02T16:52:33.6213611Z ^[[1m^[[92m     Running^[[0m unittests examples/dashboard_layout.rs (target/debug/examples/dashboard_layout-fafced1afb0c2aed)
portable	Test	2026-10-02T16:52:33.6253708Z 
portable	Test	2026-10-02T16:52:33.6253856Z running 0 tests
portable	Test	2026-10-02T16:52:33.6254457Z 
portable	Test	2026-10-02T16:52:33.6255017Z test result: ok. 0 passed; 0 failed; 0 ignored; 0 measured; 0 filtered out; finished in 0.00s
portable	Test	2026-10-02T16:52:33.6255374Z 
portable	Test	2026-10-02T16:52:33.6257452Z ^[[1m^[[92m     Running^[[0m unittests examples/data_table.rs (target/debug/examples/data_table-5f369bcb982b8556)
portable	Test	2026-10-02T16:52:33.6411337Z 
portable	Test	2026-10-02T16:52:33.6411602Z running 1 test
portable	Test	2026-10-02T16:52:36.7590416Z test tests::every_data_table_visual_state_prepares ... ok
portable	Test	2026-10-02T16:52:36.7590904Z 
portable	Test	2026-10-02T16:52:36.7591291Z test result: ok. 1 passed; 0 failed; 0 ignored; 0 measured; 0 filtered out; finished in 3.12s
portable	Test	2026-10-02T16:52:36.7591638Z 
portable	Test	2026-10-02T16:52:36.7620471Z ^[[1m^[[92m     Running^[[0m unittests examples/diff_viewer.rs (target/debug/examples/diff_viewer-6e212bf7d40f3c7f)
portable	Test	2026-10-02T16:52:36.7653231Z 
portable	Test	2026-10-02T16:52:36.7653366Z running 1 test
portable	Test	2026-10-02T16:52:37.9446210Z test tests::diff_viewer_example_prepares ... ok
portable	Test	2026-10-02T16:52:37.9446669Z 
portable	Test	2026-10-02T16:52:37.9446931Z test result: ok. 1 passed; 0 failed; 0 ignored; 0 measured; 0 filtered out; finished in 1.18s
portable	Test	2026-10-02T16:52:37.9447319Z 
portable	Test	2026-10-02T16:52:37.9467371Z ^[[1m^[[92m     Running^[[0m unittests examples/embedded_hello_world.rs (target/debug/examples/embedded_hello_world-f9fa130c4365c812)
portable	Test	2026-10-02T16:52:37.9480173Z 
portable	Test	2026-10-02T16:52:37.9480328Z running 0 tests
portable	Test	2026-10-02T16:52:37.9480521Z 
portable	Test	2026-10-02T16:52:37.9481003Z test result: ok. 0 passed; 0 failed; 0 ignored; 0 measured; 0 filtered out; finished in 0.00s
portable	Test	2026-10-02T16:52:37.9481536Z 
portable	Test	2026-10-02T16:52:37.9483432Z ^[[1m^[[92m     Running^[[0m unittests examples/embedded_views.rs (target/debug/examples/embedded_views-cf356805a4bce00f)
portable	Test	2026-10-02T16:52:37.9629716Z 
portable	Test	2026-10-02T16:52:37.9630112Z running 1 test
portable	Test	2026-10-02T16:52:39.5975897Z test tests::all_widget_variants_prepare_independently ... ok
portable	Test	2026-10-02T16:52:39.5976390Z 
portable	Test	2026-10-02T16:52:39.5976647Z test result: ok. 1 passed; 0 failed; 0 ignored; 0 measured; 0 filtered out; finished in 1.63s
portable	Test	2026-10-02T16:52:39.5976988Z 
portable	Test	2026-10-02T16:52:39.6002907Z ^[[1m^[[92m     Running^[[0m unittests examples/extension_host.rs (target/debug/examples/extension_host-3e65c906fa5f87a2)
portable	Test	2026-10-02T16:52:39.6041881Z 
portable	Test	2026-10-02T16:52:39.6042028Z running 0 tests
portable	Test	2026-10-02T16:52:39.6043997Z 
portable	Test	2026-10-02T16:52:39.6044408Z test result: ok. 0 passed; 0 failed; 0 ignored; 0 measured; 0 filtered out; finished in 0.00s
portable	Test	2026-10-02T16:52:39.6045720Z ^[[1m^[[92m     Running^[[0m unittests examples/form_showcase.rs (target/debug/examples/form_showcase-8efe2d3008976fc4)
portable	Test	2026-10-02T16:52:39.6046114Z 
portable	Test	2026-10-02T16:52:39.6087687Z 
portable	Test	2026-10-02T16:52:39.6087854Z running 1 test
portable	Test	2026-10-02T16:52:39.6096218Z test tests::date_picker_visual_state_opens_the_real_component_panel ... ok
portable	Test	2026-10-02T16:52:39.6096522Z 
portable	Test	2026-10-02T16:52:39.6096753Z test result: ok. 1 passed; 0 failed; 0 ignored; 0 measured; 0 filtered out; finished in 0.00s
portable	Test	2026-10-02T16:52:39.6097073Z 
portable	Test	2026-10-02T16:52:39.6099170Z ^[[1m^[[92m     Running^[[0m unittests examples/hello_world.rs (target/debug/examples/hello_world-a4fb013df425950b)
portable	Test	2026-10-02T16:52:39.6109921Z 
portable	Test	2026-10-02T16:52:39.6110087Z running 0 tests
portable	Test	2026-10-02T16:52:39.6110298Z 
portable	Test	2026-10-02T16:52:39.6110913Z test result: ok. 0 passed; 0 failed; 0 ignored; 0 measured; 0 filtered out; finished in 0.00s
portable	Test	2026-10-02T16:52:39.6111455Z 
portable	Test	2026-10-02T16:52:39.6113138Z ^[[1m^[[92m     Running^[[0m unittests examples/host_owned_tree.rs (target/debug/examples/host_owned_tree-71669f1399c36d62)
portable	Test	2026-10-02T16:52:39.6152037Z 
portable	Test	2026-10-02T16:52:39.6152325Z running 0 tests
portable	Test	2026-10-02T16:52:39.6152510Z 
portable	Test	2026-10-02T16:52:39.6152790Z test result: ok. 0 passed; 0 failed; 0 ignored; 0 measured; 0 filtered out; finished in 0.00s
portable	Test	2026-10-02T16:52:39.6153132Z 
portable	Test	2026-10-02T16:52:39.6155706Z ^[[1m^[[92m     Running^[[0m unittests examples/mini_timeline.rs (target/debug/examples/mini_timeline-b250669a0beb0a10)
portable	Test	2026-10-02T16:52:39.6187118Z 
portable	Test	2026-10-02T16:52:39.6187266Z running 1 test
portable	Test	2026-10-02T16:52:40.7899442Z test tests::pure_rhai_mini_timeline_prepares ... ok
portable	Test	2026-10-02T16:52:40.7900221Z 
portable	Test	2026-10-02T16:52:40.7900488Z test result: ok. 1 passed; 0 failed; 0 ignored; 0 measured; 0 filtered out; finished in 1.17s
portable	Test	2026-10-02T16:52:40.7900822Z 
portable	Test	2026-10-02T16:52:40.7918833Z ^[[1m^[[92m     Running^[[0m unittests examples/multi_window.rs (target/debug/examples/multi_window-4661a4ecd0debc40)
portable	Test	2026-10-02T16:52:40.7931513Z 
portable	Test	2026-10-02T16:52:40.7931655Z running 0 tests
portable	Test	2026-10-02T16:52:40.7931861Z 
portable	Test	2026-10-02T16:52:40.7932528Z test result: ok. 0 passed; 0 failed; 0 ignored; 0 measured; 0 filtered out; finished in 0.00s
portable	Test	2026-10-02T16:52:40.7933115Z 
portable	Test	2026-10-02T16:52:40.7934970Z ^[[1m^[[92m     Running^[[0m unittests examples/internal/smoke/native_overlay_smoke.rs (target/debug/examples/native_overlay_smoke-8ca226fe7aac5503)
portable	Test	2026-10-02T16:52:40.7945311Z 
portable	Test	2026-10-02T16:52:40.7945791Z running 0 tests
portable	Test	2026-10-02T16:52:40.7945989Z 
portable	Test	2026-10-02T16:52:40.7946367Z test result: ok. 0 passed; 0 failed; 0 ignored; 0 measured; 0 filtered out; finished in 0.00s
portable	Test	2026-10-02T16:52:40.7946911Z 
portable	Test	2026-10-02T16:52:40.7948283Z ^[[1m^[[92m     Running^[[0m unittests examples/internal/smoke/native_virtual_list_smoke.rs (target/debug/examples/native_virtual_list_smoke-0cf22443f84270a8)
portable	Test	2026-10-02T16:52:40.7959052Z 
portable	Test	2026-10-02T16:52:40.7959217Z running 0 tests
portable	Test	2026-10-02T16:52:40.7959454Z 
portable	Test	2026-10-02T16:52:40.7960116Z test result: ok. 0 passed; 0 failed; 0 ignored; 0 measured; 0 filtered out; finished in 0.00s
portable	Test	2026-10-02T16:52:40.7960617Z 
portable	Test	2026-10-02T16:52:40.7961867Z ^[[1m^[[92m     Running^[[0m unittests examples/internal/performance/performance_probe.rs (target/debug/examples/performance_probe-facd21994d0b49b6)
portable	Test	2026-10-02T16:52:40.7972338Z 
portable	Test	2026-10-02T16:52:40.7972480Z running 0 tests
portable	Test	2026-10-02T16:52:40.7972671Z 
portable	Test	2026-10-02T16:52:40.7973229Z test result: ok. 0 passed; 0 failed; 0 ignored; 0 measured; 0 filtered out; finished in 0.00s
portable	Test	2026-10-02T16:52:40.7973823Z 
portable	Test	2026-10-02T16:52:40.7976025Z ^[[1m^[[92m     Running^[[0m unittests examples/internal/smoke/phase0_probe.rs (target/debug/examples/phase0_probe-a0258f1493b7bada)
portable	Test	2026-10-02T16:52:40.8016664Z 
portable	Test	2026-10-02T16:52:40.8016866Z running 0 tests
portable	Test	2026-10-02T16:52:40.8017097Z 
portable	Test	2026-10-02T16:52:40.8017478Z test result: ok. 0 passed; 0 failed; 0 ignored; 0 measured; 0 filtered out; finished in 0.00s
portable	Test	2026-10-02T16:52:40.8018031Z 
portable	Test	2026-10-02T16:52:40.8019605Z ^[[1m^[[92m     Running^[[0m unittests examples/settings_panel.rs (target/debug/examples/settings_panel-f64a4054ccce8b7a)
portable	Test	2026-10-02T16:52:40.8055815Z 
portable	Test	2026-10-02T16:52:40.8055976Z running 0 tests
portable	Test	2026-10-02T16:52:40.8057895Z 
portable	Test	2026-10-02T16:52:40.8058298Z test result: ok. 0 passed; 0 failed; 0 ignored; 0 measured; 0 filtered out; finished in 0.00s
portable	Test	2026-10-02T16:52:40.8058834Z 
portable	Test	2026-10-02T16:52:40.8059496Z ^[[1m^[[92m     Running^[[0m unittests examples/internal/performance/table_1000.rs (target/debug/examples/table_1000-af004edc7212c216)
portable	Test	2026-10-02T16:52:40.8087689Z 
portable	Test	2026-10-02T16:52:40.8087843Z running 1 test
portable	Test	2026-10-02T16:52:42.0992152Z test tests::one_thousand_row_workload_prepares ... ok
portable	Test	2026-10-02T16:52:42.0992480Z 
portable	Test	2026-10-02T16:52:42.0992754Z test result: ok. 1 passed; 0 failed; 0 ignored; 0 measured; 0 filtered out; finished in 1.29s
portable	Test	2026-10-02T16:52:42.0993147Z 
portable	Test	2026-10-02T16:52:42.1015462Z ^[[1m^[[92m     Running^[[0m unittests examples/variable_height_chat.rs (target/debug/examples/variable_height_chat-9a99c137d682eb9b)
portable	Test	2026-10-02T16:52:42.1047778Z 
portable	Test	2026-10-02T16:52:42.1047924Z running 1 test
portable	Test	2026-10-02T16:52:43.7552956Z test tests::variable_height_chat_prepares ... ok
portable	Test	2026-10-02T16:52:43.7553437Z 
portable	Test	2026-10-02T16:52:43.7553822Z test result: ok. 1 passed; 0 failed; 0 ignored; 0 measured; 0 filtered out; finished in 1.65s
portable	Test	2026-10-02T16:52:43.7554328Z 
portable	Test	2026-10-02T16:52:43.7574311Z ^[[1m^[[92m     Running^[[0m unittests src/lib.rs (target/debug/deps/gpui_rhai_cli-92ceaa97a7a64e4e)
portable	Test	2026-10-02T16:52:43.7663644Z 
portable	Test	2026-10-02T16:52:43.7663920Z running 33 tests
portable	Test	2026-10-02T16:52:43.7685416Z test gallery::tests::invalid_run_is_rejected_before_platform_startup ... ok
portable	Test	2026-10-02T16:52:43.7699061Z test gallery::tests::invalid_story_case_theme_and_locale_are_explicit ... ok
portable	Test	2026-10-02T16:52:43.7725258Z test gallery::tests::list_is_deterministic_and_does_not_prepare_a_window ... ok
portable	Test	2026-10-02T16:52:45.2075879Z test tests::adding_icon_installs_core_svg_asset_pack ... ok
portable	Test	2026-10-02T16:52:45.2108104Z test tests::apply_detects_changes_after_planning ... ok
portable	Test	2026-10-02T16:52:45.2121099Z test tests::apply_stages_every_write_before_replacing_any_target ... ok
portable	Test	2026-10-02T16:52:45.2155578Z test tests::bundled_component_icons_share_an_explicit_24px_coordinate_space ... ok
portable	Test	2026-10-02T16:52:45.2545817Z test tests::adding_chart_installs_source_and_enables_the_runtime_feature ... ok
portable	Test	2026-10-02T16:52:45.4405828Z test tests::check_executes_the_headless_initial_view ... ok
portable	Test	2026-10-02T16:52:45.5405967Z test tests::check_accepts_nested_templates_and_imports_after_them ... ok
portable	Test	2026-10-02T16:52:45.5645885Z test tests::check_lints_known_calls_in_unexecuted_branches ... ok
portable	Test	2026-10-02T16:52:45.5675507Z test tests::check_rejects_old_or_misaligned_gpui_package_identity ... ok
portable	Test	2026-10-02T16:52:45.9807271Z test tests::check_rejects_invalid_locales_and_duplicate_logical_assets ... ok
portable	Test	2026-10-02T16:52:46.2824857Z test tests::check_separates_declared_host_capabilities_from_static_view_validation ... ok
portable	Test	2026-10-02T16:52:46.8139999Z test tests::check_validates_the_typed_component_stylesheet ... ok
portable	Test	2026-10-02T16:52:46.8185245Z test tests::dry_run_plan_has_zero_writes_until_applied ... ok
portable	Test	2026-10-02T16:52:46.9585948Z test tests::editor_metadata_comes_from_installed_component_schemas ... ok
portable	Test	2026-10-02T16:52:47.2097290Z test tests::embed_plan_contains_entry_components_theme_locale_and_assets ... ok
portable	Test	2026-10-02T16:52:47.2118025Z test tests::embedded_manifest_uses_immutable_bindings_with_or_without_capabilities ... ok
portable	Test	2026-10-02T16:52:47.2135886Z test tests::complex_components_install_transitive_sources_and_assets ... ok
portable	Test	2026-10-02T16:52:47.5306218Z test tests::init_add_and_check_form_a_reproducible_flow ... ok
portable	Test	2026-10-02T16:52:47.5333015Z test tests::init_never_overwrites_existing_main ... ok
portable	Test	2026-10-02T16:52:47.5335025Z test tests::line_merge_combines_independent_insertions ... ok
portable	Test	2026-10-02T16:52:47.6011610Z test tests::update_adds_missing_bundled_themes_without_overwriting_owned_sources ... ok
portable	Test	2026-10-02T16:52:47.7112551Z test tests::update_conflict_preserves_sources_and_writes_artifact ... ok
portable	Test	2026-10-02T16:52:47.7365792Z test tests::update_installs_new_transitive_dependencies_and_records_the_target_graph ... ok
portable	Test	2026-10-02T16:52:47.7645686Z test tests::update_three_way_merges_non_overlapping_local_changes ... ok
portable	Test	2026-10-02T16:52:47.8025776Z test theme_studio::tests::canonical_theme_round_trips_and_preserves_attribution ... ok
portable	Test	2026-10-02T16:52:49.8715921Z test tests::every_bundled_component_passes_known_call_validation ... ok
portable	Test	2026-10-02T16:52:49.8726750Z test theme_studio::tests::studio_source_contains_every_official_component ... ok
portable	Test	2026-10-02T16:52:50.2268297Z test theme_studio::tests::studio_executes_the_real_component_specimen ... ok
portable	Test	2026-10-02T16:52:56.0631869Z test gallery::tests::locale_matrix_prepares_editing_documents_and_workbench ... ok
portable	Test	2026-10-02T16:53:06.1312977Z test gallery::tests::every_bundled_story_case_prepares ... ok
portable	Test	2026-10-02T16:53:06.1313347Z 
portable	Test	2026-10-02T16:53:06.1313612Z test result: ok. 33 passed; 0 failed; 0 ignored; 0 measured; 0 filtered out; finished in 22.36s
portable	Test	2026-10-02T16:53:06.1313994Z 
portable	Test	2026-10-02T16:53:06.1351588Z ^[[1m^[[92m     Running^[[0m unittests src/main.rs (target/debug/deps/gpui_rhai-7d91f80ed207ff72)
portable	Test	2026-10-02T16:53:06.1364870Z 
portable	Test	2026-10-02T16:53:06.1365260Z running 0 tests
portable	Test	2026-10-02T16:53:06.1365505Z 
portable	Test	2026-10-02T16:53:06.1366033Z test result: ok. 0 passed; 0 failed; 0 ignored; 0 measured; 0 filtered out; finished in 0.00s
portable	Test	2026-10-02T16:53:06.1366532Z 
portable	Test	2026-10-02T16:53:06.1367753Z ^[[1m^[[92m     Running^[[0m unittests src/lib.rs (target/debug/deps/gpui_rhai_registry-a54f56e3e9389643)
portable	Test	2026-10-02T16:53:06.1404825Z 
portable	Test	2026-10-02T16:53:06.1405120Z running 2 tests
portable	Test	2026-10-02T16:53:06.1410334Z test tests::every_public_module_has_story_coverage ... ok
portable	Test	2026-10-02T16:53:06.1417554Z test tests::release_snapshot_has_the_expected_catalog_size ... ok
portable	Test	2026-10-02T16:53:06.1418431Z 
portable	Test	2026-10-02T16:53:06.1418833Z test result: ok. 2 passed; 0 failed; 0 ignored; 0 measured; 0 filtered out; finished in 0.00s
portable	Test	2026-10-02T16:53:06.1419391Z 
portable	Default feature contract	﻿2026-10-02T16:53:06.2274259Z ##[group]Run cargo test -p gpui-rhai --lib --locked
portable	Default feature contract	2026-10-02T16:53:06.2274899Z ^[[36;1mcargo test -p gpui-rhai --lib --locked^[[0m
portable	Default feature contract	2026-10-02T16:53:06.3098799Z shell: /usr/bin/bash -e {0}
portable	Default feature contract	2026-10-02T16:53:06.3099098Z env:
portable	Default feature contract	2026-10-02T16:53:06.3099329Z   CARGO_HOME: /home/runner/.cargo
portable	Default feature contract	2026-10-02T16:53:06.3099606Z   CARGO_INCREMENTAL: 0
portable	Default feature contract	2026-10-02T16:53:06.3099835Z   CARGO_TERM_COLOR: always
portable	Default feature contract	2026-10-02T16:53:06.3100074Z ##[endgroup]
portable	Default feature contract	2026-10-02T16:53:07.4366576Z ^[[1m^[[92m   Compiling^[[0m toml_edit v0.22.27
portable	Default feature contract	2026-10-02T16:53:07.4416026Z ^[[1m^[[92m   Compiling^[[0m rhai v1.26.0
portable	Default feature contract	2026-10-02T16:53:08.9186115Z ^[[1m^[[92m   Compiling^[[0m toml v0.8.23
portable	Default feature contract	2026-10-02T16:53:18.4161750Z ^[[1m^[[92m   Compiling^[[0m gpui-rhai v0.1.8 (/home/runner/work/gpui-rhai/gpui-rhai/crates/gpui-rhai)
portable	Default feature contract	2026-10-02T16:53:56.6891860Z ^[[1m^[[92m    Finished^[[0m `test` profile [unoptimized + debuginfo] target(s) in 50.33s
portable	Default feature contract	2026-10-02T16:53:56.7230609Z ^[[1m^[[92m     Running^[[0m unittests src/lib.rs (target/debug/deps/gpui_rhai-0a158dfa361b5006)
portable	Default feature contract	2026-10-02T16:53:56.7266203Z 
portable	Default feature contract	2026-10-02T16:53:56.7266446Z running 473 tests
portable	Default feature contract	2026-10-02T16:53:56.7276109Z test accessibility::tests::committed_frame_rejects_unknown_native_roles_before_presentation ... ok
portable	Default feature contract	2026-10-02T16:53:56.7277861Z test accessibility::tests::presented_tree_excludes_retained_but_unpainted_subtrees ... ok
portable	Default feature contract	2026-10-02T16:53:56.7284161Z test accessibility::tests::semantic_descendant_inherits_nearest_realized_geometry ... ok
portable	Default feature contract	2026-10-02T16:53:56.7335561Z test accessibility::tests::semantic_tree_preserves_pressed_expanded_orientation_and_range_values ... ok
portable	Default feature contract	2026-10-02T16:53:56.7336987Z test accessibility::tests::semantic_tree_flattens_layout_and_resolves_label_relationships ... ok
portable	Default feature contract	2026-10-02T16:53:56.7365386Z test action::tests::key_bindings_validate_and_convert_to_gpui ... ok
portable	Default feature contract	2026-10-02T16:53:57.8925888Z test action::tests::disabled_actions_do_not_dispatch ... ok
portable	Default feature contract	2026-10-02T16:53:57.8945716Z test app::tests::embedded_font_sources_are_validated_and_retained_for_mount ... ok
portable	Default feature contract	2026-10-02T16:53:57.9015846Z test app::tests::embedded_asset_sources_match_file_provider_namespace ... ok
portable	Default feature contract	2026-10-02T16:53:57.9045475Z test app::tests::error_banner_policy_defaults_on_and_can_be_disabled ... ok
portable	Default feature contract	2026-10-02T16:53:57.9075502Z test app::tests::declared_component_assets_preload_and_render_without_lifecycle_io ... ok
portable	Default feature contract	2026-10-02T16:53:57.9135342Z test app::tests::embedded_runtime_clock_is_installed_before_initial_render ... ok
portable	Default feature contract	2026-10-02T16:53:57.9145301Z test app::tests::embedded_host_theme_overrides_cover_primary_and_additional_variants ... ok
portable	Default feature contract	2026-10-02T16:53:57.9279528Z test app::tests::initial_mount_failure_returns_a_structured_root_diagnostic ... ok
portable	Default feature contract	2026-10-02T16:53:57.9303329Z test app::tests::missing_entry_has_path_aware_error ... ok
portable	Default feature contract	2026-10-02T16:53:57.9335417Z test app::tests::motion_frame_freezes_only_events_present_at_its_sample_boundary ... ok
portable	Default feature contract	2026-10-02T16:53:57.9336562Z test app::tests::pointer_callback_return_controls_gpui_propagation ... ok
portable	Default feature contract	2026-10-02T16:53:57.9365896Z test app::tests::missing_declared_component_asset_fails_preparation ... ok
portable	Default feature contract	2026-10-02T16:53:57.9457460Z test app::tests::file_and_embedded_apps_produce_equivalent_locale_asset_tree ... ok
portable	Default feature contract	2026-10-02T16:53:57.9495656Z test app::tests::reduced_motion_environment_values_are_normalized ... ok
portable	Default feature contract	2026-10-02T16:53:57.9515461Z test app::tests::retained_descendant_resolves_nearest_scroll_ancestor ... ok
portable	Default feature contract	2026-10-02T16:53:57.9545383Z test app::tests::file_view_applies_the_validated_component_stylesheet ... ok
portable	Default feature contract	2026-10-02T16:53:57.9575353Z test app::tests::prepare_resolves_copied_component_modules ... ok
portable	Default feature contract	2026-10-02T16:53:57.9635495Z test app::tests::prepared_view_starts_engine_and_lifecycle_on_mount ... ok
portable	Default feature contract	2026-10-02T16:53:57.9665384Z test app::tests::script_window_api_queues_open_and_installs_close_confirmation_handler ... ok
portable	Default feature contract	2026-10-02T16:53:57.9667190Z test app::tests::script_registered_semantic_action_dispatches_generation_bound_callback ... ok
portable	Default feature contract	2026-10-02T16:53:57.9680161Z test app::tests::startup_rejects_manifest_capabilities_missing_from_host ... ok
portable	Default feature contract	2026-10-02T16:53:57.9768830Z test app::tests::structured_script_error_keeps_human_display_separate_from_diagnostic ... ok
portable	Default feature contract	2026-10-02T16:53:57.9776381Z test asset::tests::logical_ids_reject_urls_and_traversal ... ok
portable	Default feature contract	2026-10-02T16:53:57.9782534Z test asset::tests::namespace_refresh_preserves_handle_and_replaces_cached_bytes ... ok
portable	Default feature contract	2026-10-02T16:53:57.9786145Z test asset::tests::provider_images_are_cached_behind_opaque_handles ... ok
portable	Default feature contract	2026-10-02T16:53:57.9790642Z test app::tests::theme_handle_state_only_advances_for_an_effective_theme_change ... ok
portable	Default feature contract	2026-10-02T16:53:57.9791841Z test asset::tests::canceled_and_stale_image_decodes_do_not_deliver ... ok
portable	Default feature contract	2026-10-02T16:53:57.9795897Z test asset::tests::rejected_duplicate_provider_keeps_uncached_assets_from_the_original ... ok
portable	Default feature contract	2026-10-02T16:53:57.9800970Z test asset::tests::raster_decode_delivers_handle_on_foreground_drain ... ok
portable	Default feature contract	2026-10-02T16:53:57.9805795Z test asset::tests::svg_current_color_uses_external_default_without_overriding_local_color ... ok
portable	Default feature contract	2026-10-02T16:53:57.9806693Z test asset::tests::svg_variant_cache_is_lru_bounded_and_observable ... ok
portable	Default feature contract	2026-10-02T16:53:57.9807571Z test asset::tests::transaction_rollback_restores_a_cancelled_decode_registration ... ok
portable	Default feature contract	2026-10-02T16:53:57.9810505Z test asset::tests::svg_raster_adapter_preserves_fixed_color_gradient_and_semantic_alpha ... ok
portable	Default feature contract	2026-10-02T16:53:57.9811875Z test async_runtime::tests::async_error_payload_is_always_bounded_utf8 ... ok
portable	Default feature contract	2026-10-02T16:53:57.9975627Z test async_runtime::tests::cancellation_wakes_a_blocked_lossless_producer ... ok
portable	Default feature contract	2026-10-02T16:53:57.9985543Z test app::tests::secondary_window_engine_restores_compiled_component_exports ... ok
portable	Default feature contract	2026-10-02T16:53:57.9990118Z test async_runtime::tests::exact_effect_activation_cancellation_preserves_replacement_work ... ok
portable	Default feature contract	2026-10-02T16:53:57.9999184Z test async_runtime::tests::rhai_delivery_preflight_matches_recursive_engine_limits ... ok
portable	Default feature contract	2026-10-02T16:53:58.0095648Z test async_runtime::tests::producer_close_and_registry_drop_report_first_close_reason ... ok
portable	Default feature contract	2026-10-02T16:53:58.0131709Z test async_runtime::tests::stale_generation_discards_buffer_and_reclaims_subscription ... ok
portable	Default feature contract	2026-10-02T16:53:58.0175462Z test async_runtime::tests::canceled_and_stale_tasks_never_deliver ... ok
portable	Default feature contract	2026-10-02T16:53:58.0225553Z test async_runtime::tests::subscription_defaults_to_bounded_ordered_delivery ... ok
portable	Default feature contract	2026-10-02T16:53:58.0315513Z test async_runtime::tests::task_cancellation_is_reversible_until_transaction_commit ... ok
portable	Default feature contract	2026-10-02T16:53:58.0341253Z test async_runtime::tests::task_completion_delivers_on_foreground_drain ... ok
portable	Default feature contract	2026-10-02T16:53:58.0392744Z test async_runtime::tests::task_panic_becomes_an_error_delivery_and_releases_the_entry ... ok
portable	Default feature contract	2026-10-02T16:53:58.0393884Z test automation::tests::json_lines_protocol_correlates_success_and_errors ... ok
portable	Default feature contract	2026-10-02T16:53:58.0395613Z test automation::tests::locators_require_one_unambiguous_semantic_node ... ok
portable	Default feature contract	2026-10-02T16:53:58.0396543Z test budget::tests::default_budgets_are_valid_and_limits_are_inclusive ... ok
portable	Default feature contract	2026-10-02T16:53:58.0398271Z test canvas::tests::path_sampling_uses_arc_length_and_morph_requires_matching_topology ... ok
portable	Default feature contract	2026-10-02T16:53:58.0400082Z test canvas::tests::presented_hit_testing_tracks_morph_trim_and_non_scaling_stroke ... ok
portable	Default feature contract	2026-10-02T16:53:58.0401173Z test canvas::tests::scene_hit_testing_uses_reverse_paint_order_and_path_geometry ... ok
portable	Default feature contract	2026-10-02T16:53:58.0402146Z test canvas::tests::scene_rejects_duplicate_keys ... ok
portable	Default feature contract	2026-10-02T16:53:58.0458454Z test canvas::tests::script_paths_are_typed_transformed_clipped_and_budgeted_by_segments ... ok
portable	Default feature contract	2026-10-02T16:53:58.0459622Z test capability::tests::async_handler_builds_validated_worker_without_moving_rhai_callbacks ... ok
portable	Default feature contract	2026-10-02T16:53:58.0461196Z test capability::tests::manifest_controls_capability_access_and_versions ... ok
portable	Default feature contract	2026-10-02T16:53:58.0470818Z test capability::tests::manifest_must_cover_component_capability_requirements ... ok
portable	Default feature contract	2026-10-02T16:53:58.0471785Z test capability::tests::output_is_validated_even_for_rust_handlers ... ok
portable	Default feature contract	2026-10-02T16:53:58.0472970Z test clock::tests::manual_clock_is_shared_and_monotonic_by_host_policy ... ok
portable	Default feature contract	2026-10-02T16:53:58.0473941Z test async_runtime::tests::window_and_component_scope_cancellation_preserves_app_tasks ... ok
portable	Default feature contract	2026-10-02T16:53:58.0475142Z test collection_projection::tests::outline_projection_is_stable_and_rejects_cycles ... ok
portable	Default feature contract	2026-10-02T16:53:58.0505410Z test collection_projection::tests::stable_grouping_preserves_first_group_and_item_order ... ok
portable	Default feature contract	2026-10-02T16:53:58.0515554Z test collection_projection::tests::collapsed_outline_still_enforces_global_depth_limit ... ok
portable	Default feature contract	2026-10-02T16:53:58.0555721Z test column_resize::tests::intrinsic_measurement_is_a_keyed_lifecycle_primitive ... ok
portable	Default feature contract	2026-10-02T16:53:58.0565713Z test column_resize::tests::realized_measurements_replace_and_unmount_without_retaining_stale_maxima ... ok
portable	Default feature contract	2026-10-02T16:53:58.0571846Z test column_resize::tests::resize_event_uses_a_fixed_width_descriptor ... ok
portable	Default feature contract	2026-10-02T16:53:58.0572858Z test column_resize::tests::width_delta_and_clamping_follow_text_direction ... ok
portable	Default feature contract	2026-10-02T16:53:58.0573949Z test component::tests::component_assets_are_safe_and_part_of_header_identity ... ok
portable	Default feature contract	2026-10-02T16:53:58.0575301Z test component::tests::component_collector_is_idempotent_and_rejects_conflicts ... ok
portable	Default feature contract	2026-10-02T16:53:58.0576325Z test component::tests::component_header_is_machine_readable ... ok
portable	Default feature contract	2026-10-02T16:53:58.0577315Z test component::tests::component_reuse_equality_is_conservative_for_nested_nodes ... ok
portable	Default feature contract	2026-10-02T16:53:58.0578370Z test component::tests::component_schema_round_trips_for_tooling ... ok
portable	Default feature contract	2026-10-02T16:53:58.0579308Z test component::tests::header_and_exported_metadata_must_match ... ok
portable	Default feature contract	2026-10-02T16:53:58.0580355Z test component::tests::invalid_nested_schema_definition_is_rejected_at_export ... ok
portable	Default feature contract	2026-10-02T16:53:58.0581446Z test component::tests::invocation_applies_defaults_and_rejects_unknown_props ... ok
portable	Default feature contract	2026-10-02T16:53:58.0582590Z test component::tests::invocation_normalizes_data_style_and_callback_props_for_retention ... ok
portable	Default feature contract	2026-10-02T16:53:58.0583743Z test component::tests::invocation_rejects_anonymous_retained_callback_props ... ok
portable	Default feature contract	2026-10-02T16:53:58.0584913Z test component::tests::registry_resolves_dependencies_first ... ok
portable	Default feature contract	2026-10-02T16:53:58.0585925Z test component::tests::standard_style_props_are_typed_and_reject_unknown_parts ... ok
portable	Default feature contract	2026-10-02T16:53:58.0586908Z test component::tests::stateful_components_require_keys ... ok
portable	Default feature contract	2026-10-02T16:53:58.0675469Z test component_styles::tests::source_decodes_typed_styles_and_validates_parts ... ok
portable	Default feature contract	2026-10-02T16:53:58.0765558Z test component_styles::tests::source_rejects_unknown_components_parts_and_non_styles ... ok
portable	Default feature contract	2026-10-02T16:53:58.0865652Z test component_styles::tests::stylesheet_precedes_instance_overrides_during_component_render ... ok
portable	Default feature contract	2026-10-02T16:53:58.0866989Z test context::tests::event_mutations_are_batched ... ok
portable	Default feature contract	2026-10-02T16:53:58.0869580Z test context::tests::event_target_bounds_are_untracked_and_event_only ... ok
portable	Default feature contract	2026-10-02T16:53:58.0888365Z test async_runtime::tests::subscription_throttles_to_latest_value_and_cancels ... ok
portable	Default feature contract	2026-10-02T16:53:58.0909532Z test context::tests::focus_by_ref_key_queues_a_window_scoped_retained_command ... ok
portable	Default feature contract	2026-10-02T16:53:58.0913471Z test context::tests::host_can_register_a_new_native_collection_after_mount ... ok
portable	Default feature contract	2026-10-02T16:53:58.0927372Z test context::tests::host_motion_preference_changes_without_replacing_runtime_state ... ok
portable	Default feature contract	2026-10-02T16:53:58.1035826Z test context::tests::locale_and_viewport_reads_register_exact_component_dependencies ... ok
portable	Default feature contract	2026-10-02T16:53:58.1045955Z test context::tests::presentation_geometry_and_capture_are_isolated_per_view ... ok
portable	Default feature contract	2026-10-02T16:53:58.1047317Z test context::tests::first_native_appearance_replaces_dark_fallback_and_invalidates_render_readers_once ... ok
portable	Default feature contract	2026-10-02T16:53:58.1134363Z test async_runtime::tests::online_schema_rejection_formats_only_the_first_issue ... ok
portable	Default feature contract	2026-10-02T16:53:58.1155586Z test context::tests::render_context_rejects_mutation ... ok
portable	Default feature contract	2026-10-02T16:53:58.1185268Z test context::tests::render_signal_reads_disable_component_reuse ... ok
portable	Default feature contract	2026-10-02T16:53:58.1186664Z test context::tests::receiver_subscription_waits_for_lossless_capacity_without_ending_the_stream ... ok
portable	Default feature contract	2026-10-02T16:53:58.1245546Z test context::tests::receiver_subscription_forwards_external_values_until_sender_drop ... ok
portable	Default feature contract	2026-10-02T16:53:58.1315565Z test context::tests::returning_subscription_work_closes_external_emitters_with_reason ... ok
portable	Default feature contract	2026-10-02T16:53:58.1325424Z test context::tests::runtime_transaction_rollback_restores_cancelled_subscription ... ok
portable	Default feature contract	2026-10-02T16:53:58.1326392Z test context::tests::script_reads_fixed_today_calendar_and_locale_formatters ... ok
portable	Default feature contract	2026-10-02T16:53:58.1446991Z test context::tests::scripts_receive_restricted_context_without_gpui_types ... ok
portable	Default feature contract	2026-10-02T16:53:58.1486873Z test context::tests::script_theme_switch_preserves_component_state_and_ast_generation ... ok
portable	Default feature contract	2026-10-02T16:53:58.1487944Z test context::tests::scripts_use_bounded_nested_and_keyed_store_paths ... ok
portable	Default feature contract	2026-10-02T16:53:58.1488932Z test context::tests::structural_store_paths_invalidate_executable_owner_not_synthetic_scope ... ok
portable	Default feature contract	2026-10-02T16:53:58.1515301Z test context::tests::timeline_handles_cannot_cross_view_contexts ... ok
portable	Default feature contract	2026-10-02T16:53:58.1545424Z test context::tests::transaction_tokens_cannot_cross_runtime_or_commit_unbalanced ... ok
portable	Default feature contract	2026-10-02T16:53:58.1555454Z test context::tests::viewport_class_is_window_scoped_and_script_readable ... ok
portable	Default feature contract	2026-10-02T16:53:58.1575543Z test context::tests::window_release_uses_segment_boundaries_and_clears_suspend_tombstones ... ok
portable	Default feature contract	2026-10-02T16:53:58.1605395Z test date::tests::arithmetic_crosses_month_year_and_century_boundaries ... ok
portable	Default feature contract	2026-10-02T16:53:58.1635194Z test date::tests::fixed_clock_is_deterministic ... ok
portable	Default feature contract	2026-10-02T16:53:58.1636030Z test context::tests::semantic_event_and_action_traces_never_retain_payload_values ... ok
portable	Default feature contract	2026-10-02T16:53:58.1658072Z test date::tests::strict_iso_and_leap_year_validation ... ok
portable	Default feature contract	2026-10-02T16:53:58.1658701Z test date::tests::weekdays_match_known_dates ... ok
portable	Default feature contract	2026-10-02T16:53:58.1659373Z test dependency::tests::changes_invalidate_transitive_dependants ... ok
portable	Default feature contract	2026-10-02T16:53:58.1660289Z test dependency::tests::failed_refresh_does_not_commit_partial_cache ... ok
portable	Default feature contract	2026-10-02T16:53:58.1661134Z test context::tests::theme_variant_reads_the_resolved_selection ... ok
portable	Default feature contract	2026-10-02T16:53:58.1662020Z test dependency::tests::import_extraction_rejects_dynamic_and_invalid_imports ... ok
portable	Default feature contract	2026-10-02T16:53:58.1663066Z test dependency::tests::import_extraction_uses_rhai_parser_for_nested_comments_and_templates ... ok
portable	Default feature contract	2026-10-02T16:53:58.1664152Z test dependency::tests::import_extraction_uses_unoptimized_ast_for_nested_templates ... ok
portable	Default feature contract	2026-10-02T16:53:58.1665252Z test date::tests::rhai_date_data_api_is_checked_and_month_grid_is_stable ... ok
portable	Default feature contract	2026-10-02T16:53:58.1675425Z test dependency::tests::import_scanner_ignores_comments_and_string_contents ... ok
portable	Default feature contract	2026-10-02T16:53:58.1676313Z test devtools::tests::sensitive_trace_payload_is_redacted_before_storage ... ok
portable	Default feature contract	2026-10-02T16:53:58.1677188Z test devtools::tests::inspector_reports_host_handler_label_without_opaque_details ... ok
portable	Default feature contract	2026-10-02T16:53:58.1686410Z test devtools::tests::trace_buffer_is_bounded_and_ordered ... ok
portable	Default feature contract	2026-10-02T16:53:58.1795466Z test devtools::tests::snapshot_captures_source_and_redacts_sensitive_state ... ok
portable	Default feature contract	2026-10-02T16:53:58.1834750Z test diagnostic::tests::diagnostic_keeps_the_failed_round_quota_after_host_policy_changes ... ok
portable	Default feature contract	2026-10-02T16:53:58.1836208Z test devtools::tests::snapshot_includes_runtime_mechanism_identity_and_state ... ok
portable	Default feature contract	2026-10-02T16:53:58.1839997Z test diagnostic::tests::terminated_evaluation_preserves_structured_runtime_context ... ok
portable	Default feature contract	2026-10-02T16:53:58.1841137Z test document::tests::host_limits_fail_explicitly_before_unbounded_work ... ok
portable	Default feature contract	2026-10-02T16:53:58.1937081Z test diagnostic::tests::runtime_diagnostic_contains_location_component_and_stack ... ok
portable	Default feature contract	2026-10-02T16:53:58.1965877Z test document::tests::line_ranges_normalize_crlf_but_retain_terminal_empty_line ... ok
portable	Default feature contract	2026-10-02T16:53:58.1975975Z test document::tests::native_documents_are_revisioned_and_registry_reads_are_exact ... ok
portable	Default feature contract	2026-10-02T16:53:58.2005410Z test document::tests::diff_is_direction_neutral_refines_unicode_and_collapses_context ... ok
portable	Default feature contract	2026-10-02T16:53:58.3301759Z test collection_projection::tests::ten_thousand_outline_roots_project_without_quadratic_ancestry_walks ... ok
portable	Default feature contract	2026-10-02T16:53:58.3325174Z test document::tests::whitespace_policy_is_explicit ... ok
portable	Default feature contract	2026-10-02T16:53:58.3345706Z test document_view::tests::code_descriptor_exposes_string_or_native_document_without_rhai_rows ... ok
portable	Default feature contract	2026-10-02T16:53:58.3371361Z test document_view::tests::document_font_resolution_uses_an_installed_monospace_before_fallback ... ok
portable	Default feature contract	2026-10-02T16:53:58.3494895Z test document_view::tests::document_selection_copies_original_cross_line_text ... ok
portable	Default feature contract	2026-10-02T16:53:58.3498415Z test document_view::tests::native_search_supports_case_word_and_regex_policies ... ok
portable	Default feature contract	2026-10-02T16:53:58.3499758Z test document_view::tests::overlapping_highlight_layers_become_ordered_composed_runs ... ok
portable	Default feature contract	2026-10-02T16:53:58.3500920Z test document_view::tests::tab_expansion_preserves_source_and_display_offsets ... ok
portable	Default feature contract	2026-10-02T16:53:58.3515372Z test document_view::tests::wrapping_respects_tabs_and_unicode_grapheme_boundaries ... ok
portable	Default feature contract	2026-10-02T16:53:58.3516484Z test drag_drop::tests::typed_target_acceptance_distinguishes_payload_and_operation ... ok
portable	Default feature contract	2026-10-02T16:53:58.3517425Z test draggable::tests::drag_axes_snap_and_containment_are_one_pure_policy ... ok
portable	Default feature contract	2026-10-02T16:53:58.3946496Z test effect::tests::restarted_effect_uses_a_distinct_async_activation_scope ... ok
portable	Default feature contract	2026-10-02T16:53:58.4233334Z test effect::tests::unchanged_effects_do_not_restart_and_removed_effects_cleanup ... ok
portable	Default feature contract	2026-10-02T16:53:58.4246563Z test element_ref::tests::contribution_retarget_and_last_item_prune_detach_native_and_logical_reads ... ok
portable	Default feature contract	2026-10-02T16:53:58.4251604Z test element_ref::tests::failed_candidate_restores_last_good_binding_and_subscriptions ... ok
portable	Default feature contract	2026-10-02T16:53:58.4254732Z test element_ref::tests::final_manifest_prunes_provider_subscription_without_reviving_removed_readers ... ok
portable	Default feature contract	2026-10-02T16:53:58.4263809Z test element_ref::tests::logical_ref_subscription_survives_all_binding_transitions_without_repeats ... ok
portable	Default feature contract	2026-10-02T16:53:58.4278581Z test element_ref::tests::pending_geometry_reader_binds_after_the_ref_commits ... ok
portable	Default feature contract	2026-10-02T16:53:58.4284401Z test element_ref::tests::reader_teardown_and_provider_removal_notify_only_surviving_owners ... ok
portable	Default feature contract	2026-10-02T16:53:58.4286067Z test element_ref::tests::rebinding_does_not_remove_an_independent_direct_geometry_read ... ok
portable	Default feature contract	2026-10-02T16:53:58.4306889Z test element_ref::tests::stale_refs_do_not_rebind_after_scope_removal ... ok
portable	Default feature contract	2026-10-02T16:53:58.4468885Z test engine::tests::callbacks_are_rejected_after_reload ... ok
portable	Default feature contract	2026-10-02T16:53:58.4762755Z test document::tests::rhai_and_go_are_built_in_and_unknown_languages_fall_back_to_plain_text ... ok
portable	Default feature contract	2026-10-02T16:53:58.4795423Z test engine::tests::callbacks_cannot_cross_runtime_engines ... ok
portable	Default feature contract	2026-10-02T16:53:58.4935864Z test engine::tests::canvas_scene_is_keyed_validated_and_script_constructible ... ok
portable	Default feature contract	2026-10-02T16:53:58.4965443Z test engine::tests::click_handlers_can_carry_typed_semantic_payloads ... ok
portable	Default feature contract	2026-10-02T16:53:58.5075551Z test engine::tests::default_runtime_rejects_filesystem_imports ... ok
portable	Default feature contract	2026-10-02T16:53:58.5225299Z test engine::tests::execution_timings_cover_compile_and_render ... ok
portable	Default feature contract	2026-10-02T16:53:58.5352241Z test engine::tests::failed_candidate_keeps_last_good_generation_active ... ok
portable	Default feature contract	2026-10-02T16:53:58.5545646Z test engine::tests::failed_nested_component_records_the_deepest_component_path ... ok
portable	Default feature contract	2026-10-02T16:53:58.5675309Z test engine::tests::final_box_and_fragment_atoms_are_distinct_snapshots ... ok
portable	Default feature contract	2026-10-02T16:53:58.5855418Z test engine::tests::final_component_api_registers_render_once_and_invokes_by_id ... ok
portable	Default feature contract	2026-10-02T16:53:58.5965503Z test engine::tests::host_policies_are_independent_and_reload_candidates_do_not_share_mutable_quota ... ok
portable	Default feature contract	2026-10-02T16:53:58.6115361Z test engine::tests::independent_candidates_never_share_callback_authority ... ok
portable	Default feature contract	2026-10-02T16:53:58.6235266Z test engine::tests::inline_svg_atom_is_bounded_and_self_contained ... ok
portable	Default feature contract	2026-10-02T16:53:58.6415489Z test engine::tests::invalid_state_default_reports_the_field_and_tagged_encoding ... ok
portable	Default feature contract	2026-10-02T16:53:58.6515235Z test engine::tests::lazy_error_boundary_catches_rhai_evaluation_failure ... ok
portable	Default feature contract	2026-10-02T16:53:59.1644011Z test engine::tests::delayed_component_callback_starts_with_a_fresh_operation_budget ... ok
portable	Default feature contract	2026-10-02T16:53:59.2435815Z test engine::tests::multiple_dirty_components_share_one_incremental_budget ... ok
portable	Default feature contract	2026-10-02T16:53:59.2645915Z test engine::tests::old_component_handles_cannot_target_a_same_key_remount ... ok
portable	Default feature contract	2026-10-02T16:53:59.2776634Z test engine::tests::one_program_preparation_shares_identity_across_module_and_entry_compilation ... ok
portable	Default feature contract	2026-10-02T16:53:59.8052651Z test engine::tests::nested_component_work_consumes_one_shared_operation_budget ... ok
portable	Default feature contract	2026-10-02T16:53:59.8230598Z test engine::tests::recompilation_invalidates_previous_generation ... ok
portable	Default feature contract	2026-10-02T16:53:59.8245464Z test engine::tests::replay_hydrates_formal_subtrees_inside_nested_dynamic_node_shapes ... ok
portable	Default feature contract	2026-10-02T16:53:59.8374908Z test engine::tests::retained_callbacks_reject_capturing_functions_and_non_data_curry ... ok
portable	Default feature contract	2026-10-02T16:53:59.9041803Z test document::tests::host_registered_syntax_participates_in_background_safe_snapshots ... ok
portable	Default feature contract	2026-10-02T16:54:00.6175941Z test engine::tests::operation_limit_is_host_configurable ... ok
portable	Default feature contract	2026-10-02T16:54:00.6436221Z test engine::tests::retained_virtual_renderer_replays_curried_node_presentation ... ok
portable	Default feature contract	2026-10-02T16:54:00.6465707Z test engine::tests::retained_component_budget_ignores_parent_history_without_resetting_session_total ... ok
portable	Default feature contract	2026-10-02T16:54:00.6595579Z test engine::tests::rhai_nodes_attach_only_registered_schema_checked_native_handlers ... ok
portable	Default feature contract	2026-10-02T16:54:00.6640187Z test engine::tests::rhai_nodes_retain_ordered_handlers_for_all_event_phases ... ok
portable	Default feature contract	2026-10-02T16:54:00.6805163Z test engine::tests::script_builds_a_declarative_tree ... ok
portable	Default feature contract	2026-10-02T16:54:00.6855761Z test engine::tests::runtime_emits_official_rhai_language_server_definitions ... ok
portable	Default feature contract	2026-10-02T16:54:00.6937166Z test engine::tests::script_builds_a_typed_controlled_overlay ... ok
portable	Default feature contract	2026-10-02T16:54:00.7002867Z test engine::tests::script_builds_an_error_boundary ... ok
portable	Default feature contract	2026-10-02T16:54:00.7025353Z test engine::tests::sticky_virtual_collection_indices_are_bounded_unique_and_top_aligned ... ok
portable	Default feature contract	2026-10-02T16:54:00.7045465Z test engine::tests::retained_virtual_renderer_budget_ignores_parent_history ... ok
portable	Default feature contract	2026-10-02T16:54:00.7076651Z test engine::tests::self_contained_compile_rejects_dynamic_imports_before_evaluation ... ok
portable	Default feature contract	2026-10-02T16:54:00.7095645Z test engine::tests::virtual_collection_reveal_key_is_known_and_has_one_scroll_owner ... ok
portable	Default feature contract	2026-10-02T16:54:00.7183944Z test engine::tests::text_accepts_typed_inline_span_runs ... ok
portable	Default feature contract	2026-10-02T16:54:00.7196016Z test environment_dependency::tests::environment_dependencies_invalidate_only_matching_domains ... ok
portable	Default feature contract	2026-10-02T16:54:00.7197315Z test engine::tests::unsafe_const_container_assignment_is_rejected_before_evaluation ... ok
portable	Default feature contract	2026-10-02T16:54:00.7292635Z test event::tests::capture_target_bubble_and_immediate_stop_are_ordered ... ok
portable	Default feature contract	2026-10-02T16:54:00.7306496Z test event::tests::host_callback_identity_debug_and_tree_drop_follow_rc_ownership ... ok
portable	Default feature contract	2026-10-02T16:54:00.7308305Z test event::tests::pointer_capture_is_node_scoped_and_clears_on_unmount ... ok
portable	Default feature contract	2026-10-02T16:54:00.7310206Z test engine::tests::virtual_row_formal_component_preserves_the_real_callback_owner ... ok
portable	Default feature contract	2026-10-02T16:54:00.7365415Z test event::tests::events_bubble_until_explicitly_handled ... ok
portable	Default feature contract	2026-10-02T16:54:00.7395381Z test font::tests::font_sources_validate_format_size_and_duplicates ... ok
portable	Default feature contract	2026-10-02T16:54:00.7425487Z test geometry::tests::affine_composition_inverse_and_bounds_share_one_coordinate_fact ... ok
portable	Default feature contract	2026-10-02T16:54:00.7452926Z test geometry::tests::affine_inverse_is_scale_relative_and_rejects_singular_matrices ... ok
portable	Default feature contract	2026-10-02T16:54:00.7454224Z test geometry::tests::changed_geometry_invalidates_exact_readers_and_snapshot_restores ... ok
portable	Default feature contract	2026-10-02T16:54:00.7455349Z test geometry::tests::layout_and_trigger_motion_sample_from_committed_native_state ... ok
portable	Default feature contract	2026-10-02T16:54:00.7456301Z test geometry::tests::presented_geometry_maps_local_and_window_coordinates_both_ways ... ok
portable	Default feature contract	2026-10-02T16:54:00.7457244Z test geometry::tests::shared_layout_history_expires_after_its_last_presented_frame ... ok
portable	Default feature contract	2026-10-02T16:54:00.7458148Z test event::tests::rhai_cannot_construct_host_callbacks ... ok
portable	Default feature contract	2026-10-02T16:54:00.7458879Z test host_slot::tests::registry_rejects_invalid_and_duplicate_names ... ok
portable	Default feature contract	2026-10-02T16:54:00.7459737Z test inline_svg::tests::inline_svg_accepts_local_gradients_and_current_color ... ok
portable	Default feature contract	2026-10-02T16:54:00.7460595Z test inline_svg::tests::inline_svg_rejects_active_and_external_content ... ok
portable	Default feature contract	2026-10-02T16:54:00.7461447Z test interaction::tests::gesture_session_owns_activation_and_total_delta ... ok
portable	Default feature contract	2026-10-02T16:54:00.7462363Z test event::tests::stop_allows_remaining_same_phase_handlers_but_blocks_ancestors ... ok
portable	Default feature contract	2026-10-02T16:54:00.7535410Z test host_slot::tests::extension_registers_a_keyed_opaque_primitive_constructor ... ok
portable	Default feature contract	2026-10-02T16:54:00.7565604Z test invocation::tests::synchronous_recursion_still_obeys_the_engine_limit ... ok
portable	Default feature contract	2026-10-02T16:54:00.7595609Z test invocation::tests::retained_callback_chains_start_with_a_fresh_call_depth ... ok
portable	Default feature contract	2026-10-02T16:54:00.7703823Z test lifecycle::tests::async_capability_completes_through_foreground_delivery ... ok
portable	Default feature contract	2026-10-02T16:54:00.7705990Z test lifecycle::tests::async_image_decode_completes_through_lifecycle_delivery ... ok
portable	Default feature contract	2026-10-02T16:54:00.7735464Z test lifecycle::tests::canvas_scene_budget_is_independent_from_command_budget ... ok
portable	Default feature contract	2026-10-02T16:54:00.7885344Z test lifecycle::tests::failed_event_callback_rolls_back_ui_state ... ok
portable	Default feature contract	2026-10-02T16:54:00.7886325Z test lifecycle::tests::exit_ghost_uses_the_views_committed_geometry_domain ... ok
portable	Default feature contract	2026-10-02T16:54:00.8005636Z test lifecycle::tests::controlled_rerender_synchronously_rebuilds_the_retained_virtual_window ... ok
portable	Default feature contract	2026-10-02T16:54:00.8024744Z test lifecycle::tests::geometry_motion_reserves_capacity_from_timeline_control ... ok
portable	Default feature contract	2026-10-02T16:54:00.8061665Z test lifecycle::tests::hot_reload_rolls_back_candidate_init_state_on_render_failure ... ok
portable	Default feature contract	2026-10-02T16:54:00.8155537Z test lifecycle::tests::invalid_native_semantics_reject_the_candidate_before_commit ... ok
portable	Default feature contract	2026-10-02T16:54:00.8177454Z test lifecycle::tests::hot_reload_rolls_back_engine_generation_after_retained_validation_failure ... ok
portable	Default feature contract	2026-10-02T16:54:00.8205650Z test lifecycle::tests::layer_budget_rejects_candidate_before_commit ... ok
portable	Default feature contract	2026-10-02T16:54:00.8325304Z test lifecycle::tests::lifecycle_motion_uses_the_host_runtime_clock ... ok
portable	Default feature contract	2026-10-02T16:54:00.8326239Z test lifecycle::tests::lifecycle_order_and_optional_functions_are_enforced ... ok
portable	Default feature contract	2026-10-02T16:54:00.8355397Z test lifecycle::tests::missing_optional_lifecycle_functions_are_valid ... ok
portable	Default feature contract	2026-10-02T16:54:00.8470872Z test lifecycle::tests::motion_budget_admits_active_timeline_to_idle_plus_direct_replacement ... ok
portable	Default feature contract	2026-10-02T16:54:00.8491688Z test lifecycle::tests::reload_migrates_timeline_authority_to_the_candidate_generation ... ok
portable	Default feature contract	2026-10-02T16:54:00.8650424Z test lifecycle::tests::resume_reload_unfreezes_motion_at_the_preserved_position ... ok
portable	Default feature contract	2026-10-02T16:54:00.8665701Z test lifecycle::tests::nested_virtual_targets_preserve_callbacks_snapshots_and_prune_atomically ... ok
portable	Default feature contract	2026-10-02T16:54:00.8667091Z test lifecycle::tests::retained_candidate_over_host_budget_is_rejected_before_commit ... ok
portable	Default feature contract	2026-10-02T16:54:00.8835712Z test lifecycle::tests::subscription_start_outside_a_declarative_effect_is_rejected ... ok
portable	Default feature contract	2026-10-02T16:54:00.8851680Z test lifecycle::tests::retained_root_remount_allocates_new_motion_identity ... ok
portable	Default feature contract	2026-10-02T16:54:00.8895477Z test lifecycle::tests::subscription_capability_streams_until_close ... ok
portable	Default feature contract	2026-10-02T16:54:00.8982650Z test lifecycle::tests::suspend_resume_preserves_state_and_freezes_motion_time ... ok
portable	Default feature contract	2026-10-02T16:54:00.9025788Z test lifecycle::tests::suspended_reload_migrates_atomically_and_keeps_last_good_on_failure ... ok
portable	Default feature contract	2026-10-02T16:54:00.9055490Z test lifecycle::tests::virtual_item_motion_uses_the_stable_data_key_path ... ok
portable	Default feature contract	2026-10-02T16:54:00.9085350Z test locale::tests::dates_and_numbers_use_selected_bundle_metadata ... ok
portable	Default feature contract	2026-10-02T16:54:00.9115294Z test locale::tests::live_locale_switch_advances_only_locale_generation ... ok
portable	Default feature contract	2026-10-02T16:54:00.9145281Z test locale::tests::malformed_calendar_and_number_contracts_fail_load ... ok
portable	Default feature contract	2026-10-02T16:54:00.9235533Z test locale::tests::month_year_pattern_controls_date_picker_header_order ... ok
portable	Default feature contract	2026-10-02T16:54:00.9236601Z test locale::tests::rtl_direction_follows_scope_window_and_app_precedence ... ok
portable	Default feature contract	2026-10-02T16:54:00.9255720Z test lifecycle::tests::virtual_realization_commits_the_complete_target_window_and_prunes_old_items ... ok
portable	Default feature contract	2026-10-02T16:54:00.9257003Z test locale::tests::scope_precedence_and_fallback_are_deterministic ... ok
portable	Default feature contract	2026-10-02T16:54:00.9258008Z test motion::tests::affine_canvas_motion_rejects_axis_aligned_path_clips ... ok
portable	Default feature contract	2026-10-02T16:54:00.9258955Z test motion::tests::animated_nodes_require_keys_and_removed_declarations_cancel ... ok
portable	Default feature contract	2026-10-02T16:54:00.9259984Z test motion::tests::autoreverse_completion_keeps_the_sampled_terminal_value ... ok
portable	Default feature contract	2026-10-02T16:54:00.9261023Z test motion::tests::bouncing_inertia_is_bounded_and_matches_timeline_sampling ... ok
portable	Default feature contract	2026-10-02T16:54:00.9262136Z test motion::tests::compatible_generation_migration_preserves_progress_but_rekeys_authority ... ok
portable	Default feature contract	2026-10-02T16:54:00.9263266Z test motion::tests::direct_and_timeline_physics_share_one_sampler_and_extremes_fail ... ok
portable	Default feature contract	2026-10-02T16:54:00.9264402Z test motion::tests::exit_ghost_rejects_an_unsupported_nested_subtree_atomically ... ok
portable	Default feature contract	2026-10-02T16:54:00.9265828Z test motion::tests::looping_transition_repeats_without_completing ... ok
portable	Default feature contract	2026-10-02T16:54:00.9266886Z test motion::tests::node_declarations_reconcile_without_restarting_same_target ... ok
portable	Default feature contract	2026-10-02T16:54:00.9267966Z test motion::tests::encoded_paths_do_not_alias_legal_slash_keys_and_root_remounts_restart ... ok
portable	Default feature contract	2026-10-02T16:54:00.9269045Z test motion::tests::none_policy_cannot_be_bypassed_by_restart ... ok
portable	Default feature contract	2026-10-02T16:54:00.9269960Z test motion::tests::none_policy_reprojects_settled_and_outer_autoreverse_terminals ... ok
portable	Default feature contract	2026-10-02T16:54:00.9270941Z test motion::tests::play_and_restart_recheck_active_budget ... ok
portable	Default feature contract	2026-10-02T16:54:00.9271875Z test motion::tests::reconciliation_validates_targets_ownership_and_is_atomic ... ok
portable	Default feature contract	2026-10-02T16:54:00.9272930Z test motion::tests::reduced_motion_keeps_looping_indicators_visible_at_midpoint ... ok
portable	Default feature contract	2026-10-02T16:54:00.9273925Z test motion::tests::reduced_motion_settles_without_frames ... ok
portable	Default feature contract	2026-10-02T16:54:00.9275315Z test motion::tests::replay_key_restarts_a_settled_declaration_without_restarting_equal_renders ... ok
portable	Default feature contract	2026-10-02T16:54:00.9276313Z test motion::tests::scoped_reconciliation_does_not_remove_other_window_motion ... ok
portable	Default feature contract	2026-10-02T16:54:00.9277347Z test motion::tests::retained_timeline_targets_resolve_to_the_target_node_identity ... ok
portable	Default feature contract	2026-10-02T16:54:00.9278253Z test motion::tests::script_preference_cannot_relax_a_stricter_host_policy ... ok
portable	Default feature contract	2026-10-02T16:54:00.9279181Z test motion::tests::spring_converges_without_rhai_frame_callbacks ... ok
portable	Default feature contract	2026-10-02T16:54:00.9280128Z test motion::tests::terminal_events_are_partitioned_and_discarded_by_presentation_scope ... ok
portable	Default feature contract	2026-10-02T16:54:00.9281201Z test motion::tests::timeline_budget_is_independent_of_declaration_order ... ok
portable	Default feature contract	2026-10-02T16:54:00.9282158Z test motion::tests::timeline_handles_are_instance_bound_and_play_is_idempotent ... ok
portable	Default feature contract	2026-10-02T16:54:00.9283133Z test motion::tests::timeline_rejects_overlapping_property_ownership ... ok
portable	Default feature contract	2026-10-02T16:54:00.9284486Z test motion::tests::timeline_sequence_seek_pause_and_complete_are_deterministic ... ok
portable	Default feature contract	2026-10-02T16:54:00.9286116Z test motion::tests::timeline_snapshot_resets_future_sequence_tracks_when_seeking_back ... ok
portable	Default feature contract	2026-10-02T16:54:00.9287360Z test motion::tests::transition_retargets_from_current_sample ... ok
portable	Default feature contract	2026-10-02T16:54:00.9288293Z test motion::tests::unconstrained_inertia_uses_the_closed_form_at_any_animation_age ... ok
portable	Default feature contract	2026-10-02T16:54:00.9289335Z test native_collection::tests::fuzzy_projection_filters_groups_projects_and_reuses_structural_order ... ok
portable	Default feature contract	2026-10-02T16:54:00.9290681Z test native_collection::tests::grouped_table_projection_collapses_rows_but_retains_header_counts ... ok
portable	Default feature contract	2026-10-02T16:54:00.9325428Z test native_collection::tests::grouped_table_projection_flattens_headers_and_sorted_rows ... ok
portable	Default feature contract	2026-10-02T16:54:00.9355655Z test native_collection::tests::missing_dependencies_are_render_only_validated_and_bounded ... ok
portable	Default feature contract	2026-10-02T16:54:00.9385570Z test native_collection::tests::registering_a_missing_name_invalidates_its_exact_readers ... ok
portable	Default feature contract	2026-10-02T16:54:00.9386900Z test native_collection::tests::table_projection_filters_then_pages_the_sorted_native_rows ... ok
portable	Default feature contract	2026-10-02T16:54:00.9415607Z test native_collection::tests::tracked_replacement_invalidates_only_collection_readers ... ok
portable	Default feature contract	2026-10-02T16:54:00.9435304Z test native_collection::tests::validates_keys_and_caches_rust_sort_order ... ok
portable	Default feature contract	2026-10-02T16:54:00.9465279Z test native_handler::tests::descriptor_rejects_unsafe_ids_and_events ... ok
portable	Default feature contract	2026-10-02T16:54:00.9475565Z test motion::tests::script_motion_configs_are_strict_and_keyframes_sample_natively ... ok
portable	Default feature contract	2026-10-02T16:54:00.9505501Z test node::tests::component_replacement_preserves_every_external_presentation_mutation ... ok
portable	Default feature contract	2026-10-02T16:54:00.9515535Z test node::tests::component_snapshot_activates_lazily_and_stays_free_of_outer_presentation ... ok
portable	Default feature contract	2026-10-02T16:54:00.9545337Z test node::tests::inherited_motion_group_replays_across_nested_component_replacement ... ok
portable	Default feature contract	2026-10-02T16:54:01.0030632Z test node::tests::key_handler_names_accept_punctuation_keys ... ok
portable	Default feature contract	2026-10-02T16:54:01.0172605Z test lifecycle::tests::virtual_target_commit_retains_and_releases_the_complete_component_manifest ... ok
portable	Default feature contract	2026-10-02T16:54:01.0173944Z test node::tests::key_normalization_does_not_change_ordinary_event_namespaces ... ok
portable	Default feature contract	2026-10-02T16:54:01.0175837Z test node::tests::node_identity_style_source_and_attributes_are_runtime_owned ... ok
portable	Default feature contract	2026-10-02T16:54:01.0177932Z test node::tests::node_styles_share_immutable_snapshots_and_mutate_without_aliasing ... ok
portable	Default feature contract	2026-10-02T16:54:01.0195425Z test node::tests::realized_items_move_into_nested_collections_without_copies ... ok
portable	Default feature contract	2026-10-02T16:54:01.0317177Z test node::tests::selectable_rejects_non_text_nodes_at_the_script_boundary ... ok
portable	Default feature contract	2026-10-02T16:54:01.0326678Z test overlay::tests::centered_dialog_ignores_anchor_and_fits_viewport ... ok
portable	Default feature contract	2026-10-02T16:54:01.0365496Z test overlay::tests::clicking_trigger_is_not_an_outside_dismissal ... ok
portable	Default feature contract	2026-10-02T16:54:01.0366835Z test overlay::tests::dismissing_parent_closes_nested_children_top_down ... ok
portable	Default feature contract	2026-10-02T16:54:01.0395389Z test overlay::tests::escape_closes_only_topmost_dismissible_overlay ... ok
portable	Default feature contract	2026-10-02T16:54:01.0425514Z test overlay::tests::placement_flips_then_clamps_to_window ... ok
portable	Default feature contract	2026-10-02T16:54:01.0435402Z test overlay::tests::tooltip_delay_cancels_on_leave_and_transitions_deterministically ... ok
portable	Default feature contract	2026-10-02T16:54:01.0455586Z test overlay_element::tests::removing_a_view_closes_overlays_without_callbacks ... ok
portable	Default feature contract	2026-10-02T16:54:01.0485530Z test overlay_element::tests::window_coordinator_shares_parent_stack_and_resets_per_frame ... ok
portable	Default feature contract	2026-10-02T16:54:01.0495304Z test pan_zoom::tests::pointer_anchored_zoom_preserves_the_content_point ... ok
portable	Default feature contract	2026-10-02T16:54:01.0515407Z test primitive::tests::custom_primitive_events_are_normalized ... ok
portable	Default feature contract	2026-10-02T16:54:01.0545386Z test primitive::tests::custom_primitive_props_and_keys_are_validated ... ok
portable	Default feature contract	2026-10-02T16:54:01.0575698Z test primitive::tests::effect_descriptors_require_current_platform_lifecycle_and_budgets ... ok
portable	Default feature contract	2026-10-02T16:54:01.0605339Z test primitive::tests::native_panics_are_converted_to_primitive_errors ... ok
portable	Default feature contract	2026-10-02T16:54:01.0606819Z test primitive::tests::primitive_context_holds_only_a_weak_registry_reference ... ok
portable	Default feature contract	2026-10-02T16:54:01.0635561Z test primitive::tests::primitive_identity_uses_retained_node_not_component_local_key ... ok
portable	Default feature contract	2026-10-02T16:54:01.0665430Z test primitive::tests::primitive_identity_uses_the_presented_retained_key ... ok
portable	Default feature contract	2026-10-02T16:54:01.0666543Z test primitive::tests::primitive_resource_scope_rolls_back_and_continues_after_cleanup_panic ... ok
portable	Default feature contract	2026-10-02T16:54:01.0695510Z test primitive::tests::primitive_theme_exposes_only_resolved_semantic_snapshot ... ok
portable	Default feature contract	2026-10-02T16:54:01.0725408Z test primitive::tests::successful_tree_cleanup_unmounts_removed_keyed_instances ... ok
portable	Default feature contract	2026-10-02T16:54:01.0726449Z test range_input::tests::horizontal_rtl_geometry_keeps_the_fill_between_minimum_and_thumb ... ok
portable	Default feature contract	2026-10-02T16:54:01.0727375Z test range_input::tests::range_values_clamp_and_snap_to_step ... ok
portable	Default feature contract	2026-10-02T16:54:01.0728182Z test range_slider::tests::normalized_pairs_are_bounded_gapped_and_idempotent ... ok
portable	Default feature contract	2026-10-02T16:54:01.0729066Z test range_slider::tests::pair_normalization_preserves_order_and_gap ... ok
portable	Default feature contract	2026-10-02T16:54:01.0729996Z test range_slider::tests::pair_normalization_solves_legal_endpoint_constraints_jointly ... ok
portable	Default feature contract	2026-10-02T16:54:01.0731084Z test read_dependency::tests::contribution_retention_is_shared_by_store_environment_and_geometry ... ok
portable	Default feature contract	2026-10-02T16:54:01.0768652Z test reload::tests::failed_reload_preserves_last_good_tree_and_generation ... ok
portable	Default feature contract	2026-10-02T16:54:01.0895795Z test node::tests::key_handler_names_reject_invalid_key_names ... ok
portable	Default feature contract	2026-10-02T16:54:01.0896975Z test renderer::tests::aligned_text_nodes_become_flex_content_boxes ... ok
portable	Default feature contract	2026-10-02T16:54:01.0898023Z test renderer::tests::ambient_text_color_inherits_and_a_local_value_wins ... ok
portable	Default feature contract	2026-10-02T16:54:01.0899040Z test renderer::tests::asset_svg_uses_an_ancestor_text_color ... ok
portable	Default feature contract	2026-10-02T16:54:01.0900100Z test renderer::tests::canvas_motion_uses_one_affine_transform_for_paint_and_hit_testing ... ok
portable	Default feature contract	2026-10-02T16:54:01.0901346Z test renderer::tests::canvas_signal_transform_is_shared_by_paint_and_hit_testing ... ok
portable	Default feature contract	2026-10-02T16:54:01.0908402Z test renderer::tests::committed_semantics_write_native_role_label_state_and_range ... ok
portable	Default feature contract	2026-10-02T16:54:01.0942489Z test renderer::tests::declarative_nodes_and_typed_styles_convert_without_a_gpui_context ... ok
portable	Default feature contract	2026-10-02T16:54:01.0951097Z test reload::tests::successful_reload_atomically_replaces_tree ... ok
portable	Default feature contract	2026-10-02T16:54:01.0951899Z test renderer::tests::logical_overlay_edges_resolve_against_text_direction ... ok
portable	Default feature contract	2026-10-02T16:54:01.0952774Z test renderer::tests::native_signal_values_override_approved_properties_without_rhai ... ok
portable	Default feature contract	2026-10-02T16:54:01.0953746Z test renderer::tests::optional_width_override_activates_fixed_layout_only_when_present ... ok
portable	Default feature contract	2026-10-02T16:54:01.0960551Z test renderer::tests::logical_spacing_resolves_to_physical_edges_in_both_directions ... ok
portable	Default feature contract	2026-10-02T16:54:01.1005496Z test renderer::tests::plain_text_semantics_use_a_valued_native_label ... ok
portable	Default feature contract	2026-10-02T16:54:01.1006570Z test renderer::tests::pointer_payload_uses_committed_local_geometry_and_canvas_hit_key ... ok
portable	Default feature contract	2026-10-02T16:54:01.1025834Z test renderer::tests::property_specific_layout_values_reach_gpui_without_loss ... ok
portable	Default feature contract	2026-10-02T16:54:01.1035606Z test renderer::tests::pseudo_paint_preserves_native_border_text_and_opacity_states ... ok
portable	Default feature contract	2026-10-02T16:54:01.1065366Z test renderer::tests::retained_tab_order_reads_explicit_group_indices ... ok
portable	Default feature contract	2026-10-02T16:54:01.1066364Z test renderer::tests::rtl_keyboard_navigation_maps_physical_arrows_to_logical_handlers ... ok
portable	Default feature contract	2026-10-02T16:54:01.1075731Z test renderer::tests::sampled_motion_values_override_dimensions_and_transform_without_rhai ... ok
portable	Default feature contract	2026-10-02T16:54:01.1077170Z test renderer::tests::styled_inline_svg_fills_its_node_box_without_losing_intrinsic_default ... ok
portable	Default feature contract	2026-10-02T16:54:01.1078668Z test renderer::tests::symbolic_typography_resolves_and_explicit_fields_win ... ok
portable	Default feature contract	2026-10-02T16:54:01.1079728Z test resizable::tests::containment_and_aspect_ratio_clamp_one_atomic_rect ... ok
portable	Default feature contract	2026-10-02T16:54:01.1081009Z test resizable::tests::west_and_north_handles_keep_the_opposite_corner_fixed ... ok
portable	Default feature contract	2026-10-02T16:54:01.1082135Z test responsive::tests::discrete_classes_change_only_at_configured_boundaries ... ok
portable	Default feature contract	2026-10-02T16:54:01.1083241Z test retained::tests::duplicate_key_rejects_candidate_without_consuming_ids ... ok
portable	Default feature contract	2026-10-02T16:54:01.1086897Z test retained::tests::fragment_rejects_layout_or_interaction_decoration ... ok
portable	Default feature contract	2026-10-02T16:54:01.1105433Z test retained::tests::keyed_reorder_preserves_ids_and_reports_moves ... ok
portable	Default feature contract	2026-10-02T16:54:01.1119490Z test retained::tests::kind_change_replaces_only_the_changed_subtree ... ok
portable	Default feature contract	2026-10-02T16:54:01.1123415Z test retained::tests::named_child_groups_isolate_duplicate_slot_keys ... ok
portable	Default feature contract	2026-10-02T16:54:01.1145698Z test renderer::tests::owned_color_snapshot_matches_the_native_primitive_theme_surface ... ok
portable	Default feature contract	2026-10-02T16:54:01.1175525Z test rotatable::tests::arbitrary_pivot_stays_fixed_under_rotation_compensation ... ok
portable	Default feature contract	2026-10-02T16:54:01.1205201Z test schema::tests::bounds_and_unions_report_precise_failures ... ok
portable	Default feature contract	2026-10-02T16:54:01.1235149Z test schema::tests::invalid_definitions_are_rejected ... ok
portable	Default feature contract	2026-10-02T16:54:01.1235823Z test schema::tests::length_ui_value_and_asset_are_distinct ... ok
portable	Default feature contract	2026-10-02T16:54:01.1236497Z test schema::tests::node_callback_and_handle_types_are_distinct ... ok
portable	Default feature contract	2026-10-02T16:54:01.1237141Z test schema::tests::objects_report_all_precise_paths ... ok
portable	Default feature contract	2026-10-02T16:54:01.1237863Z test schema::tests::online_and_complete_durable_validation_agree_on_acceptance ... ok
portable	Default feature contract	2026-10-02T16:54:01.2038567Z test schema::tests::online_ui_value_validation_stops_after_the_first_issue ... ok
portable	Default feature contract	2026-10-02T16:54:01.2396571Z test script_lint::tests::known_call_lint_accepts_local_module_core_and_standard_calls ... ok
portable	Default feature contract	2026-10-02T16:54:01.3252262Z test script_lint::tests::known_call_lint_characterizes_rhai_language_intrinsics ... ok
portable	Default feature contract	2026-10-02T16:54:01.3636464Z test script_lint::tests::known_call_lint_checks_qualified_installed_modules ... ok
portable	Default feature contract	2026-10-02T16:54:01.4451023Z test script_lint::tests::known_call_lint_checks_unexecuted_branches_and_arities ... ok
portable	Default feature contract	2026-10-02T16:54:01.4801779Z test script_lint::tests::known_call_lint_normalizes_native_method_receiver_arity ... ok
portable	Default feature contract	2026-10-02T16:54:01.4825611Z test script_source::tests::embedded_source_is_content_addressed ... ok
portable	Default feature contract	2026-10-02T16:54:01.4935855Z test script_source::tests::file_and_embedded_sources_have_identical_resolution ... ok
portable	Default feature contract	2026-10-02T16:54:01.4937943Z test script_source::tests::missing_embedded_module_is_explicit ... ok
portable	Default feature contract	2026-10-02T16:54:01.4940253Z test scrollbar::tests::vertical_track_uses_the_logical_end_edge ... ok
portable	Default feature contract	2026-10-02T16:54:01.4941323Z test scrollbar::tests::visibility_contract_is_strict_and_round_trips ... ok
portable	Default feature contract	2026-10-02T16:54:01.4942550Z test selection_area::tests::degenerate_marquee_does_not_contain_far_collinear_points ... ok
portable	Default feature contract	2026-10-02T16:54:01.4943724Z test selection_area::tests::marquee_policies_distinguish_intersection_and_enclosure ... ok
portable	Default feature contract	2026-10-02T16:54:01.4957998Z test selection_area::tests::polygon_predicates_preserve_translation_and_scale ... ok
portable	Default feature contract	2026-10-02T16:54:01.4976366Z test signal::tests::optional_float_signal_supports_an_inactive_width_override ... ok
portable	Default feature contract	2026-10-02T16:54:01.4986900Z test signal::tests::reconcile_preserves_value_and_revision_for_compatible_identity ... ok
portable	Default feature contract	2026-10-02T16:54:01.4997498Z test signal::tests::related_signal_patch_validates_every_member_before_mutating ... ok
portable	Default feature contract	2026-10-02T16:54:01.5016637Z test signal::tests::stale_and_type_mismatched_writes_are_atomic ... ok
portable	Default feature contract	2026-10-02T16:54:01.5026798Z test sortable::tests::adjacent_and_self_moves_are_no_ops ... ok
portable	Default feature contract	2026-10-02T16:54:01.5125336Z test source::tests::cyclic_imports_report_the_cycle ... ok
portable	Default feature contract	2026-10-02T16:54:01.5165360Z test source::tests::missing_modules_are_diagnostic_errors ... ok
portable	Default feature contract	2026-10-02T16:54:01.5166370Z test source::tests::module_ids_reject_escape_paths ... ok
portable	Default feature contract	2026-10-02T16:54:01.5285792Z test source::tests::module_init_accepts_literal_consts_and_direct_pure_definition ... ok
portable	Default feature contract	2026-10-02T16:54:01.5323777Z test source::tests::module_init_rejects_effectful_calls_before_evaluation ... ok
portable	Default feature contract	2026-10-02T16:54:01.5431646Z test source::tests::module_init_rejects_mutable_globals_and_computed_definitions ... ok
portable	Default feature contract	2026-10-02T16:54:01.5491647Z test source::tests::registered_modules_can_be_imported ... ok
portable	Default feature contract	2026-10-02T16:54:01.5544940Z test source::tests::resolver_reuses_only_content_matching_cached_asts ... ok
portable	Default feature contract	2026-10-02T16:54:01.5560285Z test split_resize::tests::split_delta_and_constraints_are_directional_and_deterministic ... ok
portable	Default feature contract	2026-10-02T16:54:01.5561453Z test state::tests::failed_render_does_not_change_committed_state ... ok
portable	Default feature contract	2026-10-02T16:54:01.5564797Z test state::tests::inspect_instance_is_exact_and_redacts_sensitive_values ... ok
portable	Default feature contract	2026-10-02T16:54:01.5566182Z test state::tests::scoped_candidates_preserve_latest_outside_writes_and_deletions ... ok
portable	Default feature contract	2026-10-02T16:54:01.5567456Z test state::tests::scoped_commit_preserves_other_window_roots_and_remove_scope_cleans_one ... ok
portable	Default feature contract	2026-10-02T16:54:01.5586749Z test state::tests::snapshots_share_instances_until_one_store_mutates ... ok
portable	Default feature contract	2026-10-02T16:54:01.5615625Z test state::tests::successful_render_cleans_unreachable_instances ... ok
portable	Default feature contract	2026-10-02T16:54:01.5616721Z test state::tests::successful_render_resets_only_incompatible_fields ... ok
portable	Default feature contract	2026-10-02T16:54:01.5617778Z test state::tests::updates_are_schema_checked ... ok
portable	Default feature contract	2026-10-02T16:54:01.5618719Z test store::tests::deserialized_schema_defaults_are_validated_before_store_declaration ... ok
portable	Default feature contract	2026-10-02T16:54:01.5619789Z test store::tests::keyed_item_reader_ignores_reorder_but_observes_item_change ... ok
portable	Default feature contract	2026-10-02T16:54:01.5620833Z test store::tests::nested_writes_invalidate_only_changed_path_and_whole_readers ... ok
portable	Default feature contract	2026-10-02T16:54:01.5621779Z test store::tests::removing_window_clears_window_store ... ok
portable	Default feature contract	2026-10-02T16:54:01.5622577Z test store::tests::repeated_value_does_not_invalidate ... ok
portable	Default feature contract	2026-10-02T16:54:01.5623431Z test store::tests::snapshots_share_large_store_values_until_a_write ... ok
portable	Default feature contract	2026-10-02T16:54:01.5637266Z test store::tests::successful_subtree_reconcile_removes_stale_app_store_readers ... ok
portable	Default feature contract	2026-10-02T16:54:01.5647445Z test store::tests::writes_invalidate_only_exact_field_readers ... ok
portable	Default feature contract	2026-10-02T16:54:01.5666886Z test style::tests::caller_overlay_wins_deterministically ... ok
portable	Default feature contract	2026-10-02T16:54:01.5671673Z test style::tests::disabled_pseudo_state_has_final_precedence ... ok
portable	Default feature contract	2026-10-02T16:54:01.5672624Z test style::tests::invalid_lengths_are_rejected ... ok
portable	Default feature contract	2026-10-02T16:54:01.5763247Z test script_lint::tests::known_call_lint_restores_engine_optimization_after_parse_failure ... ok
portable	Default feature contract	2026-10-02T16:54:01.5801481Z test style::tests::script_builds_extended_layout_paint_and_typography ... ok
portable	Default feature contract	2026-10-02T16:54:01.5857576Z test style::tests::script_builds_typed_styles ... ok
portable	Default feature contract	2026-10-02T16:54:01.5915577Z test style::tests::script_layout_values_separate_auto_and_signed_offsets_from_lengths ... ok
portable	Default feature contract	2026-10-02T16:54:01.5965272Z test style::tests::script_selects_uniform_border_style ... ok
portable	Default feature contract	2026-10-02T16:54:01.5995261Z test style::tests::script_uses_validated_symbolic_typography_roles ... ok
portable	Default feature contract	2026-10-02T16:54:01.6021645Z test style::tests::strict_color_literals_share_one_typed_value_path ... ok
portable	Default feature contract	2026-10-02T16:54:01.6050989Z test table_layout::tests::flexible_minima_are_frozen_without_losing_weighted_allocation ... ok
portable	Default feature contract	2026-10-02T16:54:01.6065720Z test table_layout::tests::mixed_minimum_and_maximum_constraints_do_not_freeze_the_wrong_column ... ok
portable	Default feature contract	2026-10-02T16:54:01.6067115Z test table_layout::tests::unused_viewport_and_extreme_weights_remain_finite ... ok
portable	Default feature contract	2026-10-02T16:54:01.6068229Z test table_layout::tests::viewport_is_the_only_percentage_and_flex_basis ... ok
portable	Default feature contract	2026-10-02T16:54:01.6069374Z test text_area::tests::config_rejects_controlled_values_over_grapheme_limit ... ok
portable	Default feature contract	2026-10-02T16:54:01.6070946Z test text_area::tests::visual_line_layout_maps_positions_and_selection ... ok
portable	Default feature contract	2026-10-02T16:54:01.6072021Z test text_edit::tests::ime_can_temporarily_exceed_then_clamps_only_marked_text ... ok
portable	Default feature contract	2026-10-02T16:54:01.6073398Z test text_edit::tests::ime_composition_is_one_revision_and_external_control_resets_history ... ok
portable	Default feature contract	2026-10-02T16:54:01.6074812Z test text_edit::tests::max_length_counts_extended_graphemes_and_credits_selection ... ok
portable	Default feature contract	2026-10-02T16:54:01.6075946Z test text_edit::tests::oversized_paste_truncates_at_grapheme_boundary ... ok
portable	Default feature contract	2026-10-02T16:54:01.6076927Z test text_edit::tests::physical_line_boundaries_are_stable ... ok
portable	Default feature contract	2026-10-02T16:54:01.6077914Z test text_edit::tests::undo_redo_coalesces_typing_and_restores_selection ... ok
portable	Default feature contract	2026-10-02T16:54:01.6078932Z test text_edit::tests::utf16_offsets_never_split_extended_graphemes ... ok
portable	Default feature contract	2026-10-02T16:54:01.6080022Z test text_input::tests::grapheme_navigation_does_not_split_emoji_or_combining_text ... ok
portable	Default feature contract	2026-10-02T16:54:01.6081213Z test text_input::tests::horizontal_scroll_keeps_the_active_cursor_inside_the_viewport ... ok
portable	Default feature contract	2026-10-02T16:54:01.6082323Z test text_input::tests::marked_text_replacement_tracks_ime_range ... ok
portable	Default feature contract	2026-10-02T16:54:01.6083325Z test text_input::tests::utf16_round_trip_supports_cjk_and_surrogate_pairs ... ok
portable	Default feature contract	2026-10-02T16:54:01.6084470Z test theme::tests::document_palette_defaults_preserve_explicit_theme_tuning ... ok
portable	Default feature contract	2026-10-02T16:54:01.6085841Z test theme::tests::host_token_overrides_are_partial_merged_and_validated ... ok
portable	Default feature contract	2026-10-02T16:54:01.6086983Z test style::tests::weighted_flex_grow_is_validated_overloaded_and_merges_as_one_property ... ok
portable	Default feature contract	2026-10-02T16:54:01.6088044Z test theme::tests::missing_semantic_token_is_rejected ... ok
portable	Default feature contract	2026-10-02T16:54:01.6089000Z test theme::tests::invalid_host_token_override_rejects_the_candidate_theme ... ok
portable	Default feature contract	2026-10-02T16:54:01.6090049Z test theme::tests::namespaced_typed_tokens_validate_and_resolve_colors ... ok
portable	Default feature contract	2026-10-02T16:54:01.6091242Z test theme::tests::replacing_a_variant_preserves_identity_and_advances_generation ... ok
portable	Default feature contract	2026-10-02T16:54:01.6092291Z test theme::tests::scope_precedes_window_and_app_preferences ... ok
portable	Default feature contract	2026-10-02T16:54:01.6093397Z test theme::tests::semantic_motion_tokens_default_validate_and_reject_invalid_physics ... ok
portable	Default feature contract	2026-10-02T16:54:01.6095794Z test theme::tests::semantic_spacing_and_radius_lengths_resolve_without_recursion ... ok
portable	Default feature contract	2026-10-02T16:54:01.6116578Z test theme::tests::switching_theme_only_advances_theme_generation ... ok
portable	Default feature contract	2026-10-02T16:54:01.6128647Z test theme::tests::typography_roles_are_required_validated_and_resolved ... ok
portable	Default feature contract	2026-10-02T16:54:01.6137461Z test timer::tests::changing_signature_restarts_and_removal_cleans_scope ... ok
portable	Default feature contract	2026-10-02T16:54:01.6148135Z test timer::tests::reconcile_preserves_deadline_pause_and_one_shot_completion ... ok
portable	Default feature contract	2026-10-02T16:54:01.6155120Z test theme::tests::rhai_theme_source_is_typed_and_validated ... ok
portable	Default feature contract	2026-10-02T16:54:01.6157112Z test timer::tests::view_resume_does_not_clear_an_explicit_pause ... ok
portable	Default feature contract	2026-10-02T16:54:01.6158974Z test value::tests::bounded_paths_read_and_replace_existing_nested_values ... ok
portable	Default feature contract	2026-10-02T16:54:01.6160931Z test value::tests::keyed_item_paths_survive_array_reorder ... ok
portable	Default feature contract	2026-10-02T16:54:01.6163001Z test value::tests::nested_values_round_trip ... ok
portable	Default feature contract	2026-10-02T16:54:01.6163965Z test value::tests::non_finite_numbers_are_rejected_from_rhai_and_serialization ... ok
portable	Default feature contract	2026-10-02T16:54:01.6165242Z test value::tests::ui_nodes_cannot_cross_capability_boundary ... ok
portable	Default feature contract	2026-10-02T16:54:01.6166412Z test virtual_list::tests::variable_height_measurements_survive_reorder_and_tail_alignment ... ok
portable	Default feature contract	2026-10-02T16:54:01.6178735Z test virtual_list::tests::virtual_collection_metrics_track_frame_scroll_requests_and_rollback ... ok
portable	Default feature contract	2026-10-02T16:54:01.6187997Z test virtual_list_element::tests::frame_target_does_not_fill_the_gap_to_an_offscreen_focused_item ... ok
portable	Default feature contract	2026-10-02T16:54:01.6207625Z test virtual_list_element::tests::frame_target_prunes_items_outside_the_current_halo ... ok
portable	Default feature contract	2026-10-02T16:54:01.6218168Z test virtual_list_element::tests::frame_target_retains_cached_overdraw_without_oscillation ... ok
portable	Default feature contract	2026-10-02T16:54:01.6226988Z test virtual_list_element::tests::initial_reveal_keeps_estimated_visible_predecessors ... ok
portable	Default feature contract	2026-10-02T16:54:01.6236734Z test virtual_list_element::tests::sticky_sections_select_the_latest_header_and_push_before_the_next ... ok
portable	Default feature contract	2026-10-02T16:54:01.6257353Z test window::tests::commands_validate_identity_lifecycle_and_duplicates ... ok
portable	Default feature contract	2026-10-02T16:54:01.6259889Z test window::tests::embedded_view_policy_rejects_window_commands_at_call_site ... ok
portable	Default feature contract	2026-10-02T16:54:01.6286491Z test window::tests::invalid_window_specs_never_reserve_an_id ... ok
portable	Default feature contract	2026-10-02T16:54:01.6307295Z test window::tests::queued_origin_and_target_keep_their_registration_identity ... ok
portable	Default feature contract	2026-10-02T16:54:01.6309898Z test window::tests::revocation_releases_only_its_queued_open_and_host_origin_is_explicit ... ok
portable	Default feature contract	2026-10-02T16:54:01.6434455Z test virtual_list::tests::variable_height_window_is_bounded_and_measurement_preserves_anchor ... ok
portable	Default feature contract	2026-10-02T16:54:01.9921754Z test document::tests::public_launch_language_pack_resolves_every_declared_language ... ok
portable	Default feature contract	2026-10-02T16:54:02.0832712Z test node::tests::all_rhai_key_entries_share_normalization_and_exact_limits ... ok
portable	Default feature contract	2026-10-02T16:54:02.0833466Z 
portable	Default feature contract	2026-10-02T16:54:02.0833934Z test result: ok. 473 passed; 0 failed; 0 ignored; 0 measured; 0 filtered out; finished in 5.36s
portable	Default feature contract	2026-10-02T16:54:02.0834469Z 
portable	Performance structure tests	﻿2026-10-02T16:54:02.1035728Z ##[group]Run cargo test --manifest-path tests/performance/Cargo.toml --locked
portable	Performance structure tests	2026-10-02T16:54:02.1036284Z ^[[36;1mcargo test --manifest-path tests/performance/Cargo.toml --locked^[[0m
portable	Performance structure tests	2026-10-02T16:54:02.1104948Z shell: /usr/bin/bash -e {0}
portable	Performance structure tests	2026-10-02T16:54:02.1105217Z env:
portable	Performance structure tests	2026-10-02T16:54:02.1105427Z   CARGO_HOME: /home/runner/.cargo
portable	Performance structure tests	2026-10-02T16:54:02.1105696Z   CARGO_INCREMENTAL: 0
portable	Performance structure tests	2026-10-02T16:54:02.1105918Z   CARGO_TERM_COLOR: always
portable	Performance structure tests	2026-10-02T16:54:02.1106142Z ##[endgroup]
portable	Performance structure tests	2026-10-02T16:54:02.1957997Z ^[[1m^[[92m    Updating^[[0m crates.io index
portable	Performance structure tests	2026-10-02T16:54:02.4492671Z ^[[1m^[[92m Downloading^[[0m crates ...
portable	Performance structure tests	2026-10-02T16:54:02.6293683Z ^[[1m^[[92m  Downloaded^[[0m clap_lex v1.1.1
portable	Performance structure tests	2026-10-02T16:54:02.6334474Z ^[[1m^[[92m  Downloaded^[[0m bytemuck_derive v1.12.0
portable	Performance structure tests	2026-10-02T16:54:02.6352662Z ^[[1m^[[92m  Downloaded^[[0m value-bag-serde1 v1.14.1
portable	Performance structure tests	2026-10-02T16:54:02.6368797Z ^[[1m^[[92m  Downloaded^[[0m sval_serde v2.22.0
portable	Performance structure tests	2026-10-02T16:54:02.6384116Z ^[[1m^[[92m  Downloaded^[[0m unarray v0.1.4
portable	Performance structure tests	2026-10-02T16:54:02.6400539Z ^[[1m^[[92m  Downloaded^[[0m sval_dynamic v2.22.0
portable	Performance structure tests	2026-10-02T16:54:02.6412755Z ^[[1m^[[92m  Downloaded^[[0m quick-error v1.2.3
portable	Performance structure tests	2026-10-02T16:54:02.6428919Z ^[[1m^[[92m  Downloaded^[[0m font-types v0.12.4
portable	Performance structure tests	2026-10-02T16:54:02.6448974Z ^[[1m^[[92m  Downloaded^[[0m clap_derive v4.6.7
portable	Performance structure tests	2026-10-02T16:54:02.6479799Z ^[[1m^[[92m  Downloaded^[[0m wait-timeout v0.2.1
portable	Performance structure tests	2026-10-02T16:54:02.6499748Z ^[[1m^[[92m  Downloaded^[[0m sval_buffer v2.22.0
portable	Performance structure tests	2026-10-02T16:54:02.6527987Z ^[[1m^[[92m  Downloaded^[[0m value-bag-sval2 v1.14.1
portable	Performance structure tests	2026-10-02T16:54:02.6538653Z ^[[1m^[[92m  Downloaded^[[0m sval_json v2.22.0
portable	Performance structure tests	2026-10-02T16:54:02.6555347Z ^[[1m^[[92m  Downloaded^[[0m rusty-fork v0.3.1
portable	Performance structure tests	2026-10-02T16:54:02.6577382Z ^[[1m^[[92m  Downloaded^[[0m value-bag v1.14.1
portable	Performance structure tests	2026-10-02T16:54:02.6613065Z ^[[1m^[[92m  Downloaded^[[0m open v5.4.2
portable	Performance structure tests	2026-10-02T16:54:02.6635172Z ^[[1m^[[92m  Downloaded^[[0m miniz_oxide v0.9.1
portable	Performance structure tests	2026-10-02T16:54:02.6663821Z ^[[1m^[[92m  Downloaded^[[0m clap_builder v4.6.7
portable	Performance structure tests	2026-10-02T16:54:02.6731542Z ^[[1m^[[92m  Downloaded^[[0m smallvec v1.16.0
portable	Performance structure tests	2026-10-02T16:54:02.6746533Z ^[[1m^[[92m  Downloaded^[[0m proptest-macro v0.5.0
portable	Performance structure tests	2026-10-02T16:54:02.6773365Z ^[[1m^[[92m  Downloaded^[[0m proptest v1.11.0
portable	Performance structure tests	2026-10-02T16:54:02.6875127Z ^[[1m^[[92m  Downloaded^[[0m lyon_tessellation v1.0.21
portable	Performance structure tests	2026-10-02T16:54:02.6912640Z ^[[1m^[[92m  Downloaded^[[0m indexmap v2.14.1
portable	Performance structure tests	2026-10-02T16:54:02.6957392Z ^[[1m^[[92m  Downloaded^[[0m zlib-rs v0.6.7
portable	Performance structure tests	2026-10-02T16:54:02.7014967Z ^[[1m^[[92m  Downloaded^[[0m sval v2.22.0
portable	Performance structure tests	2026-10-02T16:54:02.7050172Z ^[[1m^[[92m  Downloaded^[[0m clap v4.6.7
portable	Performance structure tests	2026-10-02T16:54:02.7151626Z ^[[1m^[[92m  Downloaded^[[0m flate2 v1.1.10
portable	Performance structure tests	2026-10-02T16:54:02.7202345Z ^[[1m^[[92m  Downloaded^[[0m sval_ref v2.22.0
portable	Performance structure tests	2026-10-02T16:54:02.7211791Z ^[[1m^[[92m  Downloaded^[[0m sval_nested v2.22.0
portable	Performance structure tests	2026-10-02T16:54:02.7225237Z ^[[1m^[[92m  Downloaded^[[0m sval_fmt v2.22.0
portable	Performance structure tests	2026-10-02T16:54:02.7238290Z ^[[1m^[[92m  Downloaded^[[0m lyon_algorithms v1.0.21
portable	Performance structure tests	2026-10-02T16:54:02.7255530Z ^[[1m^[[92m  Downloaded^[[0m rand_xorshift v0.4.0
portable	Performance structure tests	2026-10-02T16:54:02.7266675Z ^[[1m^[[92m  Downloaded^[[0m convert_case v0.11.0
portable	Performance structure tests	2026-10-02T16:54:02.8572058Z ^[[1m^[[92m   Compiling^[[0m proc-macro2 v1.0.107
portable	Performance structure tests	2026-10-02T16:54:02.8572706Z ^[[1m^[[92m   Compiling^[[0m unicode-ident v1.0.24
portable	Performance structure tests	2026-10-02T16:54:02.8575394Z ^[[1m^[[92m   Compiling^[[0m quote v1.0.47
portable	Performance structure tests	2026-10-02T16:54:02.8576258Z ^[[1m^[[92m   Compiling^[[0m serde_core v1.0.229
portable	Performance structure tests	2026-10-02T16:54:02.9277123Z ^[[1m^[[92m   Compiling^[[0m cfg-if v1.0.4
portable	Performance structure tests	2026-10-02T16:54:02.9591714Z ^[[1m^[[92m   Compiling^[[0m serde v1.0.229
portable	Performance structure tests	2026-10-02T16:54:03.0154908Z ^[[1m^[[92m   Compiling^[[0m libc v0.2.189
portable	Performance structure tests	2026-10-02T16:54:03.1428108Z ^[[1m^[[92m   Compiling^[[0m typeid v1.0.3
portable	Performance structure tests	2026-10-02T16:54:03.3089200Z ^[[1m^[[92m   Compiling^[[0m autocfg v1.5.1
portable	Performance structure tests	2026-10-02T16:54:03.8425631Z ^[[1m^[[92m   Compiling^[[0m syn v3.0.4
portable	Performance structure tests	2026-10-02T16:54:03.8545673Z ^[[1m^[[92m   Compiling^[[0m syn v2.0.119
portable	Performance structure tests	2026-10-02T16:54:04.1768137Z ^[[1m^[[92m   Compiling^[[0m erased-serde v0.4.10
portable	Performance structure tests	2026-10-02T16:54:04.3206046Z ^[[1m^[[92m   Compiling^[[0m bitflags v2.13.1
portable	Performance structure tests	2026-10-02T16:54:04.5486351Z ^[[1m^[[92m   Compiling^[[0m libm v0.2.16
portable	Performance structure tests	2026-10-02T16:54:04.7326644Z ^[[1m^[[92m   Compiling^[[0m portable-atomic v1.15.0
portable	Performance structure tests	2026-10-02T16:54:05.2326164Z ^[[1m^[[92m   Compiling^[[0m serde_fmt v1.1.0
portable	Performance structure tests	2026-10-02T16:54:05.8086333Z ^[[1m^[[92m   Compiling^[[0m value-bag-serde1 v1.14.1
portable	Performance structure tests	2026-10-02T16:54:05.8376142Z ^[[1m^[[92m   Compiling^[[0m value-bag v1.14.1
portable	Performance structure tests	2026-10-02T16:54:06.2336192Z ^[[1m^[[92m   Compiling^[[0m log v0.4.34
portable	Performance structure tests	2026-10-02T16:54:06.5559479Z ^[[1m^[[92m   Compiling^[[0m equivalent v1.0.2
portable	Performance structure tests	2026-10-02T16:54:06.5985923Z ^[[1m^[[92m   Compiling^[[0m hashbrown v0.17.1
portable	Performance structure tests	2026-10-02T16:54:06.6176258Z ^[[1m^[[92m   Compiling^[[0m once_cell v1.21.4
portable	Performance structure tests	2026-10-02T16:54:06.7546765Z ^[[1m^[[92m   Compiling^[[0m version_check v0.9.5
portable	Performance structure tests	2026-10-02T16:54:06.9866357Z ^[[1m^[[92m   Compiling^[[0m num-traits v0.2.19
portable	Performance structure tests	2026-10-02T16:54:07.0814395Z ^[[1m^[[92m   Compiling^[[0m pin-project-lite v0.2.17
portable	Performance structure tests	2026-10-02T16:54:07.1156441Z ^[[1m^[[92m   Compiling^[[0m indexmap v2.14.1
portable	Performance structure tests	2026-10-02T16:54:07.1835955Z ^[[1m^[[92m   Compiling^[[0m memchr v2.8.3
portable	Performance structure tests	2026-10-02T16:54:07.8866131Z ^[[1m^[[92m   Compiling^[[0m rustix v1.1.4
portable	Performance structure tests	2026-10-02T16:54:08.1796267Z ^[[1m^[[92m   Compiling^[[0m linux-raw-sys v0.12.1
portable	Performance structure tests	2026-10-02T16:54:08.3366545Z ^[[1m^[[92m   Compiling^[[0m futures-core v0.3.34
portable	Performance structure tests	2026-10-02T16:54:08.4196034Z ^[[1m^[[92m   Compiling^[[0m crossbeam-utils v0.8.22
portable	Performance structure tests	2026-10-02T16:54:08.5173111Z ^[[1m^[[92m   Compiling^[[0m serde_derive v1.0.229
portable	Performance structure tests	2026-10-02T16:54:08.5726048Z ^[[1m^[[92m   Compiling^[[0m bytemuck_derive v1.12.0
portable	Performance structure tests	2026-10-02T16:54:09.2626650Z ^[[1m^[[92m   Compiling^[[0m futures-io v0.3.34
portable	Performance structure tests	2026-10-02T16:54:09.3745950Z ^[[1m^[[92m   Compiling^[[0m winnow v1.0.4
portable	Performance structure tests	2026-10-02T16:54:09.5896098Z ^[[1m^[[92m   Compiling^[[0m bytemuck v1.25.2
portable	Performance structure tests	2026-10-02T16:54:09.7936733Z ^[[1m^[[92m   Compiling^[[0m fastrand v2.5.0
portable	Performance structure tests	2026-10-02T16:54:09.9426066Z ^[[1m^[[92m   Compiling^[[0m parking v2.2.1
portable	Performance structure tests	2026-10-02T16:54:10.0366212Z ^[[1m^[[92m   Compiling^[[0m pkg-config v0.3.34
portable	Performance structure tests	2026-10-02T16:54:10.4776195Z ^[[1m^[[92m   Compiling^[[0m toml_parser v1.1.3+spec-1.1.0
portable	Performance structure tests	2026-10-02T16:54:10.5546243Z ^[[1m^[[92m   Compiling^[[0m toml_datetime v1.1.1+spec-1.1.0
portable	Performance structure tests	2026-10-02T16:54:10.7236683Z ^[[1m^[[92m   Compiling^[[0m slab v0.4.12
portable	Performance structure tests	2026-10-02T16:54:10.8330915Z ^[[1m^[[92m   Compiling^[[0m toml_edit v0.25.13+spec-1.1.0
portable	Performance structure tests	2026-10-02T16:54:11.0476376Z ^[[1m^[[92m   Compiling^[[0m arrayvec v0.7.8
portable	Performance structure tests	2026-10-02T16:54:11.2026593Z ^[[1m^[[92m   Compiling^[[0m zerocopy v0.8.56
portable	Performance structure tests	2026-10-02T16:54:11.8521343Z ^[[1m^[[92m   Compiling^[[0m smallvec v1.16.0
portable	Performance structure tests	2026-10-02T16:54:11.8987584Z ^[[1m^[[92m   Compiling^[[0m proc-macro-crate v3.5.0
portable	Performance structure tests	2026-10-02T16:54:11.9436560Z ^[[1m^[[92m   Compiling^[[0m zerocopy-derive v0.8.56
portable	Performance structure tests	2026-10-02T16:54:12.0326097Z ^[[1m^[[92m   Compiling^[[0m simd-adler32 v0.3.10
portable	Performance structure tests	2026-10-02T16:54:12.1916722Z ^[[1m^[[92m   Compiling^[[0m enumflags2_derive v0.7.12
portable	Performance structure tests	2026-10-02T16:54:12.3056382Z ^[[1m^[[92m   Compiling^[[0m libloading v0.8.9
portable	Performance structure tests	2026-10-02T16:54:12.4406162Z ^[[1m^[[92m   Compiling^[[0m adler2 v2.0.1
portable	Performance structure tests	2026-10-02T16:54:12.5102129Z ^[[1m^[[92m   Compiling^[[0m zvariant_utils v4.2.0
portable	Performance structure tests	2026-10-02T16:54:12.5846607Z ^[[1m^[[92m   Compiling^[[0m event-listener v5.4.2
portable	Performance structure tests	2026-10-02T16:54:12.7636043Z ^[[1m^[[92m   Compiling^[[0m futures-lite v2.6.1
portable	Performance structure tests	2026-10-02T16:54:13.4546536Z ^[[1m^[[92m   Compiling^[[0m concurrent-queue v2.5.0
portable	Performance structure tests	2026-10-02T16:54:13.5826669Z ^[[1m^[[92m   Compiling^[[0m event-listener-strategy v0.5.4
portable	Performance structure tests	2026-10-02T16:54:13.6546480Z ^[[1m^[[92m   Compiling^[[0m synstructure v0.13.2
portable	Performance structure tests	2026-10-02T16:54:13.8226120Z ^[[1m^[[92m   Compiling^[[0m zvariant_derive v5.15.0
portable	Performance structure tests	2026-10-02T16:54:13.9606010Z ^[[1m^[[92m   Compiling^[[0m getrandom v0.4.3
portable	Performance structure tests	2026-10-02T16:54:14.0676511Z ^[[1m^[[92m   Compiling^[[0m endi v1.1.1
portable	Performance structure tests	2026-10-02T16:54:14.0966218Z ^[[1m^[[92m   Compiling^[[0m tracing-core v0.1.36
portable	Performance structure tests	2026-10-02T16:54:14.1586626Z ^[[1m^[[92m   Compiling^[[0m async-task v4.7.1
portable	Performance structure tests	2026-10-02T16:54:14.1667337Z ^[[1m^[[92m   Compiling^[[0m find-msvc-tools v0.1.11
portable	Performance structure tests	2026-10-02T16:54:14.3096135Z ^[[1m^[[92m   Compiling^[[0m crc32fast v1.5.1
portable	Performance structure tests	2026-10-02T16:54:14.3336049Z ^[[1m^[[92m   Compiling^[[0m stable_deref_trait v1.2.1
portable	Performance structure tests	2026-10-02T16:54:14.3705681Z ^[[1m^[[92m   Compiling^[[0m shlex v2.0.1
portable	Performance structure tests	2026-10-02T16:54:14.4804343Z ^[[1m^[[92m   Compiling^[[0m cc v1.4.4
portable	Performance structure tests	2026-10-02T16:54:14.4875632Z ^[[1m^[[92m   Compiling^[[0m zerofrom-derive v0.1.7
portable	Performance structure tests	2026-10-02T16:54:14.7986024Z ^[[1m^[[92m   Compiling^[[0m dlib v0.5.3
portable	Performance structure tests	2026-10-02T16:54:15.0146109Z ^[[1m^[[92m   Compiling^[[0m yoke-derive v0.8.2
portable	Performance structure tests	2026-10-02T16:54:15.5248519Z ^[[1m^[[92m   Compiling^[[0m zerofrom v0.1.8
portable	Performance structure tests	2026-10-02T16:54:15.5967900Z ^[[1m^[[92m   Compiling^[[0m async-channel v2.5.0
portable	Performance structure tests	2026-10-02T16:54:15.7245930Z ^[[1m^[[92m   Compiling^[[0m polling v3.11.0
portable	Performance structure tests	2026-10-02T16:54:15.8727351Z ^[[1m^[[92m   Compiling^[[0m miniz_oxide v0.9.1
portable	Performance structure tests	2026-10-02T16:54:15.9216002Z ^[[1m^[[92m   Compiling^[[0m wayland-sys v0.31.11
portable	Performance structure tests	2026-10-02T16:54:15.9436824Z ^[[1m^[[92m   Compiling^[[0m tracing-attributes v0.1.31
portable	Performance structure tests	2026-10-02T16:54:16.0316163Z ^[[1m^[[92m   Compiling^[[0m generic-array v0.14.7
portable	Performance structure tests	2026-10-02T16:54:16.1606109Z ^[[1m^[[92m   Compiling^[[0m yoke v0.8.3
portable	Performance structure tests	2026-10-02T16:54:16.2886579Z ^[[1m^[[92m   Compiling^[[0m flate2 v1.1.10
portable	Performance structure tests	2026-10-02T16:54:16.5556096Z ^[[1m^[[92m   Compiling^[[0m enumflags2 v0.7.12
portable	Performance structure tests	2026-10-02T16:54:16.6546146Z ^[[1m^[[92m   Compiling^[[0m zcheapstr v1.1.0
portable	Performance structure tests	2026-10-02T16:54:16.6876499Z ^[[1m^[[92m   Compiling^[[0m async-io v2.6.0
portable	Performance structure tests	2026-10-02T16:54:16.7608642Z ^[[1m^[[92m   Compiling^[[0m getrandom v0.3.4
portable	Performance structure tests	2026-10-02T16:54:16.7817021Z ^[[1m^[[92m   Compiling^[[0m siphasher v1.0.3
portable	Performance structure tests	2026-10-02T16:54:16.9157505Z ^[[1m^[[92m   Compiling^[[0m typenum v1.20.1
portable	Performance structure tests	2026-10-02T16:54:16.9430532Z ^[[1m^[[92m   Compiling^[[0m cfg_aliases v0.2.2
portable	Performance structure tests	2026-10-02T16:54:16.9821217Z ^[[1m^[[92m   Compiling^[[0m zvariant v5.15.0
portable	Performance structure tests	2026-10-02T16:54:17.0193708Z ^[[1m^[[92m   Compiling^[[0m tracing v0.1.44
portable	Performance structure tests	2026-10-02T16:54:17.2316068Z ^[[1m^[[92m   Compiling^[[0m zerovec-derive v0.11.6
portable	Performance structure tests	2026-10-02T16:54:18.0550194Z ^[[1m^[[92m   Compiling^[[0m sha1_smol v1.0.1
portable	Performance structure tests	2026-10-02T16:54:18.1894009Z ^[[1m^[[92m   Compiling^[[0m scopeguard v1.2.0
portable	Performance structure tests	2026-10-02T16:54:18.1985726Z ^[[1m^[[92m   Compiling^[[0m atomic-waker v1.1.2
portable	Performance structure tests	2026-10-02T16:54:18.2297834Z ^[[1m^[[92m   Compiling^[[0m piper v0.2.5
portable	Performance structure tests	2026-10-02T16:54:18.2486821Z ^[[1m^[[92m   Compiling^[[0m lock_api v0.4.14
portable	Performance structure tests	2026-10-02T16:54:18.3795903Z ^[[1m^[[92m   Compiling^[[0m zerovec v0.11.8
portable	Performance structure tests	2026-10-02T16:54:18.4084060Z ^[[1m^[[92m   Compiling^[[0m uuid v1.26.0
portable	Performance structure tests	2026-10-02T16:54:19.2456053Z ^[[1m^[[92m   Compiling^[[0m displaydoc v0.2.7
portable	Performance structure tests	2026-10-02T16:54:19.6176282Z ^[[1m^[[92m   Compiling^[[0m zbus_names v4.3.4
portable	Performance structure tests	2026-10-02T16:54:19.6666153Z ^[[1m^[[92m   Compiling^[[0m core_maths v0.1.1
portable	Performance structure tests	2026-10-02T16:54:19.7135959Z ^[[1m^[[92m   Compiling^[[0m serde_bytes v0.11.19
portable	Performance structure tests	2026-10-02T16:54:19.8036073Z ^[[1m^[[92m   Compiling^[[0m errno v0.3.14
portable	Performance structure tests	2026-10-02T16:54:19.8766885Z ^[[1m^[[92m   Compiling^[[0m futures-sink v0.3.34
portable	Performance structure tests	2026-10-02T16:54:19.8825421Z ^[[1m^[[92m   Compiling^[[0m itoa v1.0.18
portable	Performance structure tests	2026-10-02T16:54:19.9266355Z ^[[1m^[[92m   Compiling^[[0m anyhow v1.0.104
portable	Performance structure tests	2026-10-02T16:54:19.9936140Z ^[[1m^[[92m   Compiling^[[0m signal-hook-registry v1.4.8
portable	Performance structure tests	2026-10-02T16:54:20.2736201Z ^[[1m^[[92m   Compiling^[[0m blocking v1.7.0
portable	Performance structure tests	2026-10-02T16:54:20.2856033Z ^[[1m^[[92m   Compiling^[[0m async-lock v3.4.2
portable	Performance structure tests	2026-10-02T16:54:20.5126200Z ^[[1m^[[92m   Compiling^[[0m parking_lot_core v0.9.12
portable	Performance structure tests	2026-10-02T16:54:20.6316091Z ^[[1m^[[92m   Compiling^[[0m thiserror v2.0.20
portable	Performance structure tests	2026-10-02T16:54:20.8267089Z ^[[1m^[[92m   Compiling^[[0m allocator-api2 v0.2.21
portable	Performance structure tests	2026-10-02T16:54:21.0956178Z ^[[1m^[[92m   Compiling^[[0m foldhash v0.2.0
portable	Performance structure tests	2026-10-02T16:54:21.1966552Z ^[[1m^[[92m   Compiling^[[0m zmij v1.0.23
portable	Performance structure tests	2026-10-02T16:54:21.3715799Z ^[[1m^[[92m   Compiling^[[0m hashbrown v0.16.1
portable	Performance structure tests	2026-10-02T16:54:21.8006204Z ^[[1m^[[92m   Compiling^[[0m async-signal v0.2.14
portable	Performance structure tests	2026-10-02T16:54:21.9106516Z ^[[1m^[[92m   Compiling^[[0m futures-channel v0.3.34
portable	Performance structure tests	2026-10-02T16:54:21.9398383Z ^[[1m^[[92m   Compiling^[[0m half v2.7.1
portable	Performance structure tests	2026-10-02T16:54:22.0806218Z ^[[1m^[[92m   Compiling^[[0m miniz_oxide v0.8.9
portable	Performance structure tests	2026-10-02T16:54:22.3516262Z ^[[1m^[[92m   Compiling^[[0m thiserror-impl v2.0.20
portable	Performance structure tests	2026-10-02T16:54:22.7586125Z ^[[1m^[[92m   Compiling^[[0m futures-macro v0.3.34
portable	Performance structure tests	2026-10-02T16:54:22.8936861Z ^[[1m^[[92m   Compiling^[[0m slotmap v1.1.1
portable	Performance structure tests	2026-10-02T16:54:22.9899254Z ^[[1m^[[92m   Compiling^[[0m static_assertions v1.1.0
portable	Performance structure tests	2026-10-02T16:54:23.0276168Z ^[[1m^[[92m   Compiling^[[0m unicode-segmentation v1.13.3
portable	Performance structure tests	2026-10-02T16:54:23.3895829Z ^[[1m^[[92m   Compiling^[[0m futures-task v0.3.34
portable	Performance structure tests	2026-10-02T16:54:23.4706159Z ^[[1m^[[92m   Compiling^[[0m futures-util v0.3.34
portable	Performance structure tests	2026-10-02T16:54:23.5336193Z ^[[1m^[[92m   Compiling^[[0m async-process v2.5.0
portable	Performance structure tests	2026-10-02T16:54:24.0235871Z ^[[1m^[[92m   Compiling^[[0m tinystr v0.8.4
portable	Performance structure tests	2026-10-02T16:54:24.1596173Z ^[[1m^[[92m   Compiling^[[0m crypto-common v0.1.7
portable	Performance structure tests	2026-10-02T16:54:24.2176433Z ^[[1m^[[92m   Compiling^[[0m wayland-backend v0.3.17
portable	Performance structure tests	2026-10-02T16:54:24.2245998Z ^[[1m^[[92m   Compiling^[[0m async-executor v1.14.0
portable	Performance structure tests	2026-10-02T16:54:24.3076114Z ^[[1m^[[92m   Compiling^[[0m litemap v0.8.3
portable	Performance structure tests	2026-10-02T16:54:24.3326076Z ^[[1m^[[92m   Compiling^[[0m crossbeam-epoch v0.9.20
portable	Performance structure tests	2026-10-02T16:54:24.4516133Z ^[[1m^[[92m   Compiling^[[0m writeable v0.6.4
portable	Performance structure tests	2026-10-02T16:54:24.4585900Z ^[[1m^[[92m   Compiling^[[0m rustc-hash v2.1.3
portable	Performance structure tests	2026-10-02T16:54:24.5468417Z ^[[1m^[[92m   Compiling^[[0m parking_lot v0.12.5
portable	Performance structure tests	2026-10-02T16:54:24.6100186Z ^[[1m^[[92m   Compiling^[[0m icu_locale_core v2.3.0
portable	Performance structure tests	2026-10-02T16:54:25.3239385Z ^[[1m^[[92m   Compiling^[[0m gpui-pre-util v0.3.7
portable	Performance structure tests	2026-10-02T16:54:25.4793137Z ^[[1m^[[92m   Compiling^[[0m zbus_macros v5.19.0
portable	Performance structure tests	2026-10-02T16:54:25.6296043Z ^[[1m^[[92m   Compiling^[[0m zerotrie v0.2.5
portable	Performance structure tests	2026-10-02T16:54:25.6556710Z ^[[1m^[[92m   Compiling^[[0m ttf-parser v0.25.1
portable	Performance structure tests	2026-10-02T16:54:25.8603673Z ^[[1m^[[92m   Compiling^[[0m rand_core v0.9.5
portable	Performance structure tests	2026-10-02T16:54:26.0106829Z ^[[1m^[[92m   Compiling^[[0m potential_utf v0.1.6
portable	Performance structure tests	2026-10-02T16:54:26.0506589Z ^[[1m^[[92m   Compiling^[[0m async-broadcast v0.7.2
portable	Performance structure tests	2026-10-02T16:54:26.1006172Z ^[[1m^[[92m   Compiling^[[0m async-recursion v1.1.1
portable	Performance structure tests	2026-10-02T16:54:26.2106191Z ^[[1m^[[92m   Compiling^[[0m async-trait v0.1.92
portable	Performance structure tests	2026-10-02T16:54:26.5056082Z ^[[1m^[[92m   Compiling^[[0m serde_repr v0.1.21
portable	Performance structure tests	2026-10-02T16:54:26.8313488Z ^[[1m^[[92m   Compiling^[[0m ordered-stream v0.2.0
portable	Performance structure tests	2026-10-02T16:54:26.9896413Z ^[[1m^[[92m   Compiling^[[0m quick-xml v0.41.0
portable	Performance structure tests	2026-10-02T16:54:27.0866496Z ^[[1m^[[92m   Compiling^[[0m memmap2 v0.9.11
portable	Performance structure tests	2026-10-02T16:54:27.2496477Z ^[[1m^[[92m   Compiling^[[0m crossbeam-deque v0.8.7
portable	Performance structure tests	2026-10-02T16:54:27.3826458Z ^[[1m^[[92m   Compiling^[[0m utf8_iter v1.0.4
portable	Performance structure tests	2026-10-02T16:54:27.4616577Z ^[[1m^[[92m   Compiling^[[0m hex v0.4.3
portable	Performance structure tests	2026-10-02T16:54:27.6646276Z ^[[1m^[[92m   Compiling^[[0m icu_normalizer_data v2.3.0
portable	Performance structure tests	2026-10-02T16:54:27.7596659Z ^[[1m^[[92m   Compiling^[[0m icu_properties_data v2.3.0
portable	Performance structure tests	2026-10-02T16:54:27.8556077Z ^[[1m^[[92m   Compiling^[[0m float-cmp v0.9.0
portable	Performance structure tests	2026-10-02T16:54:27.8746154Z ^[[1m^[[92m   Compiling^[[0m tinyvec_macros v0.1.1
portable	Performance structure tests	2026-10-02T16:54:27.9056631Z ^[[1m^[[92m   Compiling^[[0m downcast-rs v1.2.1
portable	Performance structure tests	2026-10-02T16:54:27.9306707Z ^[[1m^[[92m   Compiling^[[0m scoped-tls v1.0.1
portable	Performance structure tests	2026-10-02T16:54:27.9471914Z ^[[1m^[[92m   Compiling^[[0m wayland-client v0.31.15
portable	Performance structure tests	2026-10-02T16:54:27.9739707Z ^[[1m^[[92m   Compiling^[[0m roxmltree v0.20.0
portable	Performance structure tests	2026-10-02T16:54:27.9765964Z ^[[1m^[[92m   Compiling^[[0m zbus v5.19.0
portable	Performance structure tests	2026-10-02T16:54:28.3995499Z ^[[1m^[[92m   Compiling^[[0m fontconfig-parser v0.5.8
portable	Performance structure tests	2026-10-02T16:54:28.7476466Z ^[[1m^[[92m   Compiling^[[0m strict-num v0.1.1
portable	Performance structure tests	2026-10-02T16:54:28.8396362Z ^[[1m^[[92m   Compiling^[[0m tinyvec v1.12.0
portable	Performance structure tests	2026-10-02T16:54:29.1374301Z ^[[1m^[[92m   Compiling^[[0m wayland-scanner v0.31.11
portable	Performance structure tests	2026-10-02T16:54:29.1566142Z ^[[1m^[[92m   Compiling^[[0m icu_collections v2.3.0
portable	Performance structure tests	2026-10-02T16:54:29.5492789Z ^[[1m^[[92m   Compiling^[[0m icu_provider v2.3.1
portable	Performance structure tests	2026-10-02T16:54:29.8266532Z ^[[1m^[[92m   Compiling^[[0m naga v29.0.4
portable	Performance structure tests	2026-10-02T16:54:29.9466422Z ^[[1m^[[92m   Compiling^[[0m ppv-lite86 v0.2.21
portable	Performance structure tests	2026-10-02T16:54:30.0355624Z ^[[1m^[[92m   Compiling^[[0m fdeflate v0.3.7
portable	Performance structure tests	2026-10-02T16:54:30.4402067Z ^[[1m^[[92m   Compiling^[[0m euclid v0.22.14
portable	Performance structure tests	2026-10-02T16:54:30.7050302Z ^[[1m^[[92m   Compiling^[[0m unicode-width v0.2.2
portable	Performance structure tests	2026-10-02T16:54:30.7231402Z ^[[1m^[[92m   Compiling^[[0m serde_json v1.0.151
portable	Performance structure tests	2026-10-02T16:54:30.8090468Z ^[[1m^[[92m   Compiling^[[0m bit-vec v0.9.1
portable	Performance structure tests	2026-10-02T16:54:31.0101479Z ^[[1m^[[92m   Compiling^[[0m raw-window-handle v0.6.2
portable	Performance structure tests	2026-10-02T16:54:31.0516799Z ^[[1m^[[92m   Compiling^[[0m arrayref v0.3.9
portable	Performance structure tests	2026-10-02T16:54:31.1642791Z ^[[1m^[[92m   Compiling^[[0m rayon-core v1.13.0
portable	Performance structure tests	2026-10-02T16:54:31.2516134Z ^[[1m^[[92m   Compiling^[[0m crunchy v0.2.4
portable	Performance structure tests	2026-10-02T16:54:31.3106515Z ^[[1m^[[92m   Compiling^[[0m ash v0.38.0+1.3.281
portable	Performance structure tests	2026-10-02T16:54:31.3879264Z ^[[1m^[[92m   Compiling^[[0m unicode-script v0.5.8
portable	Performance structure tests	2026-10-02T16:54:31.6662908Z ^[[1m^[[92m   Compiling^[[0m tiny-skia-path v0.11.4
portable	Performance structure tests	2026-10-02T16:54:31.6745575Z ^[[1m^[[92m   Compiling^[[0m bit-set v0.9.1
portable	Performance structure tests	2026-10-02T16:54:31.7567201Z ^[[1m^[[92m   Compiling^[[0m codespan-reporting v0.13.1
portable	Performance structure tests	2026-10-02T16:54:31.7696597Z ^[[1m^[[92m   Compiling^[[0m rand_chacha v0.9.0
portable	Performance structure tests	2026-10-02T16:54:32.4076423Z ^[[1m^[[92m   Compiling^[[0m fontdb v0.23.0
portable	Performance structure tests	2026-10-02T16:54:32.4937436Z ^[[1m^[[92m   Compiling^[[0m zbus_xml v5.2.1
portable	Performance structure tests	2026-10-02T16:54:33.0056166Z ^[[1m^[[92m   Compiling^[[0m block-buffer v0.10.4
portable	Performance structure tests	2026-10-02T16:54:33.0786021Z ^[[1m^[[92m   Compiling^[[0m num-complex v0.4.6
portable	Performance structure tests	2026-10-02T16:54:33.4526060Z ^[[1m^[[92m   Compiling^[[0m profiling-procmacros v1.0.18
portable	Performance structure tests	2026-10-02T16:54:33.6366101Z ^[[1m^[[92m   Compiling^[[0m spirv v0.4.0+sdk-1.4.341.0
portable	Performance structure tests	2026-10-02T16:54:33.7246086Z ^[[1m^[[92m   Compiling^[[0m rustc-hash v1.1.0
portable	Performance structure tests	2026-10-02T16:54:33.7626797Z ^[[1m^[[92m   Compiling^[[0m subtle v2.6.1
portable	Performance structure tests	2026-10-02T16:54:33.8696098Z ^[[1m^[[92m   Compiling^[[0m unicode-ccc v0.4.0
portable	Performance structure tests	2026-10-02T16:54:33.9285895Z ^[[1m^[[92m   Compiling^[[0m foldhash v0.1.5
portable	Performance structure tests	2026-10-02T16:54:34.0326405Z ^[[1m^[[92m   Compiling^[[0m semver v1.0.28
portable	Performance structure tests	2026-10-02T16:54:34.1686118Z ^[[1m^[[92m   Compiling^[[0m unicode-bidi v0.3.18
portable	Performance structure tests	2026-10-02T16:54:34.2607471Z ^[[1m^[[92m   Compiling^[[0m heck v0.5.0
portable	Performance structure tests	2026-10-02T16:54:34.4176018Z ^[[1m^[[92m   Compiling^[[0m tiny-keccak v2.0.2
portable	Performance structure tests	2026-10-02T16:54:34.5046076Z ^[[1m^[[92m   Compiling^[[0m paste v1.0.15
portable	Performance structure tests	2026-10-02T16:54:34.6522110Z ^[[1m^[[92m   Compiling^[[0m regex-syntax v0.8.11
portable	Performance structure tests	2026-10-02T16:54:34.7536225Z ^[[1m^[[92m   Compiling^[[0m unicode-properties v0.1.4
portable	Performance structure tests	2026-10-02T16:54:34.8776160Z ^[[1m^[[92m   Compiling^[[0m hexf-parse v0.2.1
portable	Performance structure tests	2026-10-02T16:54:34.9616416Z ^[[1m^[[92m   Compiling^[[0m khronos-egl v6.0.0
portable	Performance structure tests	2026-10-02T16:54:35.0466145Z ^[[1m^[[92m   Compiling^[[0m unicode-bidi-mirroring v0.4.0
portable	Performance structure tests	2026-10-02T16:54:35.0976315Z ^[[1m^[[92m   Compiling^[[0m iana-time-zone v0.1.65
portable	Performance structure tests	2026-10-02T16:54:35.2886593Z ^[[1m^[[92m   Compiling^[[0m lazy_static v1.5.0
portable	Performance structure tests	2026-10-02T16:54:35.3346365Z ^[[1m^[[92m   Compiling^[[0m chrono v0.4.45
portable	Performance structure tests	2026-10-02T16:54:35.5856637Z ^[[1m^[[92m   Compiling^[[0m rustybuzz v0.20.1
portable	Performance structure tests	2026-10-02T16:54:37.5706229Z ^[[1m^[[92m   Compiling^[[0m rustc_version v0.4.1
portable	Performance structure tests	2026-10-02T16:54:37.7786374Z ^[[1m^[[92m   Compiling^[[0m hashbrown v0.15.5
portable	Performance structure tests	2026-10-02T16:54:38.2545024Z ^[[1m^[[92m   Compiling^[[0m digest v0.10.7
portable	Performance structure tests	2026-10-02T16:54:38.4121017Z ^[[1m^[[92m   Compiling^[[0m profiling v1.0.18
portable	Performance structure tests	2026-10-02T16:54:38.4506117Z ^[[1m^[[92m   Compiling^[[0m zbus-lockstep v0.5.2
portable	Performance structure tests	2026-10-02T16:54:38.5906685Z ^[[1m^[[92m   Compiling^[[0m icu_properties v2.3.0
portable	Performance structure tests	2026-10-02T16:54:38.8616219Z ^[[1m^[[92m   Compiling^[[0m icu_normalizer v2.3.0
portable	Performance structure tests	2026-10-02T16:54:39.8715942Z ^[[1m^[[92m   Compiling^[[0m rand v0.9.5
portable	Performance structure tests	2026-10-02T16:54:40.4497324Z ^[[1m^[[92m   Compiling^[[0m lyon_geom v1.0.19
portable	Performance structure tests	2026-10-02T16:54:41.6158578Z ^[[1m^[[92m   Compiling^[[0m wgpu-types v29.0.4
portable	Performance structure tests	2026-10-02T16:54:41.7337242Z ^[[1m^[[92m   Compiling^[[0m futures-executor v0.3.34
portable	Performance structure tests	2026-10-02T16:54:43.2446028Z ^[[1m^[[92m   Compiling^[[0m wgpu-hal v29.0.4
portable	Performance structure tests	2026-10-02T16:54:43.4836011Z ^[[1m^[[92m   Compiling^[[0m polycool v0.4.0
portable	Performance structure tests	2026-10-02T16:54:43.8276014Z ^[[1m^[[92m   Compiling^[[0m zeroize_derive v1.5.0
portable	Performance structure tests	2026-10-02T16:54:44.0556641Z ^[[1m^[[92m   Compiling^[[0m enumn v0.1.14
portable	Performance structure tests	2026-10-02T16:54:44.2766069Z ^[[1m^[[92m   Compiling^[[0m num-integer v0.1.47
portable	Performance structure tests	2026-10-02T16:54:44.3099562Z ^[[1m^[[92m   Compiling^[[0m aho-corasick v1.1.5
portable	Performance structure tests	2026-10-02T16:54:44.5866503Z ^[[1m^[[92m   Compiling^[[0m pulp v0.22.3
portable	Performance structure tests	2026-10-02T16:54:44.7796104Z ^[[1m^[[92m   Compiling^[[0m simplecss v0.2.2
portable	Performance structure tests	2026-10-02T16:54:45.2476093Z ^[[1m^[[92m   Compiling^[[0m gpu-descriptor-types v0.2.0
portable	Performance structure tests	2026-10-02T16:54:45.4086023Z ^[[1m^[[92m   Compiling^[[0m pico-args v0.5.0
portable	Performance structure tests	2026-10-02T16:54:45.5726040Z ^[[1m^[[92m   Compiling^[[0m xmlwriter v0.1.0
portable	Performance structure tests	2026-10-02T16:54:45.8586091Z ^[[1m^[[92m   Compiling^[[0m bitflags v1.3.2
portable	Performance structure tests	2026-10-02T16:54:45.8945998Z ^[[1m^[[92m   Compiling^[[0m byteorder v1.5.0
portable	Performance structure tests	2026-10-02T16:54:46.1066725Z ^[[1m^[[92m   Compiling^[[0m thiserror v1.0.69
portable	Performance structure tests	2026-10-02T16:54:46.2825981Z ^[[1m^[[92m   Compiling^[[0m quick-error v2.0.1
portable	Performance structure tests	2026-10-02T16:54:46.3276055Z ^[[1m^[[92m   Compiling^[[0m bit-vec v0.8.0
portable	Performance structure tests	2026-10-02T16:54:46.5065969Z ^[[1m^[[92m   Compiling^[[0m base64 v0.22.1
portable	Performance structure tests	2026-10-02T16:54:46.7416070Z ^[[1m^[[92m   Compiling^[[0m libbz2-rs-sys v0.2.5
portable	Performance structure tests	2026-10-02T16:54:46.7806511Z ^[[1m^[[92m   Compiling^[[0m presser v0.3.1
portable	Performance structure tests	2026-10-02T16:54:46.8536646Z ^[[1m^[[92m   Compiling^[[0m weezl v0.1.12
portable	Performance structure tests	2026-10-02T16:54:47.2836771Z ^[[1m^[[92m   Compiling^[[0m percent-encoding v2.3.2
portable	Performance structure tests	2026-10-02T16:54:47.4072411Z ^[[1m^[[92m   Compiling^[[0m unicode-vo v0.1.0
portable	Performance structure tests	2026-10-02T16:54:47.4787096Z ^[[1m^[[92m   Compiling^[[0m object v0.37.3
portable	Performance structure tests	2026-10-02T16:54:47.5093354Z ^[[1m^[[92m   Compiling^[[0m either v1.18.0
portable	Performance structure tests	2026-10-02T16:54:47.6196146Z ^[[1m^[[92m   Compiling^[[0m data-url v0.3.2
portable	Performance structure tests	2026-10-02T16:54:47.6866119Z ^[[1m^[[92m   Compiling^[[0m zune-core v0.5.3
portable	Performance structure tests	2026-10-02T16:54:47.8946570Z ^[[1m^[[92m   Compiling^[[0m ref-cast v1.0.27
portable	Performance structure tests	2026-10-02T16:54:47.9085776Z ^[[1m^[[92m   Compiling^[[0m zune-jpeg v0.5.15
portable	Performance structure tests	2026-10-02T16:54:48.1346530Z ^[[1m^[[92m   Compiling^[[0m form_urlencoded v1.2.2
portable	Performance structure tests	2026-10-02T16:54:48.2536413Z ^[[1m^[[92m   Compiling^[[0m bzip2 v0.6.1
portable	Performance structure tests	2026-10-02T16:54:48.4046587Z ^[[1m^[[92m   Compiling^[[0m bit-set v0.8.0
portable	Performance structure tests	2026-10-02T16:54:48.5496111Z ^[[1m^[[92m   Compiling^[[0m png v0.17.16
portable	Performance structure tests	2026-10-02T16:54:48.8936008Z ^[[1m^[[92m   Compiling^[[0m wgpu-naga-bridge v29.0.4
portable	Performance structure tests	2026-10-02T16:54:48.9756115Z ^[[1m^[[92m   Compiling^[[0m gpu-descriptor v0.3.2
portable	Performance structure tests	2026-10-02T16:54:49.1346344Z ^[[1m^[[92m   Compiling^[[0m regex-automata v0.4.18
portable	Performance structure tests	2026-10-02T16:54:49.6636092Z ^[[1m^[[92m   Compiling^[[0m accesskit v0.24.1
portable	Performance structure tests	2026-10-02T16:54:50.1005789Z ^[[1m^[[92m   Compiling^[[0m zeroize v1.9.0
portable	Performance structure tests	2026-10-02T16:54:50.2065999Z ^[[1m^[[92m   Compiling^[[0m kurbo v0.13.1
portable	Performance structure tests	2026-10-02T16:54:51.7616162Z ^[[1m^[[92m   Compiling^[[0m gpu-allocator v0.28.0
portable	Performance structure tests	2026-10-02T16:54:52.4921599Z ^[[1m^[[92m   Compiling^[[0m futures v0.3.34
portable	Performance structure tests	2026-10-02T16:54:52.4982092Z ^[[1m^[[92m   Compiling^[[0m getrandom v0.2.17
portable	Performance structure tests	2026-10-02T16:54:52.5307024Z ^[[1m^[[92m   Compiling^[[0m lyon_path v1.0.19
portable	Performance structure tests	2026-10-02T16:54:52.7476680Z ^[[1m^[[92m   Compiling^[[0m idna_adapter v1.2.2
portable	Performance structure tests	2026-10-02T16:54:52.8186149Z ^[[1m^[[92m   Compiling^[[0m zbus-lockstep-macros v0.5.2
portable	Performance structure tests	2026-10-02T16:54:53.0196133Z ^[[1m^[[92m   Compiling^[[0m pathfinder_simd v0.5.6
portable	Performance structure tests	2026-10-02T16:54:53.3046662Z ^[[1m^[[92m   Compiling^[[0m sharded-slab v0.1.7
portable	Performance structure tests	2026-10-02T16:54:53.4796718Z ^[[1m^[[92m   Compiling^[[0m gpui-pre-collections v0.3.7
portable	Performance structure tests	2026-10-02T16:54:53.4981626Z ^[[1m^[[92m   Compiling^[[0m convert_case v0.10.0
portable	Performance structure tests	2026-10-02T16:54:53.5406657Z ^[[1m^[[92m   Compiling^[[0m block-padding v0.3.3
portable	Performance structure tests	2026-10-02T16:54:53.6066573Z ^[[1m^[[92m   Compiling^[[0m phf_shared v0.13.1
portable	Performance structure tests	2026-10-02T16:54:53.7074213Z ^[[1m^[[92m   Compiling^[[0m freetype-sys v0.20.1
portable	Performance structure tests	2026-10-02T16:54:53.7567849Z ^[[1m^[[92m   Compiling^[[0m tracing-log v0.2.0
portable	Performance structure tests	2026-10-02T16:54:53.7717169Z ^[[1m^[[92m   Compiling^[[0m yeslogic-fontconfig-sys v6.0.1
portable	Performance structure tests	2026-10-02T16:54:53.8316276Z ^[[1m^[[92m   Compiling^[[0m font-types v0.11.3
portable	Performance structure tests	2026-10-02T16:54:53.8776169Z ^[[1m^[[92m   Compiling^[[0m font-types v0.12.4
portable	Performance structure tests	2026-10-02T16:54:53.9326011Z ^[[1m^[[92m   Compiling^[[0m pin-project-internal v1.1.13
portable	Performance structure tests	2026-10-02T16:54:54.1556616Z ^[[1m^[[92m   Compiling^[[0m thiserror-impl v1.0.69
portable	Performance structure tests	2026-10-02T16:54:54.2126130Z ^[[1m^[[92m   Compiling^[[0m ref-cast-impl v1.0.27
portable	Performance structure tests	2026-10-02T16:54:54.5636142Z ^[[1m^[[92m   Compiling^[[0m ordered-float v5.5.0
portable	Performance structure tests	2026-10-02T16:54:54.7845990Z ^[[1m^[[92m   Compiling^[[0m serde_derive_internals v0.30.0
portable	Performance structure tests	2026-10-02T16:54:54.8356147Z ^[[1m^[[92m   Compiling^[[0m raw-cpuid v11.6.0
portable	Performance structure tests	2026-10-02T16:54:55.1766173Z ^[[1m^[[92m   Compiling^[[0m thread_local v1.1.10
portable	Performance structure tests	2026-10-02T16:54:55.2110630Z ^[[1m^[[92m   Compiling^[[0m heapless v0.9.3
portable	Performance structure tests	2026-10-02T16:54:55.3846712Z ^[[1m^[[92m   Compiling^[[0m fnv v1.0.7
portable	Performance structure tests	2026-10-02T16:54:55.4296117Z ^[[1m^[[92m   Compiling^[[0m color_quant v1.1.0
portable	Performance structure tests	2026-10-02T16:54:55.4556183Z ^[[1m^[[92m   Compiling^[[0m gpui-pre-ztracing v0.3.7
portable	Performance structure tests	2026-10-02T16:54:55.5593328Z ^[[1m^[[92m   Compiling^[[0m glow v0.17.0
portable	Performance structure tests	2026-10-02T16:54:55.6216600Z ^[[1m^[[92m   Compiling^[[0m byteorder-lite v0.1.0
portable	Performance structure tests	2026-10-02T16:54:55.6346564Z ^[[1m^[[92m   Compiling^[[0m bytes v1.12.1
portable	Performance structure tests	2026-10-02T16:54:55.8259107Z ^[[1m^[[92m   Compiling^[[0m reborrow v0.5.5
portable	Performance structure tests	2026-10-02T16:54:55.8746267Z ^[[1m^[[92m   Compiling^[[0m pulp-wasm-simd-flag v0.1.1
portable	Performance structure tests	2026-10-02T16:54:55.9106124Z ^[[1m^[[92m   Compiling^[[0m gimli v0.32.3
portable	Performance structure tests	2026-10-02T16:54:56.2496739Z ^[[1m^[[92m   Compiling^[[0m unicode-xid v0.2.6
portable	Performance structure tests	2026-10-02T16:54:56.3086244Z ^[[1m^[[92m   Compiling^[[0m nu-ansi-term v0.50.3
portable	Performance structure tests	2026-10-02T16:54:56.5766933Z ^[[1m^[[92m   Compiling^[[0m renderdoc-sys v1.1.0
portable	Performance structure tests	2026-10-02T16:54:56.6506420Z ^[[1m^[[92m   Compiling^[[0m compression-core v0.4.32
portable	Performance structure tests	2026-10-02T16:54:56.9676169Z ^[[1m^[[92m   Compiling^[[0m compression-codecs v0.4.38
portable	Performance structure tests	2026-10-02T16:54:57.1696086Z ^[[1m^[[92m   Compiling^[[0m tracing-subscriber v0.3.23
portable	Performance structure tests	2026-10-02T16:54:58.1413110Z ^[[1m^[[92m   Compiling^[[0m addr2line v0.25.1
portable	Performance structure tests	2026-10-02T16:54:58.4296196Z ^[[1m^[[92m   Compiling^[[0m derive_more-impl v2.1.1
portable	Performance structure tests	2026-10-02T16:54:58.8656074Z ^[[1m^[[92m   Compiling^[[0m http v1.5.0
portable	Performance structure tests	2026-10-02T16:54:59.9035899Z ^[[1m^[[92m   Compiling^[[0m image-webp v0.2.4
portable	Performance structure tests	2026-10-02T16:55:00.5076240Z ^[[1m^[[92m   Compiling^[[0m const-random-macro v0.1.16
portable	Performance structure tests	2026-10-02T16:55:00.6967095Z ^[[1m^[[92m   Compiling^[[0m schemars_derive v1.2.2
portable	Performance structure tests	2026-10-02T16:55:01.3342725Z ^[[1m^[[92m   Compiling^[[0m gif v0.14.2
portable	Performance structure tests	2026-10-02T16:55:01.4116152Z ^[[1m^[[92m   Compiling^[[0m phf_generator v0.13.1
portable	Performance structure tests	2026-10-02T16:55:01.6046167Z ^[[1m^[[92m   Compiling^[[0m pin-project v1.1.13
portable	Performance structure tests	2026-10-02T16:55:01.6926140Z ^[[1m^[[92m   Compiling^[[0m read-fonts v0.41.0
portable	Performance structure tests	2026-10-02T16:55:02.0696159Z ^[[1m^[[92m   Compiling^[[0m read-fonts v0.37.0
portable	Performance structure tests	2026-10-02T16:55:02.1329391Z ^[[1m^[[92m   Compiling^[[0m inout v0.1.4
portable	Performance structure tests	2026-10-02T16:55:02.2066545Z ^[[1m^[[92m   Compiling^[[0m gpui-pre-zlog v0.3.7
portable	Performance structure tests	2026-10-02T16:55:02.8806545Z ^[[1m^[[92m   Compiling^[[0m atspi-common v0.13.0
portable	Performance structure tests	2026-10-02T16:55:04.3206448Z ^[[1m^[[92m   Compiling^[[0m idna v1.1.0
portable	Performance structure tests	2026-10-02T16:55:05.1354321Z ^[[1m^[[92m   Compiling^[[0m svgtypes v0.16.1
portable	Performance structure tests	2026-10-02T16:55:05.7565886Z ^[[1m^[[92m   Compiling^[[0m tiny-skia v0.11.4
portable	Performance structure tests	2026-10-02T16:55:09.2336350Z ^[[1m^[[92m   Compiling^[[0m rayon v1.12.0
portable	Performance structure tests	2026-10-02T16:55:11.4206297Z ^[[1m^[[92m   Compiling^[[0m hash32 v0.3.1
portable	Performance structure tests	2026-10-02T16:55:11.5016411Z ^[[1m^[[92m   Compiling^[[0m wayland-protocols v0.32.13
portable	Performance structure tests	2026-10-02T16:55:11.7526891Z ^[[1m^[[92m   Compiling^[[0m convert_case v0.11.0
portable	Performance structure tests	2026-10-02T16:55:11.9525108Z ^[[1m^[[92m   Compiling^[[0m spin v0.9.9
portable	Performance structure tests	2026-10-02T16:55:11.9960000Z ^[[1m^[[92m   Compiling^[[0m wgpu-core v29.0.4
portable	Performance structure tests	2026-10-02T16:55:12.0889614Z ^[[1m^[[92m   Compiling^[[0m tempfile v3.27.0
portable	Performance structure tests	2026-10-02T16:55:12.2306126Z ^[[1m^[[92m   Compiling^[[0m zune-inflate v0.2.54
portable	Performance structure tests	2026-10-02T16:55:12.4666542Z ^[[1m^[[92m   Compiling^[[0m rgb v0.8.53
portable	Performance structure tests	2026-10-02T16:55:12.4726059Z ^[[1m^[[92m   Compiling^[[0m roxmltree v0.21.1
portable	Performance structure tests	2026-10-02T16:55:12.5186553Z ^[[1m^[[92m   Compiling^[[0m ahash v0.8.12
portable	Performance structure tests	2026-10-02T16:55:12.6256098Z ^[[1m^[[92m   Compiling^[[0m wait-timeout v0.2.1
portable	Performance structure tests	2026-10-02T16:55:12.7506538Z ^[[1m^[[92m   Compiling^[[0m lebe v0.5.3
portable	Performance structure tests	2026-10-02T16:55:12.8676281Z ^[[1m^[[92m   Compiling^[[0m gpui-pre-ztracing-macro v0.3.7
portable	Performance structure tests	2026-10-02T16:55:12.8829144Z ^[[1m^[[92m   Compiling^[[0m dyn-clone v1.0.20
portable	Performance structure tests	2026-10-02T16:55:12.9563793Z ^[[1m^[[92m   Compiling^[[0m xcursor v0.3.11
portable	Performance structure tests	2026-10-02T16:55:12.9885891Z ^[[1m^[[92m   Compiling^[[0m rustc-demangle v0.1.28
portable	Performance structure tests	2026-10-02T16:55:13.3111327Z ^[[1m^[[92m   Compiling^[[0m option-ext v0.2.0
portable	Performance structure tests	2026-10-02T16:55:13.3195924Z ^[[1m^[[92m   Compiling^[[0m ryu v1.0.23
portable	Performance structure tests	2026-10-02T16:55:13.3526201Z ^[[1m^[[92m   Compiling^[[0m float_next_after v1.0.0
portable	Performance structure tests	2026-10-02T16:55:13.3956685Z ^[[1m^[[92m   Compiling^[[0m same-file v1.0.6
portable	Performance structure tests	2026-10-02T16:55:13.4167047Z ^[[1m^[[92m   Compiling^[[0m imagesize v0.14.0
portable	Performance structure tests	2026-10-02T16:55:13.4389018Z ^[[1m^[[92m   Compiling^[[0m as-raw-xcb-connection v1.0.1
portable	Performance structure tests	2026-10-02T16:55:13.4826564Z ^[[1m^[[92m   Compiling^[[0m litrs v1.0.0
portable	Performance structure tests	2026-10-02T16:55:13.5001121Z ^[[1m^[[92m   Compiling^[[0m pxfm v0.1.30
portable	Performance structure tests	2026-10-02T16:55:13.8356076Z ^[[1m^[[92m   Compiling^[[0m quick-error v1.2.3
portable	Performance structure tests	2026-10-02T16:55:13.8846117Z ^[[1m^[[92m   Compiling^[[0m bit_field v0.10.3
portable	Performance structure tests	2026-10-02T16:55:13.9007445Z ^[[1m^[[92m   Compiling^[[0m smol_str v0.3.6
portable	Performance structure tests	2026-10-02T16:55:13.9715944Z ^[[1m^[[92m   Compiling^[[0m fax v0.2.7
portable	Performance structure tests	2026-10-02T16:55:14.0836075Z ^[[1m^[[92m   Compiling^[[0m exr v1.74.2
portable	Performance structure tests	2026-10-02T16:55:14.1945986Z ^[[1m^[[92m   Compiling^[[0m tiff v0.11.3
portable	Performance structure tests	2026-10-02T16:55:16.0135944Z ^[[1m^[[92m   Compiling^[[0m moxcms v0.8.1
portable	Performance structure tests	2026-10-02T16:55:17.3806435Z ^[[1m^[[92m   Compiling^[[0m document-features v0.2.12
portable	Performance structure tests	2026-10-02T16:55:17.7706086Z ^[[1m^[[92m   Compiling^[[0m rusty-fork v0.3.1
portable	Performance structure tests	2026-10-02T16:55:18.1056038Z ^[[1m^[[92m   Compiling^[[0m usvg v0.46.0
portable	Performance structure tests	2026-10-02T16:55:18.5201613Z ^[[1m^[[92m   Compiling^[[0m walkdir v2.5.0
portable	Performance structure tests	2026-10-02T16:55:18.8176687Z ^[[1m^[[92m   Compiling^[[0m serde_urlencoded v0.7.1
portable	Performance structure tests	2026-10-02T16:55:19.0036116Z ^[[1m^[[92m   Compiling^[[0m lyon_tessellation v1.0.21
portable	Performance structure tests	2026-10-02T16:55:19.2276894Z ^[[1m^[[92m   Compiling^[[0m dirs-sys v0.4.1
portable	Performance structure tests	2026-10-02T16:55:19.4736171Z ^[[1m^[[92m   Compiling^[[0m backtrace v0.3.76
portable	Performance structure tests	2026-10-02T16:55:20.0061953Z ^[[1m^[[92m   Compiling^[[0m schemars v1.2.2
portable	Performance structure tests	2026-10-02T16:55:21.2146118Z ^[[1m^[[92m   Compiling^[[0m flume v0.12.0
portable	Performance structure tests	2026-10-02T16:55:21.4346025Z ^[[1m^[[92m   Compiling^[[0m proptest-macro v0.5.0
portable	Performance structure tests	2026-10-02T16:55:21.7426606Z ^[[1m^[[92m   Compiling^[[0m gpui-pre-perf v0.3.7
portable	Performance structure tests	2026-10-02T16:55:21.9305884Z ^[[1m^[[92m   Compiling^[[0m skrifa v0.44.0
portable	Performance structure tests	2026-10-02T16:55:22.0456048Z ^[[1m^[[92m   Compiling^[[0m url v2.5.8
portable	Performance structure tests	2026-10-02T16:55:22.9286168Z ^[[1m^[[92m   Compiling^[[0m cipher v0.4.4
portable	Performance structure tests	2026-10-02T16:55:22.9936407Z ^[[1m^[[92m   Compiling^[[0m phf_macros v0.13.1
portable	Performance structure tests	2026-10-02T16:55:23.1116209Z ^[[1m^[[92m   Compiling^[[0m derive_more v2.1.1
portable	Performance structure tests	2026-10-02T16:55:23.1816111Z ^[[1m^[[92m   Compiling^[[0m const-random v0.1.18
portable	Performance structure tests	2026-10-02T16:55:23.2156434Z ^[[1m^[[92m   Compiling^[[0m wgpu-core-deps-windows-linux-android v29.0.4
portable	Performance structure tests	2026-10-02T16:55:23.2476151Z ^[[1m^[[92m   Compiling^[[0m http-body v1.1.0
portable	Performance structure tests	2026-10-02T16:55:23.3286000Z ^[[1m^[[92m   Compiling^[[0m async-compression v0.4.43
portable	Performance structure tests	2026-10-02T16:55:23.5776158Z ^[[1m^[[92m   Compiling^[[0m lyon_algorithms v1.0.21
portable	Performance structure tests	2026-10-02T16:55:23.5976666Z ^[[1m^[[92m   Compiling^[[0m num-bigint v0.4.8
portable	Performance structure tests	2026-10-02T16:55:24.0345952Z ^[[1m^[[92m   Compiling^[[0m num-iter v0.1.46
portable	Performance structure tests	2026-10-02T16:55:24.0986078Z ^[[1m^[[92m   Compiling^[[0m hmac v0.12.1
portable	Performance structure tests	2026-10-02T16:55:24.1716658Z ^[[1m^[[92m   Compiling^[[0m strum_macros v0.28.0
portable	Performance structure tests	2026-10-02T16:55:25.1096643Z ^[[1m^[[92m   Compiling^[[0m png v0.18.1
portable	Performance structure tests	2026-10-02T16:55:25.1385395Z ^[[1m^[[92m   Compiling^[[0m rand_xorshift v0.4.0
portable	Performance structure tests	2026-10-02T16:55:25.2136612Z ^[[1m^[[92m   Compiling^[[0m wgpu v29.0.4
portable	Performance structure tests	2026-10-02T16:55:25.7826407Z ^[[1m^[[92m   Compiling^[[0m gethostname v1.1.0
portable	Performance structure tests	2026-10-02T16:55:25.8365957Z ^[[1m^[[92m   Compiling^[[0m qoi v0.4.1
portable	Performance structure tests	2026-10-02T16:55:25.9676223Z ^[[1m^[[92m   Compiling^[[0m crossbeam-queue v0.3.13
portable	Performance structure tests	2026-10-02T16:55:25.9896744Z ^[[1m^[[92m   Compiling^[[0m gpui-pre-derive-refineable v0.3.7
portable	Performance structure tests	2026-10-02T16:55:26.0717926Z ^[[1m^[[92m   Compiling^[[0m xim-parser v0.2.2
portable	Performance structure tests	2026-10-02T16:55:26.1614013Z ^[[1m^[[92m   Compiling^[[0m num-bigint-dig v0.9.1
portable	Performance structure tests	2026-10-02T16:55:26.2586324Z ^[[1m^[[92m   Compiling^[[0m zeno v0.3.3
portable	Performance structure tests	2026-10-02T16:55:26.3842599Z ^[[1m^[[92m   Compiling^[[0m web-time v1.1.0
portable	Performance structure tests	2026-10-02T16:55:26.4216618Z ^[[1m^[[92m   Compiling^[[0m atomic v0.5.3
portable	Performance structure tests	2026-10-02T16:55:26.4726695Z ^[[1m^[[92m   Compiling^[[0m linktime-proc-macro v0.2.3
portable	Performance structure tests	2026-10-02T16:55:26.5407064Z ^[[1m^[[92m   Compiling^[[0m zed-font-kit v0.14.1-zed
portable	Performance structure tests	2026-10-02T16:55:26.6426078Z ^[[1m^[[92m   Compiling^[[0m svg_fmt v0.4.5
portable	Performance structure tests	2026-10-02T16:55:26.8133959Z ^[[1m^[[92m   Compiling^[[0m x11rb-protocol v0.13.2
portable	Performance structure tests	2026-10-02T16:55:26.8238582Z ^[[1m^[[92m   Compiling^[[0m fixedbitset v0.5.7
portable	Performance structure tests	2026-10-02T16:55:27.0506574Z ^[[1m^[[92m   Compiling^[[0m gpui-pre v0.3.7
portable	Performance structure tests	2026-10-02T16:55:27.0756470Z ^[[1m^[[92m   Compiling^[[0m pollster v0.2.5
portable	Performance structure tests	2026-10-02T16:55:27.1441447Z ^[[1m^[[92m   Compiling^[[0m yazi v0.2.1
portable	Performance structure tests	2026-10-02T16:55:27.1506125Z ^[[1m^[[92m   Compiling^[[0m unarray v0.1.4
portable	Performance structure tests	2026-10-02T16:55:27.1961750Z ^[[1m^[[92m   Compiling^[[0m link-section v0.19.3
portable	Performance structure tests	2026-10-02T16:55:27.2025652Z ^[[1m^[[92m   Compiling^[[0m cpufeatures v0.2.17
portable	Performance structure tests	2026-10-02T16:55:27.2346192Z ^[[1m^[[92m   Compiling^[[0m proptest v1.11.0
portable	Performance structure tests	2026-10-02T16:55:27.4076060Z ^[[1m^[[92m   Compiling^[[0m ctor v1.0.13
portable	Performance structure tests	2026-10-02T16:55:27.5025976Z ^[[1m^[[92m   Compiling^[[0m swash v0.2.10
portable	Performance structure tests	2026-10-02T16:55:27.6336164Z ^[[1m^[[92m   Compiling^[[0m postage v0.5.0
portable	Performance structure tests	2026-10-02T16:55:28.0926126Z ^[[1m^[[92m   Compiling^[[0m futures-concurrency v7.7.1
portable	Performance structure tests	2026-10-02T16:55:31.5896492Z ^[[1m^[[92m   Compiling^[[0m etagere v0.2.15
portable	Performance structure tests	2026-10-02T16:55:31.8176099Z ^[[1m^[[92m   Compiling^[[0m gpui-pre-refineable v0.3.7
portable	Performance structure tests	2026-10-02T16:55:31.8695843Z ^[[1m^[[92m   Compiling^[[0m gpui-pre-scheduler v0.3.7
portable	Performance structure tests	2026-10-02T16:55:32.3876027Z ^[[1m^[[92m   Compiling^[[0m image v0.25.10
portable	Performance structure tests	2026-10-02T16:55:32.9466301Z ^[[1m^[[92m   Compiling^[[0m strum v0.28.0
portable	Performance structure tests	2026-10-02T16:55:32.9658907Z ^[[1m^[[92m   Compiling^[[0m phf v0.13.1
portable	Performance structure tests	2026-10-02T16:55:33.0166248Z ^[[1m^[[92m   Compiling^[[0m num-rational v0.4.2
portable	Performance structure tests	2026-10-02T16:55:33.0676190Z ^[[1m^[[92m   Compiling^[[0m lyon v1.0.19
portable	Performance structure tests	2026-10-02T16:55:33.1018837Z ^[[1m^[[92m   Compiling^[[0m gpui-pre-http-client v0.3.7
portable	Performance structure tests	2026-10-02T16:55:34.0096622Z ^[[1m^[[92m   Compiling^[[0m pathfinder_geometry v0.5.1
portable	Performance structure tests	2026-10-02T16:55:34.1666018Z ^[[1m^[[92m   Compiling^[[0m gpui-pre-sum-tree v0.3.7
portable	Performance structure tests	2026-10-02T16:55:34.5006382Z ^[[1m^[[92m   Compiling^[[0m gpui-pre-util-macros v0.3.7
portable	Performance structure tests	2026-10-02T16:55:34.7806200Z ^[[1m^[[92m   Compiling^[[0m gpui-pre-shared-string v0.3.7
portable	Performance structure tests	2026-10-02T16:55:34.8676145Z ^[[1m^[[92m   Compiling^[[0m resvg v0.46.0
portable	Performance structure tests	2026-10-02T16:55:36.5025960Z ^[[1m^[[92m   Compiling^[[0m x11rb v0.13.2
portable	Performance structure tests	2026-10-02T16:55:38.6206070Z ^[[1m^[[92m   Compiling^[[0m dirs v5.0.1
portable	Performance structure tests	2026-10-02T16:55:38.6806108Z ^[[1m^[[92m   Compiling^[[0m harfrust v0.5.2
portable	Performance structure tests	2026-10-02T16:55:42.5725782Z ^[[1m^[[92m   Compiling^[[0m skrifa v0.40.0
portable	Performance structure tests	2026-10-02T16:55:43.4645993Z ^[[1m^[[92m   Compiling^[[0m atspi-proxies v0.13.0
portable	Performance structure tests	2026-10-02T16:55:44.3916671Z ^[[1m^[[92m   Compiling^[[0m regex v1.13.1
portable	Performance structure tests	2026-10-02T16:55:44.8226646Z ^[[1m^[[92m   Compiling^[[0m accesskit_consumer v0.38.0
portable	Performance structure tests	2026-10-02T16:55:45.0906742Z ^[[1m^[[92m   Compiling^[[0m itertools v0.14.0
portable	Performance structure tests	2026-10-02T16:55:46.0016277Z ^[[1m^[[92m   Compiling^[[0m gpui-pre-macros v0.3.7
portable	Performance structure tests	2026-10-02T16:55:46.4216257Z ^[[1m^[[92m   Compiling^[[0m taffy v0.13.0
portable	Performance structure tests	2026-10-02T16:55:46.8036788Z ^[[1m^[[92m   Compiling^[[0m async-fs v2.2.0
portable	Performance structure tests	2026-10-02T16:55:47.2996080Z ^[[1m^[[92m   Compiling^[[0m spin v0.10.1
portable	Performance structure tests	2026-10-02T16:55:47.3075936Z ^[[1m^[[92m   Compiling^[[0m is-docker v0.2.0
portable	Performance structure tests	2026-10-02T16:55:47.4186047Z ^[[1m^[[92m   Compiling^[[0m num_cpus v1.17.0
portable	Performance structure tests	2026-10-02T16:55:47.4305833Z ^[[1m^[[92m   Compiling^[[0m encoding_rs v0.8.35
portable	Performance structure tests	2026-10-02T16:55:47.7156562Z ^[[1m^[[92m   Compiling^[[0m self_cell v1.3.0
portable	Performance structure tests	2026-10-02T16:55:47.7516126Z ^[[1m^[[92m   Compiling^[[0m unicode-linebreak v0.1.5
portable	Performance structure tests	2026-10-02T16:55:47.7719186Z ^[[1m^[[92m   Compiling^[[0m seahash v4.1.0
portable	Performance structure tests	2026-10-02T16:55:47.8775908Z ^[[1m^[[92m   Compiling^[[0m pollster v0.4.0
portable	Performance structure tests	2026-10-02T16:55:47.9362035Z ^[[1m^[[92m   Compiling^[[0m sys-locale v0.3.2
portable	Performance structure tests	2026-10-02T16:55:47.9476000Z ^[[1m^[[92m   Compiling^[[0m rangemap v1.8.0
portable	Performance structure tests	2026-10-02T16:55:48.0426304Z ^[[1m^[[92m   Compiling^[[0m linebender_resource_handle v0.1.1
portable	Performance structure tests	2026-10-02T16:55:48.0997840Z ^[[1m^[[92m   Compiling^[[0m inventory v0.3.24
portable	Performance structure tests	2026-10-02T16:55:48.1516917Z ^[[1m^[[92m   Compiling^[[0m float-ord v0.3.2
portable	Performance structure tests	2026-10-02T16:55:48.1590674Z ^[[1m^[[92m   Compiling^[[0m waker-fn v1.2.0
portable	Performance structure tests	2026-10-02T16:55:48.1713470Z ^[[1m^[[92m   Compiling^[[0m cosmic-text v0.19.0
portable	Performance structure tests	2026-10-02T16:55:49.1622720Z ^[[1m^[[92m   Compiling^[[0m xim-ctext v0.3.0
portable	Performance structure tests	2026-10-02T16:55:49.1685794Z ^[[1m^[[92m   Compiling^[[0m is-wsl v0.4.0
portable	Performance structure tests	2026-10-02T16:55:49.2456677Z ^[[1m^[[92m   Compiling^[[0m accesskit_atspi_common v0.19.1
portable	Performance structure tests	2026-10-02T16:55:49.2505463Z ^[[1m^[[92m   Compiling^[[0m atspi v0.29.0
portable	Performance structure tests	2026-10-02T16:55:50.3637131Z ^[[1m^[[92m   Compiling^[[0m num v0.4.3
portable	Performance structure tests	2026-10-02T16:55:51.4096461Z ^[[1m^[[92m   Compiling^[[0m sha2 v0.10.9
portable	Performance structure tests	2026-10-02T16:55:51.7555666Z ^[[1m^[[92m   Compiling^[[0m aes v0.8.4
portable	Performance structure tests	2026-10-02T16:55:52.2886256Z ^[[1m^[[92m   Compiling^[[0m pbkdf2 v0.12.2
portable	Performance structure tests	2026-10-02T16:55:52.3396014Z ^[[1m^[[92m   Compiling^[[0m hkdf v0.12.4
portable	Performance structure tests	2026-10-02T16:55:52.4176008Z ^[[1m^[[92m   Compiling^[[0m cbc v0.1.2
portable	Performance structure tests	2026-10-02T16:55:52.4966116Z ^[[1m^[[92m   Compiling^[[0m ashpd v0.13.13
portable	Performance structure tests	2026-10-02T16:55:52.5306160Z ^[[1m^[[92m   Compiling^[[0m md-5 v0.10.6
portable	Performance structure tests	2026-10-02T16:55:52.6046042Z ^[[1m^[[92m   Compiling^[[0m async-net v2.0.0
portable	Performance structure tests	2026-10-02T16:55:53.1916122Z ^[[1m^[[92m   Compiling^[[0m calloop v0.14.4
portable	Performance structure tests	2026-10-02T16:55:53.2056209Z ^[[1m^[[92m   Compiling^[[0m kurbo v0.11.3
portable	Performance structure tests	2026-10-02T16:55:53.9486183Z ^[[1m^[[92m   Compiling^[[0m smartstring v1.0.1
portable	Performance structure tests	2026-10-02T16:55:54.0566600Z ^[[1m^[[92m   Compiling^[[0m xkeysym v0.2.1
portable	Performance structure tests	2026-10-02T16:55:54.6489891Z ^[[1m^[[92m   Compiling^[[0m hashbrown v0.14.5
portable	Performance structure tests	2026-10-02T16:55:54.6895973Z ^[[1m^[[92m   Compiling^[[0m utf8parse v0.2.2
portable	Performance structure tests	2026-10-02T16:55:54.7405900Z ^[[1m^[[92m   Compiling^[[0m anstyle-parse v1.0.0
portable	Performance structure tests	2026-10-02T16:55:54.8546003Z ^[[1m^[[92m   Compiling^[[0m xkbcommon v0.8.0
portable	Performance structure tests	2026-10-02T16:55:55.1186380Z ^[[1m^[[92m   Compiling^[[0m zed-xim v0.4.0-zed
portable	Performance structure tests	2026-10-02T16:55:55.1393761Z ^[[1m^[[92m   Compiling^[[0m oo7 v0.6.0
portable	Performance structure tests	2026-10-02T16:55:55.3896100Z ^[[1m^[[92m   Compiling^[[0m svgtypes v0.15.3
portable	Performance structure tests	2026-10-02T16:55:55.9936243Z ^[[1m^[[92m   Compiling^[[0m calloop-wayland-source v0.4.1
portable	Performance structure tests	2026-10-02T16:55:56.0065999Z ^[[1m^[[92m   Compiling^[[0m smol v2.0.2
portable	Performance structure tests	2026-10-02T16:55:56.0656143Z ^[[1m^[[92m   Compiling^[[0m accesskit_unix v0.22.1
portable	Performance structure tests	2026-10-02T16:55:56.2759273Z ^[[1m^[[92m   Compiling^[[0m open v5.4.2
portable	Performance structure tests	2026-10-02T16:55:56.4566117Z ^[[1m^[[92m   Compiling^[[0m x11-clipboard v0.9.3
portable	Performance structure tests	2026-10-02T16:55:57.1846217Z ^[[1m^[[92m   Compiling^[[0m wayland-protocols-plasma v0.3.12
portable	Performance structure tests	2026-10-02T16:55:58.5366988Z ^[[1m^[[92m   Compiling^[[0m wayland-protocols-wlr v0.3.12
portable	Performance structure tests	2026-10-02T16:56:00.0436137Z ^[[1m^[[92m   Compiling^[[0m wayland-cursor v0.31.14
portable	Performance structure tests	2026-10-02T16:56:00.2465968Z ^[[1m^[[92m   Compiling^[[0m filedescriptor v0.8.3
portable	Performance structure tests	2026-10-02T16:56:00.3816605Z ^[[1m^[[92m   Compiling^[[0m notify-rust v4.18.0
portable	Performance structure tests	2026-10-02T16:56:00.5796030Z ^[[1m^[[92m   Compiling^[[0m serde_spanned v0.6.9
portable	Performance structure tests	2026-10-02T16:56:00.6504746Z ^[[1m^[[92m   Compiling^[[0m toml_datetime v0.6.11
portable	Performance structure tests	2026-10-02T16:56:00.8556110Z ^[[1m^[[92m   Compiling^[[0m anstyle-query v1.1.5
portable	Performance structure tests	2026-10-02T16:56:00.9001266Z ^[[1m^[[92m   Compiling^[[0m is_terminal_polyfill v1.70.2
portable	Performance structure tests	2026-10-02T16:56:00.9406095Z ^[[1m^[[92m   Compiling^[[0m anstyle v1.0.14
portable	Performance structure tests	2026-10-02T16:56:01.0966103Z ^[[1m^[[92m   Compiling^[[0m toml_write v0.1.2
portable	Performance structure tests	2026-10-02T16:56:01.2326612Z ^[[1m^[[92m   Compiling^[[0m winnow v0.7.15
portable	Performance structure tests	2026-10-02T16:56:02.1325929Z ^[[1m^[[92m   Compiling^[[0m colorchoice v1.0.5
portable	Performance structure tests	2026-10-02T16:56:02.1813067Z ^[[1m^[[92m   Compiling^[[0m imagesize v0.13.0
portable	Performance structure tests	2026-10-02T16:56:02.5726294Z ^[[1m^[[92m   Compiling^[[0m linked-hash-map v0.5.6
portable	Performance structure tests	2026-10-02T16:56:02.6956141Z ^[[1m^[[92m   Compiling^[[0m yaml-rust v0.4.5
portable	Performance structure tests	2026-10-02T16:56:02.8966082Z ^[[1m^[[92m   Compiling^[[0m gpui-pre-wgpu v0.3.7
portable	Performance structure tests	2026-10-02T16:56:02.9275115Z ^[[1m^[[92m   Compiling^[[0m toml_edit v0.22.27
portable	Performance structure tests	2026-10-02T16:56:03.5046154Z ^[[1m^[[92m   Compiling^[[0m usvg v0.45.1
portable	Performance structure tests	2026-10-02T16:56:05.3106213Z ^[[1m^[[92m   Compiling^[[0m gpui-pre-linux v0.3.7
portable	Performance structure tests	2026-10-02T16:56:06.8605974Z ^[[1m^[[92m   Compiling^[[0m anstream v1.0.0
portable	Performance structure tests	2026-10-02T16:56:07.2706581Z ^[[1m^[[92m   Compiling^[[0m fancy-regex v0.16.2
portable	Performance structure tests	2026-10-02T16:56:07.2956544Z ^[[1m^[[92m   Compiling^[[0m bincode v1.3.3
portable	Performance structure tests	2026-10-02T16:56:07.6516694Z ^[[1m^[[92m   Compiling^[[0m rhai_codegen v3.2.0
portable	Performance structure tests	2026-10-02T16:56:08.4016090Z ^[[1m^[[92m   Compiling^[[0m thin-vec v0.2.19
portable	Performance structure tests	2026-10-02T16:56:08.5986058Z ^[[1m^[[92m   Compiling^[[0m jiff-core v0.1.0
portable	Performance structure tests	2026-10-02T16:56:08.7595895Z ^[[1m^[[92m   Compiling^[[0m strsim v0.11.1
portable	Performance structure tests	2026-10-02T16:56:09.0856563Z ^[[1m^[[92m   Compiling^[[0m clap_lex v1.1.1
portable	Performance structure tests	2026-10-02T16:56:09.2576617Z ^[[1m^[[92m   Compiling^[[0m clap_builder v4.6.7
portable	Performance structure tests	2026-10-02T16:56:09.8716027Z ^[[1m^[[92m   Compiling^[[0m jiff v0.2.35
portable	Performance structure tests	2026-10-02T16:56:13.6286214Z ^[[1m^[[92m   Compiling^[[0m gpui-pre-platform v0.3.7
portable	Performance structure tests	2026-10-02T16:56:13.9836580Z ^[[1m^[[92m   Compiling^[[0m rhai v1.26.0
portable	Performance structure tests	2026-10-02T16:56:14.1473540Z ^[[1m^[[92m   Compiling^[[0m syntect v5.3.0
portable	Performance structure tests	2026-10-02T16:56:17.1986729Z ^[[1m^[[92m   Compiling^[[0m resvg v0.45.1
portable	Performance structure tests	2026-10-02T16:56:17.8449148Z ^[[1m^[[92m   Compiling^[[0m toml v0.8.23
portable	Performance structure tests	2026-10-02T16:56:18.5876102Z ^[[1m^[[92m   Compiling^[[0m clap_derive v4.6.7
portable	Performance structure tests	2026-10-02T16:56:20.3116071Z ^[[1m^[[92m   Compiling^[[0m similar v3.2.0
portable	Performance structure tests	2026-10-02T16:56:22.3516779Z ^[[1m^[[92m   Compiling^[[0m clap v4.6.7
portable	Performance structure tests	2026-10-02T16:56:22.3890367Z ^[[1m^[[92m   Compiling^[[0m gpui-rhai-registry v0.1.8 (/home/runner/work/gpui-rhai/gpui-rhai/registry)
portable	Performance structure tests	2026-10-02T16:56:24.0225830Z ^[[1m^[[92m   Compiling^[[0m gpui-rhai v0.1.8 (/home/runner/work/gpui-rhai/gpui-rhai/crates/gpui-rhai)
portable	Performance structure tests	2026-10-02T16:56:39.3820300Z ^[[1m^[[92m   Compiling^[[0m gpui-rhai-cli v0.1.8 (/home/runner/work/gpui-rhai/gpui-rhai/crates/gpui-rhai-cli)
portable	Performance structure tests	2026-10-02T16:57:00.6646848Z ^[[1m^[[92m   Compiling^[[0m gpui-rhai-performance-tests v0.0.0 (/home/runner/work/gpui-rhai/gpui-rhai/tests/performance)
portable	Performance structure tests	2026-10-02T16:57:06.7353736Z ^[[1m^[[92m    Finished^[[0m `test` profile [unoptimized + debuginfo] target(s) in 3m 04s
portable	Performance structure tests	2026-10-02T16:57:06.7761263Z ^[[1m^[[92m     Running^[[0m tests/e2e.rs (tests/performance/target/debug/deps/e2e-211da2a405e60431)
portable	Performance structure tests	2026-10-02T16:57:06.7801478Z 
portable	Performance structure tests	2026-10-02T16:57:06.7801658Z running 4 tests
portable	Performance structure tests	2026-10-02T16:57:06.7802967Z test chart_end_to_end_baseline ... ignored, run with scripts/benchmark.sh
portable	Performance structure tests	2026-10-02T16:57:06.7803718Z test document_end_to_end_baseline ... ignored, run with scripts/benchmark.sh
portable	Performance structure tests	2026-10-02T16:57:06.7804423Z test table_1000_end_to_end_baseline ... ignored, run with scripts/benchmark.sh
portable	Performance structure tests	2026-10-02T16:57:08.0741618Z test table_1000_example::tests::one_thousand_row_workload_prepares ... ok
portable	Performance structure tests	2026-10-02T16:57:08.0742129Z 
portable	Performance structure tests	2026-10-02T16:57:08.0742474Z test result: ok. 1 passed; 0 failed; 3 ignored; 0 measured; 0 filtered out; finished in 1.29s
portable	Performance structure tests	2026-10-02T16:57:08.0742893Z 
portable	Performance structure tests	2026-10-02T16:57:08.0772834Z ^[[1m^[[92m     Running^[[0m tests/state_structure.rs (tests/performance/target/debug/deps/state_structure-812fed8e3f3bd9d6)
portable	Performance structure tests	2026-10-02T16:57:08.0788585Z 
portable	Performance structure tests	2026-10-02T16:57:08.0788847Z running 1 test
portable	Performance structure tests	2026-10-02T16:57:08.3594758Z test five_thousand_component_mounts_and_large_store_rollback_remain_structural ... ok
portable	Performance structure tests	2026-10-02T16:57:08.3595421Z 
portable	Performance structure tests	2026-10-02T16:57:08.3595777Z test result: ok. 1 passed; 0 failed; 0 ignored; 0 measured; 0 filtered out; finished in 0.28s
portable	Performance structure tests	2026-10-02T16:57:08.3596336Z 
portable	Native keyboard test support	﻿2026-10-02T16:57:08.3770248Z ##[group]Run cargo test --manifest-path tests/native-keyboard/Cargo.toml --locked
portable	Native keyboard test support	2026-10-02T16:57:08.3771175Z ^[[36;1mcargo test --manifest-path tests/native-keyboard/Cargo.toml --locked^[[0m
portable	Native keyboard test support	2026-10-02T16:57:08.4669317Z shell: /usr/bin/bash -e {0}
portable	Native keyboard test support	2026-10-02T16:57:08.4669633Z env:
portable	Native keyboard test support	2026-10-02T16:57:08.4669854Z   CARGO_HOME: /home/runner/.cargo
portable	Native keyboard test support	2026-10-02T16:57:08.4670129Z   CARGO_INCREMENTAL: 0
portable	Native keyboard test support	2026-10-02T16:57:08.4670354Z   CARGO_TERM_COLOR: always
portable	Native keyboard test support	2026-10-02T16:57:08.4670585Z ##[endgroup]
portable	Native keyboard test support	2026-10-02T16:57:09.3988910Z ^[[1m^[[92m   Compiling^[[0m proc-macro2 v1.0.107
portable	Native keyboard test support	2026-10-02T16:57:09.3989539Z ^[[1m^[[92m   Compiling^[[0m quote v1.0.47
portable	Native keyboard test support	2026-10-02T16:57:09.3990100Z ^[[1m^[[92m   Compiling^[[0m unicode-ident v1.0.24
portable	Native keyboard test support	2026-10-02T16:57:09.3990656Z ^[[1m^[[92m   Compiling^[[0m serde_core v1.0.229
portable	Native keyboard test support	2026-10-02T16:57:09.4626447Z ^[[1m^[[92m   Compiling^[[0m cfg-if v1.0.4
portable	Native keyboard test support	2026-10-02T16:57:09.4961764Z ^[[1m^[[92m   Compiling^[[0m serde v1.0.229
portable	Native keyboard test support	2026-10-02T16:57:09.5526026Z ^[[1m^[[92m   Compiling^[[0m libc v0.2.189
portable	Native keyboard test support	2026-10-02T16:57:09.6966121Z ^[[1m^[[92m   Compiling^[[0m typeid v1.0.3
portable	Native keyboard test support	2026-10-02T16:57:09.8588018Z ^[[1m^[[92m   Compiling^[[0m autocfg v1.5.1
portable	Native keyboard test support	2026-10-02T16:57:10.4029228Z ^[[1m^[[92m   Compiling^[[0m syn v3.0.4
portable	Native keyboard test support	2026-10-02T16:57:10.4105802Z ^[[1m^[[92m   Compiling^[[0m syn v2.0.119
portable	Native keyboard test support	2026-10-02T16:57:10.6790464Z ^[[1m^[[92m   Compiling^[[0m bitflags v2.13.1
portable	Native keyboard test support	2026-10-02T16:57:10.8406224Z ^[[1m^[[92m   Compiling^[[0m erased-serde v0.4.10
portable	Native keyboard test support	2026-10-02T16:57:11.0456093Z ^[[1m^[[92m   Compiling^[[0m portable-atomic v1.15.0
portable	Native keyboard test support	2026-10-02T16:57:11.3616600Z ^[[1m^[[92m   Compiling^[[0m libm v0.2.16
portable	Native keyboard test support	2026-10-02T16:57:11.6856116Z ^[[1m^[[92m   Compiling^[[0m serde_fmt v1.1.0
portable	Native keyboard test support	2026-10-02T16:57:12.2306678Z ^[[1m^[[92m   Compiling^[[0m value-bag-serde1 v1.13.2
portable	Native keyboard test support	2026-10-02T16:57:12.2646549Z ^[[1m^[[92m   Compiling^[[0m value-bag v1.13.2
portable	Native keyboard test support	2026-10-02T16:57:12.6695970Z ^[[1m^[[92m   Compiling^[[0m log v0.4.34
portable	Native keyboard test support	2026-10-02T16:57:12.9856311Z ^[[1m^[[92m   Compiling^[[0m equivalent v1.0.2
portable	Native keyboard test support	2026-10-02T16:57:13.0186110Z ^[[1m^[[92m   Compiling^[[0m once_cell v1.21.4
portable	Native keyboard test support	2026-10-02T16:57:13.1134399Z ^[[1m^[[92m   Compiling^[[0m hashbrown v0.17.1
portable	Native keyboard test support	2026-10-02T16:57:13.1546337Z ^[[1m^[[92m   Compiling^[[0m version_check v0.9.5
portable	Native keyboard test support	2026-10-02T16:57:13.3605903Z ^[[1m^[[92m   Compiling^[[0m num-traits v0.2.19
portable	Native keyboard test support	2026-10-02T16:57:13.4506102Z ^[[1m^[[92m   Compiling^[[0m pin-project-lite v0.2.17
portable	Native keyboard test support	2026-10-02T16:57:13.5636133Z ^[[1m^[[92m   Compiling^[[0m memchr v2.8.3
portable	Native keyboard test support	2026-10-02T16:57:13.6386474Z ^[[1m^[[92m   Compiling^[[0m indexmap v2.14.0
portable	Native keyboard test support	2026-10-02T16:57:14.2666086Z ^[[1m^[[92m   Compiling^[[0m rustix v1.1.4
portable	Native keyboard test support	2026-10-02T16:57:14.5380930Z ^[[1m^[[92m   Compiling^[[0m linux-raw-sys v0.12.1
portable	Native keyboard test support	2026-10-02T16:57:14.9155615Z ^[[1m^[[92m   Compiling^[[0m futures-core v0.3.34
portable	Native keyboard test support	2026-10-02T16:57:15.0064499Z ^[[1m^[[92m   Compiling^[[0m crossbeam-utils v0.8.22
portable	Native keyboard test support	2026-10-02T16:57:15.0656102Z ^[[1m^[[92m   Compiling^[[0m serde_derive v1.0.229
portable	Native keyboard test support	2026-10-02T16:57:15.1726175Z ^[[1m^[[92m   Compiling^[[0m bytemuck_derive v1.12.0
portable	Native keyboard test support	2026-10-02T16:57:15.6845852Z ^[[1m^[[92m   Compiling^[[0m futures-io v0.3.34
portable	Native keyboard test support	2026-10-02T16:57:15.9598156Z ^[[1m^[[92m   Compiling^[[0m winnow v1.0.4
portable	Native keyboard test support	2026-10-02T16:57:16.1936306Z ^[[1m^[[92m   Compiling^[[0m bytemuck v1.25.2
portable	Native keyboard test support	2026-10-02T16:57:16.3786492Z ^[[1m^[[92m   Compiling^[[0m fastrand v2.5.0
portable	Native keyboard test support	2026-10-02T16:57:16.5326164Z ^[[1m^[[92m   Compiling^[[0m parking v2.2.1
portable	Native keyboard test support	2026-10-02T16:57:16.6256776Z ^[[1m^[[92m   Compiling^[[0m toml_datetime v1.1.1+spec-1.1.0
portable	Native keyboard test support	2026-10-02T16:57:16.7986371Z ^[[1m^[[92m   Compiling^[[0m slab v0.4.12
portable	Native keyboard test support	2026-10-02T16:57:16.9076569Z ^[[1m^[[92m   Compiling^[[0m pkg-config v0.3.34
portable	Native keyboard test support	2026-10-02T16:57:17.1386159Z ^[[1m^[[92m   Compiling^[[0m toml_parser v1.1.3+spec-1.1.0
portable	Native keyboard test support	2026-10-02T16:57:17.3436348Z ^[[1m^[[92m   Compiling^[[0m arrayvec v0.7.8
portable	Native keyboard test support	2026-10-02T16:57:17.4890320Z ^[[1m^[[92m   Compiling^[[0m toml_edit v0.25.13+spec-1.1.0
portable	Native keyboard test support	2026-10-02T16:57:17.7046417Z ^[[1m^[[92m   Compiling^[[0m zerocopy v0.8.56
portable	Native keyboard test support	2026-10-02T16:57:18.3886227Z ^[[1m^[[92m   Compiling^[[0m smallvec v1.15.2
portable	Native keyboard test support	2026-10-02T16:57:18.4516066Z ^[[1m^[[92m   Compiling^[[0m proc-macro-crate v3.5.0
portable	Native keyboard test support	2026-10-02T16:57:18.4966157Z ^[[1m^[[92m   Compiling^[[0m zerocopy-derive v0.8.56
portable	Native keyboard test support	2026-10-02T16:57:18.5706036Z ^[[1m^[[92m   Compiling^[[0m simd-adler32 v0.3.10
portable	Native keyboard test support	2026-10-02T16:57:18.7146186Z ^[[1m^[[92m   Compiling^[[0m enumflags2_derive v0.7.12
portable	Native keyboard test support	2026-10-02T16:57:18.8688892Z ^[[1m^[[92m   Compiling^[[0m libloading v0.8.9
portable	Native keyboard test support	2026-10-02T16:57:19.0017049Z ^[[1m^[[92m   Compiling^[[0m zvariant_utils v4.2.0
portable	Native keyboard test support	2026-10-02T16:57:19.0926590Z ^[[1m^[[92m   Compiling^[[0m futures-lite v2.6.1
portable	Native keyboard test support	2026-10-02T16:57:19.7476289Z ^[[1m^[[92m   Compiling^[[0m event-listener v5.4.2
portable	Native keyboard test support	2026-10-02T16:57:19.9176191Z ^[[1m^[[92m   Compiling^[[0m concurrent-queue v2.5.0
portable	Native keyboard test support	2026-10-02T16:57:20.0536439Z ^[[1m^[[92m   Compiling^[[0m adler2 v2.0.1
portable	Native keyboard test support	2026-10-02T16:57:20.1176693Z ^[[1m^[[92m   Compiling^[[0m miniz_oxide v0.8.9
portable	Native keyboard test support	2026-10-02T16:57:20.3036035Z ^[[1m^[[92m   Compiling^[[0m zvariant_derive v5.15.0
portable	Native keyboard test support	2026-10-02T16:57:20.3213165Z ^[[1m^[[92m   Compiling^[[0m event-listener-strategy v0.5.4
portable	Native keyboard test support	2026-10-02T16:57:20.3966050Z ^[[1m^[[92m   Compiling^[[0m synstructure v0.13.2
portable	Native keyboard test support	2026-10-02T16:57:20.5616219Z ^[[1m^[[92m   Compiling^[[0m getrandom v0.4.3
portable	Native keyboard test support	2026-10-02T16:57:20.6806508Z ^[[1m^[[92m   Compiling^[[0m endi v1.1.1
portable	Native keyboard test support	2026-10-02T16:57:20.7712317Z ^[[1m^[[92m   Compiling^[[0m tracing-core v0.1.36
portable	Native keyboard test support	2026-10-02T16:57:20.7765873Z ^[[1m^[[92m   Compiling^[[0m crc32fast v1.5.1
portable	Native keyboard test support	2026-10-02T16:57:20.8926484Z ^[[1m^[[92m   Compiling^[[0m shlex v2.0.1
portable	Native keyboard test support	2026-10-02T16:57:20.9156066Z ^[[1m^[[92m   Compiling^[[0m async-task v4.7.1
portable	Native keyboard test support	2026-10-02T16:57:21.0096344Z ^[[1m^[[92m   Compiling^[[0m find-msvc-tools v0.1.11
portable	Native keyboard test support	2026-10-02T16:57:21.0646089Z ^[[1m^[[92m   Compiling^[[0m stable_deref_trait v1.2.1
portable	Native keyboard test support	2026-10-02T16:57:21.1126025Z ^[[1m^[[92m   Compiling^[[0m cc v1.4.4
portable	Native keyboard test support	2026-10-02T16:57:21.1806082Z ^[[1m^[[92m   Compiling^[[0m zerofrom-derive v0.1.7
portable	Native keyboard test support	2026-10-02T16:57:21.4556968Z ^[[1m^[[92m   Compiling^[[0m dlib v0.5.3
portable	Native keyboard test support	2026-10-02T16:57:21.6557188Z ^[[1m^[[92m   Compiling^[[0m yoke-derive v0.8.2
portable	Native keyboard test support	2026-10-02T16:57:22.2571136Z ^[[1m^[[92m   Compiling^[[0m zerofrom v0.1.8
portable	Native keyboard test support	2026-10-02T16:57:22.3293851Z ^[[1m^[[92m   Compiling^[[0m async-channel v2.5.0
portable	Native keyboard test support	2026-10-02T16:57:22.3850815Z ^[[1m^[[92m   Compiling^[[0m polling v3.11.0
portable	Native keyboard test support	2026-10-02T16:57:22.4666226Z ^[[1m^[[92m   Compiling^[[0m wayland-sys v0.31.11
portable	Native keyboard test support	2026-10-02T16:57:22.5483472Z ^[[1m^[[92m   Compiling^[[0m tracing-attributes v0.1.31
portable	Native keyboard test support	2026-10-02T16:57:22.5869125Z ^[[1m^[[92m   Compiling^[[0m generic-array v0.14.7
portable	Native keyboard test support	2026-10-02T16:57:22.6006209Z ^[[1m^[[92m   Compiling^[[0m yoke v0.8.3
portable	Native keyboard test support	2026-10-02T16:57:22.7026285Z ^[[1m^[[92m   Compiling^[[0m flate2 v1.1.9
portable	Native keyboard test support	2026-10-02T16:57:22.7190043Z ^[[1m^[[92m   Compiling^[[0m enumflags2 v0.7.12
portable	Native keyboard test support	2026-10-02T16:57:22.8466089Z ^[[1m^[[92m   Compiling^[[0m zcheapstr v1.1.0
portable	Native keyboard test support	2026-10-02T16:57:22.9576276Z ^[[1m^[[92m   Compiling^[[0m async-io v2.6.0
portable	Native keyboard test support	2026-10-02T16:57:23.0595612Z ^[[1m^[[92m   Compiling^[[0m cfg_aliases v0.2.2
portable	Native keyboard test support	2026-10-02T16:57:23.0655678Z ^[[1m^[[92m   Compiling^[[0m siphasher v1.0.3
portable	Native keyboard test support	2026-10-02T16:57:23.0926487Z ^[[1m^[[92m   Compiling^[[0m typenum v1.20.1
portable	Native keyboard test support	2026-10-02T16:57:23.1946233Z ^[[1m^[[92m   Compiling^[[0m getrandom v0.3.4
portable	Native keyboard test support	2026-10-02T16:57:23.4406608Z ^[[1m^[[92m   Compiling^[[0m zvariant v5.15.0
portable	Native keyboard test support	2026-10-02T16:57:23.6336052Z ^[[1m^[[92m   Compiling^[[0m tracing v0.1.44
portable	Native keyboard test support	2026-10-02T16:57:23.8437005Z ^[[1m^[[92m   Compiling^[[0m zerovec-derive v0.11.6
portable	Native keyboard test support	2026-10-02T16:57:24.2386307Z ^[[1m^[[92m   Compiling^[[0m atomic-waker v1.1.2
portable	Native keyboard test support	2026-10-02T16:57:24.2926527Z ^[[1m^[[92m   Compiling^[[0m sha1_smol v1.0.1
portable	Native keyboard test support	2026-10-02T16:57:24.4346167Z ^[[1m^[[92m   Compiling^[[0m scopeguard v1.2.0
portable	Native keyboard test support	2026-10-02T16:57:24.4756200Z ^[[1m^[[92m   Compiling^[[0m lock_api v0.4.14
portable	Native keyboard test support	2026-10-02T16:57:24.6469567Z ^[[1m^[[92m   Compiling^[[0m uuid v1.26.0
portable	Native keyboard test support	2026-10-02T16:57:24.7856621Z ^[[1m^[[92m   Compiling^[[0m zerovec v0.11.8
portable	Native keyboard test support	2026-10-02T16:57:25.0826310Z ^[[1m^[[92m   Compiling^[[0m piper v0.2.5
portable	Native keyboard test support	2026-10-02T16:57:25.6511802Z ^[[1m^[[92m   Compiling^[[0m zbus_names v4.3.4
portable	Native keyboard test support	2026-10-02T16:57:26.0046691Z ^[[1m^[[92m   Compiling^[[0m displaydoc v0.2.7
portable	Native keyboard test support	2026-10-02T16:57:26.0209806Z ^[[1m^[[92m   Compiling^[[0m core_maths v0.1.1
portable	Native keyboard test support	2026-10-02T16:57:26.0756330Z ^[[1m^[[92m   Compiling^[[0m serde_bytes v0.11.19
portable	Native keyboard test support	2026-10-02T16:57:26.2207751Z ^[[1m^[[92m   Compiling^[[0m errno v0.3.14
portable	Native keyboard test support	2026-10-02T16:57:26.2954039Z ^[[1m^[[92m   Compiling^[[0m futures-sink v0.3.34
portable	Native keyboard test support	2026-10-02T16:57:26.2992096Z ^[[1m^[[92m   Compiling^[[0m itoa v1.0.18
portable	Native keyboard test support	2026-10-02T16:57:26.3443967Z ^[[1m^[[92m   Compiling^[[0m anyhow v1.0.104
portable	Native keyboard test support	2026-10-02T16:57:26.4236268Z ^[[1m^[[92m   Compiling^[[0m signal-hook-registry v1.4.8
portable	Native keyboard test support	2026-10-02T16:57:26.6096061Z ^[[1m^[[92m   Compiling^[[0m blocking v1.7.0
portable	Native keyboard test support	2026-10-02T16:57:26.6496610Z ^[[1m^[[92m   Compiling^[[0m async-lock v3.4.2
portable	Native keyboard test support	2026-10-02T16:57:26.8506088Z ^[[1m^[[92m   Compiling^[[0m foldhash v0.2.0
portable	Native keyboard test support	2026-10-02T16:57:26.9516052Z ^[[1m^[[92m   Compiling^[[0m thiserror v2.0.20
portable	Native keyboard test support	2026-10-02T16:57:27.1496150Z ^[[1m^[[92m   Compiling^[[0m allocator-api2 v0.2.21
portable	Native keyboard test support	2026-10-02T16:57:27.4146633Z ^[[1m^[[92m   Compiling^[[0m parking_lot_core v0.9.12
portable	Native keyboard test support	2026-10-02T16:57:27.5342836Z ^[[1m^[[92m   Compiling^[[0m zmij v1.0.23
portable	Native keyboard test support	2026-10-02T16:57:27.7025924Z ^[[1m^[[92m   Compiling^[[0m hashbrown v0.16.1
portable	Native keyboard test support	2026-10-02T16:57:28.2176469Z ^[[1m^[[92m   Compiling^[[0m async-signal v0.2.14
portable	Native keyboard test support	2026-10-02T16:57:28.2516192Z ^[[1m^[[92m   Compiling^[[0m futures-channel v0.3.34
portable	Native keyboard test support	2026-10-02T16:57:28.3576777Z ^[[1m^[[92m   Compiling^[[0m half v2.7.1
portable	Native keyboard test support	2026-10-02T16:57:28.4076733Z ^[[1m^[[92m   Compiling^[[0m thiserror-impl v2.0.20
portable	Native keyboard test support	2026-10-02T16:57:28.7646512Z ^[[1m^[[92m   Compiling^[[0m futures-macro v0.3.34
portable	Native keyboard test support	2026-10-02T16:57:29.3332042Z ^[[1m^[[92m   Compiling^[[0m slotmap v1.1.1
portable	Native keyboard test support	2026-10-02T16:57:29.4255974Z ^[[1m^[[92m   Compiling^[[0m unicode-segmentation v1.13.3
portable	Native keyboard test support	2026-10-02T16:57:29.4936696Z ^[[1m^[[92m   Compiling^[[0m static_assertions v1.1.0
portable	Native keyboard test support	2026-10-02T16:57:29.5336136Z ^[[1m^[[92m   Compiling^[[0m futures-task v0.3.34
portable	Native keyboard test support	2026-10-02T16:57:29.6316501Z ^[[1m^[[92m   Compiling^[[0m futures-util v0.3.34
portable	Native keyboard test support	2026-10-02T16:57:29.8990831Z ^[[1m^[[92m   Compiling^[[0m async-process v2.5.0
portable	Native keyboard test support	2026-10-02T16:57:30.1816585Z ^[[1m^[[92m   Compiling^[[0m tinystr v0.8.4
portable	Native keyboard test support	2026-10-02T16:57:30.3076057Z ^[[1m^[[92m   Compiling^[[0m crypto-common v0.1.7
portable	Native keyboard test support	2026-10-02T16:57:30.3656361Z ^[[1m^[[92m   Compiling^[[0m wayland-backend v0.3.17
portable	Native keyboard test support	2026-10-02T16:57:30.3936591Z ^[[1m^[[92m   Compiling^[[0m async-executor v1.14.0
portable	Native keyboard test support	2026-10-02T16:57:30.4752475Z ^[[1m^[[92m   Compiling^[[0m crossbeam-epoch v0.9.20
portable	Native keyboard test support	2026-10-02T16:57:30.6016215Z ^[[1m^[[92m   Compiling^[[0m litemap v0.8.3
portable	Native keyboard test support	2026-10-02T16:57:30.6546557Z ^[[1m^[[92m   Compiling^[[0m rustc-hash v2.1.3
portable	Native keyboard test support	2026-10-02T16:57:30.7031018Z ^[[1m^[[92m   Compiling^[[0m writeable v0.6.4
portable	Native keyboard test support	2026-10-02T16:57:30.7406766Z ^[[1m^[[92m   Compiling^[[0m parking_lot v0.12.5
portable	Native keyboard test support	2026-10-02T16:57:30.8816048Z ^[[1m^[[92m   Compiling^[[0m icu_locale_core v2.3.0
portable	Native keyboard test support	2026-10-02T16:57:31.1246198Z ^[[1m^[[92m   Compiling^[[0m gpui-pre-util v0.3.7
portable	Native keyboard test support	2026-10-02T16:57:31.2946509Z ^[[1m^[[92m   Compiling^[[0m zerotrie v0.2.5
portable	Native keyboard test support	2026-10-02T16:57:31.5216583Z ^[[1m^[[92m   Compiling^[[0m zbus_macros v5.19.0
portable	Native keyboard test support	2026-10-02T16:57:31.5296211Z ^[[1m^[[92m   Compiling^[[0m ttf-parser v0.25.1
portable	Native keyboard test support	2026-10-02T16:57:32.1446137Z ^[[1m^[[92m   Compiling^[[0m rand_core v0.9.5
portable	Native keyboard test support	2026-10-02T16:57:32.1987043Z ^[[1m^[[92m   Compiling^[[0m potential_utf v0.1.6
portable	Native keyboard test support	2026-10-02T16:57:32.4583596Z ^[[1m^[[92m   Compiling^[[0m async-broadcast v0.7.2
portable	Native keyboard test support	2026-10-02T16:57:32.7257021Z ^[[1m^[[92m   Compiling^[[0m async-recursion v1.1.1
portable	Native keyboard test support	2026-10-02T16:57:32.7436626Z ^[[1m^[[92m   Compiling^[[0m serde_repr v0.1.21
portable	Native keyboard test support	2026-10-02T16:57:33.1025949Z ^[[1m^[[92m   Compiling^[[0m async-trait v0.1.92
portable	Native keyboard test support	2026-10-02T16:57:33.1866633Z ^[[1m^[[92m   Compiling^[[0m ordered-stream v0.2.0
portable	Native keyboard test support	2026-10-02T16:57:33.4316069Z ^[[1m^[[92m   Compiling^[[0m quick-xml v0.41.0
portable	Native keyboard test support	2026-10-02T16:57:33.7336652Z ^[[1m^[[92m   Compiling^[[0m memmap2 v0.9.11
portable	Native keyboard test support	2026-10-02T16:57:33.8666098Z ^[[1m^[[92m   Compiling^[[0m scoped-tls v1.0.1
portable	Native keyboard test support	2026-10-02T16:57:33.8846113Z ^[[1m^[[92m   Compiling^[[0m utf8_iter v1.0.4
portable	Native keyboard test support	2026-10-02T16:57:33.9067984Z ^[[1m^[[92m   Compiling^[[0m hex v0.4.3
portable	Native keyboard test support	2026-10-02T16:57:33.9547627Z ^[[1m^[[92m   Compiling^[[0m icu_properties_data v2.3.0
portable	Native keyboard test support	2026-10-02T16:57:34.0466567Z ^[[1m^[[92m   Compiling^[[0m tinyvec_macros v0.1.1
portable	Native keyboard test support	2026-10-02T16:57:34.0728431Z ^[[1m^[[92m   Compiling^[[0m roxmltree v0.20.0
portable	Native keyboard test support	2026-10-02T16:57:34.0847090Z ^[[1m^[[92m   Compiling^[[0m icu_normalizer_data v2.3.0
portable	Native keyboard test support	2026-10-02T16:57:34.1216066Z ^[[1m^[[92m   Compiling^[[0m downcast-rs v1.2.1
portable	Native keyboard test support	2026-10-02T16:57:34.1592542Z ^[[1m^[[92m   Compiling^[[0m float-cmp v0.9.0
portable	Native keyboard test support	2026-10-02T16:57:34.1822496Z ^[[1m^[[92m   Compiling^[[0m wayland-client v0.31.15
portable	Native keyboard test support	2026-10-02T16:57:34.2273315Z ^[[1m^[[92m   Compiling^[[0m crossbeam-deque v0.8.7
portable	Native keyboard test support	2026-10-02T16:57:34.2821905Z ^[[1m^[[92m   Compiling^[[0m strict-num v0.1.1
portable	Native keyboard test support	2026-10-02T16:57:34.3346662Z ^[[1m^[[92m   Compiling^[[0m wayland-scanner v0.31.11
portable	Native keyboard test support	2026-10-02T16:57:34.3736115Z ^[[1m^[[92m   Compiling^[[0m zbus v5.19.0
portable	Native keyboard test support	2026-10-02T16:57:34.8295741Z ^[[1m^[[92m   Compiling^[[0m fontconfig-parser v0.5.8
portable	Native keyboard test support	2026-10-02T16:57:35.5606043Z ^[[1m^[[92m   Compiling^[[0m tinyvec v1.12.0
portable	Native keyboard test support	2026-10-02T16:57:35.7666330Z ^[[1m^[[92m   Compiling^[[0m icu_collections v2.3.0
portable	Native keyboard test support	2026-10-02T16:57:35.8206115Z ^[[1m^[[92m   Compiling^[[0m icu_provider v2.3.1
portable	Native keyboard test support	2026-10-02T16:57:36.0846682Z ^[[1m^[[92m   Compiling^[[0m ppv-lite86 v0.2.21
portable	Native keyboard test support	2026-10-02T16:57:36.1396127Z ^[[1m^[[92m   Compiling^[[0m naga v29.0.4
portable	Native keyboard test support	2026-10-02T16:57:36.2416106Z ^[[1m^[[92m   Compiling^[[0m fdeflate v0.3.7
portable	Native keyboard test support	2026-10-02T16:57:36.3176580Z ^[[1m^[[92m   Compiling^[[0m euclid v0.22.14
portable	Native keyboard test support	2026-10-02T16:57:36.3796382Z ^[[1m^[[92m   Compiling^[[0m raw-window-handle v0.6.2
portable	Native keyboard test support	2026-10-02T16:57:36.5556089Z ^[[1m^[[92m   Compiling^[[0m unicode-script v0.5.8
portable	Native keyboard test support	2026-10-02T16:57:36.6516182Z ^[[1m^[[92m   Compiling^[[0m arrayref v0.3.9
portable	Native keyboard test support	2026-10-02T16:57:36.6855881Z ^[[1m^[[92m   Compiling^[[0m bit-vec v0.9.1
portable	Native keyboard test support	2026-10-02T16:57:36.8566160Z ^[[1m^[[92m   Compiling^[[0m serde_json v1.0.151
portable	Native keyboard test support	2026-10-02T16:57:36.9489903Z ^[[1m^[[92m   Compiling^[[0m rayon-core v1.13.0
portable	Native keyboard test support	2026-10-02T16:57:36.9556127Z ^[[1m^[[92m   Compiling^[[0m crunchy v0.2.4
portable	Native keyboard test support	2026-10-02T16:57:37.0376153Z ^[[1m^[[92m   Compiling^[[0m ash v0.38.0+1.3.281
portable	Native keyboard test support	2026-10-02T16:57:37.0562635Z ^[[1m^[[92m   Compiling^[[0m unicode-width v0.2.2
portable	Native keyboard test support	2026-10-02T16:57:37.1335398Z ^[[1m^[[92m   Compiling^[[0m bit-set v0.9.1
portable	Native keyboard test support	2026-10-02T16:57:37.1398671Z ^[[1m^[[92m   Compiling^[[0m tiny-skia-path v0.11.4
portable	Native keyboard test support	2026-10-02T16:57:37.2225209Z ^[[1m^[[92m   Compiling^[[0m codespan-reporting v0.13.1
portable	Native keyboard test support	2026-10-02T16:57:37.2336840Z ^[[1m^[[92m   Compiling^[[0m rand_chacha v0.9.0
portable	Native keyboard test support	2026-10-02T16:57:37.6906000Z ^[[1m^[[92m   Compiling^[[0m fontdb v0.23.0
portable	Native keyboard test support	2026-10-02T16:57:37.9350224Z ^[[1m^[[92m   Compiling^[[0m zbus_xml v5.2.1
portable	Native keyboard test support	2026-10-02T16:57:38.2916650Z ^[[1m^[[92m   Compiling^[[0m block-buffer v0.10.4
portable	Native keyboard test support	2026-10-02T16:57:38.5086390Z ^[[1m^[[92m   Compiling^[[0m num-complex v0.4.6
portable	Native keyboard test support	2026-10-02T16:57:39.0486720Z ^[[1m^[[92m   Compiling^[[0m profiling-procmacros v1.0.18
portable	Native keyboard test support	2026-10-02T16:57:39.0986258Z ^[[1m^[[92m   Compiling^[[0m spirv v0.4.0+sdk-1.4.341.0
portable	Native keyboard test support	2026-10-02T16:57:39.4333625Z ^[[1m^[[92m   Compiling^[[0m rustc-hash v1.1.0
portable	Native keyboard test support	2026-10-02T16:57:39.4845967Z ^[[1m^[[92m   Compiling^[[0m subtle v2.6.1
portable	Native keyboard test support	2026-10-02T16:57:39.6646132Z ^[[1m^[[92m   Compiling^[[0m heck v0.5.0
portable	Native keyboard test support	2026-10-02T16:57:39.7867899Z ^[[1m^[[92m   Compiling^[[0m unicode-properties v0.1.4
portable	Native keyboard test support	2026-10-02T16:57:40.2071241Z ^[[1m^[[92m   Compiling^[[0m khronos-egl v6.0.0
portable	Native keyboard test support	2026-10-02T16:57:40.3726330Z ^[[1m^[[92m   Compiling^[[0m paste v1.0.15
portable	Native keyboard test support	2026-10-02T16:57:40.4266149Z ^[[1m^[[92m   Compiling^[[0m foldhash v0.1.5
portable	Native keyboard test support	2026-10-02T16:57:40.5086321Z ^[[1m^[[92m   Compiling^[[0m unicode-ccc v0.4.0
portable	Native keyboard test support	2026-10-02T16:57:40.5316802Z ^[[1m^[[92m   Compiling^[[0m lazy_static v1.5.0
portable	Native keyboard test support	2026-10-02T16:57:40.5567022Z ^[[1m^[[92m   Compiling^[[0m hexf-parse v0.2.1
portable	Native keyboard test support	2026-10-02T16:57:40.5705920Z ^[[1m^[[92m   Compiling^[[0m tiny-keccak v2.0.2
portable	Native keyboard test support	2026-10-02T16:57:40.6456255Z ^[[1m^[[92m   Compiling^[[0m regex-syntax v0.8.11
portable	Native keyboard test support	2026-10-02T16:57:40.6576271Z ^[[1m^[[92m   Compiling^[[0m unicode-bidi v0.3.18
portable	Native keyboard test support	2026-10-02T16:57:40.9703894Z ^[[1m^[[92m   Compiling^[[0m semver v1.0.28
portable	Native keyboard test support	2026-10-02T16:57:41.2086219Z ^[[1m^[[92m   Compiling^[[0m unicode-bidi-mirroring v0.4.0
portable	Native keyboard test support	2026-10-02T16:57:41.2424348Z ^[[1m^[[92m   Compiling^[[0m iana-time-zone v0.1.65
portable	Native keyboard test support	2026-10-02T16:57:41.2546075Z ^[[1m^[[92m   Compiling^[[0m rustybuzz v0.20.1
portable	Native keyboard test support	2026-10-02T16:57:41.4429850Z ^[[1m^[[92m   Compiling^[[0m chrono v0.4.45
portable	Native keyboard test support	2026-10-02T16:57:43.0526681Z ^[[1m^[[92m   Compiling^[[0m rustc_version v0.4.1
portable	Native keyboard test support	2026-10-02T16:57:43.5386078Z ^[[1m^[[92m   Compiling^[[0m hashbrown v0.15.5
portable	Native keyboard test support	2026-10-02T16:57:44.0158677Z ^[[1m^[[92m   Compiling^[[0m digest v0.10.7
portable	Native keyboard test support	2026-10-02T16:57:44.1606226Z ^[[1m^[[92m   Compiling^[[0m profiling v1.0.18
portable	Native keyboard test support	2026-10-02T16:57:44.1916152Z ^[[1m^[[92m   Compiling^[[0m zbus-lockstep v0.5.2
portable	Native keyboard test support	2026-10-02T16:57:44.3206142Z ^[[1m^[[92m   Compiling^[[0m icu_normalizer v2.3.0
portable	Native keyboard test support	2026-10-02T16:57:44.5087365Z ^[[1m^[[92m   Compiling^[[0m icu_properties v2.3.0
portable	Native keyboard test support	2026-10-02T16:57:45.6076091Z ^[[1m^[[92m   Compiling^[[0m rand v0.9.5
portable	Native keyboard test support	2026-10-02T16:57:47.2516406Z ^[[1m^[[92m   Compiling^[[0m lyon_geom v1.0.19
portable	Native keyboard test support	2026-10-02T16:57:47.5086573Z ^[[1m^[[92m   Compiling^[[0m wgpu-types v29.0.4
portable	Native keyboard test support	2026-10-02T16:57:47.6355948Z ^[[1m^[[92m   Compiling^[[0m futures-executor v0.3.34
portable	Native keyboard test support	2026-10-02T16:57:48.9495954Z ^[[1m^[[92m   Compiling^[[0m wgpu-hal v29.0.4
portable	Native keyboard test support	2026-10-02T16:57:49.1726306Z ^[[1m^[[92m   Compiling^[[0m polycool v0.4.0
portable	Native keyboard test support	2026-10-02T16:57:49.5126419Z ^[[1m^[[92m   Compiling^[[0m enumn v0.1.14
portable	Native keyboard test support	2026-10-02T16:57:49.7226499Z ^[[1m^[[92m   Compiling^[[0m zeroize_derive v1.5.0
portable	Native keyboard test support	2026-10-02T16:57:49.8306021Z ^[[1m^[[92m   Compiling^[[0m num-integer v0.1.47
portable	Native keyboard test support	2026-10-02T16:57:50.0966913Z ^[[1m^[[92m   Compiling^[[0m aho-corasick v1.1.5
portable	Native keyboard test support	2026-10-02T16:57:50.1208621Z ^[[1m^[[92m   Compiling^[[0m pulp v0.22.3
portable	Native keyboard test support	2026-10-02T16:57:50.2995405Z ^[[1m^[[92m   Compiling^[[0m simplecss v0.2.2
portable	Native keyboard test support	2026-10-02T16:57:50.7726080Z ^[[1m^[[92m   Compiling^[[0m gpu-descriptor-types v0.2.0
portable	Native keyboard test support	2026-10-02T16:57:50.9155884Z ^[[1m^[[92m   Compiling^[[0m base64 v0.22.1
portable	Native keyboard test support	2026-10-02T16:57:51.1746017Z ^[[1m^[[92m   Compiling^[[0m zune-core v0.5.3
portable	Native keyboard test support	2026-10-02T16:57:51.3716287Z ^[[1m^[[92m   Compiling^[[0m either v1.18.0
portable	Native keyboard test support	2026-10-02T16:57:51.5186647Z ^[[1m^[[92m   Compiling^[[0m byteorder v1.5.0
portable	Native keyboard test support	2026-10-02T16:57:51.6866546Z ^[[1m^[[92m   Compiling^[[0m pico-args v0.5.0
portable	Native keyboard test support	2026-10-02T16:57:51.8436393Z ^[[1m^[[92m   Compiling^[[0m xmlwriter v0.1.0
portable	Native keyboard test support	2026-10-02T16:57:52.0006619Z ^[[1m^[[92m   Compiling^[[0m libbz2-rs-sys v0.2.5
portable	Native keyboard test support	2026-10-02T16:57:52.4145987Z ^[[1m^[[92m   Compiling^[[0m thiserror v1.0.69
portable	Native keyboard test support	2026-10-02T16:57:52.5816259Z ^[[1m^[[92m   Compiling^[[0m object v0.37.3
portable	Native keyboard test support	2026-10-02T16:57:52.7266395Z ^[[1m^[[92m   Compiling^[[0m quick-error v2.0.1
portable	Native keyboard test support	2026-10-02T16:57:52.7686099Z ^[[1m^[[92m   Compiling^[[0m bitflags v1.3.2
portable	Native keyboard test support	2026-10-02T16:57:52.7880442Z ^[[1m^[[92m   Compiling^[[0m presser v0.3.1
portable	Native keyboard test support	2026-10-02T16:57:52.8532044Z ^[[1m^[[92m   Compiling^[[0m percent-encoding v2.3.2
portable	Native keyboard test support	2026-10-02T16:57:52.8876091Z ^[[1m^[[92m   Compiling^[[0m data-url v0.3.2
portable	Native keyboard test support	2026-10-02T16:57:52.9826297Z ^[[1m^[[92m   Compiling^[[0m bit-vec v0.8.0
portable	Native keyboard test support	2026-10-02T16:57:53.1516794Z ^[[1m^[[92m   Compiling^[[0m weezl v0.1.12
portable	Native keyboard test support	2026-10-02T16:57:53.1611880Z ^[[1m^[[92m   Compiling^[[0m ref-cast v1.0.27
portable	Native keyboard test support	2026-10-02T16:57:53.3206131Z ^[[1m^[[92m   Compiling^[[0m unicode-vo v0.1.0
portable	Native keyboard test support	2026-10-02T16:57:53.3986073Z ^[[1m^[[92m   Compiling^[[0m bit-set v0.8.0
portable	Native keyboard test support	2026-10-02T16:57:53.4976317Z ^[[1m^[[92m   Compiling^[[0m form_urlencoded v1.2.2
portable	Native keyboard test support	2026-10-02T16:57:53.5756049Z ^[[1m^[[92m   Compiling^[[0m png v0.17.16
portable	Native keyboard test support	2026-10-02T16:57:53.6556099Z ^[[1m^[[92m   Compiling^[[0m bzip2 v0.6.1
portable	Native keyboard test support	2026-10-02T16:57:53.8006141Z ^[[1m^[[92m   Compiling^[[0m wgpu-naga-bridge v29.0.4
portable	Native keyboard test support	2026-10-02T16:57:53.8716058Z ^[[1m^[[92m   Compiling^[[0m zune-jpeg v0.5.15
portable	Native keyboard test support	2026-10-02T16:57:54.6606663Z ^[[1m^[[92m   Compiling^[[0m regex-automata v0.4.18
portable	Native keyboard test support	2026-10-02T16:57:54.7326480Z ^[[1m^[[92m   Compiling^[[0m gpu-descriptor v0.3.2
portable	Native keyboard test support	2026-10-02T16:57:54.8976479Z ^[[1m^[[92m   Compiling^[[0m zeroize v1.9.0
portable	Native keyboard test support	2026-10-02T16:57:55.0046755Z ^[[1m^[[92m   Compiling^[[0m accesskit v0.24.1
portable	Native keyboard test support	2026-10-02T16:57:55.4686059Z ^[[1m^[[92m   Compiling^[[0m kurbo v0.13.1
portable	Native keyboard test support	2026-10-02T16:57:57.0296317Z ^[[1m^[[92m   Compiling^[[0m gpu-allocator v0.28.0
portable	Native keyboard test support	2026-10-02T16:57:57.3606150Z ^[[1m^[[92m   Compiling^[[0m futures v0.3.34
portable	Native keyboard test support	2026-10-02T16:57:57.3966099Z ^[[1m^[[92m   Compiling^[[0m lyon_path v1.0.19
portable	Native keyboard test support	2026-10-02T16:57:57.7406614Z ^[[1m^[[92m   Compiling^[[0m getrandom v0.2.17
portable	Native keyboard test support	2026-10-02T16:57:57.8856628Z ^[[1m^[[92m   Compiling^[[0m idna_adapter v1.2.2
portable	Native keyboard test support	2026-10-02T16:57:57.9546195Z ^[[1m^[[92m   Compiling^[[0m zbus-lockstep-macros v0.5.2
portable	Native keyboard test support	2026-10-02T16:57:58.3156174Z ^[[1m^[[92m   Compiling^[[0m pathfinder_simd v0.5.6
portable	Native keyboard test support	2026-10-02T16:57:58.4146626Z ^[[1m^[[92m   Compiling^[[0m sharded-slab v0.1.7
portable	Native keyboard test support	2026-10-02T16:57:58.6506764Z ^[[1m^[[92m   Compiling^[[0m gpui-pre-collections v0.3.7
portable	Native keyboard test support	2026-10-02T16:57:58.7116480Z ^[[1m^[[92m   Compiling^[[0m convert_case v0.10.0
portable	Native keyboard test support	2026-10-02T16:57:58.8566651Z ^[[1m^[[92m   Compiling^[[0m block-padding v0.3.3
portable	Native keyboard test support	2026-10-02T16:57:58.9175383Z ^[[1m^[[92m   Compiling^[[0m phf_shared v0.13.1
portable	Native keyboard test support	2026-10-02T16:57:58.9235661Z ^[[1m^[[92m   Compiling^[[0m freetype-sys v0.20.1
portable	Native keyboard test support	2026-10-02T16:57:59.0172660Z ^[[1m^[[92m   Compiling^[[0m tracing-log v0.2.0
portable	Native keyboard test support	2026-10-02T16:57:59.0566692Z ^[[1m^[[92m   Compiling^[[0m yeslogic-fontconfig-sys v6.0.1
portable	Native keyboard test support	2026-10-02T16:57:59.0836596Z ^[[1m^[[92m   Compiling^[[0m font-types v0.11.3
portable	Native keyboard test support	2026-10-02T16:57:59.1626127Z ^[[1m^[[92m   Compiling^[[0m font-types v0.12.4
portable	Native keyboard test support	2026-10-02T16:57:59.1806810Z ^[[1m^[[92m   Compiling^[[0m pin-project-internal v1.1.13
portable	Native keyboard test support	2026-10-02T16:57:59.4206197Z ^[[1m^[[92m   Compiling^[[0m thiserror-impl v1.0.69
portable	Native keyboard test support	2026-10-02T16:57:59.4666656Z ^[[1m^[[92m   Compiling^[[0m ref-cast-impl v1.0.27
portable	Native keyboard test support	2026-10-02T16:57:59.8056187Z ^[[1m^[[92m   Compiling^[[0m ordered-float v5.5.0
portable	Native keyboard test support	2026-10-02T16:58:00.0249330Z ^[[1m^[[92m   Compiling^[[0m serde_derive_internals v0.30.0
portable	Native keyboard test support	2026-10-02T16:58:00.1166724Z ^[[1m^[[92m   Compiling^[[0m raw-cpuid v11.6.0
portable	Native keyboard test support	2026-10-02T16:58:00.3666370Z ^[[1m^[[92m   Compiling^[[0m thread_local v1.1.10
portable	Native keyboard test support	2026-10-02T16:58:00.5226497Z ^[[1m^[[92m   Compiling^[[0m glow v0.17.0
portable	Native keyboard test support	2026-10-02T16:58:00.5866204Z ^[[1m^[[92m   Compiling^[[0m byteorder-lite v0.1.0
portable	Native keyboard test support	2026-10-02T16:58:00.7966426Z ^[[1m^[[92m   Compiling^[[0m reborrow v0.5.5
portable	Native keyboard test support	2026-10-02T16:58:00.8316319Z ^[[1m^[[92m   Compiling^[[0m pulp-wasm-simd-flag v0.1.1
portable	Native keyboard test support	2026-10-02T16:58:00.8475981Z ^[[1m^[[92m   Compiling^[[0m nu-ansi-term v0.50.3
portable	Native keyboard test support	2026-10-02T16:58:00.8638966Z ^[[1m^[[92m   Compiling^[[0m compression-core v0.4.32
portable	Native keyboard test support	2026-10-02T16:58:00.9496430Z ^[[1m^[[92m   Compiling^[[0m fnv v1.0.7
portable	Native keyboard test support	2026-10-02T16:58:00.9896062Z ^[[1m^[[92m   Compiling^[[0m renderdoc-sys v1.1.0
portable	Native keyboard test support	2026-10-02T16:58:01.0596935Z ^[[1m^[[92m   Compiling^[[0m gimli v0.32.3
portable	Native keyboard test support	2026-10-02T16:58:01.1188686Z ^[[1m^[[92m   Compiling^[[0m unicode-xid v0.2.6
portable	Native keyboard test support	2026-10-02T16:58:01.1776105Z ^[[1m^[[92m   Compiling^[[0m color_quant v1.1.0
portable	Native keyboard test support	2026-10-02T16:58:01.3016914Z ^[[1m^[[92m   Compiling^[[0m gpui-pre-ztracing v0.3.7
portable	Native keyboard test support	2026-10-02T16:58:01.4006536Z ^[[1m^[[92m   Compiling^[[0m bytes v1.12.1
portable	Native keyboard test support	2026-10-02T16:58:02.0216060Z ^[[1m^[[92m   Compiling^[[0m heapless v0.9.3
portable	Native keyboard test support	2026-10-02T16:58:02.2005806Z ^[[1m^[[92m   Compiling^[[0m http v1.5.0
portable	Native keyboard test support	2026-10-02T16:58:03.2139926Z ^[[1m^[[92m   Compiling^[[0m addr2line v0.25.1
portable	Native keyboard test support	2026-10-02T16:58:03.2456107Z ^[[1m^[[92m   Compiling^[[0m gif v0.14.2
portable	Native keyboard test support	2026-10-02T16:58:03.4936664Z ^[[1m^[[92m   Compiling^[[0m derive_more-impl v2.1.1
portable	Native keyboard test support	2026-10-02T16:58:04.0306656Z ^[[1m^[[92m   Compiling^[[0m tracing-subscriber v0.3.23
portable	Native keyboard test support	2026-10-02T16:58:05.3056686Z ^[[1m^[[92m   Compiling^[[0m compression-codecs v0.4.38
portable	Native keyboard test support	2026-10-02T16:58:05.5156523Z ^[[1m^[[92m   Compiling^[[0m schemars_derive v1.2.2
portable	Native keyboard test support	2026-10-02T16:58:05.7126001Z ^[[1m^[[92m   Compiling^[[0m image-webp v0.2.4
portable	Native keyboard test support	2026-10-02T16:58:06.3756408Z ^[[1m^[[92m   Compiling^[[0m const-random-macro v0.1.16
portable	Native keyboard test support	2026-10-02T16:58:06.5633100Z ^[[1m^[[92m   Compiling^[[0m phf_generator v0.13.1
portable	Native keyboard test support	2026-10-02T16:58:06.7249008Z ^[[1m^[[92m   Compiling^[[0m pin-project v1.1.13
portable	Native keyboard test support	2026-10-02T16:58:06.8066120Z ^[[1m^[[92m   Compiling^[[0m read-fonts v0.41.0
portable	Native keyboard test support	2026-10-02T16:58:06.9047168Z ^[[1m^[[92m   Compiling^[[0m read-fonts v0.37.0
portable	Native keyboard test support	2026-10-02T16:58:07.2035971Z ^[[1m^[[92m   Compiling^[[0m inout v0.1.4
portable	Native keyboard test support	2026-10-02T16:58:07.2745816Z ^[[1m^[[92m   Compiling^[[0m gpui-pre-zlog v0.3.7
portable	Native keyboard test support	2026-10-02T16:58:07.9646114Z ^[[1m^[[92m   Compiling^[[0m atspi-common v0.13.0
portable	Native keyboard test support	2026-10-02T16:58:09.6346597Z ^[[1m^[[92m   Compiling^[[0m idna v1.1.0
portable	Native keyboard test support	2026-10-02T16:58:10.4466255Z ^[[1m^[[92m   Compiling^[[0m svgtypes v0.16.1
portable	Native keyboard test support	2026-10-02T16:58:11.0506763Z ^[[1m^[[92m   Compiling^[[0m tiny-skia v0.11.4
portable	Native keyboard test support	2026-10-02T16:58:15.2176462Z ^[[1m^[[92m   Compiling^[[0m hash32 v0.3.1
portable	Native keyboard test support	2026-10-02T16:58:15.2886180Z ^[[1m^[[92m   Compiling^[[0m rayon v1.12.0
portable	Native keyboard test support	2026-10-02T16:58:16.1926094Z ^[[1m^[[92m   Compiling^[[0m wayland-protocols v0.32.13
portable	Native keyboard test support	2026-10-02T16:58:16.4246017Z ^[[1m^[[92m   Compiling^[[0m convert_case v0.11.0
portable	Native keyboard test support	2026-10-02T16:58:16.6516029Z ^[[1m^[[92m   Compiling^[[0m spin v0.9.9
portable	Native keyboard test support	2026-10-02T16:58:16.7446636Z ^[[1m^[[92m   Compiling^[[0m wgpu-core v29.0.4
portable	Native keyboard test support	2026-10-02T16:58:16.7876430Z ^[[1m^[[92m   Compiling^[[0m tempfile v3.27.0
portable	Native keyboard test support	2026-10-02T16:58:16.9736906Z ^[[1m^[[92m   Compiling^[[0m zune-inflate v0.2.54
portable	Native keyboard test support	2026-10-02T16:58:17.1885972Z ^[[1m^[[92m   Compiling^[[0m rgb v0.8.53
portable	Native keyboard test support	2026-10-02T16:58:17.2119400Z ^[[1m^[[92m   Compiling^[[0m roxmltree v0.21.1
portable	Native keyboard test support	2026-10-02T16:58:17.2895986Z ^[[1m^[[92m   Compiling^[[0m ahash v0.8.12
portable	Native keyboard test support	2026-10-02T16:58:17.3916246Z ^[[1m^[[92m   Compiling^[[0m wait-timeout v0.2.1
portable	Native keyboard test support	2026-10-02T16:58:17.4676016Z ^[[1m^[[92m   Compiling^[[0m bit_field v0.10.3
portable	Native keyboard test support	2026-10-02T16:58:17.5539603Z ^[[1m^[[92m   Compiling^[[0m gpui-pre-ztracing-macro v0.3.7
portable	Native keyboard test support	2026-10-02T16:58:17.6243706Z ^[[1m^[[92m   Compiling^[[0m litrs v1.0.0
portable	Native keyboard test support	2026-10-02T16:58:17.6756044Z ^[[1m^[[92m   Compiling^[[0m ryu v1.0.23
portable	Native keyboard test support	2026-10-02T16:58:17.7976563Z ^[[1m^[[92m   Compiling^[[0m float_next_after v1.0.0
portable	Native keyboard test support	2026-10-02T16:58:17.8346404Z ^[[1m^[[92m   Compiling^[[0m quick-error v1.2.3
portable	Native keyboard test support	2026-10-02T16:58:17.8806407Z ^[[1m^[[92m   Compiling^[[0m fax v0.2.7
portable	Native keyboard test support	2026-10-02T16:58:18.0657950Z ^[[1m^[[92m   Compiling^[[0m as-raw-xcb-connection v1.0.1
portable	Native keyboard test support	2026-10-02T16:58:18.0658927Z ^[[1m^[[92m   Compiling^[[0m imagesize v0.14.0
portable	Native keyboard test support	2026-10-02T16:58:18.0926506Z ^[[1m^[[92m   Compiling^[[0m same-file v1.0.6
portable	Native keyboard test support	2026-10-02T16:58:18.1062571Z ^[[1m^[[92m   Compiling^[[0m rustc-demangle v0.1.28
portable	Native keyboard test support	2026-10-02T16:58:18.1746907Z ^[[1m^[[92m   Compiling^[[0m xcursor v0.3.11
portable	Native keyboard test support	2026-10-02T16:58:18.4896103Z ^[[1m^[[92m   Compiling^[[0m smol_str v0.3.6
portable	Native keyboard test support	2026-10-02T16:58:18.5096420Z ^[[1m^[[92m   Compiling^[[0m option-ext v0.2.0
portable	Native keyboard test support	2026-10-02T16:58:18.5306153Z ^[[1m^[[92m   Compiling^[[0m pxfm v0.1.30
portable	Native keyboard test support	2026-10-02T16:58:18.5421956Z ^[[1m^[[92m   Compiling^[[0m lebe v0.5.3
portable	Native keyboard test support	2026-10-02T16:58:18.6529396Z ^[[1m^[[92m   Compiling^[[0m dyn-clone v1.0.20
portable	Native keyboard test support	2026-10-02T16:58:18.6736910Z ^[[1m^[[92m   Compiling^[[0m exr v1.74.2
portable	Native keyboard test support	2026-10-02T16:58:18.7186814Z ^[[1m^[[92m   Compiling^[[0m schemars v1.2.2
portable	Native keyboard test support	2026-10-02T16:58:20.4386309Z ^[[1m^[[92m   Compiling^[[0m dirs-sys v0.4.1
portable	Native keyboard test support	2026-10-02T16:58:20.6766228Z ^[[1m^[[92m   Compiling^[[0m moxcms v0.8.1
portable	Native keyboard test support	2026-10-02T16:58:22.2646550Z ^[[1m^[[92m   Compiling^[[0m backtrace v0.3.76
portable	Native keyboard test support	2026-10-02T16:58:23.0016065Z ^[[1m^[[92m   Compiling^[[0m usvg v0.46.0
portable	Native keyboard test support	2026-10-02T16:58:23.7816522Z ^[[1m^[[92m   Compiling^[[0m walkdir v2.5.0
portable	Native keyboard test support	2026-10-02T16:58:23.9617249Z ^[[1m^[[92m   Compiling^[[0m document-features v0.2.12
portable	Native keyboard test support	2026-10-02T16:58:24.0786619Z ^[[1m^[[92m   Compiling^[[0m tiff v0.11.3
portable	Native keyboard test support	2026-10-02T16:58:24.3495966Z ^[[1m^[[92m   Compiling^[[0m rusty-fork v0.3.1
portable	Native keyboard test support	2026-10-02T16:58:24.6746231Z ^[[1m^[[92m   Compiling^[[0m lyon_tessellation v1.0.20
portable	Native keyboard test support	2026-10-02T16:58:25.6519591Z ^[[1m^[[92m   Compiling^[[0m serde_urlencoded v0.7.1
portable	Native keyboard test support	2026-10-02T16:58:25.8866108Z ^[[1m^[[92m   Compiling^[[0m flume v0.12.0
portable	Native keyboard test support	2026-10-02T16:58:25.8883629Z ^[[1m^[[92m   Compiling^[[0m proptest-macro v0.5.0
portable	Native keyboard test support	2026-10-02T16:58:26.1206072Z ^[[1m^[[92m   Compiling^[[0m gpui-pre-perf v0.3.7
portable	Native keyboard test support	2026-10-02T16:58:26.4283704Z ^[[1m^[[92m   Compiling^[[0m skrifa v0.44.0
portable	Native keyboard test support	2026-10-02T16:58:26.8623264Z ^[[1m^[[92m   Compiling^[[0m url v2.5.8
portable	Native keyboard test support	2026-10-02T16:58:27.3011241Z ^[[1m^[[92m   Compiling^[[0m cipher v0.4.4
portable	Native keyboard test support	2026-10-02T16:58:27.4776569Z ^[[1m^[[92m   Compiling^[[0m phf_macros v0.13.1
portable	Native keyboard test support	2026-10-02T16:58:27.7346281Z ^[[1m^[[92m   Compiling^[[0m const-random v0.1.18
portable	Native keyboard test support	2026-10-02T16:58:27.7656008Z ^[[1m^[[92m   Compiling^[[0m derive_more v2.1.1
portable	Native keyboard test support	2026-10-02T16:58:27.8286785Z ^[[1m^[[92m   Compiling^[[0m async-compression v0.4.43
portable	Native keyboard test support	2026-10-02T16:58:28.0496354Z ^[[1m^[[92m   Compiling^[[0m wgpu-core-deps-windows-linux-android v29.0.4
portable	Native keyboard test support	2026-10-02T16:58:28.0826366Z ^[[1m^[[92m   Compiling^[[0m http-body v1.1.0
portable	Native keyboard test support	2026-10-02T16:58:28.1048187Z ^[[1m^[[92m   Compiling^[[0m lyon_algorithms v1.0.20
portable	Native keyboard test support	2026-10-02T16:58:28.1666116Z ^[[1m^[[92m   Compiling^[[0m num-bigint v0.4.8
portable	Native keyboard test support	2026-10-02T16:58:28.5426414Z ^[[1m^[[92m   Compiling^[[0m num-iter v0.1.46
portable	Native keyboard test support	2026-10-02T16:58:28.5976527Z ^[[1m^[[92m   Compiling^[[0m hmac v0.12.1
portable	Native keyboard test support	2026-10-02T16:58:28.6675983Z ^[[1m^[[92m   Compiling^[[0m strum_macros v0.28.0
portable	Native keyboard test support	2026-10-02T16:58:29.6636578Z ^[[1m^[[92m   Compiling^[[0m png v0.18.1
portable	Native keyboard test support	2026-10-02T16:58:29.7148992Z ^[[1m^[[92m   Compiling^[[0m rand_xorshift v0.4.0
portable	Native keyboard test support	2026-10-02T16:58:29.9776246Z ^[[1m^[[92m   Compiling^[[0m wgpu v29.0.4
portable	Native keyboard test support	2026-10-02T16:58:30.3335987Z ^[[1m^[[92m   Compiling^[[0m gethostname v1.1.0
portable	Native keyboard test support	2026-10-02T16:58:30.3817053Z ^[[1m^[[92m   Compiling^[[0m qoi v0.4.1
portable	Native keyboard test support	2026-10-02T16:58:30.4706071Z ^[[1m^[[92m   Compiling^[[0m crossbeam-queue v0.3.13
portable	Native keyboard test support	2026-10-02T16:58:30.5652658Z ^[[1m^[[92m   Compiling^[[0m gpui-pre-derive-refineable v0.3.7
portable	Native keyboard test support	2026-10-02T16:58:30.5702370Z ^[[1m^[[92m   Compiling^[[0m x11rb-protocol v0.13.2
portable	Native keyboard test support	2026-10-02T16:58:30.9839959Z ^[[1m^[[92m   Compiling^[[0m svg_fmt v0.4.5
portable	Native keyboard test support	2026-10-02T16:58:31.0477638Z ^[[1m^[[92m   Compiling^[[0m pollster v0.2.5
portable	Native keyboard test support	2026-10-02T16:58:31.1199699Z ^[[1m^[[92m   Compiling^[[0m zeno v0.3.3
portable	Native keyboard test support	2026-10-02T16:58:31.1586297Z ^[[1m^[[92m   Compiling^[[0m atomic v0.5.3
portable	Native keyboard test support	2026-10-02T16:58:31.2686184Z ^[[1m^[[92m   Compiling^[[0m xim-parser v0.2.2
portable	Native keyboard test support	2026-10-02T16:58:31.3816649Z ^[[1m^[[92m   Compiling^[[0m fixedbitset v0.5.7
portable	Native keyboard test support	2026-10-02T16:58:31.6376349Z ^[[1m^[[92m   Compiling^[[0m link-section v0.19.3
portable	Native keyboard test support	2026-10-02T16:58:31.6653696Z ^[[1m^[[92m   Compiling^[[0m num-bigint-dig v0.9.1
portable	Native keyboard test support	2026-10-02T16:58:31.7286290Z ^[[1m^[[92m   Compiling^[[0m cpufeatures v0.2.17
portable	Native keyboard test support	2026-10-02T16:58:31.7576348Z ^[[1m^[[92m   Compiling^[[0m gpui-pre v0.3.7
portable	Native keyboard test support	2026-10-02T16:58:31.7676341Z ^[[1m^[[92m   Compiling^[[0m zed-font-kit v0.14.1-zed
portable	Native keyboard test support	2026-10-02T16:58:31.8567346Z ^[[1m^[[92m   Compiling^[[0m unarray v0.1.4
portable	Native keyboard test support	2026-10-02T16:58:31.8587366Z ^[[1m^[[92m   Compiling^[[0m yazi v0.2.1
portable	Native keyboard test support	2026-10-02T16:58:31.8890730Z ^[[1m^[[92m   Compiling^[[0m linktime-proc-macro v0.2.3
portable	Native keyboard test support	2026-10-02T16:58:31.9026147Z ^[[1m^[[92m   Compiling^[[0m web-time v1.1.0
portable	Native keyboard test support	2026-10-02T16:58:31.9396722Z ^[[1m^[[92m   Compiling^[[0m gpui-pre-scheduler v0.3.7
portable	Native keyboard test support	2026-10-02T16:58:32.3606652Z ^[[1m^[[92m   Compiling^[[0m swash v0.2.10
portable	Native keyboard test support	2026-10-02T16:58:32.4456052Z ^[[1m^[[92m   Compiling^[[0m ctor v1.0.13
portable	Native keyboard test support	2026-10-02T16:58:32.5320537Z ^[[1m^[[92m   Compiling^[[0m proptest v1.11.0
portable	Native keyboard test support	2026-10-02T16:58:33.1155733Z ^[[1m^[[92m   Compiling^[[0m futures-concurrency v7.7.1
portable	Native keyboard test support	2026-10-02T16:58:36.8996539Z ^[[1m^[[92m   Compiling^[[0m postage v0.5.0
portable	Native keyboard test support	2026-10-02T16:58:37.0129625Z ^[[1m^[[92m   Compiling^[[0m etagere v0.2.15
portable	Native keyboard test support	2026-10-02T16:58:37.2286592Z ^[[1m^[[92m   Compiling^[[0m gpui-pre-refineable v0.3.7
portable	Native keyboard test support	2026-10-02T16:58:37.2526550Z ^[[1m^[[92m   Compiling^[[0m image v0.25.10
portable	Native keyboard test support	2026-10-02T16:58:37.2806726Z ^[[1m^[[92m   Compiling^[[0m strum v0.28.0
portable	Native keyboard test support	2026-10-02T16:58:37.3449663Z ^[[1m^[[92m   Compiling^[[0m phf v0.13.1
portable	Native keyboard test support	2026-10-02T16:58:37.4456566Z ^[[1m^[[92m   Compiling^[[0m num-rational v0.4.2
portable	Native keyboard test support	2026-10-02T16:58:37.8785957Z ^[[1m^[[92m   Compiling^[[0m lyon v1.0.19
portable	Native keyboard test support	2026-10-02T16:58:37.9176070Z ^[[1m^[[92m   Compiling^[[0m gpui-pre-http-client v0.3.7
portable	Native keyboard test support	2026-10-02T16:58:38.9076570Z ^[[1m^[[92m   Compiling^[[0m pathfinder_geometry v0.5.1
portable	Native keyboard test support	2026-10-02T16:58:39.0736866Z ^[[1m^[[92m   Compiling^[[0m gpui-pre-sum-tree v0.3.7
portable	Native keyboard test support	2026-10-02T16:58:39.4276790Z ^[[1m^[[92m   Compiling^[[0m gpui-pre-util-macros v0.3.7
portable	Native keyboard test support	2026-10-02T16:58:39.6816205Z ^[[1m^[[92m   Compiling^[[0m resvg v0.46.0
portable	Native keyboard test support	2026-10-02T16:58:41.2696763Z ^[[1m^[[92m   Compiling^[[0m x11rb v0.13.2
portable	Native keyboard test support	2026-10-02T16:58:43.2096469Z ^[[1m^[[92m   Compiling^[[0m dirs v5.0.1
portable	Native keyboard test support	2026-10-02T16:58:43.2656176Z ^[[1m^[[92m   Compiling^[[0m gpui-pre-shared-string v0.3.7
portable	Native keyboard test support	2026-10-02T16:58:43.3406796Z ^[[1m^[[92m   Compiling^[[0m skrifa v0.40.0
portable	Native keyboard test support	2026-10-02T16:58:47.1556040Z ^[[1m^[[92m   Compiling^[[0m harfrust v0.5.2
portable	Native keyboard test support	2026-10-02T16:58:47.5196439Z ^[[1m^[[92m   Compiling^[[0m atspi-proxies v0.13.0
portable	Native keyboard test support	2026-10-02T16:58:48.2916141Z ^[[1m^[[92m   Compiling^[[0m regex v1.13.1
portable	Native keyboard test support	2026-10-02T16:58:48.7066588Z ^[[1m^[[92m   Compiling^[[0m accesskit_consumer v0.38.0
portable	Native keyboard test support	2026-10-02T16:58:49.1666029Z ^[[1m^[[92m   Compiling^[[0m itertools v0.14.0
portable	Native keyboard test support	2026-10-02T16:58:49.8826049Z ^[[1m^[[92m   Compiling^[[0m gpui-pre-macros v0.3.7
portable	Native keyboard test support	2026-10-02T16:58:50.4899146Z ^[[1m^[[92m   Compiling^[[0m taffy v0.13.0
portable	Native keyboard test support	2026-10-02T16:58:50.6475971Z ^[[1m^[[92m   Compiling^[[0m async-fs v2.2.0
portable	Native keyboard test support	2026-10-02T16:58:51.1366019Z ^[[1m^[[92m   Compiling^[[0m spin v0.10.1
portable	Native keyboard test support	2026-10-02T16:58:51.2656266Z ^[[1m^[[92m   Compiling^[[0m is-docker v0.2.0
portable	Native keyboard test support	2026-10-02T16:58:51.3715495Z ^[[1m^[[92m   Compiling^[[0m num_cpus v1.17.0
portable	Native keyboard test support	2026-10-02T16:58:51.5806977Z ^[[1m^[[92m   Compiling^[[0m encoding_rs v0.8.35
portable	Native keyboard test support	2026-10-02T16:58:51.6816305Z ^[[1m^[[92m   Compiling^[[0m self_cell v1.3.0
portable	Native keyboard test support	2026-10-02T16:58:51.7331526Z ^[[1m^[[92m   Compiling^[[0m unicode-linebreak v0.1.5
portable	Native keyboard test support	2026-10-02T16:58:51.8846300Z ^[[1m^[[92m   Compiling^[[0m pollster v0.4.0
portable	Native keyboard test support	2026-10-02T16:58:51.9146187Z ^[[1m^[[92m   Compiling^[[0m seahash v4.1.0
portable	Native keyboard test support	2026-10-02T16:58:51.9546115Z ^[[1m^[[92m   Compiling^[[0m waker-fn v1.2.0
portable	Native keyboard test support	2026-10-02T16:58:51.9855108Z ^[[1m^[[92m   Compiling^[[0m sys-locale v0.3.2
portable	Native keyboard test support	2026-10-02T16:58:52.0166074Z ^[[1m^[[92m   Compiling^[[0m rangemap v1.8.0
portable	Native keyboard test support	2026-10-02T16:58:52.0926162Z ^[[1m^[[92m   Compiling^[[0m linebender_resource_handle v0.1.1
portable	Native keyboard test support	2026-10-02T16:58:52.1445512Z ^[[1m^[[92m   Compiling^[[0m float-ord v0.3.2
portable	Native keyboard test support	2026-10-02T16:58:52.1776430Z ^[[1m^[[92m   Compiling^[[0m inventory v0.3.24
portable	Native keyboard test support	2026-10-02T16:58:52.2445924Z ^[[1m^[[92m   Compiling^[[0m cosmic-text v0.19.0
portable	Native keyboard test support	2026-10-02T16:58:53.1346639Z ^[[1m^[[92m   Compiling^[[0m xim-ctext v0.3.0
portable	Native keyboard test support	2026-10-02T16:58:53.2136211Z ^[[1m^[[92m   Compiling^[[0m is-wsl v0.4.0
portable	Native keyboard test support	2026-10-02T16:58:53.2873369Z ^[[1m^[[92m   Compiling^[[0m accesskit_atspi_common v0.19.1
portable	Native keyboard test support	2026-10-02T16:58:53.3515701Z ^[[1m^[[92m   Compiling^[[0m atspi v0.29.0
portable	Native keyboard test support	2026-10-02T16:58:54.3866055Z ^[[1m^[[92m   Compiling^[[0m num v0.4.3
portable	Native keyboard test support	2026-10-02T16:58:55.4516109Z ^[[1m^[[92m   Compiling^[[0m aes v0.8.4
portable	Native keyboard test support	2026-10-02T16:58:55.9716033Z ^[[1m^[[92m   Compiling^[[0m sha2 v0.10.9
portable	Native keyboard test support	2026-10-02T16:58:56.2897010Z ^[[1m^[[92m   Compiling^[[0m pbkdf2 v0.12.2
portable	Native keyboard test support	2026-10-02T16:58:56.3416121Z ^[[1m^[[92m   Compiling^[[0m hkdf v0.12.4
portable	Native keyboard test support	2026-10-02T16:58:56.4176419Z ^[[1m^[[92m   Compiling^[[0m cbc v0.1.2
portable	Native keyboard test support	2026-10-02T16:58:56.4896079Z ^[[1m^[[92m   Compiling^[[0m ashpd v0.13.13
portable	Native keyboard test support	2026-10-02T16:58:56.5066464Z ^[[1m^[[92m   Compiling^[[0m md-5 v0.10.6
portable	Native keyboard test support	2026-10-02T16:58:56.5886232Z ^[[1m^[[92m   Compiling^[[0m async-net v2.0.0
portable	Native keyboard test support	2026-10-02T16:58:57.1526428Z ^[[1m^[[92m   Compiling^[[0m calloop v0.14.4
portable	Native keyboard test support	2026-10-02T16:58:57.3908675Z ^[[1m^[[92m   Compiling^[[0m kurbo v0.11.3
portable	Native keyboard test support	2026-10-02T16:58:57.9088631Z ^[[1m^[[92m   Compiling^[[0m smartstring v1.0.1
portable	Native keyboard test support	2026-10-02T16:58:58.0126864Z ^[[1m^[[92m   Compiling^[[0m xkeysym v0.2.1
portable	Native keyboard test support	2026-10-02T16:58:58.6550315Z ^[[1m^[[92m   Compiling^[[0m hashbrown v0.14.5
portable	Native keyboard test support	2026-10-02T16:58:58.8825868Z ^[[1m^[[92m   Compiling^[[0m utf8parse v0.2.2
portable	Native keyboard test support	2026-10-02T16:58:58.9276314Z ^[[1m^[[92m   Compiling^[[0m anstyle-parse v1.0.0
portable	Native keyboard test support	2026-10-02T16:58:59.0333534Z ^[[1m^[[92m   Compiling^[[0m xkbcommon v0.8.0
portable	Native keyboard test support	2026-10-02T16:58:59.1696565Z ^[[1m^[[92m   Compiling^[[0m zed-xim v0.4.0-zed
portable	Native keyboard test support	2026-10-02T16:58:59.2756027Z ^[[1m^[[92m   Compiling^[[0m svgtypes v0.15.3
portable	Native keyboard test support	2026-10-02T16:58:59.3566239Z ^[[1m^[[92m   Compiling^[[0m oo7 v0.6.0
portable	Native keyboard test support	2026-10-02T16:58:59.9186771Z ^[[1m^[[92m   Compiling^[[0m calloop-wayland-source v0.4.1
portable	Native keyboard test support	2026-10-02T16:58:59.9576590Z ^[[1m^[[92m   Compiling^[[0m smol v2.0.2
portable	Native keyboard test support	2026-10-02T16:58:59.9872528Z ^[[1m^[[92m   Compiling^[[0m accesskit_unix v0.22.1
portable	Native keyboard test support	2026-10-02T16:59:00.2306487Z ^[[1m^[[92m   Compiling^[[0m open v5.4.2
portable	Native keyboard test support	2026-10-02T16:59:00.4116456Z ^[[1m^[[92m   Compiling^[[0m x11-clipboard v0.9.3
portable	Native keyboard test support	2026-10-02T16:59:01.1246710Z ^[[1m^[[92m   Compiling^[[0m wayland-protocols-plasma v0.3.12
portable	Native keyboard test support	2026-10-02T16:59:02.6936602Z ^[[1m^[[92m   Compiling^[[0m wayland-protocols-wlr v0.3.12
portable	Native keyboard test support	2026-10-02T16:59:04.1686584Z ^[[1m^[[92m   Compiling^[[0m wayland-cursor v0.31.14
portable	Native keyboard test support	2026-10-02T16:59:04.3736175Z ^[[1m^[[92m   Compiling^[[0m filedescriptor v0.8.3
portable	Native keyboard test support	2026-10-02T16:59:04.4416078Z ^[[1m^[[92m   Compiling^[[0m notify-rust v4.18.0
portable	Native keyboard test support	2026-10-02T16:59:04.5056472Z ^[[1m^[[92m   Compiling^[[0m serde_spanned v0.6.9
portable	Native keyboard test support	2026-10-02T16:59:04.5760546Z ^[[1m^[[92m   Compiling^[[0m toml_datetime v0.6.11
portable	Native keyboard test support	2026-10-02T16:59:04.7786082Z ^[[1m^[[92m   Compiling^[[0m toml_write v0.1.2
portable	Native keyboard test support	2026-10-02T16:59:04.9010255Z ^[[1m^[[92m   Compiling^[[0m is_terminal_polyfill v1.70.2
portable	Native keyboard test support	2026-10-02T16:59:04.9446117Z ^[[1m^[[92m   Compiling^[[0m imagesize v0.13.0
portable	Native keyboard test support	2026-10-02T16:59:05.3486615Z ^[[1m^[[92m   Compiling^[[0m anstyle-query v1.1.5
portable	Native keyboard test support	2026-10-02T16:59:05.3956088Z ^[[1m^[[92m   Compiling^[[0m linked-hash-map v0.5.6
portable	Native keyboard test support	2026-10-02T16:59:05.5146155Z ^[[1m^[[92m   Compiling^[[0m anstyle v1.0.14
portable	Native keyboard test support	2026-10-02T16:59:05.6676191Z ^[[1m^[[92m   Compiling^[[0m colorchoice v1.0.5
portable	Native keyboard test support	2026-10-02T16:59:05.7156069Z ^[[1m^[[92m   Compiling^[[0m winnow v0.7.15
portable	Native keyboard test support	2026-10-02T16:59:06.1856546Z ^[[1m^[[92m   Compiling^[[0m anstream v1.0.0
portable	Native keyboard test support	2026-10-02T16:59:06.4276002Z ^[[1m^[[92m   Compiling^[[0m yaml-rust v0.4.5
portable	Native keyboard test support	2026-10-02T16:59:06.8745967Z ^[[1m^[[92m   Compiling^[[0m usvg v0.45.1
portable	Native keyboard test support	2026-10-02T16:59:07.2213515Z ^[[1m^[[92m   Compiling^[[0m gpui-pre-wgpu v0.3.7
portable	Native keyboard test support	2026-10-02T16:59:07.3986314Z ^[[1m^[[92m   Compiling^[[0m toml_edit v0.22.27
portable	Native keyboard test support	2026-10-02T16:59:09.6666673Z ^[[1m^[[92m   Compiling^[[0m gpui-pre-linux v0.3.7
portable	Native keyboard test support	2026-10-02T16:59:10.6033830Z ^[[1m^[[92m   Compiling^[[0m fancy-regex v0.16.2
portable	Native keyboard test support	2026-10-02T16:59:11.1836119Z ^[[1m^[[92m   Compiling^[[0m bincode v1.3.3
portable	Native keyboard test support	2026-10-02T16:59:11.5486651Z ^[[1m^[[92m   Compiling^[[0m rhai_codegen v3.2.0
portable	Native keyboard test support	2026-10-02T16:59:11.6826482Z ^[[1m^[[92m   Compiling^[[0m strsim v0.11.1
portable	Native keyboard test support	2026-10-02T16:59:12.0026966Z ^[[1m^[[92m   Compiling^[[0m thin-vec v0.2.19
portable	Native keyboard test support	2026-10-02T16:59:12.1996672Z ^[[1m^[[92m   Compiling^[[0m jiff-core v0.1.0
portable	Native keyboard test support	2026-10-02T16:59:12.6316090Z ^[[1m^[[92m   Compiling^[[0m clap_lex v1.1.1
portable	Native keyboard test support	2026-10-02T16:59:12.7876111Z ^[[1m^[[92m   Compiling^[[0m clap_builder v4.6.7
portable	Native keyboard test support	2026-10-02T16:59:13.4326799Z ^[[1m^[[92m   Compiling^[[0m gpui-pre-platform v0.3.7
portable	Native keyboard test support	2026-10-02T16:59:13.7356645Z ^[[1m^[[92m   Compiling^[[0m jiff v0.2.35
portable	Native keyboard test support	2026-10-02T16:59:17.0924301Z ^[[1m^[[92m   Compiling^[[0m rhai v1.26.0
portable	Native keyboard test support	2026-10-02T16:59:18.1179269Z ^[[1m^[[92m   Compiling^[[0m syntect v5.3.0
portable	Native keyboard test support	2026-10-02T16:59:21.3345066Z ^[[1m^[[92m   Compiling^[[0m toml v0.8.23
portable	Native keyboard test support	2026-10-02T16:59:22.0825215Z ^[[1m^[[92m   Compiling^[[0m resvg v0.45.1
portable	Native keyboard test support	2026-10-02T16:59:22.7065857Z ^[[1m^[[92m   Compiling^[[0m clap_derive v4.6.7
portable	Native keyboard test support	2026-10-02T16:59:24.3703140Z ^[[1m^[[92m   Compiling^[[0m similar v3.2.0
portable	Native keyboard test support	2026-10-02T16:59:26.8581428Z ^[[1m^[[92m   Compiling^[[0m clap v4.6.7
portable	Native keyboard test support	2026-10-02T16:59:26.9030485Z ^[[1m^[[92m   Compiling^[[0m gpui-rhai-registry v0.1.8 (/home/runner/work/gpui-rhai/gpui-rhai/registry)
portable	Native keyboard test support	2026-10-02T16:59:27.5335310Z ^[[1m^[[92m   Compiling^[[0m gpui-rhai v0.1.8 (/home/runner/work/gpui-rhai/gpui-rhai/crates/gpui-rhai)
portable	Native keyboard test support	2026-10-02T16:59:42.7875114Z ^[[1m^[[92m   Compiling^[[0m gpui-rhai-cli v0.1.8 (/home/runner/work/gpui-rhai/gpui-rhai/crates/gpui-rhai-cli)
portable	Native keyboard test support	2026-10-02T17:00:04.0971659Z ^[[1m^[[92m   Compiling^[[0m gpui-rhai-native-keyboard-tests v0.0.0 (/home/runner/work/gpui-rhai/gpui-rhai/tests/native-keyboard)
portable	Native keyboard test support	2026-10-02T17:00:49.1019833Z ^[[1m^[[92m    Finished^[[0m `test` profile [unoptimized + debuginfo] target(s) in 3m 38s
portable	Native keyboard test support	2026-10-02T17:00:50.0228826Z ^[[1m^[[92m     Running^[[0m unittests src/bin/theme_appearance_probe.rs (tests/native-keyboard/target/debug/deps/theme_appearance_probe-0b9d19421078f220)
portable	Native keyboard test support	2026-10-02T17:00:50.0267430Z ^[[1m^[[92m     Running^[[0m tests/asset_refresh_host.rs (tests/native-keyboard/target/debug/deps/asset_refresh_host-977e85fafef34dde)
portable	Native keyboard test support	2026-10-02T17:00:50.0268183Z 
portable	Native keyboard test support	2026-10-02T17:00:50.0268331Z running 0 tests
portable	Native keyboard test support	2026-10-02T17:00:50.0268501Z 
portable	Native keyboard test support	2026-10-02T17:00:50.0268848Z test result: ok. 0 passed; 0 failed; 0 ignored; 0 measured; 0 filtered out; finished in 0.00s
portable	Native keyboard test support	2026-10-02T17:00:50.0269382Z 
portable	Native keyboard test support	2026-10-02T17:00:50.0370563Z 
portable	Native keyboard test support	2026-10-02T17:00:50.0370877Z running 2 tests
portable	Native keyboard test support	2026-10-02T17:00:51.2400078Z test task_result_publishes_changed_pixels_with_stable_asset_and_opaque_handle ... ok
portable	Native keyboard test support	2026-10-02T17:00:51.2597004Z test shared_registry_requires_host_scheduled_foreground_window_refresh ... ok
portable	Native keyboard test support	2026-10-02T17:00:51.2597564Z 
portable	Native keyboard test support	2026-10-02T17:00:51.2597934Z test result: ok. 2 passed; 0 failed; 0 ignored; 0 measured; 0 filtered out; finished in 1.22s
portable	Native keyboard test support	2026-10-02T17:00:51.2598441Z 
portable	Native keyboard test support	2026-10-02T17:00:51.2631742Z ^[[1m^[[92m     Running^[[0m tests/charts.rs (tests/native-keyboard/target/debug/deps/charts-87af44aa30fcd832)
portable	Native keyboard test support	2026-10-02T17:00:51.2668614Z 
portable	Native keyboard test support	2026-10-02T17:00:51.2668766Z running 30 tests
portable	Native keyboard test support	2026-10-02T17:00:52.4897201Z test chart_adapter_normalizes_full_spec_series_kind ... ok
portable	Native keyboard test support	2026-10-02T17:00:52.5965999Z test acknowledging_an_old_proposal_preserves_the_current_gesture ... ok
portable	Native keyboard test support	2026-10-02T17:00:52.6015766Z test canceling_preview_rebuilds_the_committed_frame ... ok
portable	Native keyboard test support	2026-10-02T17:00:52.6723267Z test chart_brush_does_not_capture_legend_control ... ok
portable	Native keyboard test support	2026-10-02T17:00:52.7125802Z test chart_business_key_cannot_become_a_control_role ... ok
portable	Native keyboard test support	2026-10-02T17:00:52.7511826Z test chart_controlled_zoom_rejects_unacknowledged_preview ... ok
portable	Native keyboard test support	2026-10-02T17:00:52.7885695Z test chart_gauge_activation_returns_the_source_row_key ... ok
portable	Native keyboard test support	2026-10-02T17:00:52.8855620Z test chart_phase_less_mouse_wheel_commits ... ok
portable	Native keyboard test support	2026-10-02T17:00:52.8879129Z test chart_semantics_expose_active_and_selected_datum ... ok
portable	Native keyboard test support	2026-10-02T17:00:52.9187380Z test chart_motion_freezes_across_view_suspension ... ok
portable	Native keyboard test support	2026-10-02T17:00:53.0345902Z test failed_script_suspend_restores_committed_chart_activity ... ok
portable	Native keyboard test support	2026-10-02T17:00:53.0555800Z test chart_trackpad_preview_survives_intermediate_draw ... ok
portable	Native keyboard test support	2026-10-02T17:00:53.1137077Z test failed_resume_prepare_does_not_consume_chart_motion_time ... ok
portable	Native keyboard test support	2026-10-02T17:00:53.2946520Z test geo_link_group_synchronizes_acknowledged_camera ... ok
portable	Native keyboard test support	2026-10-02T17:00:53.3125895Z test formal_chart_adapters_forward_the_controlled_viewport ... ok
portable	Native keyboard test support	2026-10-02T17:00:53.4016852Z test invalid_chart_candidate_reaches_view_error_and_keeps_last_good_scene ... ok
portable	Native keyboard test support	2026-10-02T17:00:53.4149468Z test invalid_inline_chart_data_reaches_view_error ... ok
portable	Native keyboard test support	2026-10-02T17:00:53.5630881Z test idle_linked_charts_do_not_repeat_layout ... ok
portable	Native keyboard test support	2026-10-02T17:00:53.5985711Z test linked_cartesian_axes_keep_independent_logical_windows ... ok
portable	Native keyboard test support	2026-10-02T17:00:53.7325009Z test linked_selection_keeps_each_chart_source_instead_of_last_writer_wins ... ok
portable	Native keyboard test support	2026-10-02T17:00:53.8696458Z test plain_wheel_over_chart_bubbles_to_scroll_container ... ok
portable	Native keyboard test support	2026-10-02T17:00:53.8895383Z test link_projection_identity_includes_the_group ... ok
portable	Native keyboard test support	2026-10-02T17:00:53.8915631Z test linked_target_gesture_uses_its_effective_axis_window ... ok
portable	Native keyboard test support	2026-10-02T17:00:53.9696494Z test relative_height_chart_presents_when_parent_width_comes_from_stretch ... ok
portable	Native keyboard test support	2026-10-02T17:00:53.9965403Z test resume_finishes_prepared_but_unpresented_frame ... ok
portable	Native keyboard test support	2026-10-02T17:00:54.0985860Z test resize_reprojects_without_discarding_active_preview ... ok
portable	Native keyboard test support	2026-10-02T17:00:54.1085472Z test suspended_chart_coalesces_stream_updates_until_resume ... ok
portable	Native keyboard test support	2026-10-02T17:00:54.2581724Z test unrelated_host_render_does_not_acknowledge_a_viewport_proposal ... ok
portable	Native keyboard test support	2026-10-02T17:00:54.3120745Z test resumed_chart_discards_an_interrupted_explicit_wheel_gesture ... ok
portable	Native keyboard test support	2026-10-02T17:00:58.2410902Z test chart_catalog_story_uses_a_window_bounded_scroll_viewport ... ok
portable	Native keyboard test support	2026-10-02T17:00:58.2411455Z 
portable	Native keyboard test support	2026-10-02T17:00:58.2411839Z test result: ok. 30 passed; 0 failed; 0 ignored; 0 measured; 0 filtered out; finished in 6.97s
portable	Native keyboard test support	2026-10-02T17:00:58.2412382Z 
portable	Native keyboard test support	2026-10-02T17:00:58.2453472Z ^[[1m^[[92m     Running^[[0m tests/control_visuals.rs (tests/native-keyboard/target/debug/deps/control_visuals-1a5b98fa6bf09ea6)
portable	Native keyboard test support	2026-10-02T17:00:58.2491019Z 
portable	Native keyboard test support	2026-10-02T17:00:58.2491304Z running 24 tests
portable	Native keyboard test support	2026-10-02T17:00:59.7375913Z test draggable_previews_natively_and_commits_once_from_the_declared_handle ... ok
portable	Native keyboard test support	2026-10-02T17:00:59.7485726Z test animated_tabs_moves_one_shared_indicator_after_controlled_commit ... ok
portable	Native keyboard test support	2026-10-02T17:00:59.8555655Z test input_wrapper_paints_focus_ring_for_the_native_editor_focus ... ok
portable	Native keyboard test support	2026-10-02T17:00:59.8898507Z test button_and_badge_keep_distinct_density_with_the_same_label ... ok
portable	Native keyboard test support	2026-10-02T17:01:00.1575963Z test pan_zoom_previews_pan_and_commits_pointer_anchored_zoom ... ok
portable	Native keyboard test support	2026-10-02T17:01:00.1772073Z test resizable_drag_previews_natively_and_commits_opposite_corner_geometry ... ok
portable	Native keyboard test support	2026-10-02T17:01:00.3016246Z test range_slider_has_two_keyboard_thumbs_and_one_pointer_commit ... ok
portable	Native keyboard test support	2026-10-02T17:01:00.4975911Z test resizable_keyboard_handle_uses_the_same_controlled_proposal ... ok
portable	Native keyboard test support	2026-10-02T17:01:00.5345732Z test resizable_rejected_proposal_restores_the_controlled_rectangle ... ok
portable	Native keyboard test support	2026-10-02T17:01:00.7624085Z test rotatable_keeps_an_explicit_pivot_and_commits_pointer_and_keyboard ... ok
portable	Native keyboard test support	2026-10-02T17:01:00.7805884Z test interaction_workbench_mounts_and_closes_a_cross_component_drag_loop ... ok
portable	Native keyboard test support	2026-10-02T17:01:00.7883170Z test single_axis_script_scroll_does_not_translate_the_other_axis ... ok
portable	Native keyboard test support	2026-10-02T17:01:00.9232234Z test selection_area_shares_click_range_marquee_and_keyboard_state ... ok
portable	Native keyboard test support	2026-10-02T17:01:01.0701434Z test split_pane_drag_previews_natively_and_commits_only_on_release ... ok
portable	Native keyboard test support	2026-10-02T17:01:01.2096285Z test sortable_proposes_stable_anchors_for_pointer_and_keyboard ... ok
portable	Native keyboard test support	2026-10-02T17:01:01.2676156Z test split_pane_keyboard_step_commits_one_controlled_ratio ... ok
portable	Native keyboard test support	2026-10-02T17:01:01.5016058Z test suspending_active_rotation_cleans_up_using_current_drawable_geometry ... ok
portable	Native keyboard test support	2026-10-02T17:01:01.5826049Z test sortable_drag_auto_scrolls_the_active_drop_container ... ok
portable	Native keyboard test support	2026-10-02T17:01:01.5875289Z test tabs_equal_layout_preserves_track_inset_and_controlled_value ... ok
portable	Native keyboard test support	2026-10-02T17:01:01.6642152Z test tabs_content_and_vertical_layout_use_natural_and_consistent_slots ... ok
portable	Native keyboard test support	2026-10-02T17:01:01.7941483Z test tabs_track_and_slot_follow_theme_spacing_and_typography ... ok
portable	Native keyboard test support	2026-10-02T17:01:01.9583638Z test typed_drag_drop_commits_one_target_and_keyboard_uses_the_same_contract ... ok
portable	Native keyboard test support	2026-10-02T17:01:01.9717732Z test tree_uses_one_controlled_outline_for_expand_navigation_and_selection ... ok
portable	Native keyboard test support	2026-10-02T17:01:02.6057219Z test virtual_sortable_pins_the_dragged_key_while_realization_moves ... ok
portable	Native keyboard test support	2026-10-02T17:01:02.6057780Z 
portable	Native keyboard test support	2026-10-02T17:01:02.6058295Z test result: ok. 24 passed; 0 failed; 0 ignored; 0 measured; 0 filtered out; finished in 4.36s
portable	Native keyboard test support	2026-10-02T17:01:02.6058746Z 
portable	Native keyboard test support	2026-10-02T17:01:02.6130943Z ^[[1m^[[92m     Running^[[0m tests/drag_continuation.rs (tests/native-keyboard/target/debug/deps/drag_continuation-73502fcc1b0f558a)
portable	Native keyboard test support	2026-10-02T17:01:02.6170122Z 
portable	Native keyboard test support	2026-10-02T17:01:02.6170418Z running 3 tests
portable	Native keyboard test support	2026-10-02T17:01:04.0566830Z test canceled_tick_cannot_transfer_previous_destination_to_new_drag ... ok
portable	Native keyboard test support	2026-10-02T17:01:04.1413686Z test open_row_gap_continues_with_stationary_pointer ... ok
portable	Native keyboard test support	2026-10-02T17:01:04.1798765Z test occluding_rejecting_child_blocks_row_gap_continuation ... ok
portable	Native keyboard test support	2026-10-02T17:01:04.1799124Z 
portable	Native keyboard test support	2026-10-02T17:01:04.1799375Z test result: ok. 3 passed; 0 failed; 0 ignored; 0 measured; 0 filtered out; finished in 1.56s
portable	Native keyboard test support	2026-10-02T17:01:04.1799728Z 
portable	Native keyboard test support	2026-10-02T17:01:04.1849825Z ^[[1m^[[92m     Running^[[0m tests/element_ref_subscriptions.rs (tests/native-keyboard/target/debug/deps/element_ref_subscriptions-b0501f48edc392a9)
portable	Native keyboard test support	2026-10-02T17:01:04.1887808Z 
portable	Native keyboard test support	2026-10-02T17:01:04.1888145Z running 8 tests
portable	Native keyboard test support	2026-10-02T17:01:05.4349919Z test tests::round7_formal_virtual_row_unknown_geometry_has_executable_owner_control ... ok
portable	Native keyboard test support	2026-10-02T17:01:05.4485990Z test tests::round7_existing_node_geometry_change_control ... ok
portable	Native keyboard test support	2026-10-02T17:01:05.4605723Z test tests::failed_effect_commit_restores_ref_binding_and_native_subscription ... ok
portable	Native keyboard test support	2026-10-02T17:01:05.4642769Z test tests::reader_retargets_ref_without_retaining_old_node_subscription ... ok
portable	Native keyboard test support	2026-10-02T17:01:05.5135811Z test tests::round7_ref_rebinding_to_new_node_preserves_reader ... ok
portable	Native keyboard test support	2026-10-02T17:01:05.5275632Z test tests::round7_pending_ref_wakes_formal_reader_when_producer_appears ... ok
portable	Native keyboard test support	2026-10-02T17:01:05.5277580Z test tests::round7_ref_removal_notifies_reader ... ok
portable	Native keyboard test support	2026-10-02T17:01:05.5525942Z test tests::suspend_resume_preserves_logical_ref_readers ... ok
portable	Native keyboard test support	2026-10-02T17:01:05.5526423Z 
portable	Native keyboard test support	2026-10-02T17:01:05.5526822Z test result: ok. 8 passed; 0 failed; 0 ignored; 0 measured; 0 filtered out; finished in 1.36s
portable	Native keyboard test support	2026-10-02T17:01:05.5527423Z 
portable	Native keyboard test support	2026-10-02T17:01:05.5550190Z ^[[1m^[[92m     Running^[[0m tests/gallery.rs (tests/native-keyboard/target/debug/deps/gallery-c6317a20aaa50606)
portable	Native keyboard test support	2026-10-02T17:01:05.5749830Z 
portable	Native keyboard test support	2026-10-02T17:01:05.5750206Z running 15 tests
portable	Native keyboard test support	2026-10-02T17:01:07.3675898Z test chart_diagnostic_story_exposes_last_good_invalid_semantics ... ok
portable	Native keyboard test support	2026-10-02T17:01:07.5495975Z test content_bearing_tabs_stretch_table_and_chart_panels ... ok
portable	Native keyboard test support	2026-10-02T17:01:12.4935722Z test full_gallery_shell_supports_keyboard_modes_and_resizable_panes ... ok
portable	Native keyboard test support	2026-10-02T17:01:13.0758771Z test host_embedding_story_types_through_the_real_nested_view_boundary ... ok
portable	Native keyboard test support	2026-10-02T17:01:14.2885964Z test critical_story_viewport_and_locale_matrix_mounts_real_frames ... ok
portable	Native keyboard test support	2026-10-02T17:01:14.5416237Z test host_theme_overrides_survive_live_theme_switches ... ok
portable	Native keyboard test support	2026-10-02T17:01:17.0345908Z test operations_workbench_completes_and_cancels_the_deployment_boundary ... ok
portable	Native keyboard test support	2026-10-02T17:01:17.6535941Z test every_bundled_theme_hot_switches_the_shared_design_story ... ok
portable	Native keyboard test support	2026-10-02T17:01:19.3130500Z test operations_workbench_failure_keeps_the_previous_configuration ... ok
portable	Native keyboard test support	2026-10-02T17:01:20.1385810Z test streaming_workbench_suspend_cancels_late_delivery_and_resume_restarts ... ok
portable	Native keyboard test support	2026-10-02T17:01:21.4580668Z test operations_fixture_cases_are_observable_and_streaming_is_bounded ... ok
portable	Native keyboard test support	2026-10-02T17:01:23.2125933Z test workbench_large_hosts_filter_in_rust_without_materializing_rows_in_rhai ... ok
portable	Native keyboard test support	2026-10-02T17:01:23.2791247Z test workbench_consumes_host_owned_events_and_configuration_documents ... ok
portable	Native keyboard test support	2026-10-02T17:01:23.8925084Z test workbench_sheet_and_command_dialog_share_session_navigation ... ok
portable	Native keyboard test support	2026-10-02T17:01:54.7143998Z test every_gallery_story_case_mounts_draws_and_presents_semantics ... ok
portable	Native keyboard test support	2026-10-02T17:01:54.7144747Z 
portable	Native keyboard test support	2026-10-02T17:01:54.7145055Z test result: ok. 15 passed; 0 failed; 0 ignored; 0 measured; 0 filtered out; finished in 49.14s
portable	Native keyboard test support	2026-10-02T17:01:54.7145551Z 
portable	Native keyboard test support	2026-10-02T17:01:54.7393260Z ^[[1m^[[92m     Running^[[0m tests/host_execution_policy.rs (tests/native-keyboard/target/debug/deps/host_execution_policy-e99a59471f625c23)
portable	Native keyboard test support	2026-10-02T17:01:54.7430511Z 
portable	Native keyboard test support	2026-10-02T17:01:54.7430688Z running 3 tests
portable	Native keyboard test support	2026-10-02T17:01:55.9433359Z test expression_depth_host_policy_mounts_the_same_file_and_embedded_tree ... ok
portable	Native keyboard test support	2026-10-02T17:01:57.0397703Z test child_engine_reapplies_builder_then_extension_policy ... ok
portable	Native keyboard test support	2026-10-02T17:01:58.2723641Z test file_and_embedded_mount_actual_over_default_work_with_host_quota ... ok
portable	Native keyboard test support	2026-10-02T17:01:58.2724906Z 
portable	Native keyboard test support	2026-10-02T17:01:58.2725276Z test result: ok. 3 passed; 0 failed; 0 ignored; 0 measured; 0 filtered out; finished in 3.53s
portable	Native keyboard test support	2026-10-02T17:01:58.2725782Z 
portable	Native keyboard test support	2026-10-02T17:01:58.2744464Z ^[[1m^[[92m     Running^[[0m tests/keyboard.rs (tests/native-keyboard/target/debug/deps/keyboard-0d46c0b16ad26ba3)
portable	Native keyboard test support	2026-10-02T17:01:58.2783067Z 
portable	Native keyboard test support	2026-10-02T17:01:58.2783216Z running 63 tests
portable	Native keyboard test support	2026-10-02T17:01:59.4717474Z test automation_commands_use_mounted_handlers_actions_and_clock ... ok
portable	Native keyboard test support	2026-10-02T17:01:59.4759554Z test autofocus_input_receives_typing_without_any_click ... ok
portable	Native keyboard test support	2026-10-02T17:01:59.4785583Z test canvas_morph_hit_testing_follows_the_presented_path ... ok
portable	Native keyboard test support	2026-10-02T17:01:59.4815419Z test async_workers_wake_the_view_without_input_or_manual_poll ... ok
portable	Native keyboard test support	2026-10-02T17:01:59.5025803Z test click_context_exposes_untracked_event_target_visual_bounds ... ok
portable	Native keyboard test support	2026-10-02T17:01:59.6523693Z test code_and_diff_viewers_mount_native_document_surfaces ... ok
portable	Native keyboard test support	2026-10-02T17:01:59.7645760Z test combobox_pointer_updates_transactional_rhai_caller_state ... ok
portable	Native keyboard test support	2026-10-02T17:01:59.9134091Z test combobox_relative_width_tracks_flex_space_and_sizes_its_panel ... ok
portable	Native keyboard test support	2026-10-02T17:01:59.9962560Z test command_dialog_filters_from_native_input_and_executes_with_enter ... ok
portable	Native keyboard test support	2026-10-02T17:02:00.0045698Z test custom_primitive_rejects_invalid_payload_before_host_callback ... ok
portable	Native keyboard test support	2026-10-02T17:02:00.1915597Z test context_menu_anchors_at_the_right_click_and_closes_with_escape ... ok
portable	Native keyboard test support	2026-10-02T17:02:00.2365781Z test effect_restart_still_delivers_async_task_results ... ok
portable	Native keyboard test support	2026-10-02T17:02:00.2415506Z test duplicate_local_overlay_ids_are_namespaced_per_embedded_view ... ok
portable	Native keyboard test support	2026-10-02T17:02:00.2785979Z test effect_start_state_write_restarts_sibling_effect_and_delivers ... ok
portable	Native keyboard test support	2026-10-02T17:02:00.2791367Z test element_bounds_self_heals_after_first_prepaint_and_resolves_event_keys ... ok
portable	Native keyboard test support	2026-10-02T17:02:00.2855532Z test explicit_occlusion_blocks_pointer_hits_to_painted_siblings ... ok
portable	Native keyboard test support	2026-10-02T17:02:00.3075666Z test embedded_view_suspend_resume_retains_state_and_rejects_new_elements ... ok
portable	Native keyboard test support	2026-10-02T17:02:00.5083245Z test grouped_command_initial_reveal_keeps_its_first_header_natural ... ok
portable	Native keyboard test support	2026-10-02T17:02:00.5165774Z test host_callbacks_dispatch_without_a_script_runtime ... ok
portable	Native keyboard test support	2026-10-02T17:02:00.5503952Z test host_can_suppress_the_builtin_error_banner_without_hiding_last_error ... ok
portable	Native keyboard test support	2026-10-02T17:02:00.5794995Z test host_none_policy_snaps_layout_motion_in_the_presented_frame ... ok
portable	Native keyboard test support	2026-10-02T17:02:00.6651600Z test host_slot_does_not_consume_text_input_before_ime_delivery ... ok
portable	Native keyboard test support	2026-10-02T17:02:00.7185639Z test host_slot_preserves_an_independent_script_view_host ... ok
portable	Native keyboard test support	2026-10-02T17:02:00.7545716Z test host_slot_renders_native_content_without_leaking_events_to_rhai ... ok
portable	Native keyboard test support	2026-10-02T17:02:00.7845697Z test inherited_motion_group_survives_incremental_component_update ... ok
portable	Native keyboard test support	2026-10-02T17:02:01.1116145Z test menu_trigger_routes_roving_and_enter_keys_through_current_rhai_state ... ok
portable	Native keyboard test support	2026-10-02T17:02:01.1705660Z test modal_dialog_reclaims_focus_stolen_by_an_embedding_host ... ok
portable	Native keyboard test support	2026-10-02T17:02:01.1725707Z test grouped_table_headers_stick_through_the_native_virtual_list ... ok
portable	Native keyboard test support	2026-10-02T17:02:01.2255639Z test mounted_view_exposes_failed_render_while_retaining_last_good_root ... ok
portable	Native keyboard test support	2026-10-02T17:02:01.4896063Z test command_preserves_manual_scroll_and_reveals_controlled_active_item ... ok
portable	Native keyboard test support	2026-10-02T17:02:01.5879561Z test multiple_embedded_views_share_host_mechanics_but_isolate_runtime_state ... ok
portable	Native keyboard test support	2026-10-02T17:02:01.6496309Z test native_input_updates_rhai_state_and_clipboard_with_unicode ... ok
portable	Native keyboard test support	2026-10-02T17:02:01.7329584Z test motion_catalog_story_mounts_and_renders_a_real_frame ... ok
portable	Native keyboard test support	2026-10-02T17:02:01.8035911Z test native_text_document_revision_invalidates_exact_viewer_reader ... ok
portable	Native keyboard test support	2026-10-02T17:02:01.8075727Z test nested_overlay_renders_inside_parent_deferred_subtree ... ok
portable	Native keyboard test support	2026-10-02T17:02:01.8515699Z test node_prop_component_keeps_latest_ui_when_receiver_rerenders ... ok
portable	Native keyboard test support	2026-10-02T17:02:01.8845732Z test native_textarea_wraps_inserts_newlines_and_limits_graphemes ... ok
portable	Native keyboard test support	2026-10-02T17:02:01.9075614Z test overlay_default_panel_focus_keeps_keyboard_on_panel ... ok
portable	Native keyboard test support	2026-10-02T17:02:01.9405223Z test read_only_input_allows_selection_and_copy_but_rejects_edits ... ok
portable	Native keyboard test support	2026-10-02T17:02:01.9435500Z test script_runtime_install_is_idempotent_and_key_conflicts_are_explicit ... ok
portable	Native keyboard test support	2026-10-02T17:02:01.9926059Z test overlay_initial_focus_first_reaches_input_on_every_open ... ok
portable	Native keyboard test support	2026-10-02T17:02:01.9993141Z test scroll_area_thumb_drag_updates_the_retained_scroll_handle ... ok
portable	Native keyboard test support	2026-10-02T17:02:02.0326730Z test selectable_text_uses_native_selection_and_copy_semantics ... ok
portable	Native keyboard test support	2026-10-02T17:02:02.1232907Z test set_theme_during_typing_keeps_input_focus ... ok
portable	Native keyboard test support	2026-10-02T17:02:02.1795810Z test separate_hosts_in_one_window_keep_overlay_domains_isolated ... ok
portable	Native keyboard test support	2026-10-02T17:02:02.1875589Z test sheet_uses_the_viewport_end_edge_and_restores_controlled_open_state ... ok
portable	Native keyboard test support	2026-10-02T17:02:02.2635748Z test slider_reverses_horizontal_pointer_and_arrow_semantics_in_rtl ... ok
portable	Native keyboard test support	2026-10-02T17:02:02.2655347Z test slider_previews_drag_natively_and_commits_once_before_keyboard_steps ... ok
portable	Native keyboard test support	2026-10-02T17:02:02.2965592Z test subscription_callback_state_write_restarts_effect_and_delivers ... ok
portable	Native keyboard test support	2026-10-02T17:02:02.3266027Z test tab_order_skips_disabled_nodes_and_enter_activates_focus ... ok
portable	Native keyboard test support	2026-10-02T17:02:02.3606108Z test svg_raster_adapter_uses_the_gpui_system_font_environment ... ok
portable	Native keyboard test support	2026-10-02T17:02:02.5679798Z test table_1000_example::tests::one_thousand_row_workload_prepares ... ok
portable	Native keyboard test support	2026-10-02T17:02:02.9876591Z test table_column_resize_previews_natively_and_emits_once_on_commit ... ok
portable	Native keyboard test support	2026-10-02T17:02:03.2735927Z test table_does_not_expand_an_auto_min_width_host_flex_column_across_frames ... ok
portable	Native keyboard test support	2026-10-02T17:02:03.3605804Z test native_collection_table_autofit_stays_on_the_realized_rust_path ... ok
portable	Native keyboard test support	2026-10-02T17:02:03.5246124Z test table_flex_columns_distribute_remaining_width_by_weight ... ok
portable	Native keyboard test support	2026-10-02T17:02:03.5285166Z test text_input_primitive_dispatches_host_callbacks ... ok
portable	Native keyboard test support	2026-10-02T17:02:03.5665589Z test timeline_rebinds_a_replaced_child_in_presented_frames ... ok
portable	Native keyboard test support	2026-10-02T17:02:03.5845569Z test tinted_svg_image_bytes_match_gpui_bgra_contract ... ok
portable	Native keyboard test support	2026-10-02T17:02:03.6709143Z test table_resize_handles_sit_on_column_boundaries_including_the_last_column ... ok
portable	Native keyboard test support	2026-10-02T17:02:03.6743055Z test virtual_collection_fill_height_uses_the_resolved_flex_viewport ... ok
portable	Native keyboard test support	2026-10-02T17:02:04.6941228Z test table_1000_tracks_the_resized_window_viewport ... ok
portable	Native keyboard test support	2026-10-02T17:02:06.9985127Z test component_catalog_story_switches_categories_and_live_themes ... ok
portable	Native keyboard test support	2026-10-02T17:02:06.9985854Z 
portable	Native keyboard test support	2026-10-02T17:02:06.9986495Z test result: ok. 63 passed; 0 failed; 0 ignored; 0 measured; 0 filtered out; finished in 8.72s
portable	Native keyboard test support	2026-10-02T17:02:06.9987243Z 
portable	Native keyboard test support	2026-10-02T17:02:07.0114788Z ^[[1m^[[92m     Running^[[0m tests/node_key_contract.rs (tests/native-keyboard/target/debug/deps/node_key_contract-97930941a14f63ca)
portable	Native keyboard test support	2026-10-02T17:02:07.0230387Z 
portable	Native keyboard test support	2026-10-02T17:02:07.0230688Z running 8 tests
portable	Native keyboard test support	2026-10-02T17:02:08.3195953Z test disabled_key_control_is_not_a_tab_target_or_click_fallback ... ok
portable	Native keyboard test support	2026-10-02T17:02:08.3332739Z test active_gesture_escape_owner_precedes_script_key_capture ... ok
portable	Native keyboard test support	2026-10-02T17:02:08.3927544Z test enter_and_space_click_only_when_their_key_handler_is_absent ... ok
portable	Native keyboard test support	2026-10-02T17:02:08.4725931Z test raw_key_matching_ignores_modifiers_but_not_key_char ... ok
portable	Native keyboard test support	2026-10-02T17:02:08.5345895Z test explicit_capture_and_bubble_enter_replace_click_fallback ... ok
portable	Native keyboard test support	2026-10-02T17:02:08.5498777Z test native_key_phases_follow_the_focus_path_and_stop_prevents_later_phases ... ok
portable	Native keyboard test support	2026-10-02T17:02:08.5996592Z test unrelated_native_text_focus_and_ime_commits_do_not_activate_node_shortcuts ... ok
portable	Native keyboard test support	2026-10-02T17:02:09.6486654Z test every_entry_dispatches_normalized_named_and_literal_punctuation_keys ... ok
portable	Native keyboard test support	2026-10-02T17:02:09.6487087Z 
portable	Native keyboard test support	2026-10-02T17:02:09.6487344Z test result: ok. 8 passed; 0 failed; 0 ignored; 0 measured; 0 filtered out; finished in 2.63s
portable	Native keyboard test support	2026-10-02T17:02:09.6487700Z 
portable	Native keyboard test support	2026-10-02T17:02:09.6524797Z ^[[1m^[[92m     Running^[[0m tests/primitive_lifecycle.rs (tests/native-keyboard/target/debug/deps/primitive_lifecycle-b6a8188d583edd1f)
portable	Native keyboard test support	2026-10-02T17:02:09.6700575Z 
portable	Native keyboard test support	2026-10-02T17:02:09.6700852Z running 3 tests
portable	Native keyboard test support	2026-10-02T17:02:10.9168094Z test failed_compensation_faults_and_quarantines_the_view ... ok
portable	Native keyboard test support	2026-10-02T17:02:10.9168898Z test native_resume_failure_remains_suspended_and_retryable ... ok
portable	Native keyboard test support	2026-10-02T17:02:10.9172822Z test native_suspend_failure_compensates_every_instance_and_retries ... ok
portable	Native keyboard test support	2026-10-02T17:02:10.9173391Z 
portable	Native keyboard test support	2026-10-02T17:02:10.9173906Z test result: ok. 3 passed; 0 failed; 0 ignored; 0 measured; 0 filtered out; finished in 1.25s
portable	Native keyboard test support	2026-10-02T17:02:10.9174688Z 
portable	Native keyboard test support	2026-10-02T17:02:10.9208692Z ^[[1m^[[92m     Running^[[0m tests/resolved_theme.rs (tests/native-keyboard/target/debug/deps/resolved_theme-4f225162570e1de1)
portable	Native keyboard test support	2026-10-02T17:02:10.9414167Z 
portable	Native keyboard test support	2026-10-02T17:02:10.9414883Z running 6 tests
portable	Native keyboard test support	2026-10-02T17:02:12.3305825Z test missing_theme_is_unit_in_a_mounted_script ... ok
portable	Native keyboard test support	2026-10-02T17:02:12.3345352Z test fixed_dark_and_host_token_overrides_preserve_resolved_identity ... ok
portable	Native keyboard test support	2026-10-02T17:02:12.3576634Z test first_system_light_init_and_render_match_host_without_replaying_init ... ok
portable	Native keyboard test support	2026-10-02T17:02:12.3999933Z test effect_body_only_does_not_restart_but_explicit_render_deps_do ... ok
portable	Native keyboard test support	2026-10-02T17:02:12.4361651Z test window_and_local_setters_keep_sibling_scopes_separate ... ok
portable	Native keyboard test support	2026-10-02T17:02:12.4907914Z test secondary_initial_theme_and_failed_startup_keep_native_authority_closed ... ok
portable	Native keyboard test support	2026-10-02T17:02:12.4908546Z 
portable	Native keyboard test support	2026-10-02T17:02:12.4908931Z test result: ok. 6 passed; 0 failed; 0 ignored; 0 measured; 0 filtered out; finished in 1.55s
portable	Native keyboard test support	2026-10-02T17:02:12.4909473Z 
portable	Native keyboard test support	2026-10-02T17:02:12.4975461Z ^[[1m^[[92m     Running^[[0m tests/table_boundaries.rs (tests/native-keyboard/target/debug/deps/table_boundaries-eb4c0f82c77dca04)
portable	Native keyboard test support	2026-10-02T17:02:12.5013710Z 
portable	Native keyboard test support	2026-10-02T17:02:12.5014133Z running 8 tests
portable	Native keyboard test support	2026-10-02T17:02:14.0795805Z test ltr_array_boundary_and_last_column_owner ... ok
portable	Native keyboard test support	2026-10-02T17:02:14.2705938Z test native_last_column_autofit_measures_last_column_without_sort ... ok
portable	Native keyboard test support	2026-10-02T17:02:14.4585738Z test one_column_table_is_resizable ... ok
portable	Native keyboard test support	2026-10-02T17:02:14.6659448Z test nonresizable_neighbor_preserves_owner_and_last_keyboard_resize ... ok
portable	Native keyboard test support	2026-10-02T17:02:14.8376234Z test rtl_handles_follow_the_owned_columns_logical_end ... ok
portable	Native keyboard test support	2026-10-02T17:02:14.9206078Z test rtl_dragging_a_boundary_resizes_a_not_its_neighbor ... ok
portable	Native keyboard test support	2026-10-02T17:02:15.3339029Z test data_loading_and_both_empty_paths_share_the_bordered_horizontal_viewport ... ok
portable	Native keyboard test support	2026-10-02T17:02:15.4549453Z test rtl_keyboard_arrows_resize_the_focused_logical_column ... ok
portable	Native keyboard test support	2026-10-02T17:02:15.4549836Z 
portable	Native keyboard test support	2026-10-02T17:02:15.4550093Z test result: ok. 8 passed; 0 failed; 0 ignored; 0 measured; 0 filtered out; finished in 2.95s
portable	Native keyboard test support	2026-10-02T17:02:15.4550454Z 
portable	Native keyboard test support	2026-10-02T17:02:15.4612703Z ^[[1m^[[92m     Running^[[0m tests/table_extent.rs (tests/native-keyboard/target/debug/deps/table_extent-66cd06ca83a8f959)
portable	Native keyboard test support	2026-10-02T17:02:15.4650471Z 
portable	Native keyboard test support	2026-10-02T17:02:15.4650711Z running 10 tests
portable	Native keyboard test support	2026-10-02T17:02:18.6296295Z test accepted_final_column_width_recomputes_extent_and_clamps_offset ... ok
portable	Native keyboard test support	2026-10-02T17:02:18.9252905Z test component_min_max_and_native_override_use_one_width_authority ... ok
portable	Native keyboard test support	2026-10-02T17:02:19.4695208Z test horizontal_body_input_and_vertical_input_are_independent ... ok
portable	Native keyboard test support	2026-10-02T17:02:19.9796519Z test four_column_registry_width_descriptors_share_the_actual_native_plan ... ok
portable	Native keyboard test support	2026-10-02T17:02:20.8037029Z test percentage_overflow_does_not_feedback_into_its_basis ... ok
portable	Native keyboard test support	2026-10-02T17:02:20.8385796Z test native_drag_override_repaints_widths_and_extent_without_rhai ... ok
portable	Native keyboard test support	2026-10-02T17:02:21.0930938Z test percentage_and_weighted_flex_use_viewport_not_extent ... ok
portable	Native keyboard test support	2026-10-02T17:02:21.4806549Z test fixed_wide_ltr_rtl_array_native_share_scroll_and_all_states ... ok
portable	Native keyboard test support	2026-10-02T17:02:22.7892892Z test single_column_under_equal_overflow_and_autofit_share_the_viewport ... ok
portable	Native keyboard test support	2026-10-02T17:02:23.2524376Z test theme_insets_are_in_the_shared_column_plan_and_real_extent ... ok
portable	Native keyboard test support	2026-10-02T17:02:23.2534180Z 
portable	Native keyboard test support	2026-10-02T17:02:23.2534728Z test result: ok. 10 passed; 0 failed; 0 ignored; 0 measured; 0 filtered out; finished in 7.79s
portable	Native keyboard test support	2026-10-02T17:02:23.2535103Z 
portable	Native keyboard test support	2026-10-02T17:02:23.2601767Z ^[[1m^[[92m     Running^[[0m tests/table_frame_demand.rs (tests/native-keyboard/target/debug/deps/table_frame_demand-2059fa2a2d8a7e3e)
portable	Native keyboard test support	2026-10-02T17:02:23.2639477Z 
portable	Native keyboard test support	2026-10-02T17:02:23.2639688Z running 2 tests
portable	Native keyboard test support	2026-10-02T17:02:24.6322195Z test tests::measured_viewport_schedules_its_own_followup_frame ... ok
portable	Native keyboard test support	2026-10-02T17:02:24.6440953Z test tests::viewport_change_schedules_its_own_followup_frame ... ok
portable	Native keyboard test support	2026-10-02T17:02:24.6441432Z 
portable	Native keyboard test support	2026-10-02T17:02:24.6441930Z test result: ok. 2 passed; 0 failed; 0 ignored; 0 measured; 0 filtered out; finished in 1.38s
portable	Native keyboard test support	2026-10-02T17:02:24.6442502Z 
portable	Native keyboard test support	2026-10-02T17:02:24.6477234Z ^[[1m^[[92m     Running^[[0m tests/transformed_selection.rs (tests/native-keyboard/target/debug/deps/transformed_selection-efc6fee7188a8c8c)
portable	Native keyboard test support	2026-10-02T17:02:24.6655351Z 
portable	Native keyboard test support	2026-10-02T17:02:24.6655898Z running 4 tests
portable	Native keyboard test support	2026-10-02T17:02:26.1015866Z test asymmetric_insets_negative_scale_rotation_click_control ... ok
portable	Native keyboard test support	2026-10-02T17:02:26.1016680Z test small_invertible_zoom_selection ... ok
portable	Native keyboard test support	2026-10-02T17:02:26.1017457Z test larger_invertible_zoom_control ... ok
portable	Native keyboard test support	2026-10-02T17:02:26.1246832Z test rotation_suspend_resume_resize_cycles_control ... ok
portable	Native keyboard test support	2026-10-02T17:02:26.1247313Z 
portable	Native keyboard test support	2026-10-02T17:02:26.1247671Z test result: ok. 4 passed; 0 failed; 0 ignored; 0 measured; 0 filtered out; finished in 1.46s
portable	Native keyboard test support	2026-10-02T17:02:26.1248173Z 
portable	Native keyboard test support	2026-10-02T17:02:26.1300844Z ^[[1m^[[92m     Running^[[0m tests/window_authority.rs (tests/native-keyboard/target/debug/deps/window_authority-ef39b28e66696a78)
portable	Native keyboard test support	2026-10-02T17:02:26.1337205Z 
portable	Native keyboard test support	2026-10-02T17:02:26.1337493Z running 5 tests
portable	Native keyboard test support	2026-10-02T17:02:27.3639344Z test explicit_dispose_revokes_queued_authority_control ... ok
portable	Native keyboard test support	2026-10-02T17:02:27.3640332Z test dropping_last_handle_revokes_queued_authority ... ok
portable	Native keyboard test support	2026-10-02T17:02:27.3777026Z test late_old_view_cleanup_cannot_unregister_same_id_replacement ... ok
portable	Native keyboard test support	2026-10-02T17:02:27.4070405Z test retained_handle_clone_keeps_the_mount_authorized ... ok
portable	Native keyboard test support	2026-10-02T17:02:27.6146485Z test mount_identity_guards_close_and_focus_across_same_and_new_host_replacements ... ok
portable	Native keyboard test support	2026-10-02T17:02:27.6147130Z 
portable	Native keyboard test support	2026-10-02T17:02:27.6147529Z test result: ok. 5 passed; 0 failed; 0 ignored; 0 measured; 0 filtered out; finished in 1.48s
portable	Native keyboard test support	2026-10-02T17:02:27.6148070Z 
portable	Native keyboard test support	2026-10-02T17:02:27.6179469Z ^[[1m^[[92m     Running^[[0m tests/window_command_deliveries.rs (tests/native-keyboard/target/debug/deps/window_command_deliveries-5a74bf34ecf3a101)
portable	Native keyboard test support	2026-10-02T17:02:27.6361190Z 
portable	Native keyboard test support	2026-10-02T17:02:27.6361508Z running 6 tests
portable	Native keyboard test support	2026-10-02T17:02:29.0496040Z test actual_mouse_and_worker_task_focus_the_qualified_source ... ok
portable	Native keyboard test support	2026-10-02T17:02:29.0631568Z test cancelled_open_releases_reservation_for_a_live_peer ... ok
portable	Native keyboard test support	2026-10-02T17:02:29.1477478Z test same_batch_open_focus_and_open_focus_close_keep_the_pending_target_identity ... ok
portable	Native keyboard test support	2026-10-02T17:02:29.1955562Z test live_source_cannot_redirect_stale_focus_or_close_to_a_same_name_target ... ok
portable	Native keyboard test support	2026-10-02T17:02:29.2808944Z test suspended_source_keeps_origin_while_peer_pumps_subscription_commands ... ok
portable	Native keyboard test support	2026-10-02T17:02:29.3870225Z test subscription_origin_is_revoked_by_dispose_drop_native_close_and_remount ... ok
portable	Native keyboard test support	2026-10-02T17:02:29.3870863Z 
portable	Native keyboard test support	2026-10-02T17:02:29.3871244Z test result: ok. 6 passed; 0 failed; 0 ignored; 0 measured; 0 filtered out; finished in 1.75s
portable	Native keyboard test support	2026-10-02T17:02:29.3871727Z 
portable	Native keyboard test support	2026-10-02T17:02:29.3925703Z ^[[1m^[[92m     Running^[[0m tests/window_command_origin.rs (tests/native-keyboard/target/debug/deps/window_command_origin-7e015a5516352b3f)
portable	Native keyboard test support	2026-10-02T17:02:29.4024971Z 
portable	Native keyboard test support	2026-10-02T17:02:29.4025236Z running 2 tests
portable	Native keyboard test support	2026-10-02T17:02:30.6568930Z test live_origin_survives_peer_delivery_and_initial_open_focus_uses_one_reservation ... ok
portable	Native keyboard test support	2026-10-02T17:02:30.9639477Z test peer_pump_cannot_reauthorize_revoked_open_close_or_focus ... ok
portable	Native keyboard test support	2026-10-02T17:02:30.9639863Z 
portable	Native keyboard test support	2026-10-02T17:02:30.9640119Z test result: ok. 2 passed; 0 failed; 0 ignored; 0 measured; 0 filtered out; finished in 1.56s
portable	Native keyboard test support	2026-10-02T17:02:30.9640921Z 
portable	Native keyboard test support	2026-10-02T17:02:30.9675322Z ^[[1m^[[92m     Running^[[0m tests/window_ownership.rs (tests/native-keyboard/target/debug/deps/window_ownership-d4c319623e7c4fe3)
portable	Native keyboard test support	2026-10-02T17:02:30.9711077Z 
portable	Native keyboard test support	2026-10-02T17:02:30.9711217Z running 6 tests
portable	Native keyboard test support	2026-10-02T17:02:32.1715975Z test native_close_confirmation_and_forced_close_share_the_owner ... ok
portable	Native keyboard test support	2026-10-02T17:02:32.1956368Z test managed_embedding_focuses_opens_and_closes_real_native_windows ... ok
portable	Native keyboard test support	2026-10-02T17:02:32.2035818Z test disposed_command_owner_cannot_close_its_replacement_from_a_queued_operation ... ok
portable	Native keyboard test support	2026-10-02T17:02:32.2095557Z test failed_mount_releases_the_command_claim_and_a_host_cannot_bind_another_window ... ok
portable	Native keyboard test support	2026-10-02T17:02:32.2406123Z test ordinary_embedding_stays_disabled_beside_a_command_owner ... ok
portable	Native keyboard test support	2026-10-02T17:02:32.2753003Z test owner_conflicts_fail_without_revoking_the_existing_owner_and_dispose_allows_replacement ... ok
portable	Native keyboard test support	2026-10-02T17:02:32.2753691Z 
portable	Native keyboard test support	2026-10-02T17:02:32.2754063Z test result: ok. 6 passed; 0 failed; 0 ignored; 0 measured; 0 filtered out; finished in 1.30s
portable	Native keyboard test support	2026-10-02T17:02:32.2754409Z 
portable	Audit visual baselines	﻿2026-10-02T17:02:32.3239763Z ##[group]Run bash scripts/audit-visual-baselines.sh
portable	Audit visual baselines	2026-10-02T17:02:32.3240288Z ^[[36;1mbash scripts/audit-visual-baselines.sh^[[0m
portable	Audit visual baselines	2026-10-02T17:02:32.4173478Z shell: /usr/bin/bash -e {0}
portable	Audit visual baselines	2026-10-02T17:02:32.4173806Z env:
portable	Audit visual baselines	2026-10-02T17:02:32.4174057Z   CARGO_HOME: /home/runner/.cargo
portable	Audit visual baselines	2026-10-02T17:02:32.4174332Z   CARGO_INCREMENTAL: 0
portable	Audit visual baselines	2026-10-02T17:02:32.4174798Z   CARGO_TERM_COLOR: always
portable	Audit visual baselines	2026-10-02T17:02:32.4175067Z ##[endgroup]
portable	Audit visual baselines	2026-10-02T17:02:34.1814079Z visual baseline audit passed: 69 PNG files
portable	Public documentation	﻿2026-10-02T17:02:34.1872554Z ##[group]Run cargo doc -p gpui-rhai --all-features --no-deps
portable	Public documentation	2026-10-02T17:02:34.1874443Z ^[[36;1mcargo doc -p gpui-rhai --all-features --no-deps^[[0m
portable	Public documentation	2026-10-02T17:02:34.1875295Z ^[[36;1mcargo doc -p gpui-rhai-cli --lib --no-deps^[[0m
portable	Public documentation	2026-10-02T17:02:34.1949120Z shell: /usr/bin/bash -e {0}
portable	Public documentation	2026-10-02T17:02:34.1949401Z env:
portable	Public documentation	2026-10-02T17:02:34.1949609Z   CARGO_HOME: /home/runner/.cargo
portable	Public documentation	2026-10-02T17:02:34.1949877Z   CARGO_INCREMENTAL: 0
portable	Public documentation	2026-10-02T17:02:34.1950100Z   CARGO_TERM_COLOR: always
portable	Public documentation	2026-10-02T17:02:34.1950335Z   RUSTDOCFLAGS: -D warnings
portable	Public documentation	2026-10-02T17:02:34.1950564Z ##[endgroup]
portable	Public documentation	2026-10-02T17:02:35.3007063Z ^[[1m^[[92m    Checking^[[0m toml_edit v0.22.27
portable	Public documentation	2026-10-02T17:02:36.1380201Z ^[[1m^[[92m    Checking^[[0m toml v0.8.23
portable	Public documentation	2026-10-02T17:02:36.3146209Z ^[[1m^[[92m Documenting^[[0m gpui-rhai v0.1.8 (/home/runner/work/gpui-rhai/gpui-rhai/crates/gpui-rhai)
portable	Public documentation	2026-10-02T17:02:45.9411122Z ^[[1m^[[92m    Finished^[[0m `dev` profile [unoptimized + debuginfo] target(s) in 11.68s
portable	Public documentation	2026-10-02T17:02:45.9756496Z ^[[1m^[[92m   Generated^[[0m /home/runner/work/gpui-rhai/gpui-rhai/target/doc/gpui_rhai/index.html
portable	Public documentation	2026-10-02T17:02:46.3536268Z ^[[1m^[[92m    Checking^[[0m rhai v1.26.0
portable	Public documentation	2026-10-02T17:02:51.5317909Z ^[[1m^[[92m    Checking^[[0m gpui-rhai v0.1.8 (/home/runner/work/gpui-rhai/gpui-rhai/crates/gpui-rhai)
portable	Public documentation	2026-10-02T17:03:01.1480739Z ^[[1m^[[92m Documenting^[[0m gpui-rhai-cli v0.1.8 (/home/runner/work/gpui-rhai/gpui-rhai/crates/gpui-rhai-cli)
portable	Public documentation	2026-10-02T17:03:03.7961824Z ^[[1m^[[92m    Finished^[[0m `dev` profile [unoptimized + debuginfo] target(s) in 17.78s
portable	Public documentation	2026-10-02T17:03:03.8315266Z ^[[1m^[[92m   Generated^[[0m /home/runner/work/gpui-rhai/gpui-rhai/target/doc/gpui_rhai_cli/index.html
portable	Package crates	﻿2026-10-02T17:03:03.8531701Z ##[group]Run cargo package -p gpui-rhai
portable	Package crates	2026-10-02T17:03:03.8532119Z ^[[36;1mcargo package -p gpui-rhai^[[0m
portable	Package crates	2026-10-02T17:03:03.8532533Z ^[[36;1mcargo package -p gpui-rhai-registry^[[0m
portable	Package crates	2026-10-02T17:03:03.8533140Z ^[[36;1m# Full verification becomes possible after the two dependencies enter^[[0m
portable	Package crates	2026-10-02T17:03:03.8533640Z ^[[36;1m# the crates.io index; workspace checks validate their local graph.^[[0m
portable	Package crates	2026-10-02T17:03:03.8534222Z ^[[36;1mcargo package -p gpui-rhai-cli --no-verify \^[[0m
portable	Package crates	2026-10-02T17:03:03.8534940Z ^[[36;1m  --config 'patch.crates-io.gpui-rhai.path="crates/gpui-rhai"' \^[[0m
portable	Package crates	2026-10-02T17:03:03.8535711Z ^[[36;1m  --config 'patch.crates-io.gpui-rhai-registry.path="registry"'^[[0m
portable	Package crates	2026-10-02T17:03:03.8611402Z shell: /usr/bin/bash -e {0}
portable	Package crates	2026-10-02T17:03:03.8611667Z env:
portable	Package crates	2026-10-02T17:03:03.8611878Z   CARGO_HOME: /home/runner/.cargo
portable	Package crates	2026-10-02T17:03:03.8612146Z   CARGO_INCREMENTAL: 0
portable	Package crates	2026-10-02T17:03:03.8612372Z   CARGO_TERM_COLOR: always
portable	Package crates	2026-10-02T17:03:03.8612597Z ##[endgroup]
portable	Package crates	2026-10-02T17:03:04.0415886Z ^[[1m^[[92m   Packaging^[[0m gpui-rhai v0.1.8 (/home/runner/work/gpui-rhai/gpui-rhai/crates/gpui-rhai)
portable	Package crates	2026-10-02T17:03:04.0416993Z ^[[1m^[[33mwarning^[[0m: ignoring example `artistic_showcase` as `examples/artistic_showcase.rs` is not included in the published package
portable	Package crates	2026-10-02T17:03:04.0417969Z ^[[1m^[[33mwarning^[[0m: ignoring example `code_viewer` as `examples/code_viewer.rs` is not included in the published package
portable	Package crates	2026-10-02T17:03:04.0418914Z ^[[1m^[[33mwarning^[[0m: ignoring example `dashboard_layout` as `examples/dashboard_layout.rs` is not included in the published package
portable	Package crates	2026-10-02T17:03:04.0419814Z ^[[1m^[[33mwarning^[[0m: ignoring example `data_table` as `examples/data_table.rs` is not included in the published package
portable	Package crates	2026-10-02T17:03:04.0420686Z ^[[1m^[[33mwarning^[[0m: ignoring example `diff_viewer` as `examples/diff_viewer.rs` is not included in the published package
portable	Package crates	2026-10-02T17:03:04.0421612Z ^[[1m^[[33mwarning^[[0m: ignoring example `embedded_hello_world` as `examples/embedded_hello_world.rs` is not included in the published package
portable	Package crates	2026-10-02T17:03:04.0422572Z ^[[1m^[[33mwarning^[[0m: ignoring example `embedded_views` as `examples/embedded_views.rs` is not included in the published package
portable	Package crates	2026-10-02T17:03:04.0423467Z ^[[1m^[[33mwarning^[[0m: ignoring example `extension_host` as `examples/extension_host.rs` is not included in the published package
portable	Package crates	2026-10-02T17:03:04.0424357Z ^[[1m^[[33mwarning^[[0m: ignoring example `form_showcase` as `examples/form_showcase.rs` is not included in the published package
portable	Package crates	2026-10-02T17:03:04.0425492Z ^[[1m^[[33mwarning^[[0m: ignoring example `hello_world` as `examples/hello_world.rs` is not included in the published package
portable	Package crates	2026-10-02T17:03:04.0426387Z ^[[1m^[[33mwarning^[[0m: ignoring example `host_owned_tree` as `examples/host_owned_tree.rs` is not included in the published package
portable	Package crates	2026-10-02T17:03:04.0427280Z ^[[1m^[[33mwarning^[[0m: ignoring example `mini_timeline` as `examples/mini_timeline.rs` is not included in the published package
portable	Package crates	2026-10-02T17:03:04.0428154Z ^[[1m^[[33mwarning^[[0m: ignoring example `multi_window` as `examples/multi_window.rs` is not included in the published package
portable	Package crates	2026-10-02T17:03:04.0429170Z ^[[1m^[[33mwarning^[[0m: ignoring example `native_overlay_smoke` as `examples/internal/smoke/native_overlay_smoke.rs` is not included in the published package
portable	Package crates	2026-10-02T17:03:04.0430312Z ^[[1m^[[33mwarning^[[0m: ignoring example `native_virtual_list_smoke` as `examples/internal/smoke/native_virtual_list_smoke.rs` is not included in the published package
portable	Package crates	2026-10-02T17:03:04.0431451Z ^[[1m^[[33mwarning^[[0m: ignoring example `performance_probe` as `examples/internal/performance/performance_probe.rs` is not included in the published package
portable	Package crates	2026-10-02T17:03:04.0432512Z ^[[1m^[[33mwarning^[[0m: ignoring example `phase0_probe` as `examples/internal/smoke/phase0_probe.rs` is not included in the published package
portable	Package crates	2026-10-02T17:03:04.0433454Z ^[[1m^[[33mwarning^[[0m: ignoring example `settings_panel` as `examples/settings_panel.rs` is not included in the published package
portable	Package crates	2026-10-02T17:03:04.0434408Z ^[[1m^[[33mwarning^[[0m: ignoring example `table_1000` as `examples/internal/performance/table_1000.rs` is not included in the published package
portable	Package crates	2026-10-02T17:03:04.0436438Z ^[[1m^[[33mwarning^[[0m: ignoring example `variable_height_chat` as `examples/variable_height_chat.rs` is not included in the published package
portable	Package crates	2026-10-02T17:03:04.0437314Z ^[[1m^[[33mwarning^[[0m: ignoring test `chart_contract` as `tests/chart_contract.rs` is not included in the published package
portable	Package crates	2026-10-02T17:03:04.0438127Z ^[[1m^[[33mwarning^[[0m: ignoring test `custom_primitive` as `tests/custom_primitive.rs` is not included in the published package
portable	Package crates	2026-10-02T17:03:04.0438933Z ^[[1m^[[33mwarning^[[0m: ignoring test `formal_component` as `tests/formal_component.rs` is not included in the published package
portable	Package crates	2026-10-02T17:03:04.0440046Z ^[[1m^[[33mwarning^[[0m: ignoring test `host_execution_policy` as `tests/host_execution_policy.rs` is not included in the published package
portable	Package crates	2026-10-02T17:03:04.0440921Z ^[[1m^[[33mwarning^[[0m: ignoring test `official_registry` as `tests/official_registry.rs` is not included in the published package
portable	Package crates	2026-10-02T17:03:04.0441748Z ^[[1m^[[33mwarning^[[0m: ignoring test `resolved_theme` as `tests/resolved_theme.rs` is not included in the published package
portable	Package crates	2026-10-02T17:03:04.0442647Z ^[[1m^[[33mwarning^[[0m: ignoring test `virtual_read_contributions` as `tests/virtual_read_contributions.rs` is not included in the published package
portable	Package crates	2026-10-02T17:03:04.0443617Z ^[[1m^[[33mwarning^[[0m: ignoring test `virtual_transactions` as `tests/virtual_transactions.rs` is not included in the published package
portable	Package crates	2026-10-02T17:03:04.1346420Z ^[[1m^[[92m    Updating^[[0m crates.io index
portable	Package crates	2026-10-02T17:03:04.5411118Z ^[[1m^[[92m    Packaged^[[0m 95 files, 3.8MiB (720.8KiB compressed)
portable	Package crates	2026-10-02T17:03:04.5411928Z ^[[1m^[[92m   Verifying^[[0m gpui-rhai v0.1.8 (/home/runner/work/gpui-rhai/gpui-rhai/crates/gpui-rhai)
portable	Package crates	2026-10-02T17:03:05.0028238Z ^[[1m^[[92m   Compiling^[[0m gpui-rhai v0.1.8 (/home/runner/work/gpui-rhai/gpui-rhai/target/package/gpui-rhai-0.1.8)
portable	Package crates	2026-10-02T17:03:38.4983163Z ^[[1m^[[92m    Finished^[[0m `dev` profile [unoptimized + debuginfo] target(s) in 34.60s
portable	Package crates	2026-10-02T17:03:38.7447524Z ^[[1m^[[92m   Packaging^[[0m gpui-rhai-registry v0.1.8 (/home/runner/work/gpui-rhai/gpui-rhai/registry)
portable	Package crates	2026-10-02T17:03:38.7745334Z ^[[1m^[[92m    Packaged^[[0m 146 files, 693.7KiB (120.5KiB compressed)
portable	Package crates	2026-10-02T17:03:38.7746243Z ^[[1m^[[92m   Verifying^[[0m gpui-rhai-registry v0.1.8 (/home/runner/work/gpui-rhai/gpui-rhai/registry)
portable	Package crates	2026-10-02T17:03:38.7883136Z ^[[1m^[[92m   Compiling^[[0m gpui-rhai-registry v0.1.8 (/home/runner/work/gpui-rhai/gpui-rhai/target/package/gpui-rhai-registry-0.1.8)
portable	Package crates	2026-10-02T17:03:38.8582695Z ^[[1m^[[92m    Finished^[[0m `dev` profile [unoptimized + debuginfo] target(s) in 0.26s
portable	Package crates	2026-10-02T17:03:39.0241412Z ^[[1m^[[92m   Packaging^[[0m gpui-rhai-cli v0.1.8 (/home/runner/work/gpui-rhai/gpui-rhai/crates/gpui-rhai-cli)
portable	Package crates	2026-10-02T17:03:39.1024445Z ^[[1m^[[92m    Updating^[[0m crates.io index
portable	Package crates	2026-10-02T17:03:39.4546745Z ^[[1m^[[92m    Packaged^[[0m 12 files, 440.8KiB (100.3KiB compressed)
portable	Release build	﻿2026-10-02T17:03:39.4666939Z ##[group]Run cargo build --release -p gpui-rhai --examples
portable	Release build	2026-10-02T17:03:39.4667385Z ^[[36;1mcargo build --release -p gpui-rhai --examples^[[0m
portable	Release build	2026-10-02T17:03:39.4667730Z ^[[36;1mcargo build --release -p gpui-rhai-cli^[[0m
portable	Release build	2026-10-02T17:03:39.4751982Z shell: /usr/bin/bash -e {0}
portable	Release build	2026-10-02T17:03:39.4752241Z env:
portable	Release build	2026-10-02T17:03:39.4752450Z   CARGO_HOME: /home/runner/.cargo
portable	Release build	2026-10-02T17:03:39.4752714Z   CARGO_INCREMENTAL: 0
portable	Release build	2026-10-02T17:03:39.4752939Z   CARGO_TERM_COLOR: always
portable	Release build	2026-10-02T17:03:39.4753167Z ##[endgroup]
portable	Release build	2026-10-02T17:03:40.0616948Z ^[[1m^[[92m   Compiling^[[0m proc-macro2 v1.0.107
portable	Release build	2026-10-02T17:03:40.0617650Z ^[[1m^[[92m   Compiling^[[0m quote v1.0.47
portable	Release build	2026-10-02T17:03:40.0618188Z ^[[1m^[[92m   Compiling^[[0m unicode-ident v1.0.24
portable	Release build	2026-10-02T17:03:40.0618745Z ^[[1m^[[92m   Compiling^[[0m serde_core v1.0.229
portable	Release build	2026-10-02T17:03:40.1243371Z ^[[1m^[[92m   Compiling^[[0m cfg-if v1.0.4
portable	Release build	2026-10-02T17:03:40.1637510Z ^[[1m^[[92m   Compiling^[[0m serde v1.0.229
portable	Release build	2026-10-02T17:03:40.1992538Z ^[[1m^[[92m   Compiling^[[0m typeid v1.0.3
portable	Release build	2026-10-02T17:03:40.3325977Z ^[[1m^[[92m   Compiling^[[0m erased-serde v0.4.10
portable	Release build	2026-10-02T17:03:40.3416061Z ^[[1m^[[92m   Compiling^[[0m libc v0.2.189
portable	Release build	2026-10-02T17:03:40.4562692Z ^[[1m^[[92m   Compiling^[[0m autocfg v1.5.1
portable	Release build	2026-10-02T17:03:40.8636188Z ^[[1m^[[92m   Compiling^[[0m bitflags v2.13.1
portable	Release build	2026-10-02T17:03:40.9726979Z ^[[1m^[[92m   Compiling^[[0m syn v3.0.4
portable	Release build	2026-10-02T17:03:41.2216654Z ^[[1m^[[92m   Compiling^[[0m syn v2.0.119
portable	Release build	2026-10-02T17:03:41.6046115Z ^[[1m^[[92m   Compiling^[[0m libm v0.2.16
portable	Release build	2026-10-02T17:03:41.7916165Z ^[[1m^[[92m   Compiling^[[0m portable-atomic v1.15.0
portable	Release build	2026-10-02T17:03:42.6346192Z ^[[1m^[[92m   Compiling^[[0m serde_fmt v1.1.0
portable	Release build	2026-10-02T17:03:43.3826117Z ^[[1m^[[92m   Compiling^[[0m value-bag-serde1 v1.13.2
portable	Release build	2026-10-02T17:03:43.4206079Z ^[[1m^[[92m   Compiling^[[0m value-bag v1.13.2
portable	Release build	2026-10-02T17:03:44.1896529Z ^[[1m^[[92m   Compiling^[[0m log v0.4.34
portable	Release build	2026-10-02T17:03:44.5586197Z ^[[1m^[[92m   Compiling^[[0m once_cell v1.21.4
portable	Release build	2026-10-02T17:03:44.6476331Z ^[[1m^[[92m   Compiling^[[0m version_check v0.9.5
portable	Release build	2026-10-02T17:03:44.8604499Z ^[[1m^[[92m   Compiling^[[0m pin-project-lite v0.2.17
portable	Release build	2026-10-02T17:03:44.9125995Z ^[[1m^[[92m   Compiling^[[0m num-traits v0.2.19
portable	Release build	2026-10-02T17:03:45.7896010Z ^[[1m^[[92m   Compiling^[[0m serde_derive v1.0.229
portable	Release build	2026-10-02T17:03:45.8906006Z ^[[1m^[[92m   Compiling^[[0m bytemuck_derive v1.12.1
portable	Release build	2026-10-02T17:03:46.2356492Z ^[[1m^[[92m   Compiling^[[0m crossbeam-utils v0.8.22
portable	Release build	2026-10-02T17:03:46.3796622Z ^[[1m^[[92m   Compiling^[[0m futures-core v0.3.34
portable	Release build	2026-10-02T17:03:46.8896571Z ^[[1m^[[92m   Compiling^[[0m bytemuck v1.25.2
portable	Release build	2026-10-02T17:03:46.9256086Z ^[[1m^[[92m   Compiling^[[0m rustix v1.1.4
portable	Release build	2026-10-02T17:03:47.0776758Z ^[[1m^[[92m   Compiling^[[0m hashbrown v0.17.1
portable	Release build	2026-10-02T17:03:47.1177503Z ^[[1m^[[92m   Compiling^[[0m equivalent v1.0.2
portable	Release build	2026-10-02T17:03:47.1496470Z ^[[1m^[[92m   Compiling^[[0m futures-io v0.3.34
portable	Release build	2026-10-02T17:03:47.1926188Z ^[[1m^[[92m   Compiling^[[0m linux-raw-sys v0.12.1
portable	Release build	2026-10-02T17:03:47.4522871Z ^[[1m^[[92m   Compiling^[[0m winnow v1.0.4
portable	Release build	2026-10-02T17:03:47.6016369Z ^[[1m^[[92m   Compiling^[[0m indexmap v2.14.0
portable	Release build	2026-10-02T17:03:48.2395880Z ^[[1m^[[92m   Compiling^[[0m memchr v2.8.3
portable	Release build	2026-10-02T17:03:49.0909792Z ^[[1m^[[92m   Compiling^[[0m smallvec v1.15.2
portable	Release build	2026-10-02T17:03:49.1956656Z ^[[1m^[[92m   Compiling^[[0m parking v2.2.1
portable	Release build	2026-10-02T17:03:49.3016352Z ^[[1m^[[92m   Compiling^[[0m toml_parser v1.1.3+spec-1.1.0
portable	Release build	2026-10-02T17:03:49.3125808Z ^[[1m^[[92m   Compiling^[[0m fastrand v2.5.0
portable	Release build	2026-10-02T17:03:49.5273353Z ^[[1m^[[92m   Compiling^[[0m slab v0.4.12
portable	Release build	2026-10-02T17:03:49.5329191Z ^[[1m^[[92m   Compiling^[[0m pkg-config v0.3.34
portable	Release build	2026-10-02T17:03:49.6716120Z ^[[1m^[[92m   Compiling^[[0m toml_datetime v1.1.1+spec-1.1.0
portable	Release build	2026-10-02T17:03:49.8406161Z ^[[1m^[[92m   Compiling^[[0m toml_edit v0.25.13+spec-1.1.0
portable	Release build	2026-10-02T17:03:49.8830084Z ^[[1m^[[92m   Compiling^[[0m arrayvec v0.7.8
portable	Release build	2026-10-02T17:03:50.0266119Z ^[[1m^[[92m   Compiling^[[0m zerocopy v0.8.56
portable	Release build	2026-10-02T17:03:50.0676101Z ^[[1m^[[92m   Compiling^[[0m zerocopy-derive v0.8.56
portable	Release build	2026-10-02T17:03:50.2540536Z ^[[1m^[[92m   Compiling^[[0m simd-adler32 v0.3.10
portable	Release build	2026-10-02T17:03:50.5123049Z ^[[1m^[[92m   Compiling^[[0m proc-macro-crate v3.5.0
portable	Release build	2026-10-02T17:03:50.8506461Z ^[[1m^[[92m   Compiling^[[0m enumflags2_derive v0.7.12
portable	Release build	2026-10-02T17:03:50.9226679Z ^[[1m^[[92m   Compiling^[[0m libloading v0.8.9
portable	Release build	2026-10-02T17:03:51.0836094Z ^[[1m^[[92m   Compiling^[[0m futures-lite v2.6.1
portable	Release build	2026-10-02T17:03:51.2126072Z ^[[1m^[[92m   Compiling^[[0m event-listener v5.4.2
portable	Release build	2026-10-02T17:03:51.4178598Z ^[[1m^[[92m   Compiling^[[0m zvariant_utils v4.2.0
portable	Release build	2026-10-02T17:03:51.8806157Z ^[[1m^[[92m   Compiling^[[0m concurrent-queue v2.5.0
portable	Release build	2026-10-02T17:03:52.0442380Z ^[[1m^[[92m   Compiling^[[0m adler2 v2.0.1
portable	Release build	2026-10-02T17:03:52.3346777Z ^[[1m^[[92m   Compiling^[[0m zvariant_derive v5.15.0
portable	Release build	2026-10-02T17:03:52.5626162Z ^[[1m^[[92m   Compiling^[[0m miniz_oxide v0.8.9
portable	Release build	2026-10-02T17:03:53.6596082Z ^[[1m^[[92m   Compiling^[[0m event-listener-strategy v0.5.4
portable	Release build	2026-10-02T17:03:53.7366179Z ^[[1m^[[92m   Compiling^[[0m synstructure v0.13.2
portable	Release build	2026-10-02T17:03:54.2326756Z ^[[1m^[[92m   Compiling^[[0m tracing-core v0.1.36
portable	Release build	2026-10-02T17:03:54.2506692Z ^[[1m^[[92m   Compiling^[[0m shlex v2.0.1
portable	Release build	2026-10-02T17:03:54.3576061Z ^[[1m^[[92m   Compiling^[[0m crc32fast v1.5.1
portable	Release build	2026-10-02T17:03:54.4806092Z ^[[1m^[[92m   Compiling^[[0m async-task v4.7.1
portable	Release build	2026-10-02T17:03:54.6353520Z ^[[1m^[[92m   Compiling^[[0m stable_deref_trait v1.2.1
portable	Release build	2026-10-02T17:03:54.6695828Z ^[[1m^[[92m   Compiling^[[0m find-msvc-tools v0.1.11
portable	Release build	2026-10-02T17:03:54.8256638Z ^[[1m^[[92m   Compiling^[[0m cc v1.4.4
portable	Release build	2026-10-02T17:03:55.2736104Z ^[[1m^[[92m   Compiling^[[0m zerofrom-derive v0.1.7
portable	Release build	2026-10-02T17:03:55.4096747Z ^[[1m^[[92m   Compiling^[[0m dlib v0.5.3
portable	Release build	2026-10-02T17:03:55.5586128Z ^[[1m^[[92m   Compiling^[[0m getrandom v0.4.3
portable	Release build	2026-10-02T17:03:55.9576111Z ^[[1m^[[92m   Compiling^[[0m yoke-derive v0.8.2
portable	Release build	2026-10-02T17:03:56.1516505Z ^[[1m^[[92m   Compiling^[[0m async-channel v2.5.0
portable	Release build	2026-10-02T17:03:56.3156354Z ^[[1m^[[92m   Compiling^[[0m zerofrom v0.1.8
portable	Release build	2026-10-02T17:03:56.3196813Z ^[[1m^[[92m   Compiling^[[0m polling v3.11.0
portable	Release build	2026-10-02T17:03:56.3966578Z ^[[1m^[[92m   Compiling^[[0m wayland-sys v0.31.11
portable	Release build	2026-10-02T17:03:56.4896550Z ^[[1m^[[92m   Compiling^[[0m tracing-attributes v0.1.31
portable	Release build	2026-10-02T17:03:56.6056180Z ^[[1m^[[92m   Compiling^[[0m generic-array v0.14.7
portable	Release build	2026-10-02T17:03:56.7096356Z ^[[1m^[[92m   Compiling^[[0m anyhow v1.0.104
portable	Release build	2026-10-02T17:03:56.8196123Z ^[[1m^[[92m   Compiling^[[0m yoke v0.8.3
portable	Release build	2026-10-02T17:03:56.9957757Z ^[[1m^[[92m   Compiling^[[0m flate2 v1.1.9
portable	Release build	2026-10-02T17:03:57.5686203Z ^[[1m^[[92m   Compiling^[[0m enumflags2 v0.7.12
portable	Release build	2026-10-02T17:03:57.5776025Z ^[[1m^[[92m   Compiling^[[0m tracing v0.1.44
portable	Release build	2026-10-02T17:03:57.6456053Z ^[[1m^[[92m   Compiling^[[0m zcheapstr v1.1.0
portable	Release build	2026-10-02T17:03:57.6937057Z ^[[1m^[[92m   Compiling^[[0m async-io v2.6.0
portable	Release build	2026-10-02T17:03:57.7847173Z ^[[1m^[[92m   Compiling^[[0m endi v1.1.1
portable	Release build	2026-10-02T17:03:57.8696025Z ^[[1m^[[92m   Compiling^[[0m cfg_aliases v0.2.2
portable	Release build	2026-10-02T17:03:57.9056016Z ^[[1m^[[92m   Compiling^[[0m typenum v1.20.1
portable	Release build	2026-10-02T17:03:57.9767135Z ^[[1m^[[92m   Compiling^[[0m zvariant v5.15.0
portable	Release build	2026-10-02T17:03:58.9776275Z ^[[1m^[[92m   Compiling^[[0m zerovec-derive v0.11.6
portable	Release build	2026-10-02T17:03:59.1656489Z ^[[1m^[[92m   Compiling^[[0m zmij v1.0.23
portable	Release build	2026-10-02T17:03:59.3046137Z ^[[1m^[[92m   Compiling^[[0m sha1_smol v1.0.1
portable	Release build	2026-10-02T17:03:59.9276145Z ^[[1m^[[92m   Compiling^[[0m atomic-waker v1.1.2
portable	Release build	2026-10-02T17:03:59.9886601Z ^[[1m^[[92m   Compiling^[[0m scopeguard v1.2.0
portable	Release build	2026-10-02T17:04:00.0366231Z ^[[1m^[[92m   Compiling^[[0m lock_api v0.4.14
portable	Release build	2026-10-02T17:04:00.2336131Z ^[[1m^[[92m   Compiling^[[0m zbus_names v4.3.4
portable	Release build	2026-10-02T17:04:00.6156102Z ^[[1m^[[92m   Compiling^[[0m piper v0.2.5
portable	Release build	2026-10-02T17:04:00.7916606Z ^[[1m^[[92m   Compiling^[[0m zerovec v0.11.8
portable	Release build	2026-10-02T17:04:00.8566526Z ^[[1m^[[92m   Compiling^[[0m uuid v1.26.0
portable	Release build	2026-10-02T17:04:01.8556021Z ^[[1m^[[92m   Compiling^[[0m displaydoc v0.2.7
portable	Release build	2026-10-02T17:04:02.3974365Z ^[[1m^[[92m   Compiling^[[0m core_maths v0.1.1
portable	Release build	2026-10-02T17:04:02.4506547Z ^[[1m^[[92m   Compiling^[[0m serde_bytes v0.11.19
portable	Release build	2026-10-02T17:04:02.6486580Z ^[[1m^[[92m   Compiling^[[0m errno v0.3.14
portable	Release build	2026-10-02T17:04:02.8260641Z ^[[1m^[[92m   Compiling^[[0m getrandom v0.3.4
portable	Release build	2026-10-02T17:04:02.8376623Z ^[[1m^[[92m   Compiling^[[0m futures-sink v0.3.34
portable	Release build	2026-10-02T17:04:03.0187905Z ^[[1m^[[92m   Compiling^[[0m signal-hook-registry v1.4.8
portable	Release build	2026-10-02T17:04:03.4486178Z ^[[1m^[[92m   Compiling^[[0m blocking v1.7.0
portable	Release build	2026-10-02T17:04:03.9026613Z ^[[1m^[[92m   Compiling^[[0m async-lock v3.4.2
portable	Release build	2026-10-02T17:04:04.6386197Z ^[[1m^[[92m   Compiling^[[0m allocator-api2 v0.2.21
portable	Release build	2026-10-02T17:04:04.9881515Z ^[[1m^[[92m   Compiling^[[0m siphasher v1.0.3
portable	Release build	2026-10-02T17:04:05.1315991Z ^[[1m^[[92m   Compiling^[[0m foldhash v0.2.0
portable	Release build	2026-10-02T17:04:05.2936142Z ^[[1m^[[92m   Compiling^[[0m thiserror v2.0.20
portable	Release build	2026-10-02T17:04:05.4726051Z ^[[1m^[[92m   Compiling^[[0m parking_lot_core v0.9.12
portable	Release build	2026-10-02T17:04:06.9439798Z ^[[1m^[[92m   Compiling^[[0m hashbrown v0.16.1
portable	Release build	2026-10-02T17:04:07.6666047Z ^[[1m^[[92m   Compiling^[[0m async-signal v0.2.14
portable	Release build	2026-10-02T17:04:08.1026734Z ^[[1m^[[92m   Compiling^[[0m futures-channel v0.3.34
portable	Release build	2026-10-02T17:04:08.2936007Z ^[[1m^[[92m   Compiling^[[0m half v2.7.1
portable	Release build	2026-10-02T17:04:08.5866267Z ^[[1m^[[92m   Compiling^[[0m thiserror-impl v2.0.20
portable	Release build	2026-10-02T17:04:08.9116430Z ^[[1m^[[92m   Compiling^[[0m futures-macro v0.3.34
portable	Release build	2026-10-02T17:04:09.4991262Z ^[[1m^[[92m   Compiling^[[0m slotmap v1.1.1
portable	Release build	2026-10-02T17:04:09.6092721Z ^[[1m^[[92m   Compiling^[[0m static_assertions v1.1.0
portable	Release build	2026-10-02T17:04:09.6588530Z ^[[1m^[[92m   Compiling^[[0m futures-task v0.3.34
portable	Release build	2026-10-02T17:04:09.7566191Z ^[[1m^[[92m   Compiling^[[0m futures-util v0.3.34
portable	Release build	2026-10-02T17:04:09.7952877Z ^[[1m^[[92m   Compiling^[[0m async-process v2.5.0
portable	Release build	2026-10-02T17:04:12.0956022Z ^[[1m^[[92m   Compiling^[[0m tinystr v0.8.4
portable	Release build	2026-10-02T17:04:12.2376304Z ^[[1m^[[92m   Compiling^[[0m crypto-common v0.1.7
portable	Release build	2026-10-02T17:04:12.3056245Z ^[[1m^[[92m   Compiling^[[0m wayland-backend v0.3.17
portable	Release build	2026-10-02T17:04:12.4047611Z ^[[1m^[[92m   Compiling^[[0m async-executor v1.14.0
portable	Release build	2026-10-02T17:04:12.7786018Z ^[[1m^[[92m   Compiling^[[0m itoa v1.0.18
portable	Release build	2026-10-02T17:04:12.9026011Z ^[[1m^[[92m   Compiling^[[0m writeable v0.6.4
portable	Release build	2026-10-02T17:04:12.9585980Z ^[[1m^[[92m   Compiling^[[0m crossbeam-epoch v0.9.20
portable	Release build	2026-10-02T17:04:13.0426053Z ^[[1m^[[92m   Compiling^[[0m litemap v0.8.3
portable	Release build	2026-10-02T17:04:13.1886255Z ^[[1m^[[92m   Compiling^[[0m icu_locale_core v2.3.0
portable	Release build	2026-10-02T17:04:13.4477122Z ^[[1m^[[92m   Compiling^[[0m parking_lot v0.12.5
portable	Release build	2026-10-02T17:04:14.3856594Z ^[[1m^[[92m   Compiling^[[0m ttf-parser v0.25.1
portable	Release build	2026-10-02T17:04:14.8317168Z ^[[1m^[[92m   Compiling^[[0m zerotrie v0.2.5
portable	Release build	2026-10-02T17:04:15.2196082Z ^[[1m^[[92m   Compiling^[[0m potential_utf v0.1.6
portable	Release build	2026-10-02T17:04:15.3215624Z ^[[1m^[[92m   Compiling^[[0m zbus_macros v5.19.0
portable	Release build	2026-10-02T17:04:16.3911405Z ^[[1m^[[92m   Compiling^[[0m quick-xml v0.41.0
portable	Release build	2026-10-02T17:04:17.3726388Z ^[[1m^[[92m   Compiling^[[0m async-broadcast v0.7.2
portable	Release build	2026-10-02T17:04:17.6486752Z ^[[1m^[[92m   Compiling^[[0m ordered-stream v0.2.0
portable	Release build	2026-10-02T17:04:17.7716120Z ^[[1m^[[92m   Compiling^[[0m async-recursion v1.1.1
portable	Release build	2026-10-02T17:04:17.9486229Z ^[[1m^[[92m   Compiling^[[0m async-trait v0.1.92
portable	Release build	2026-10-02T17:04:18.1506756Z ^[[1m^[[92m   Compiling^[[0m serde_repr v0.1.21
portable	Release build	2026-10-02T17:04:18.4446795Z ^[[1m^[[92m   Compiling^[[0m memmap2 v0.9.11
portable	Release build	2026-10-02T17:04:18.6677106Z ^[[1m^[[92m   Compiling^[[0m tinyvec_macros v0.1.1
portable	Release build	2026-10-02T17:04:18.6906618Z ^[[1m^[[92m   Compiling^[[0m roxmltree v0.20.0
portable	Release build	2026-10-02T17:04:18.7013040Z ^[[1m^[[92m   Compiling^[[0m icu_properties_data v2.3.0
portable	Release build	2026-10-02T17:04:18.7876139Z ^[[1m^[[92m   Compiling^[[0m crossbeam-deque v0.8.7
portable	Release build	2026-10-02T17:04:18.9006067Z ^[[1m^[[92m   Compiling^[[0m scoped-tls v1.0.1
portable	Release build	2026-10-02T17:04:18.9572551Z ^[[1m^[[92m   Compiling^[[0m downcast-rs v1.2.1
portable	Release build	2026-10-02T17:04:19.0036155Z ^[[1m^[[92m   Compiling^[[0m utf8_iter v1.0.4
portable	Release build	2026-10-02T17:04:19.1016607Z ^[[1m^[[92m   Compiling^[[0m wayland-client v0.31.15
portable	Release build	2026-10-02T17:04:19.1806119Z ^[[1m^[[92m   Compiling^[[0m icu_normalizer_data v2.3.0
portable	Release build	2026-10-02T17:04:19.2726764Z ^[[1m^[[92m   Compiling^[[0m hex v0.4.3
portable	Release build	2026-10-02T17:04:19.5026077Z ^[[1m^[[92m   Compiling^[[0m float-cmp v0.9.0
portable	Release build	2026-10-02T17:04:19.5716148Z ^[[1m^[[92m   Compiling^[[0m strict-num v0.1.1
portable	Release build	2026-10-02T17:04:19.6736631Z ^[[1m^[[92m   Compiling^[[0m zbus v5.19.0
portable	Release build	2026-10-02T17:04:20.4176215Z ^[[1m^[[92m   Compiling^[[0m fontconfig-parser v0.5.8
portable	Release build	2026-10-02T17:04:20.8546676Z ^[[1m^[[92m   Compiling^[[0m icu_collections v2.3.0
portable	Release build	2026-10-02T17:04:23.0402360Z ^[[1m^[[92m   Compiling^[[0m tinyvec v1.12.0
portable	Release build	2026-10-02T17:04:24.1195281Z ^[[1m^[[92m   Compiling^[[0m wayland-scanner v0.31.11
portable	Release build	2026-10-02T17:04:24.9876204Z ^[[1m^[[92m   Compiling^[[0m icu_provider v2.3.1
portable	Release build	2026-10-02T17:04:25.6326504Z ^[[1m^[[92m   Compiling^[[0m naga v29.0.4
portable	Release build	2026-10-02T17:04:25.7976642Z ^[[1m^[[92m   Compiling^[[0m fdeflate v0.3.7
portable	Release build	2026-10-02T17:04:25.9736130Z ^[[1m^[[92m   Compiling^[[0m euclid v0.22.14
portable	Release build	2026-10-02T17:04:26.6912193Z ^[[1m^[[92m   Compiling^[[0m unicode-script v0.5.8
portable	Release build	2026-10-02T17:04:26.7796658Z ^[[1m^[[92m   Compiling^[[0m raw-window-handle v0.6.2
portable	Release build	2026-10-02T17:04:26.9946108Z ^[[1m^[[92m   Compiling^[[0m bit-vec v0.9.1
portable	Release build	2026-10-02T17:04:27.1516145Z ^[[1m^[[92m   Compiling^[[0m rayon-core v1.13.0
portable	Release build	2026-10-02T17:04:27.2182988Z ^[[1m^[[92m   Compiling^[[0m serde_json v1.0.151
portable	Release build	2026-10-02T17:04:27.2325968Z ^[[1m^[[92m   Compiling^[[0m unicode-width v0.2.2
portable	Release build	2026-10-02T17:04:27.3006283Z ^[[1m^[[92m   Compiling^[[0m crunchy v0.2.4
portable	Release build	2026-10-02T17:04:27.4263428Z ^[[1m^[[92m   Compiling^[[0m arrayref v0.3.9
portable	Release build	2026-10-02T17:04:27.4656136Z ^[[1m^[[92m   Compiling^[[0m ash v0.38.0+1.3.281
portable	Release build	2026-10-02T17:04:27.5498219Z ^[[1m^[[92m   Compiling^[[0m tiny-skia-path v0.11.4
portable	Release build	2026-10-02T17:04:27.6865961Z ^[[1m^[[92m   Compiling^[[0m codespan-reporting v0.13.1
portable	Release build	2026-10-02T17:04:28.6676138Z ^[[1m^[[92m   Compiling^[[0m bit-set v0.9.1
portable	Release build	2026-10-02T17:04:29.6086048Z ^[[1m^[[92m   Compiling^[[0m fontdb v0.23.0
portable	Release build	2026-10-02T17:04:30.1046329Z ^[[1m^[[92m   Compiling^[[0m rand_core v0.9.5
portable	Release build	2026-10-02T17:04:30.2796209Z ^[[1m^[[92m   Compiling^[[0m zbus_xml v5.2.1
portable	Release build	2026-10-02T17:04:31.2486590Z ^[[1m^[[92m   Compiling^[[0m block-buffer v0.10.4
portable	Release build	2026-10-02T17:04:31.3945990Z ^[[1m^[[92m   Compiling^[[0m ppv-lite86 v0.2.21
portable	Release build	2026-10-02T17:04:31.6446477Z ^[[1m^[[92m   Compiling^[[0m num-complex v0.4.6
portable	Release build	2026-10-02T17:04:31.7029838Z ^[[1m^[[92m   Compiling^[[0m profiling-procmacros v1.0.18
portable	Release build	2026-10-02T17:04:31.8986836Z ^[[1m^[[92m   Compiling^[[0m spirv v0.4.0+sdk-1.4.341.0
portable	Release build	2026-10-02T17:04:32.0925967Z ^[[1m^[[92m   Compiling^[[0m rustc-hash v2.1.3
portable	Release build	2026-10-02T17:04:32.1556448Z ^[[1m^[[92m   Compiling^[[0m unicode-bidi-mirroring v0.4.0
portable	Release build	2026-10-02T17:04:32.2246180Z ^[[1m^[[92m   Compiling^[[0m rustc-hash v1.1.0
portable	Release build	2026-10-02T17:04:32.2695800Z ^[[1m^[[92m   Compiling^[[0m foldhash v0.1.5
portable	Release build	2026-10-02T17:04:32.4326302Z ^[[1m^[[92m   Compiling^[[0m unicode-properties v0.1.4
portable	Release build	2026-10-02T17:04:32.5796476Z ^[[1m^[[92m   Compiling^[[0m semver v1.0.28
portable	Release build	2026-10-02T17:04:32.8106092Z ^[[1m^[[92m   Compiling^[[0m unicode-ccc v0.4.0
portable	Release build	2026-10-02T17:04:32.9326167Z ^[[1m^[[92m   Compiling^[[0m unicode-bidi v0.3.18
portable	Release build	2026-10-02T17:04:34.1936674Z ^[[1m^[[92m   Compiling^[[0m khronos-egl v6.0.0
portable	Release build	2026-10-02T17:04:34.2706521Z ^[[1m^[[92m   Compiling^[[0m hexf-parse v0.2.1
portable	Release build	2026-10-02T17:04:34.4036077Z ^[[1m^[[92m   Compiling^[[0m lazy_static v1.5.0
portable	Release build	2026-10-02T17:04:34.4466079Z ^[[1m^[[92m   Compiling^[[0m tiny-keccak v2.0.2
portable	Release build	2026-10-02T17:04:34.5223343Z ^[[1m^[[92m   Compiling^[[0m iana-time-zone v0.1.65
portable	Release build	2026-10-02T17:04:34.6266077Z ^[[1m^[[92m   Compiling^[[0m subtle v2.6.1
portable	Release build	2026-10-02T17:04:34.7315993Z ^[[1m^[[92m   Compiling^[[0m paste v1.0.15
portable	Release build	2026-10-02T17:04:34.7386054Z ^[[1m^[[92m   Compiling^[[0m digest v0.10.7
portable	Release build	2026-10-02T17:04:34.8836043Z ^[[1m^[[92m   Compiling^[[0m chrono v0.4.45
portable	Release build	2026-10-02T17:04:34.9666047Z ^[[1m^[[92m   Compiling^[[0m rustybuzz v0.20.1
portable	Release build	2026-10-02T17:04:38.9155965Z ^[[1m^[[92m   Compiling^[[0m rustc_version v0.4.1
portable	Release build	2026-10-02T17:04:39.1126506Z ^[[1m^[[92m   Compiling^[[0m hashbrown v0.15.5
portable	Release build	2026-10-02T17:04:39.7596268Z ^[[1m^[[92m   Compiling^[[0m profiling v1.0.18
portable	Release build	2026-10-02T17:04:39.7996418Z ^[[1m^[[92m   Compiling^[[0m rand_chacha v0.9.0
portable	Release build	2026-10-02T17:04:40.6016868Z ^[[1m^[[92m   Compiling^[[0m zbus-lockstep v0.5.2
portable	Release build	2026-10-02T17:04:40.7327194Z ^[[1m^[[92m   Compiling^[[0m icu_normalizer v2.3.0
portable	Release build	2026-10-02T17:04:42.0298697Z ^[[1m^[[92m   Compiling^[[0m icu_properties v2.3.0
portable	Release build	2026-10-02T17:04:48.3566570Z ^[[1m^[[92m   Compiling^[[0m wgpu-types v29.0.4
portable	Release build	2026-10-02T17:04:52.1136076Z ^[[1m^[[92m   Compiling^[[0m lyon_geom v1.0.19
portable	Release build	2026-10-02T17:04:52.5856248Z ^[[1m^[[92m   Compiling^[[0m gpui-pre-util v0.3.7
portable	Release build	2026-10-02T17:04:52.9476325Z ^[[1m^[[92m   Compiling^[[0m futures-executor v0.3.34
portable	Release build	2026-10-02T17:04:57.1995935Z ^[[1m^[[92m   Compiling^[[0m wgpu-hal v29.0.4
portable	Release build	2026-10-02T17:04:57.4236585Z ^[[1m^[[92m   Compiling^[[0m polycool v0.4.0
portable	Release build	2026-10-02T17:04:58.5026338Z ^[[1m^[[92m   Compiling^[[0m aho-corasick v1.1.5
portable	Release build	2026-10-02T17:05:01.0496205Z ^[[1m^[[92m   Compiling^[[0m zeroize_derive v1.5.0
portable	Release build	2026-10-02T17:05:01.4466105Z ^[[1m^[[92m   Compiling^[[0m enumn v0.1.14
portable	Release build	2026-10-02T17:05:01.5351072Z ^[[1m^[[92m   Compiling^[[0m num-integer v0.1.47
portable	Release build	2026-10-02T17:05:01.6616623Z ^[[1m^[[92m   Compiling^[[0m pulp v0.22.3
portable	Release build	2026-10-02T17:05:01.8307055Z ^[[1m^[[92m   Compiling^[[0m simplecss v0.2.2
portable	Release build	2026-10-02T17:05:02.0165956Z ^[[1m^[[92m   Compiling^[[0m gpu-descriptor-types v0.2.0
portable	Release build	2026-10-02T17:05:02.2353386Z ^[[1m^[[92m   Compiling^[[0m ref-cast v1.0.27
portable	Release build	2026-10-02T17:05:02.3945725Z ^[[1m^[[92m   Compiling^[[0m regex-syntax v0.8.11
portable	Release build	2026-10-02T17:05:03.2226620Z ^[[1m^[[92m   Compiling^[[0m thiserror v1.0.69
portable	Release build	2026-10-02T17:05:03.3746223Z ^[[1m^[[92m   Compiling^[[0m unicode-vo v0.1.0
portable	Release build	2026-10-02T17:05:03.5676429Z ^[[1m^[[92m   Compiling^[[0m quick-error v2.0.1
portable	Release build	2026-10-02T17:05:03.6166218Z ^[[1m^[[92m   Compiling^[[0m unicode-segmentation v1.13.3
portable	Release build	2026-10-02T17:05:03.9726354Z ^[[1m^[[92m   Compiling^[[0m byteorder v1.5.0
portable	Release build	2026-10-02T17:05:04.1766623Z ^[[1m^[[92m   Compiling^[[0m xmlwriter v0.1.0
portable	Release build	2026-10-02T17:05:04.5386145Z ^[[1m^[[92m   Compiling^[[0m either v1.18.0
portable	Release build	2026-10-02T17:05:04.7126243Z ^[[1m^[[92m   Compiling^[[0m presser v0.3.1
portable	Release build	2026-10-02T17:05:04.7946254Z ^[[1m^[[92m   Compiling^[[0m libbz2-rs-sys v0.2.5
portable	Release build	2026-10-02T17:05:05.0966733Z ^[[1m^[[92m   Compiling^[[0m object v0.37.3
portable	Release build	2026-10-02T17:05:05.2296088Z ^[[1m^[[92m   Compiling^[[0m zune-core v0.5.3
portable	Release build	2026-10-02T17:05:05.5076081Z ^[[1m^[[92m   Compiling^[[0m weezl v0.1.12
portable	Release build	2026-10-02T17:05:06.6777679Z ^[[1m^[[92m   Compiling^[[0m base64 v0.22.1
portable	Release build	2026-10-02T17:05:07.1316414Z ^[[1m^[[92m   Compiling^[[0m data-url v0.3.2
portable	Release build	2026-10-02T17:05:07.7036560Z ^[[1m^[[92m   Compiling^[[0m pico-args v0.5.0
portable	Release build	2026-10-02T17:05:07.8466471Z ^[[1m^[[92m   Compiling^[[0m percent-encoding v2.3.2
portable	Release build	2026-10-02T17:05:07.9385812Z ^[[1m^[[92m   Compiling^[[0m bitflags v1.3.2
portable	Release build	2026-10-02T17:05:07.9796516Z ^[[1m^[[92m   Compiling^[[0m png v0.17.16
portable	Release build	2026-10-02T17:05:08.0496097Z ^[[1m^[[92m   Compiling^[[0m form_urlencoded v1.2.2
portable	Release build	2026-10-02T17:05:08.2486102Z ^[[1m^[[92m   Compiling^[[0m phf_shared v0.13.1
portable	Release build	2026-10-02T17:05:08.4246158Z ^[[1m^[[92m   Compiling^[[0m getrandom v0.2.17
portable	Release build	2026-10-02T17:05:08.5286716Z ^[[1m^[[92m   Compiling^[[0m zune-jpeg v0.5.15
portable	Release build	2026-10-02T17:05:10.2746058Z ^[[1m^[[92m   Compiling^[[0m bzip2 v0.6.1
portable	Release build	2026-10-02T17:05:10.4636252Z ^[[1m^[[92m   Compiling^[[0m gpu-allocator v0.28.0
portable	Release build	2026-10-02T17:05:10.5025807Z ^[[1m^[[92m   Compiling^[[0m regex-automata v0.4.18
portable	Release build	2026-10-02T17:05:10.8216656Z ^[[1m^[[92m   Compiling^[[0m convert_case v0.10.0
portable	Release build	2026-10-02T17:05:11.0976119Z ^[[1m^[[92m   Compiling^[[0m gpu-descriptor v0.3.2
portable	Release build	2026-10-02T17:05:11.3846055Z ^[[1m^[[92m   Compiling^[[0m accesskit v0.24.1
portable	Release build	2026-10-02T17:05:11.9406552Z ^[[1m^[[92m   Compiling^[[0m zeroize v1.9.0
portable	Release build	2026-10-02T17:05:12.0666634Z ^[[1m^[[92m   Compiling^[[0m kurbo v0.13.1
portable	Release build	2026-10-02T17:05:12.5935955Z ^[[1m^[[92m   Compiling^[[0m futures v0.3.34
portable	Release build	2026-10-02T17:05:12.6356188Z ^[[1m^[[92m   Compiling^[[0m gpui-pre-collections v0.3.7
portable	Release build	2026-10-02T17:05:12.7046006Z ^[[1m^[[92m   Compiling^[[0m lyon_path v1.0.19
portable	Release build	2026-10-02T17:05:13.5026226Z ^[[1m^[[92m   Compiling^[[0m wgpu-naga-bridge v29.0.4
portable	Release build	2026-10-02T17:05:13.8876119Z ^[[1m^[[92m   Compiling^[[0m idna_adapter v1.2.2
portable	Release build	2026-10-02T17:05:13.9544792Z ^[[1m^[[92m   Compiling^[[0m zbus-lockstep-macros v0.5.2
portable	Release build	2026-10-02T17:05:14.2836567Z ^[[1m^[[92m   Compiling^[[0m rand v0.9.5
portable	Release build	2026-10-02T17:05:14.9736206Z ^[[1m^[[92m   Compiling^[[0m pathfinder_simd v0.5.6
portable	Release build	2026-10-02T17:05:15.6456022Z ^[[1m^[[92m   Compiling^[[0m sharded-slab v0.1.7
portable	Release build	2026-10-02T17:05:15.7616356Z ^[[1m^[[92m   Compiling^[[0m block-padding v0.3.3
portable	Release build	2026-10-02T17:05:15.8336230Z ^[[1m^[[92m   Compiling^[[0m freetype-sys v0.20.1
portable	Release build	2026-10-02T17:05:15.9596164Z ^[[1m^[[92m   Compiling^[[0m tracing-log v0.2.0
portable	Release build	2026-10-02T17:05:16.1966221Z ^[[1m^[[92m   Compiling^[[0m yeslogic-fontconfig-sys v6.0.1
portable	Release build	2026-10-02T17:05:16.2686055Z ^[[1m^[[92m   Compiling^[[0m font-types v0.12.5
portable	Release build	2026-10-02T17:05:16.2876049Z ^[[1m^[[92m   Compiling^[[0m font-types v0.11.3
portable	Release build	2026-10-02T17:05:16.6348874Z ^[[1m^[[92m   Compiling^[[0m thiserror-impl v1.0.69
portable	Release build	2026-10-02T17:05:16.6416800Z ^[[1m^[[92m   Compiling^[[0m pin-project-internal v1.1.13
portable	Release build	2026-10-02T17:05:17.5316080Z ^[[1m^[[92m   Compiling^[[0m ref-cast-impl v1.0.27
portable	Release build	2026-10-02T17:05:17.6131248Z ^[[1m^[[92m   Compiling^[[0m ordered-float v5.5.0
portable	Release build	2026-10-02T17:05:17.8476212Z ^[[1m^[[92m   Compiling^[[0m serde_derive_internals v0.30.0
portable	Release build	2026-10-02T17:05:17.8645977Z ^[[1m^[[92m   Compiling^[[0m raw-cpuid v11.6.0
portable	Release build	2026-10-02T17:05:18.6672788Z ^[[1m^[[92m   Compiling^[[0m thread_local v1.1.10
portable	Release build	2026-10-02T17:05:18.8845936Z ^[[1m^[[92m   Compiling^[[0m color_quant v1.1.0
portable	Release build	2026-10-02T17:05:19.2426288Z ^[[1m^[[92m   Compiling^[[0m nu-ansi-term v0.50.3
portable	Release build	2026-10-02T17:05:19.7186379Z ^[[1m^[[92m   Compiling^[[0m gimli v0.32.3
portable	Release build	2026-10-02T17:05:21.2266765Z ^[[1m^[[92m   Compiling^[[0m gpui-pre-ztracing v0.3.7
portable	Release build	2026-10-02T17:05:21.3062301Z ^[[1m^[[92m   Compiling^[[0m compression-core v0.4.32
portable	Release build	2026-10-02T17:05:21.4086246Z ^[[1m^[[92m   Compiling^[[0m byteorder-lite v0.1.0
portable	Release build	2026-10-02T17:05:21.6426246Z ^[[1m^[[92m   Compiling^[[0m heck v0.5.0
portable	Release build	2026-10-02T17:05:21.7876190Z ^[[1m^[[92m   Compiling^[[0m glow v0.17.0
portable	Release build	2026-10-02T17:05:22.6176545Z ^[[1m^[[92m   Compiling^[[0m pulp-wasm-simd-flag v0.1.1
portable	Release build	2026-10-02T17:05:22.6536718Z ^[[1m^[[92m   Compiling^[[0m bytes v1.12.1
portable	Release build	2026-10-02T17:05:22.8996869Z ^[[1m^[[92m   Compiling^[[0m unicode-xid v0.2.6
portable	Release build	2026-10-02T17:05:22.9576427Z ^[[1m^[[92m   Compiling^[[0m reborrow v0.5.5
portable	Release build	2026-10-02T17:05:22.9993049Z ^[[1m^[[92m   Compiling^[[0m renderdoc-sys v1.1.0
portable	Release build	2026-10-02T17:05:23.2086468Z ^[[1m^[[92m   Compiling^[[0m heapless v0.9.3
portable	Release build	2026-10-02T17:05:23.3903650Z ^[[1m^[[92m   Compiling^[[0m http v1.5.0
portable	Release build	2026-10-02T17:05:25.4576222Z ^[[1m^[[92m   Compiling^[[0m derive_more-impl v2.1.1
portable	Release build	2026-10-02T17:05:28.3746413Z ^[[1m^[[92m   Compiling^[[0m const-random-macro v0.1.16
portable	Release build	2026-10-02T17:05:28.4526590Z ^[[1m^[[92m   Compiling^[[0m addr2line v0.25.1
portable	Release build	2026-10-02T17:05:28.5473984Z ^[[1m^[[92m   Compiling^[[0m image-webp v0.2.4
portable	Release build	2026-10-02T17:05:28.5704258Z ^[[1m^[[92m   Compiling^[[0m compression-codecs v0.4.38
portable	Release build	2026-10-02T17:05:28.8539702Z ^[[1m^[[92m   Compiling^[[0m tracing-subscriber v0.3.23
portable	Release build	2026-10-02T17:05:28.9415513Z ^[[1m^[[92m   Compiling^[[0m phf_generator v0.13.1
portable	Release build	2026-10-02T17:05:29.0586500Z ^[[1m^[[92m   Compiling^[[0m gif v0.14.2
portable	Release build	2026-10-02T17:05:30.9756405Z ^[[1m^[[92m   Compiling^[[0m schemars_derive v1.2.2
portable	Release build	2026-10-02T17:05:32.2136164Z ^[[1m^[[92m   Compiling^[[0m pin-project v1.1.13
portable	Release build	2026-10-02T17:05:32.2596017Z ^[[1m^[[92m   Compiling^[[0m read-fonts v0.41.0
portable	Release build	2026-10-02T17:05:32.3736095Z ^[[1m^[[92m   Compiling^[[0m read-fonts v0.37.0
portable	Release build	2026-10-02T17:05:32.5995056Z ^[[1m^[[92m   Compiling^[[0m inout v0.1.4
portable	Release build	2026-10-02T17:05:32.7206658Z ^[[1m^[[92m   Compiling^[[0m atspi-common v0.13.0
portable	Release build	2026-10-02T17:05:43.2415969Z ^[[1m^[[92m   Compiling^[[0m idna v1.1.0
portable	Release build	2026-10-02T17:05:45.5710806Z ^[[1m^[[92m   Compiling^[[0m svgtypes v0.16.1
portable	Release build	2026-10-02T17:05:47.4557126Z ^[[1m^[[92m   Compiling^[[0m gpui-pre-zlog v0.3.7
portable	Release build	2026-10-02T17:05:53.4516255Z ^[[1m^[[92m   Compiling^[[0m tiny-skia v0.11.4
portable	Release build	2026-10-02T17:05:53.5456086Z ^[[1m^[[92m   Compiling^[[0m rayon v1.12.0
portable	Release build	2026-10-02T17:05:54.6107222Z ^[[1m^[[92m   Compiling^[[0m hash32 v0.3.1
portable	Release build	2026-10-02T17:05:54.6926436Z ^[[1m^[[92m   Compiling^[[0m wayland-protocols v0.32.13
portable	Release build	2026-10-02T17:05:56.0556093Z ^[[1m^[[92m   Compiling^[[0m spin v0.9.9
portable	Release build	2026-10-02T17:05:56.1986128Z ^[[1m^[[92m   Compiling^[[0m wgpu-core v29.0.4
portable	Release build	2026-10-02T17:05:56.4176623Z ^[[1m^[[92m   Compiling^[[0m zune-inflate v0.2.54
portable	Release build	2026-10-02T17:05:56.9336170Z ^[[1m^[[92m   Compiling^[[0m roxmltree v0.21.1
portable	Release build	2026-10-02T17:05:59.1396890Z ^[[1m^[[92m   Compiling^[[0m rgb v0.8.53
portable	Release build	2026-10-02T17:05:59.4546572Z ^[[1m^[[92m   Compiling^[[0m ahash v0.8.12
portable	Release build	2026-10-02T17:05:59.5506675Z ^[[1m^[[92m   Compiling^[[0m pxfm v0.1.30
portable	Release build	2026-10-02T17:05:59.5713991Z ^[[1m^[[92m   Compiling^[[0m float_next_after v1.0.0
portable	Release build	2026-10-02T17:05:59.6216111Z ^[[1m^[[92m   Compiling^[[0m imagesize v0.14.0
portable	Release build	2026-10-02T17:06:00.3361663Z ^[[1m^[[92m   Compiling^[[0m bit_field v0.10.3
portable	Release build	2026-10-02T17:06:00.4416067Z ^[[1m^[[92m   Compiling^[[0m lebe v0.5.3
portable	Release build	2026-10-02T17:06:00.5881102Z ^[[1m^[[92m   Compiling^[[0m ryu v1.0.23
portable	Release build	2026-10-02T17:06:00.7116461Z ^[[1m^[[92m   Compiling^[[0m dyn-clone v1.0.20
portable	Release build	2026-10-02T17:06:00.7896646Z ^[[1m^[[92m   Compiling^[[0m same-file v1.0.6
portable	Release build	2026-10-02T17:06:00.8286043Z ^[[1m^[[92m   Compiling^[[0m option-ext v0.2.0
portable	Release build	2026-10-02T17:06:00.8738428Z ^[[1m^[[92m   Compiling^[[0m rustc-demangle v0.1.28
portable	Release build	2026-10-02T17:06:00.8805862Z ^[[1m^[[92m   Compiling^[[0m xcursor v0.3.11
portable	Release build	2026-10-02T17:06:01.7746175Z ^[[1m^[[92m   Compiling^[[0m fax v0.2.7
portable	Release build	2026-10-02T17:06:01.9382057Z ^[[1m^[[92m   Compiling^[[0m litrs v1.0.0
portable	Release build	2026-10-02T17:06:02.0726446Z ^[[1m^[[92m   Compiling^[[0m gpui-pre-ztracing-macro v0.3.7
portable	Release build	2026-10-02T17:06:02.1886587Z ^[[1m^[[92m   Compiling^[[0m as-raw-xcb-connection v1.0.1
portable	Release build	2026-10-02T17:06:02.2247560Z ^[[1m^[[92m   Compiling^[[0m smol_str v0.3.6
portable	Release build	2026-10-02T17:06:02.3756089Z ^[[1m^[[92m   Compiling^[[0m document-features v0.2.12
portable	Release build	2026-10-02T17:06:02.5176126Z ^[[1m^[[92m   Compiling^[[0m moxcms v0.8.1
portable	Release build	2026-10-02T17:06:02.7406454Z ^[[1m^[[92m   Compiling^[[0m tiff v0.11.3
portable	Release build	2026-10-02T17:06:06.4935894Z ^[[1m^[[92m   Compiling^[[0m backtrace v0.3.76
portable	Release build	2026-10-02T17:06:11.9646054Z ^[[1m^[[92m   Compiling^[[0m dirs-sys v0.4.1
portable	Release build	2026-10-02T17:06:12.4256022Z ^[[1m^[[92m   Compiling^[[0m walkdir v2.5.0
portable	Release build	2026-10-02T17:06:13.1913392Z ^[[1m^[[92m   Compiling^[[0m schemars v1.2.2
portable	Release build	2026-10-02T17:06:15.2266570Z ^[[1m^[[92m   Compiling^[[0m serde_urlencoded v0.7.1
portable	Release build	2026-10-02T17:06:15.4416347Z ^[[1m^[[92m   Compiling^[[0m exr v1.74.2
portable	Release build	2026-10-02T17:06:15.8026109Z ^[[1m^[[92m   Compiling^[[0m usvg v0.46.0
portable	Release build	2026-10-02T17:06:18.8876119Z ^[[1m^[[92m   Compiling^[[0m lyon_tessellation v1.0.20
portable	Release build	2026-10-02T17:06:21.5456085Z ^[[1m^[[92m   Compiling^[[0m flume v0.12.0
portable	Release build	2026-10-02T17:06:22.5556092Z ^[[1m^[[92m   Compiling^[[0m url v2.5.8
portable	Release build	2026-10-02T17:06:25.0046427Z ^[[1m^[[92m   Compiling^[[0m skrifa v0.44.0
portable	Release build	2026-10-02T17:06:25.5636158Z ^[[1m^[[92m   Compiling^[[0m cipher v0.4.4
portable	Release build	2026-10-02T17:06:25.7145988Z ^[[1m^[[92m   Compiling^[[0m phf_macros v0.13.1
portable	Release build	2026-10-02T17:06:25.7696146Z ^[[1m^[[92m   Compiling^[[0m async-compression v0.4.43
portable	Release build	2026-10-02T17:06:26.2686725Z ^[[1m^[[92m   Compiling^[[0m const-random v0.1.18
portable	Release build	2026-10-02T17:06:26.2873848Z ^[[1m^[[92m   Compiling^[[0m gpui-pre-perf v0.3.7
portable	Release build	2026-10-02T17:06:26.2989930Z ^[[1m^[[92m   Compiling^[[0m derive_more v2.1.1
portable	Release build	2026-10-02T17:06:26.3801818Z ^[[1m^[[92m   Compiling^[[0m wgpu-core-deps-windows-linux-android v29.0.4
portable	Release build	2026-10-02T17:06:26.4176078Z ^[[1m^[[92m   Compiling^[[0m http-body v1.1.0
portable	Release build	2026-10-02T17:06:26.5026346Z ^[[1m^[[92m   Compiling^[[0m strum_macros v0.28.0
portable	Release build	2026-10-02T17:06:26.5899157Z ^[[1m^[[92m   Compiling^[[0m lyon_algorithms v1.0.20
portable	Release build	2026-10-02T17:06:27.8486637Z ^[[1m^[[92m   Compiling^[[0m num-iter v0.1.46
portable	Release build	2026-10-02T17:06:27.9145982Z ^[[1m^[[92m   Compiling^[[0m num-bigint v0.4.8
portable	Release build	2026-10-02T17:06:28.2726629Z ^[[1m^[[92m   Compiling^[[0m hmac v0.12.1
portable	Release build	2026-10-02T17:06:28.3575932Z ^[[1m^[[92m   Compiling^[[0m png v0.18.1
portable	Release build	2026-10-02T17:06:31.3056725Z ^[[1m^[[92m   Compiling^[[0m wgpu v29.0.4
portable	Release build	2026-10-02T17:06:31.3493414Z ^[[1m^[[92m   Compiling^[[0m gethostname v1.1.0
portable	Release build	2026-10-02T17:06:31.4076430Z ^[[1m^[[92m   Compiling^[[0m qoi v0.4.1
portable	Release build	2026-10-02T17:06:31.6086741Z ^[[1m^[[92m   Compiling^[[0m crossbeam-queue v0.3.13
portable	Release build	2026-10-02T17:06:31.6836696Z ^[[1m^[[92m   Compiling^[[0m gpui-pre-derive-refineable v0.3.7
portable	Release build	2026-10-02T17:06:31.7317121Z ^[[1m^[[92m   Compiling^[[0m gpui-pre v0.3.7
portable	Release build	2026-10-02T17:06:31.8176585Z ^[[1m^[[92m   Compiling^[[0m yazi v0.2.1
portable	Release build	2026-10-02T17:06:32.1566257Z ^[[1m^[[92m   Compiling^[[0m atomic v0.5.3
portable	Release build	2026-10-02T17:06:32.2836557Z ^[[1m^[[92m   Compiling^[[0m web-time v1.1.0
portable	Release build	2026-10-02T17:06:32.3236149Z ^[[1m^[[92m   Compiling^[[0m num-bigint-dig v0.9.1
portable	Release build	2026-10-02T17:06:32.4046499Z ^[[1m^[[92m   Compiling^[[0m xim-parser v0.2.2
portable	Release build	2026-10-02T17:06:32.4846215Z ^[[1m^[[92m   Compiling^[[0m fixedbitset v0.5.7
portable	Release build	2026-10-02T17:06:32.7826093Z ^[[1m^[[92m   Compiling^[[0m cpufeatures v0.2.17
portable	Release build	2026-10-02T17:06:32.8226530Z ^[[1m^[[92m   Compiling^[[0m zed-font-kit v0.14.1-zed
portable	Release build	2026-10-02T17:06:32.9039490Z ^[[1m^[[92m   Compiling^[[0m svg_fmt v0.4.5
portable	Release build	2026-10-02T17:06:32.9276177Z ^[[1m^[[92m   Compiling^[[0m link-section v0.19.3
portable	Release build	2026-10-02T17:06:33.1370630Z ^[[1m^[[92m   Compiling^[[0m linktime-proc-macro v0.2.3
portable	Release build	2026-10-02T17:06:33.4184144Z ^[[1m^[[92m   Compiling^[[0m zeno v0.3.3
portable	Release build	2026-10-02T17:06:33.7117073Z ^[[1m^[[92m   Compiling^[[0m pollster v0.2.5
portable	Release build	2026-10-02T17:06:33.7796183Z ^[[1m^[[92m   Compiling^[[0m x11rb-protocol v0.13.2
portable	Release build	2026-10-02T17:06:33.8037731Z ^[[1m^[[92m   Compiling^[[0m postage v0.5.0
portable	Release build	2026-10-02T17:06:34.2456476Z ^[[1m^[[92m   Compiling^[[0m swash v0.2.10
portable	Release build	2026-10-02T17:06:34.3756504Z ^[[1m^[[92m   Compiling^[[0m ctor v1.0.13
portable	Release build	2026-10-02T17:06:34.4696499Z ^[[1m^[[92m   Compiling^[[0m etagere v0.2.15
portable	Release build	2026-10-02T17:06:34.9056592Z ^[[1m^[[92m   Compiling^[[0m futures-concurrency v7.7.1
portable	Release build	2026-10-02T17:06:40.2026460Z ^[[1m^[[92m   Compiling^[[0m gpui-pre-scheduler v0.3.7
portable	Release build	2026-10-02T17:06:43.1466202Z ^[[1m^[[92m   Compiling^[[0m gpui-pre-refineable v0.3.7
portable	Release build	2026-10-02T17:06:43.2216239Z ^[[1m^[[92m   Compiling^[[0m image v0.25.10
portable	Release build	2026-10-02T17:06:44.1176509Z ^[[1m^[[92m   Compiling^[[0m phf v0.13.1
portable	Release build	2026-10-02T17:06:44.2436693Z ^[[1m^[[92m   Compiling^[[0m num-rational v0.4.2
portable	Release build	2026-10-02T17:06:45.6116106Z ^[[1m^[[92m   Compiling^[[0m x11rb v0.13.2
portable	Release build	2026-10-02T17:06:48.8236152Z ^[[1m^[[92m   Compiling^[[0m strum v0.28.0
portable	Release build	2026-10-02T17:06:48.8876182Z ^[[1m^[[92m   Compiling^[[0m lyon v1.0.19
portable	Release build	2026-10-02T17:06:48.9277292Z ^[[1m^[[92m   Compiling^[[0m gpui-pre-util-macros v0.3.7
portable	Release build	2026-10-02T17:06:49.1766302Z ^[[1m^[[92m   Compiling^[[0m gpui-pre-http-client v0.3.7
portable	Release build	2026-10-02T17:06:51.7076600Z ^[[1m^[[92m   Compiling^[[0m pathfinder_geometry v0.5.1
portable	Release build	2026-10-02T17:06:51.9136033Z ^[[1m^[[92m   Compiling^[[0m gpui-pre-sum-tree v0.3.7
portable	Release build	2026-10-02T17:06:52.4176142Z ^[[1m^[[92m   Compiling^[[0m resvg v0.46.0
portable	Release build	2026-10-02T17:06:59.9366154Z ^[[1m^[[92m   Compiling^[[0m gpui-pre-shared-string v0.3.7
portable	Release build	2026-10-02T17:07:00.0226649Z ^[[1m^[[92m   Compiling^[[0m dirs v5.0.1
portable	Release build	2026-10-02T17:07:00.1196181Z ^[[1m^[[92m   Compiling^[[0m harfrust v0.5.2
portable	Release build	2026-10-02T17:07:12.1055964Z ^[[1m^[[92m   Compiling^[[0m skrifa v0.40.0
portable	Release build	2026-10-02T17:07:15.4676567Z ^[[1m^[[92m   Compiling^[[0m atspi-proxies v0.13.0
portable	Release build	2026-10-02T17:07:17.9916654Z ^[[1m^[[92m   Compiling^[[0m gpui-pre-macros v0.3.7
portable	Release build	2026-10-02T17:07:19.4596307Z ^[[1m^[[92m   Compiling^[[0m regex v1.13.1
portable	Release build	2026-10-02T17:07:20.9576804Z ^[[1m^[[92m   Compiling^[[0m accesskit_consumer v0.38.0
portable	Release build	2026-10-02T17:07:25.5119826Z ^[[1m^[[92m   Compiling^[[0m itertools v0.14.0
portable	Release build	2026-10-02T17:07:26.7385928Z ^[[1m^[[92m   Compiling^[[0m taffy v0.13.0
portable	Release build	2026-10-02T17:07:27.1416218Z ^[[1m^[[92m   Compiling^[[0m async-fs v2.2.0
portable	Release build	2026-10-02T17:07:28.0576656Z ^[[1m^[[92m   Compiling^[[0m spin v0.10.1
portable	Release build	2026-10-02T17:07:28.1746053Z ^[[1m^[[92m   Compiling^[[0m is-docker v0.2.0
portable	Release build	2026-10-02T17:07:28.2037004Z ^[[1m^[[92m   Compiling^[[0m num_cpus v1.17.0
portable	Release build	2026-10-02T17:07:28.3335993Z ^[[1m^[[92m   Compiling^[[0m encoding_rs v0.8.35
portable	Release build	2026-10-02T17:07:29.0826491Z ^[[1m^[[92m   Compiling^[[0m self_cell v1.3.0
portable	Release build	2026-10-02T17:07:29.1408061Z ^[[1m^[[92m   Compiling^[[0m sys-locale v0.3.2
portable	Release build	2026-10-02T17:07:29.3576416Z ^[[1m^[[92m   Compiling^[[0m linebender_resource_handle v0.1.1
portable	Release build	2026-10-02T17:07:29.4226014Z ^[[1m^[[92m   Compiling^[[0m waker-fn v1.2.0
portable	Release build	2026-10-02T17:07:29.4226735Z ^[[1m^[[92m   Compiling^[[0m rangemap v1.8.0
portable	Release build	2026-10-02T17:07:29.4695780Z ^[[1m^[[92m   Compiling^[[0m unicode-linebreak v0.1.5
portable	Release build	2026-10-02T17:07:29.6646632Z ^[[1m^[[92m   Compiling^[[0m float-ord v0.3.2
portable	Release build	2026-10-02T17:07:29.7137284Z ^[[1m^[[92m   Compiling^[[0m seahash v4.1.0
portable	Release build	2026-10-02T17:07:29.7393674Z ^[[1m^[[92m   Compiling^[[0m inventory v0.3.24
portable	Release build	2026-10-02T17:07:29.7946078Z ^[[1m^[[92m   Compiling^[[0m pollster v0.4.0
portable	Release build	2026-10-02T17:07:29.8936176Z ^[[1m^[[92m   Compiling^[[0m cosmic-text v0.19.0
portable	Release build	2026-10-02T17:07:33.6706434Z ^[[1m^[[92m   Compiling^[[0m xim-ctext v0.3.0
portable	Release build	2026-10-02T17:07:33.7916494Z ^[[1m^[[92m   Compiling^[[0m is-wsl v0.4.0
portable	Release build	2026-10-02T17:07:34.0646297Z ^[[1m^[[92m   Compiling^[[0m accesskit_atspi_common v0.19.1
portable	Release build	2026-10-02T17:07:34.3473163Z ^[[1m^[[92m   Compiling^[[0m atspi v0.29.0
portable	Release build	2026-10-02T17:07:37.7559398Z ^[[1m^[[92m   Compiling^[[0m num v0.4.3
portable	Release build	2026-10-02T17:07:42.1816841Z ^[[1m^[[92m   Compiling^[[0m aes v0.8.4
portable	Release build	2026-10-02T17:07:43.3076840Z ^[[1m^[[92m   Compiling^[[0m sha2 v0.10.9
portable	Release build	2026-10-02T17:07:43.6566383Z ^[[1m^[[92m   Compiling^[[0m hkdf v0.12.4
portable	Release build	2026-10-02T17:07:43.7426406Z ^[[1m^[[92m   Compiling^[[0m pbkdf2 v0.12.2
portable	Release build	2026-10-02T17:07:43.8146121Z ^[[1m^[[92m   Compiling^[[0m cbc v0.1.2
portable	Release build	2026-10-02T17:07:43.8979809Z ^[[1m^[[92m   Compiling^[[0m ashpd v0.13.13
portable	Release build	2026-10-02T17:07:44.2865913Z ^[[1m^[[92m   Compiling^[[0m md-5 v0.10.6
portable	Release build	2026-10-02T17:07:44.3807042Z ^[[1m^[[92m   Compiling^[[0m async-net v2.0.0
portable	Release build	2026-10-02T17:07:44.9846168Z ^[[1m^[[92m   Compiling^[[0m calloop v0.14.4
portable	Release build	2026-10-02T17:07:45.5777343Z ^[[1m^[[92m   Compiling^[[0m kurbo v0.11.3
portable	Release build	2026-10-02T17:07:46.2845955Z ^[[1m^[[92m   Compiling^[[0m smartstring v1.0.1
portable	Release build	2026-10-02T17:07:46.3711589Z ^[[1m^[[92m   Compiling^[[0m xkeysym v0.2.1
portable	Release build	2026-10-02T17:07:48.8766025Z ^[[1m^[[92m   Compiling^[[0m hashbrown v0.14.5
portable	Release build	2026-10-02T17:07:49.0286615Z ^[[1m^[[92m   Compiling^[[0m bit-vec v0.8.0
portable	Release build	2026-10-02T17:07:49.2656650Z ^[[1m^[[92m   Compiling^[[0m bit-set v0.8.0
portable	Release build	2026-10-02T17:07:49.3862512Z ^[[1m^[[92m   Compiling^[[0m xkbcommon v0.8.0
portable	Release build	2026-10-02T17:07:49.4976714Z ^[[1m^[[92m   Compiling^[[0m zed-xim v0.4.0-zed
portable	Release build	2026-10-02T17:07:49.7206192Z ^[[1m^[[92m   Compiling^[[0m svgtypes v0.15.3
portable	Release build	2026-10-02T17:07:49.8966625Z ^[[1m^[[92m   Compiling^[[0m oo7 v0.6.0
portable	Release build	2026-10-02T17:07:51.6276272Z ^[[1m^[[92m   Compiling^[[0m calloop-wayland-source v0.4.1
portable	Release build	2026-10-02T17:07:51.7046132Z ^[[1m^[[92m   Compiling^[[0m smol v2.0.2
portable	Release build	2026-10-02T17:07:53.1776501Z ^[[1m^[[92m   Compiling^[[0m gpui-pre-wgpu v0.3.7
portable	Release build	2026-10-02T17:07:59.6246252Z ^[[1m^[[92m   Compiling^[[0m accesskit_unix v0.22.1
portable	Release build	2026-10-02T17:07:59.8086555Z ^[[1m^[[92m   Compiling^[[0m open v5.4.4
portable	Release build	2026-10-02T17:08:00.1455931Z ^[[1m^[[92m   Compiling^[[0m x11-clipboard v0.9.3
portable	Release build	2026-10-02T17:08:02.5136461Z ^[[1m^[[92m   Compiling^[[0m wayland-cursor v0.31.14
portable	Release build	2026-10-02T17:08:03.2455990Z ^[[1m^[[92m   Compiling^[[0m wayland-protocols-wlr v0.3.12
portable	Release build	2026-10-02T17:08:07.4206143Z ^[[1m^[[92m   Compiling^[[0m wayland-protocols-plasma v0.3.12
portable	Release build	2026-10-02T17:08:07.9576230Z ^[[1m^[[92m   Compiling^[[0m filedescriptor v0.8.3
portable	Release build	2026-10-02T17:08:08.1276549Z ^[[1m^[[92m   Compiling^[[0m notify-rust v4.18.0
portable	Release build	2026-10-02T17:08:17.2346193Z ^[[1m^[[92m   Compiling^[[0m toml_datetime v0.6.11
portable	Release build	2026-10-02T17:08:17.5426702Z ^[[1m^[[92m   Compiling^[[0m serde_spanned v0.6.9
portable	Release build	2026-10-02T17:08:17.6166778Z ^[[1m^[[92m   Compiling^[[0m linked-hash-map v0.5.6
portable	Release build	2026-10-02T17:08:17.7656415Z ^[[1m^[[92m   Compiling^[[0m winnow v0.7.15
portable	Release build	2026-10-02T17:08:19.9246158Z ^[[1m^[[92m   Compiling^[[0m toml_write v0.1.2
portable	Release build	2026-10-02T17:08:20.0946207Z ^[[1m^[[92m   Compiling^[[0m imagesize v0.13.0
portable	Release build	2026-10-02T17:08:21.0635951Z ^[[1m^[[92m   Compiling^[[0m usvg v0.45.1
portable	Release build	2026-10-02T17:08:29.0446160Z ^[[1m^[[92m   Compiling^[[0m toml_edit v0.22.27
portable	Release build	2026-10-02T17:08:35.5766199Z ^[[1m^[[92m   Compiling^[[0m yaml-rust v0.4.5
portable	Release build	2026-10-02T17:08:37.5206135Z ^[[1m^[[92m   Compiling^[[0m gpui-pre-linux v0.3.7
portable	Release build	2026-10-02T17:08:39.0006026Z ^[[1m^[[92m   Compiling^[[0m fancy-regex v0.16.2
portable	Release build	2026-10-02T17:08:39.8916748Z ^[[1m^[[92m   Compiling^[[0m bincode v1.3.3
portable	Release build	2026-10-02T17:08:40.3076912Z ^[[1m^[[92m   Compiling^[[0m rhai_codegen v3.2.0
portable	Release build	2026-10-02T17:08:41.4403434Z ^[[1m^[[92m   Compiling^[[0m fnv v1.0.7
portable	Release build	2026-10-02T17:08:41.4856092Z ^[[1m^[[92m   Compiling^[[0m thin-vec v0.2.19
portable	Release build	2026-10-02T17:08:41.7456676Z ^[[1m^[[92m   Compiling^[[0m jiff-core v0.1.0
portable	Release build	2026-10-02T17:08:43.3226716Z ^[[1m^[[92m   Compiling^[[0m jiff v0.2.35
portable	Release build	2026-10-02T17:08:43.7606739Z ^[[1m^[[92m   Compiling^[[0m gpui-pre-platform v0.3.7
portable	Release build	2026-10-02T17:08:43.8926618Z ^[[1m^[[92m   Compiling^[[0m rhai v1.26.0
portable	Release build	2026-10-02T17:08:53.6246624Z ^[[1m^[[92m   Compiling^[[0m syntect v5.3.0
portable	Release build	2026-10-02T17:09:03.9746177Z ^[[1m^[[92m   Compiling^[[0m toml v0.8.23
portable	Release build	2026-10-02T17:09:06.9906083Z ^[[1m^[[92m   Compiling^[[0m resvg v0.45.1
portable	Release build	2026-10-02T17:09:07.1036686Z ^[[1m^[[92m   Compiling^[[0m similar v3.2.0
portable	Release build	2026-10-02T17:09:09.6227038Z ^[[1m^[[92m   Compiling^[[0m gpui-rhai v0.1.8 (/home/runner/work/gpui-rhai/gpui-rhai/crates/gpui-rhai)
portable	Release build	2026-10-02T17:09:22.0007864Z ^[[1m^[[92m   Compiling^[[0m tempfile v3.27.0
portable	Release build	2026-10-02T17:11:22.9917786Z ^[[1m^[[92m    Finished^[[0m `release` profile [optimized] target(s) in 7m 43s
portable	Release build	2026-10-02T17:11:23.4203716Z ^[[1m^[[92m   Compiling^[[0m utf8parse v0.2.2
portable	Release build	2026-10-02T17:11:23.4249812Z ^[[1m^[[92m   Compiling^[[0m anstyle v1.0.14
portable	Release build	2026-10-02T17:11:23.4250882Z ^[[1m^[[92m   Compiling^[[0m colorchoice v1.0.5
portable	Release build	2026-10-02T17:11:23.4252262Z ^[[1m^[[92m   Compiling^[[0m is_terminal_polyfill v1.70.2
portable	Release build	2026-10-02T17:11:23.4674786Z ^[[1m^[[92m   Compiling^[[0m anstyle-parse v1.0.0
portable	Release build	2026-10-02T17:11:23.4676826Z ^[[1m^[[92m   Compiling^[[0m anstyle-query v1.1.5
portable	Release build	2026-10-02T17:11:23.4761681Z ^[[1m^[[92m   Compiling^[[0m toml_edit v0.22.27
portable	Release build	2026-10-02T17:11:23.5189971Z ^[[1m^[[92m   Compiling^[[0m strsim v0.11.1
portable	Release build	2026-10-02T17:11:23.6175807Z ^[[1m^[[92m   Compiling^[[0m anstream v1.0.0
portable	Release build	2026-10-02T17:11:23.6426258Z ^[[1m^[[92m   Compiling^[[0m clap_lex v1.1.0
portable	Release build	2026-10-02T17:11:23.9276300Z ^[[1m^[[92m   Compiling^[[0m clap_builder v4.6.6
portable	Release build	2026-10-02T17:11:24.1066075Z ^[[1m^[[92m   Compiling^[[0m clap_derive v4.6.4
portable	Release build	2026-10-02T17:11:24.3725223Z ^[[1m^[[92m   Compiling^[[0m gpui-rhai-registry v0.1.8 (/home/runner/work/gpui-rhai/gpui-rhai/registry)
portable	Release build	2026-10-02T17:11:25.3605050Z ^[[1m^[[92m   Compiling^[[0m toml v0.8.23
portable	Release build	2026-10-02T17:11:26.9956048Z ^[[1m^[[92m   Compiling^[[0m clap v4.6.6
portable	Release build	2026-10-02T17:11:27.0436370Z ^[[1m^[[92m   Compiling^[[0m gpui-rhai v0.1.8 (/home/runner/work/gpui-rhai/gpui-rhai/crates/gpui-rhai)
portable	Release build	2026-10-02T17:11:47.6838184Z ^[[1m^[[92m   Compiling^[[0m gpui-rhai-cli v0.1.8 (/home/runner/work/gpui-rhai/gpui-rhai/crates/gpui-rhai-cli)
portable	Release build	2026-10-02T17:13:28.3670549Z ^[[1m^[[92m    Finished^[[0m `release` profile [optimized] target(s) in 2m 05s
portable	Linux X11 and Wayland window smoke	﻿2026-10-02T17:13:28.4205525Z ##[group]Run bash scripts/linux-window-smoke.sh
portable	Linux X11 and Wayland window smoke	2026-10-02T17:13:28.4205963Z ^[[36;1mbash scripts/linux-window-smoke.sh^[[0m
portable	Linux X11 and Wayland window smoke	2026-10-02T17:13:28.4282684Z shell: /usr/bin/bash -e {0}
portable	Linux X11 and Wayland window smoke	2026-10-02T17:13:28.4282951Z env:
portable	Linux X11 and Wayland window smoke	2026-10-02T17:13:28.4283180Z   CARGO_HOME: /home/runner/.cargo
portable	Linux X11 and Wayland window smoke	2026-10-02T17:13:28.4283641Z   CARGO_INCREMENTAL: 0
portable	Linux X11 and Wayland window smoke	2026-10-02T17:13:28.4283865Z   CARGO_TERM_COLOR: always
portable	Linux X11 and Wayland window smoke	2026-10-02T17:13:28.4284093Z ##[endgroup]
portable	Linux X11 and Wayland window smoke	2026-10-02T17:13:33.6557898Z Linux window smoke passed: X11
portable	Linux X11 and Wayland window smoke	2026-10-02T17:13:33.6960434Z libEGL warning: DRI3 error: Could not get DRI3 device
portable	Linux X11 and Wayland window smoke	2026-10-02T17:13:33.6961239Z libEGL warning: Ensure your X server supports DRI3 to get accelerated rendering
portable	Linux X11 and Wayland window smoke	2026-10-02T17:13:36.2405229Z could not load cursor 'dnd-move'
portable	Linux X11 and Wayland window smoke	2026-10-02T17:13:36.2405627Z could not load cursor 'dnd-move'
portable	Linux X11 and Wayland window smoke	2026-10-02T17:13:36.2405885Z could not load cursor 'dnd-copy'
portable	Linux X11 and Wayland window smoke	2026-10-02T17:13:36.2406119Z could not load cursor 'dnd-none'
portable	Linux X11 and Wayland window smoke	2026-10-02T17:13:36.2406358Z could not load cursor 'dnd-copy'
portable	Linux X11 and Wayland window smoke	2026-10-02T17:13:36.2406592Z could not load cursor 'dnd-none'
portable	Linux X11 and Wayland window smoke	2026-10-02T17:13:40.0995039Z Linux window smoke passed: Wayland
portable	Audit release artifacts	﻿2026-10-02T17:13:40.1730990Z ##[group]Run bash scripts/audit-release-artifacts.sh
portable	Audit release artifacts	2026-10-02T17:13:40.1731399Z ^[[36;1mbash scripts/audit-release-artifacts.sh^[[0m
portable	Audit release artifacts	2026-10-02T17:13:40.1798325Z shell: /usr/bin/bash -e {0}
portable	Audit release artifacts	2026-10-02T17:13:40.1798593Z env:
portable	Audit release artifacts	2026-10-02T17:13:40.1798797Z   CARGO_HOME: /home/runner/.cargo
portable	Audit release artifacts	2026-10-02T17:13:40.1799055Z   CARGO_INCREMENTAL: 0
portable	Audit release artifacts	2026-10-02T17:13:40.1799277Z   CARGO_TERM_COLOR: always
portable	Audit release artifacts	2026-10-02T17:13:40.1799503Z ##[endgroup]
portable	Audit release artifacts	2026-10-02T17:13:41.1312352Z release artifact passed: dashboard_layout
portable	Audit release artifacts	2026-10-02T17:13:42.0494141Z release artifact passed: data_table
portable	Audit release artifacts	2026-10-02T17:13:42.9523602Z release artifact passed: embedded_hello_world
portable	Audit release artifacts	2026-10-02T17:13:43.8618501Z release artifact passed: embedded_views
portable	Audit release artifacts	2026-10-02T17:13:44.7665970Z release artifact passed: extension_host
portable	Audit release artifacts	2026-10-02T17:13:45.6859902Z release artifact passed: form_showcase
portable	Audit release artifacts	2026-10-02T17:13:46.3428564Z release artifact passed: host_owned_tree
portable	Audit release artifacts	2026-10-02T17:13:47.2706795Z release artifact passed: multi_window
portable	Audit release artifacts	2026-10-02T17:13:48.1873561Z release artifact passed: settings_panel
portable	Audit release artifacts	2026-10-02T17:13:49.0836864Z release artifact passed: table_1000
portable	Audit release artifacts	2026-10-02T17:13:50.1488694Z release artifact passed: gpui-rhai CLI and Gallery
portable	Post Run actions/checkout@v5	﻿2026-10-02T17:13:50.1773580Z Post job cleanup.
portable	Post Run actions/checkout@v5	2026-10-02T17:13:50.3752262Z [command]/usr/bin/git version
portable	Post Run actions/checkout@v5	2026-10-02T17:13:50.3877963Z git version 2.55.0
portable	Post Run actions/checkout@v5	2026-10-02T17:13:50.3935331Z Temporarily overriding HOME='/home/runner/work/_temp/3311b3c9-2b17-4bd4-aa9e-878a918e03e9' before making global git config changes
portable	Post Run actions/checkout@v5	2026-10-02T17:13:50.3936483Z Adding repository directory to the temporary git global config as a safe directory
portable	Post Run actions/checkout@v5	2026-10-02T17:13:50.3943917Z [command]/usr/bin/git config --global --add safe.directory /home/runner/work/gpui-rhai/gpui-rhai
portable	Post Run actions/checkout@v5	2026-10-02T17:13:50.4010158Z [command]/usr/bin/git config --local --name-only --get-regexp core\.sshCommand
portable	Post Run actions/checkout@v5	2026-10-02T17:13:50.4062302Z [command]/usr/bin/git submodule foreach --recursive sh -c "git config --local --name-only --get-regexp 'core\.sshCommand' && git config --local --unset-all 'core.sshCommand' || :"
portable	Post Run actions/checkout@v5	2026-10-02T17:13:50.4549353Z [command]/usr/bin/git config --local --name-only --get-regexp http\.https\:\/\/github\.com\/\.extraheader
portable	Post Run actions/checkout@v5	2026-10-02T17:13:50.4585821Z http.https://github.com/.extraheader
portable	Post Run actions/checkout@v5	2026-10-02T17:13:50.4619212Z [command]/usr/bin/git config --local --unset-all http.https://github.com/.extraheader
portable	Post Run actions/checkout@v5	2026-10-02T17:13:50.4676015Z [command]/usr/bin/git submodule foreach --recursive sh -c "git config --local --name-only --get-regexp 'http\.https\:\/\/github\.com\/\.extraheader' && git config --local --unset-all 'http.https://github.com/.extraheader' || :"
portable	Post Run actions/checkout@v5	2026-10-02T17:13:50.4989680Z [command]/usr/bin/git config --local --name-only --get-regexp ^includeIf\.gitdir:
portable	Post Run actions/checkout@v5	2026-10-02T17:13:50.5059465Z [command]/usr/bin/git submodule foreach --recursive git config --local --show-origin --name-only --get-regexp remote.origin.url
portable	Complete job	﻿2026-10-02T17:13:50.5536915Z Cleaning up orphan processes
