gpui-rhai-cli v0.1.8 (/Users/eddix/Codes/github.com/eddix/gpui-rhai/crates/gpui-rhai-cli)
├── clap feature "default"
│   ├── clap v4.6.6
│   │   ├── clap_builder v4.6.6
│   │   │   ├── anstream feature "default"
│   │   │   │   ├── anstream v1.0.0
│   │   │   │   │   ├── anstyle feature "default"
│   │   │   │   │   │   ├── anstyle v1.0.14
│   │   │   │   │   │   └── anstyle feature "std"
│   │   │   │   │   │       └── anstyle v1.0.14
│   │   │   │   │   ├── anstyle-parse feature "default"
│   │   │   │   │   │   ├── anstyle-parse v1.0.0
│   │   │   │   │   │   │   └── utf8parse feature "default"
│   │   │   │   │   │   │       └── utf8parse v0.2.2
│   │   │   │   │   │   └── anstyle-parse feature "utf8"
│   │   │   │   │   │       └── anstyle-parse v1.0.0 (*)
│   │   │   │   │   ├── utf8parse feature "default" (*)
│   │   │   │   │   ├── anstyle-query feature "default"
│   │   │   │   │   │   └── anstyle-query v1.1.5
│   │   │   │   │   ├── colorchoice feature "default"
│   │   │   │   │   │   └── colorchoice v1.0.5
│   │   │   │   │   └── is_terminal_polyfill feature "default"
│   │   │   │   │       └── is_terminal_polyfill v1.70.2
│   │   │   │   ├── anstream feature "auto"
│   │   │   │   │   └── anstream v1.0.0 (*)
│   │   │   │   └── anstream feature "wincon"
│   │   │   │       └── anstream v1.0.0 (*)
│   │   │   ├── anstyle feature "default" (*)
│   │   │   ├── clap_lex feature "default"
│   │   │   │   └── clap_lex v1.1.0
│   │   │   └── strsim feature "default"
│   │   │       └── strsim v0.11.1
│   │   └── clap_derive feature "default"
│   │       └── clap_derive v4.6.4 (proc-macro)
│   │           ├── heck feature "default"
│   │           │   └── heck v0.5.0
│   │           ├── proc-macro2 feature "default"
│   │           │   ├── proc-macro2 v1.0.107
│   │           │   │   └── unicode-ident feature "default"
│   │           │   │       └── unicode-ident v1.0.24
│   │           │   └── proc-macro2 feature "proc-macro"
│   │           │       └── proc-macro2 v1.0.107 (*)
│   │           ├── quote feature "default"
│   │           │   ├── quote v1.0.47
│   │           │   │   └── proc-macro2 v1.0.107 (*)
│   │           │   └── quote feature "proc-macro"
│   │           │       ├── quote v1.0.47 (*)
│   │           │       └── proc-macro2 feature "proc-macro" (*)
│   │           ├── syn feature "default"
│   │           │   ├── syn v3.0.4
│   │           │   │   ├── proc-macro2 v1.0.107 (*)
│   │           │   │   ├── quote v1.0.47 (*)
│   │           │   │   └── unicode-ident feature "default" (*)
│   │           │   ├── syn feature "clone-impls"
│   │           │   │   └── syn v3.0.4 (*)
│   │           │   ├── syn feature "derive"
│   │           │   │   └── syn v3.0.4 (*)
│   │           │   ├── syn feature "parsing"
│   │           │   │   └── syn v3.0.4 (*)
│   │           │   ├── syn feature "printing"
│   │           │   │   └── syn v3.0.4 (*)
│   │           │   └── syn feature "proc-macro"
│   │           │       ├── syn v3.0.4 (*)
│   │           │       ├── proc-macro2 feature "proc-macro" (*)
│   │           │       └── quote feature "proc-macro" (*)
│   │           └── syn feature "full"
│   │               └── syn v3.0.4 (*)
│   ├── clap feature "color"
│   │   ├── clap v4.6.6 (*)
│   │   └── clap_builder feature "color"
│   │       └── clap_builder v4.6.6 (*)
│   ├── clap feature "error-context"
│   │   ├── clap v4.6.6 (*)
│   │   └── clap_builder feature "error-context"
│   │       └── clap_builder v4.6.6 (*)
│   ├── clap feature "help"
│   │   ├── clap v4.6.6 (*)
│   │   └── clap_builder feature "help"
│   │       └── clap_builder v4.6.6 (*)
│   ├── clap feature "std"
│   │   ├── clap v4.6.6 (*)
│   │   └── clap_builder feature "std"
│   │       ├── clap_builder v4.6.6 (*)
│   │       └── anstyle feature "std" (*)
│   ├── clap feature "suggestions"
│   │   ├── clap v4.6.6 (*)
│   │   └── clap_builder feature "suggestions"
│   │       ├── clap_builder v4.6.6 (*)
│   │       └── clap_builder feature "error-context" (*)
│   └── clap feature "usage"
│       ├── clap v4.6.6 (*)
│       └── clap_builder feature "usage"
│           └── clap_builder v4.6.6 (*)
├── clap feature "derive"
│   └── clap v4.6.6 (*)
├── gpui-rhai feature "charts"
│   └── gpui-rhai v0.1.8 (/Users/eddix/Codes/github.com/eddix/gpui-rhai/crates/gpui-rhai)
│       ├── resvg v0.45.1
│       │   ├── usvg v0.45.1
│       │   │   ├── fontdb v0.23.0
│       │   │   │   ├── slotmap v1.1.1
│       │   │   │   │   [build-dependencies]
│       │   │   │   │   └── version_check feature "default"
│       │   │   │   │       └── version_check v0.9.5
│       │   │   │   ├── log feature "default"
│       │   │   │   │   └── log v0.4.34
│       │   │   │   │       ├── serde_core v1.0.229
│       │   │   │   │       └── value-bag feature "inline-i128"
│       │   │   │   │           └── value-bag v1.13.2
│       │   │   │   │               └── value-bag-serde1 feature "default"
│       │   │   │   │                   └── value-bag-serde1 v1.13.2
│       │   │   │   │                       ├── serde_fmt v1.1.0
│       │   │   │   │                       │   └── serde_core v1.0.229
│       │   │   │   │                       ├── serde_core feature "alloc"
│       │   │   │   │                       │   └── serde_core v1.0.229
│       │   │   │   │                       └── erased-serde feature "alloc"
│       │   │   │   │                           ├── erased-serde v0.4.10
│       │   │   │   │                           │   ├── serde_core v1.0.229
│       │   │   │   │                           │   └── typeid feature "default"
│       │   │   │   │                           │       └── typeid v1.0.3
│       │   │   │   │                           └── serde_core feature "alloc" (*)
│       │   │   │   ├── memmap2 feature "default"
│       │   │   │   │   └── memmap2 v0.9.11
│       │   │   │   │       └── libc feature "default"
│       │   │   │   │           ├── libc v0.2.189
│       │   │   │   │           └── libc feature "std"
│       │   │   │   │               └── libc v0.2.189
│       │   │   │   ├── tinyvec feature "alloc"
│       │   │   │   │   ├── tinyvec v1.12.0
│       │   │   │   │   │   └── tinyvec_macros feature "default"
│       │   │   │   │   │       └── tinyvec_macros v0.1.1
│       │   │   │   │   └── tinyvec feature "tinyvec_macros"
│       │   │   │   │       └── tinyvec v1.12.0 (*)
│       │   │   │   ├── tinyvec feature "default"
│       │   │   │   │   └── tinyvec v1.12.0 (*)
│       │   │   │   ├── ttf-parser feature "apple-layout"
│       │   │   │   │   └── ttf-parser v0.25.1
│       │   │   │   │       └── core_maths feature "default"
│       │   │   │   │           └── core_maths v0.1.1
│       │   │   │   │               └── libm feature "default"
│       │   │   │   │                   ├── libm v0.2.16
│       │   │   │   │                   └── libm feature "arch"
│       │   │   │   │                       └── libm v0.2.16
│       │   │   │   ├── ttf-parser feature "glyph-names"
│       │   │   │   │   └── ttf-parser v0.25.1 (*)
│       │   │   │   ├── ttf-parser feature "no-std-float"
│       │   │   │   │   ├── ttf-parser v0.25.1 (*)
│       │   │   │   │   └── ttf-parser feature "core_maths"
│       │   │   │   │       └── ttf-parser v0.25.1 (*)
│       │   │   │   ├── ttf-parser feature "opentype-layout"
│       │   │   │   │   └── ttf-parser v0.25.1 (*)
│       │   │   │   └── ttf-parser feature "variable-fonts"
│       │   │   │       └── ttf-parser v0.25.1 (*)
│       │   │   ├── log feature "default" (*)
│       │   │   ├── flate2 feature "rust_backend"
│       │   │   │   ├── flate2 v1.1.9
│       │   │   │   │   ├── crc32fast feature "default"
│       │   │   │   │   │   ├── crc32fast v1.5.1
│       │   │   │   │   │   │   └── cfg-if feature "default"
│       │   │   │   │   │   │       └── cfg-if v1.0.4
│       │   │   │   │   │   └── crc32fast feature "std"
│       │   │   │   │   │       └── crc32fast v1.5.1 (*)
│       │   │   │   │   ├── miniz_oxide feature "simd"
│       │   │   │   │   │   ├── miniz_oxide v0.8.9
│       │   │   │   │   │   │   ├── adler2 v2.0.1
│       │   │   │   │   │   │   └── simd-adler32 v0.3.10
│       │   │   │   │   │   └── miniz_oxide feature "simd-adler32"
│       │   │   │   │   │       └── miniz_oxide v0.8.9 (*)
│       │   │   │   │   └── miniz_oxide feature "with-alloc"
│       │   │   │   │       └── miniz_oxide v0.8.9 (*)
│       │   │   │   ├── flate2 feature "any_impl"
│       │   │   │   │   └── flate2 v1.1.9 (*)
│       │   │   │   └── flate2 feature "miniz_oxide"
│       │   │   │       ├── flate2 v1.1.9 (*)
│       │   │   │       └── flate2 feature "any_impl" (*)
│       │   │   ├── pico-args feature "default"
│       │   │   │   └── pico-args v0.5.0
│       │   │   ├── pico-args feature "eq-separator"
│       │   │   │   └── pico-args v0.5.0
│       │   │   ├── siphasher feature "default"
│       │   │   │   ├── siphasher v1.0.3
│       │   │   │   └── siphasher feature "std"
│       │   │   │       └── siphasher v1.0.3
│       │   │   ├── tiny-skia-path feature "default"
│       │   │   │   ├── tiny-skia-path v0.11.4
│       │   │   │   │   ├── strict-num v0.1.1
│       │   │   │   │   │   └── float-cmp feature "std"
│       │   │   │   │   │       └── float-cmp v0.9.0
│       │   │   │   │   ├── bytemuck feature "default"
│       │   │   │   │   │   └── bytemuck v1.25.2
│       │   │   │   │   └── arrayref feature "default"
│       │   │   │   │       └── arrayref v0.3.9
│       │   │   │   └── tiny-skia-path feature "std"
│       │   │   │       └── tiny-skia-path v0.11.4 (*)
│       │   │   ├── strict-num feature "default"
│       │   │   │   ├── strict-num v0.1.1 (*)
│       │   │   │   └── strict-num feature "approx-eq"
│       │   │   │       ├── strict-num v0.1.1 (*)
│       │   │   │       └── strict-num feature "float-cmp"
│       │   │   │           └── strict-num v0.1.1 (*)
│       │   │   ├── base64 feature "default"
│       │   │   │   ├── base64 v0.22.1
│       │   │   │   └── base64 feature "std"
│       │   │   │       ├── base64 v0.22.1
│       │   │   │       └── base64 feature "alloc"
│       │   │   │           └── base64 v0.22.1
│       │   │   ├── data-url feature "default"
│       │   │   │   ├── data-url v0.3.2
│       │   │   │   └── data-url feature "std"
│       │   │   │       ├── data-url v0.3.2
│       │   │   │       └── data-url feature "alloc"
│       │   │   │           └── data-url v0.3.2
│       │   │   ├── rustybuzz feature "default"
│       │   │   │   ├── rustybuzz v0.20.1
│       │   │   │   │   ├── bitflags feature "default"
│       │   │   │   │   │   └── bitflags v2.13.1
│       │   │   │   │   ├── log feature "default" (*)
│       │   │   │   │   ├── smallvec feature "default"
│       │   │   │   │   │   └── smallvec v1.15.2
│       │   │   │   │   │       └── serde v1.0.229
│       │   │   │   │   │           ├── serde_core feature "result"
│       │   │   │   │   │           │   └── serde_core v1.0.229
│       │   │   │   │   │           └── serde_derive feature "default"
│       │   │   │   │   │               └── serde_derive v1.0.229 (proc-macro)
│       │   │   │   │   │                   ├── proc-macro2 feature "proc-macro" (*)
│       │   │   │   │   │                   ├── quote feature "proc-macro" (*)
│       │   │   │   │   │                   ├── syn feature "clone-impls" (*)
│       │   │   │   │   │                   ├── syn feature "derive" (*)
│       │   │   │   │   │                   ├── syn feature "parsing" (*)
│       │   │   │   │   │                   ├── syn feature "printing" (*)
│       │   │   │   │   │                   └── syn feature "proc-macro" (*)
│       │   │   │   │   ├── bytemuck feature "default" (*)
│       │   │   │   │   ├── bytemuck feature "extern_crate_alloc"
│       │   │   │   │   │   └── bytemuck v1.25.2
│       │   │   │   │   ├── ttf-parser feature "apple-layout" (*)
│       │   │   │   │   ├── ttf-parser feature "glyph-names" (*)
│       │   │   │   │   ├── ttf-parser feature "no-std-float" (*)
│       │   │   │   │   ├── ttf-parser feature "opentype-layout" (*)
│       │   │   │   │   ├── ttf-parser feature "variable-fonts" (*)
│       │   │   │   │   ├── core_maths feature "default" (*)
│       │   │   │   │   ├── unicode-bidi-mirroring feature "default"
│       │   │   │   │   │   └── unicode-bidi-mirroring v0.4.0
│       │   │   │   │   ├── unicode-ccc feature "default"
│       │   │   │   │   │   └── unicode-ccc v0.4.0
│       │   │   │   │   ├── unicode-properties feature "general-category"
│       │   │   │   │   │   └── unicode-properties v0.1.4
│       │   │   │   │   └── unicode-script feature "default"
│       │   │   │   │       └── unicode-script v0.5.8
│       │   │   │   └── rustybuzz feature "std"
│       │   │   │       ├── rustybuzz v0.20.1 (*)
│       │   │   │       └── ttf-parser feature "std"
│       │   │   │           └── ttf-parser v0.25.1 (*)
│       │   │   ├── unicode-script feature "default" (*)
│       │   │   ├── simplecss feature "default"
│       │   │   │   ├── simplecss v0.2.2
│       │   │   │   │   └── log v0.4.34 (*)
│       │   │   │   └── simplecss feature "std"
│       │   │   │       ├── simplecss v0.2.2 (*)
│       │   │   │       └── log feature "std"
│       │   │   │           ├── log v0.4.34 (*)
│       │   │   │           └── log feature "alloc"
│       │   │   │               └── log v0.4.34 (*)
│       │   │   ├── unicode-bidi feature "default"
│       │   │   │   ├── unicode-bidi v0.3.18
│       │   │   │   ├── unicode-bidi feature "hardcoded-data"
│       │   │   │   │   └── unicode-bidi v0.3.18
│       │   │   │   └── unicode-bidi feature "std"
│       │   │   │       └── unicode-bidi v0.3.18
│       │   │   ├── unicode-vo feature "default"
│       │   │   │   └── unicode-vo v0.1.0
│       │   │   ├── xmlwriter feature "default"
│       │   │   │   └── xmlwriter v0.1.0
│       │   │   ├── svgtypes feature "default"
│       │   │   │   └── svgtypes v0.15.3
│       │   │   │       ├── siphasher feature "default" (*)
│       │   │   │       └── kurbo feature "default"
│       │   │   │           ├── kurbo v0.11.3
│       │   │   │           │   ├── arrayvec v0.7.8
│       │   │   │           │   └── smallvec feature "default" (*)
│       │   │   │           └── kurbo feature "std"
│       │   │   │               └── kurbo v0.11.3 (*)
│       │   │   ├── kurbo feature "default" (*)
│       │   │   ├── imagesize feature "default"
│       │   │   │   └── imagesize v0.13.0
│       │   │   └── roxmltree feature "default"
│       │   │       ├── roxmltree v0.20.0
│       │   │       ├── roxmltree feature "positions"
│       │   │       │   └── roxmltree v0.20.0
│       │   │       └── roxmltree feature "std"
│       │   │           └── roxmltree v0.20.0
│       │   ├── log feature "default" (*)
│       │   ├── pico-args feature "default" (*)
│       │   ├── pico-args feature "eq-separator" (*)
│       │   ├── rgb feature "default"
│       │   │   ├── rgb v0.8.53
│       │   │   │   └── bytemuck feature "default" (*)
│       │   │   ├── rgb feature "argb"
│       │   │   │   └── rgb v0.8.53 (*)
│       │   │   ├── rgb feature "as-bytes"
│       │   │   │   ├── rgb v0.8.53 (*)
│       │   │   │   └── rgb feature "bytemuck"
│       │   │   │       └── rgb v0.8.53 (*)
│       │   │   └── rgb feature "grb"
│       │   │       └── rgb v0.8.53 (*)
│       │   ├── tiny-skia feature "default"
│       │   │   ├── tiny-skia v0.11.4
│       │   │   │   ├── arrayvec v0.7.8
│       │   │   │   ├── tiny-skia-path v0.11.4 (*)
│       │   │   │   ├── cfg-if feature "default" (*)
│       │   │   │   ├── log feature "default" (*)
│       │   │   │   ├── bytemuck feature "aarch64_simd"
│       │   │   │   │   └── bytemuck v1.25.2
│       │   │   │   ├── bytemuck feature "default" (*)
│       │   │   │   ├── arrayref feature "default" (*)
│       │   │   │   └── png feature "default"
│       │   │   │       └── png v0.17.16
│       │   │   │           ├── flate2 feature "default"
│       │   │   │           │   ├── flate2 v1.1.9 (*)
│       │   │   │           │   └── flate2 feature "rust_backend" (*)
│       │   │   │           ├── crc32fast feature "default" (*)
│       │   │   │           ├── miniz_oxide feature "default"
│       │   │   │           │   ├── miniz_oxide v0.8.9 (*)
│       │   │   │           │   └── miniz_oxide feature "with-alloc" (*)
│       │   │   │           ├── miniz_oxide feature "simd" (*)
│       │   │   │           ├── fdeflate feature "default"
│       │   │   │           │   └── fdeflate v0.3.7
│       │   │   │           │       └── simd-adler32 feature "default"
│       │   │   │           │           ├── simd-adler32 v0.3.10
│       │   │   │           │           ├── simd-adler32 feature "const-generics"
│       │   │   │           │           │   └── simd-adler32 v0.3.10
│       │   │   │           │           └── simd-adler32 feature "std"
│       │   │   │           │               └── simd-adler32 v0.3.10
│       │   │   │           └── bitflags feature "default"
│       │   │   │               └── bitflags v1.3.2
│       │   │   ├── tiny-skia feature "png-format"
│       │   │   │   ├── tiny-skia v0.11.4 (*)
│       │   │   │   ├── tiny-skia feature "png"
│       │   │   │   │   └── tiny-skia v0.11.4 (*)
│       │   │   │   └── tiny-skia feature "std"
│       │   │   │       ├── tiny-skia v0.11.4 (*)
│       │   │   │       └── tiny-skia-path feature "std" (*)
│       │   │   ├── tiny-skia feature "simd"
│       │   │   │   └── tiny-skia v0.11.4 (*)
│       │   │   └── tiny-skia feature "std" (*)
│       │   └── svgtypes feature "default" (*)
│       ├── event-listener feature "default"
│       │   ├── event-listener v5.4.2
│       │   │   ├── parking feature "default"
│       │   │   │   └── parking v2.2.1
│       │   │   └── pin-project-lite feature "default"
│       │   │       └── pin-project-lite v0.2.17
│       │   └── event-listener feature "std"
│       │       ├── event-listener v5.4.2 (*)
│       │       └── event-listener feature "parking"
│       │           └── event-listener v5.4.2 (*)
│       ├── gpui-pre feature "font-kit"
│       │   └── gpui-pre v0.3.7
│       │       ├── objc2-core-foundation v0.3.2
│       │       │   ├── bitflags feature "std"
│       │       │   │   └── bitflags v2.13.1
│       │       │   └── objc2 feature "std"
│       │       │       ├── objc2 v0.6.4
│       │       │       │   └── objc2-encode v4.1.0
│       │       │       ├── objc2 feature "alloc"
│       │       │       │   ├── objc2 v0.6.4 (*)
│       │       │       │   └── objc2-encode feature "alloc"
│       │       │       │       └── objc2-encode v4.1.0
│       │       │       └── objc2-encode feature "std"
│       │       │           ├── objc2-encode v4.1.0
│       │       │           └── objc2-encode feature "alloc" (*)
│       │       ├── usvg v0.46.0
│       │       │   ├── fontdb v0.23.0 (*)
│       │       │   ├── log feature "default" (*)
│       │       │   ├── flate2 feature "rust_backend" (*)
│       │       │   ├── pico-args feature "default" (*)
│       │       │   ├── pico-args feature "eq-separator" (*)
│       │       │   ├── svgtypes feature "default"
│       │       │   │   ├── svgtypes v0.16.1
│       │       │   │   │   ├── kurbo v0.13.1
│       │       │   │   │   │   ├── arrayvec v0.7.8
│       │       │   │   │   │   ├── polycool v0.4.0
│       │       │   │   │   │   │   └── arrayvec v0.7.8
│       │       │   │   │   │   ├── smallvec feature "const_new"
│       │       │   │   │   │   │   ├── smallvec v1.15.2 (*)
│       │       │   │   │   │   │   └── smallvec feature "const_generics"
│       │       │   │   │   │   │       └── smallvec v1.15.2 (*)
│       │       │   │   │   │   └── smallvec feature "default" (*)
│       │       │   │   │   └── siphasher feature "default" (*)
│       │       │   │   └── svgtypes feature "std"
│       │       │   │       ├── svgtypes v0.16.1 (*)
│       │       │   │       └── kurbo feature "std"
│       │       │   │           ├── kurbo v0.13.1 (*)
│       │       │   │           └── polycool feature "std"
│       │       │   │               └── polycool v0.4.0 (*)
│       │       │   ├── kurbo feature "default"
│       │       │   │   ├── kurbo v0.13.1 (*)
│       │       │   │   └── kurbo feature "std" (*)
│       │       │   ├── siphasher feature "default" (*)
│       │       │   ├── tiny-skia-path feature "default" (*)
│       │       │   ├── strict-num feature "default" (*)
│       │       │   ├── base64 feature "default" (*)
│       │       │   ├── data-url feature "default" (*)
│       │       │   ├── imagesize feature "default"
│       │       │   │   ├── imagesize v0.14.0
│       │       │   │   ├── imagesize feature "aesprite"
│       │       │   │   │   └── imagesize v0.14.0
│       │       │   │   ├── imagesize feature "bmp"
│       │       │   │   │   └── imagesize v0.14.0
│       │       │   │   ├── imagesize feature "dds"
│       │       │   │   │   └── imagesize v0.14.0
│       │       │   │   ├── imagesize feature "exr"
│       │       │   │   │   └── imagesize v0.14.0
│       │       │   │   ├── imagesize feature "farbfeld"
│       │       │   │   │   └── imagesize v0.14.0
│       │       │   │   ├── imagesize feature "gif"
│       │       │   │   │   └── imagesize v0.14.0
│       │       │   │   ├── imagesize feature "hdr"
│       │       │   │   │   └── imagesize v0.14.0
│       │       │   │   ├── imagesize feature "heif"
│       │       │   │   │   └── imagesize v0.14.0
│       │       │   │   ├── imagesize feature "ico"
│       │       │   │   │   └── imagesize v0.14.0
│       │       │   │   ├── imagesize feature "ilbm"
│       │       │   │   │   └── imagesize v0.14.0
│       │       │   │   ├── imagesize feature "jpeg"
│       │       │   │   │   └── imagesize v0.14.0
│       │       │   │   ├── imagesize feature "jxl"
│       │       │   │   │   └── imagesize v0.14.0
│       │       │   │   ├── imagesize feature "ktx2"
│       │       │   │   │   └── imagesize v0.14.0
│       │       │   │   ├── imagesize feature "mod"
│       │       │   │   │   └── imagesize v0.14.0
│       │       │   │   ├── imagesize feature "png"
│       │       │   │   │   └── imagesize v0.14.0
│       │       │   │   ├── imagesize feature "pnm"
│       │       │   │   │   └── imagesize v0.14.0
│       │       │   │   ├── imagesize feature "psd"
│       │       │   │   │   └── imagesize v0.14.0
│       │       │   │   ├── imagesize feature "qoi"
│       │       │   │   │   └── imagesize v0.14.0
│       │       │   │   ├── imagesize feature "tga"
│       │       │   │   │   └── imagesize v0.14.0
│       │       │   │   ├── imagesize feature "tiff"
│       │       │   │   │   └── imagesize v0.14.0
│       │       │   │   ├── imagesize feature "vtf"
│       │       │   │   │   └── imagesize v0.14.0
│       │       │   │   └── imagesize feature "webp"
│       │       │   │       └── imagesize v0.14.0
│       │       │   ├── roxmltree feature "default"
│       │       │   │   ├── roxmltree v0.21.1
│       │       │   │   │   └── memchr v2.8.3
│       │       │   │   ├── roxmltree feature "positions"
│       │       │   │   │   └── roxmltree v0.21.1 (*)
│       │       │   │   └── roxmltree feature "std"
│       │       │   │       ├── roxmltree v0.21.1 (*)
│       │       │   │       └── memchr feature "std"
│       │       │   │           ├── memchr v2.8.3
│       │       │   │           └── memchr feature "alloc"
│       │       │   │               └── memchr v2.8.3
│       │       │   ├── rustybuzz feature "default" (*)
│       │       │   ├── unicode-script feature "default" (*)
│       │       │   ├── simplecss feature "default" (*)
│       │       │   ├── unicode-bidi feature "default" (*)
│       │       │   ├── unicode-vo feature "default" (*)
│       │       │   └── xmlwriter feature "default" (*)
│       │       ├── parking feature "default" (*)
│       │       ├── accesskit feature "default"
│       │       │   └── accesskit v0.24.1
│       │       │       ├── uuid v1.26.0
│       │       │       │   ├── serde_core v1.0.229
│       │       │       │   ├── sha1_smol v1.0.1
│       │       │       │   └── getrandom feature "default"
│       │       │       │       └── getrandom v0.4.3
│       │       │       │           ├── libc v0.2.189
│       │       │       │           └── cfg-if feature "default" (*)
│       │       │       └── enumn feature "default"
│       │       │           └── enumn v0.1.14 (proc-macro)
│       │       │               ├── proc-macro2 feature "default" (*)
│       │       │               ├── quote feature "default" (*)
│       │       │               └── syn feature "default"
│       │       │                   ├── syn v2.0.119
│       │       │                   │   ├── proc-macro2 v1.0.107 (*)
│       │       │                   │   ├── quote v1.0.47 (*)
│       │       │                   │   └── unicode-ident feature "default" (*)
│       │       │                   ├── syn feature "clone-impls"
│       │       │                   │   └── syn v2.0.119 (*)
│       │       │                   ├── syn feature "derive"
│       │       │                   │   └── syn v2.0.119 (*)
│       │       │                   ├── syn feature "parsing"
│       │       │                   │   └── syn v2.0.119 (*)
│       │       │                   ├── syn feature "printing"
│       │       │                   │   └── syn v2.0.119 (*)
│       │       │                   └── syn feature "proc-macro"
│       │       │                       ├── syn v2.0.119 (*)
│       │       │                       ├── proc-macro2 feature "proc-macro" (*)
│       │       │                       └── quote feature "proc-macro" (*)
│       │       ├── accesskit feature "enumn"
│       │       │   └── accesskit v0.24.1 (*)
│       │       ├── uuid feature "default"
│       │       │   ├── uuid v1.26.0 (*)
│       │       │   └── uuid feature "std"
│       │       │       └── uuid v1.26.0 (*)
│       │       ├── uuid feature "serde"
│       │       │   └── uuid v1.26.0 (*)
│       │       ├── uuid feature "v4"
│       │       │   ├── uuid v1.26.0 (*)
│       │       │   └── uuid feature "rng"
│       │       │       └── uuid v1.26.0 (*)
│       │       ├── uuid feature "v5"
│       │       │   ├── uuid v1.26.0 (*)
│       │       │   └── uuid feature "sha1"
│       │       │       └── uuid v1.26.0 (*)
│       │       ├── uuid feature "v7"
│       │       │   ├── uuid v1.26.0 (*)
│       │       │   └── uuid feature "rng" (*)
│       │       ├── anyhow feature "default"
│       │       │   ├── anyhow v1.0.104
│       │       │   └── anyhow feature "std"
│       │       │       └── anyhow v1.0.104
│       │       ├── async-channel feature "default"
│       │       │   ├── async-channel v2.5.0
│       │       │   │   ├── concurrent-queue v2.5.0
│       │       │   │   │   └── crossbeam-utils v0.8.22
│       │       │   │   ├── event-listener-strategy v0.5.4
│       │       │   │   │   ├── event-listener v5.4.2 (*)
│       │       │   │   │   └── pin-project-lite feature "default" (*)
│       │       │   │   ├── futures-core v0.3.34
│       │       │   │   └── pin-project-lite feature "default" (*)
│       │       │   └── async-channel feature "std"
│       │       │       ├── async-channel v2.5.0 (*)
│       │       │       ├── concurrent-queue feature "std"
│       │       │       │   └── concurrent-queue v2.5.0 (*)
│       │       │       └── event-listener-strategy feature "std"
│       │       │           ├── event-listener-strategy v0.5.4 (*)
│       │       │           └── event-listener feature "std" (*)
│       │       ├── async-task feature "default"
│       │       │   ├── async-task v4.7.1
│       │       │   └── async-task feature "std"
│       │       │       └── async-task v4.7.1
│       │       ├── bitflags feature "default" (*)
│       │       ├── log feature "default" (*)
│       │       ├── log feature "kv_unstable_serde"
│       │       │   ├── log v0.4.34 (*)
│       │       │   ├── log feature "kv_serde"
│       │       │   │   ├── log v0.4.34 (*)
│       │       │   │   ├── log feature "kv_std"
│       │       │   │   │   ├── log v0.4.34 (*)
│       │       │   │   │   ├── log feature "kv"
│       │       │   │   │   │   └── log v0.4.34 (*)
│       │       │   │   │   ├── log feature "std" (*)
│       │       │   │   │   ├── log feature "value-bag"
│       │       │   │   │   │   └── log v0.4.34 (*)
│       │       │   │   │   └── value-bag feature "error"
│       │       │   │   │       ├── value-bag v1.13.2 (*)
│       │       │   │   │       └── value-bag feature "std"
│       │       │   │   │           ├── value-bag v1.13.2 (*)
│       │       │   │   │           ├── value-bag feature "alloc"
│       │       │   │   │           │   ├── value-bag v1.13.2 (*)
│       │       │   │   │           │   └── value-bag-serde1 feature "alloc"
│       │       │   │   │           │       └── value-bag-serde1 v1.13.2 (*)
│       │       │   │   │           └── value-bag-serde1 feature "std"
│       │       │   │   │               ├── value-bag-serde1 v1.13.2 (*)
│       │       │   │   │               ├── serde_core feature "std"
│       │       │   │   │               │   └── serde_core v1.0.229
│       │       │   │   │               └── erased-serde feature "std"
│       │       │   │   │                   ├── erased-serde v0.4.10 (*)
│       │       │   │   │                   ├── serde_core feature "std" (*)
│       │       │   │   │                   └── erased-serde feature "alloc" (*)
│       │       │   │   ├── log feature "serde"
│       │       │   │   │   ├── log v0.4.34 (*)
│       │       │   │   │   └── log feature "serde_core"
│       │       │   │   │       └── log v0.4.34 (*)
│       │       │   │   ├── log feature "value-bag" (*)
│       │       │   │   └── value-bag feature "serde"
│       │       │   │       ├── value-bag v1.13.2 (*)
│       │       │   │       └── value-bag feature "serde1"
│       │       │   │           ├── value-bag v1.13.2 (*)
│       │       │   │           ├── value-bag feature "alloc" (*)
│       │       │   │           └── value-bag feature "value-bag-serde1"
│       │       │   │               └── value-bag v1.13.2 (*)
│       │       │   └── log feature "kv_unstable_std"
│       │       │       ├── log v0.4.34 (*)
│       │       │       ├── log feature "kv_std" (*)
│       │       │       └── log feature "kv_unstable"
│       │       │           ├── log v0.4.34 (*)
│       │       │           ├── log feature "kv" (*)
│       │       │           └── log feature "value-bag" (*)
│       │       ├── log feature "serde" (*)
│       │       ├── chrono feature "default"
│       │       │   ├── chrono v0.4.45
│       │       │   │   ├── num-traits v0.2.19
│       │       │   │   │   └── libm feature "default" (*)
│       │       │   │   │   [build-dependencies]
│       │       │   │   │   └── autocfg feature "default"
│       │       │   │   │       └── autocfg v1.5.1
│       │       │   │   ├── serde v1.0.229 (*)
│       │       │   │   ├── iana-time-zone feature "default"
│       │       │   │   │   └── iana-time-zone v0.1.65
│       │       │   │   │       └── core-foundation-sys feature "default"
│       │       │   │   │           ├── core-foundation-sys v0.8.7
│       │       │   │   │           └── core-foundation-sys feature "link"
│       │       │   │   │               └── core-foundation-sys v0.8.7
│       │       │   │   └── iana-time-zone feature "fallback"
│       │       │   │       └── iana-time-zone v0.1.65 (*)
│       │       │   ├── chrono feature "clock"
│       │       │   │   ├── chrono v0.4.45 (*)
│       │       │   │   ├── chrono feature "iana-time-zone"
│       │       │   │   │   └── chrono v0.4.45 (*)
│       │       │   │   ├── chrono feature "now"
│       │       │   │   │   ├── chrono v0.4.45 (*)
│       │       │   │   │   └── chrono feature "std"
│       │       │   │   │       ├── chrono v0.4.45 (*)
│       │       │   │   │       └── chrono feature "alloc"
│       │       │   │   │           └── chrono v0.4.45 (*)
│       │       │   │   └── chrono feature "winapi"
│       │       │   │       ├── chrono v0.4.45 (*)
│       │       │   │       └── chrono feature "windows-link"
│       │       │   │           └── chrono v0.4.45 (*)
│       │       │   ├── chrono feature "oldtime"
│       │       │   │   └── chrono v0.4.45 (*)
│       │       │   ├── chrono feature "std" (*)
│       │       │   └── chrono feature "wasmbind"
│       │       │       ├── chrono v0.4.45 (*)
│       │       │       ├── chrono feature "js-sys"
│       │       │       │   └── chrono v0.4.45 (*)
│       │       │       └── chrono feature "wasm-bindgen"
│       │       │           └── chrono v0.4.45 (*)
│       │       ├── chrono feature "serde"
│       │       │   └── chrono v0.4.45 (*)
│       │       ├── serde feature "default"
│       │       │   ├── serde v1.0.229 (*)
│       │       │   └── serde feature "std"
│       │       │       ├── serde v1.0.229 (*)
│       │       │       └── serde_core feature "std" (*)
│       │       ├── serde feature "derive"
│       │       │   ├── serde v1.0.229 (*)
│       │       │   └── serde feature "serde_derive"
│       │       │       └── serde v1.0.229 (*)
│       │       ├── serde feature "rc"
│       │       │   ├── serde v1.0.229 (*)
│       │       │   └── serde_core feature "rc"
│       │       │       └── serde_core v1.0.229
│       │       ├── core-video feature "default"
│       │       │   ├── core-video v0.5.2
│       │       │   │   ├── core-foundation v0.10.0
│       │       │   │   │   ├── core-foundation-sys v0.8.7
│       │       │   │   │   └── libc feature "default" (*)
│       │       │   │   ├── io-surface v0.16.1
│       │       │   │   │   ├── core-foundation v0.10.0 (*)
│       │       │   │   │   ├── core-foundation-sys v0.8.7
│       │       │   │   │   ├── cgl feature "default"
│       │       │   │   │   │   └── cgl v0.3.2
│       │       │   │   │   │       └── libc feature "default" (*)
│       │       │   │   │   └── leaky-cow feature "default"
│       │       │   │   │       └── leaky-cow v0.1.1
│       │       │   │   │           └── leak feature "default"
│       │       │   │   │               └── leak v0.1.2
│       │       │   │   ├── libc feature "default" (*)
│       │       │   │   ├── block feature "default"
│       │       │   │   │   └── block v0.1.6
│       │       │   │   ├── core-graphics2 feature "display"
│       │       │   │   │   └── core-graphics2 v0.5.2
│       │       │   │   │       ├── core-foundation v0.10.0 (*)
│       │       │   │   │       ├── cfg-if feature "default" (*)
│       │       │   │   │       ├── libc feature "default" (*)
│       │       │   │   │       ├── bitflags feature "default" (*)
│       │       │   │   │       └── block feature "default" (*)
│       │       │   │   └── metal feature "default"
│       │       │   │       ├── metal v0.33.0
│       │       │   │       │   ├── core-graphics-types v0.2.0
│       │       │   │       │   │   ├── core-foundation v0.10.0 (*)
│       │       │   │       │   │   ├── libc feature "default" (*)
│       │       │   │       │   │   └── bitflags feature "default" (*)
│       │       │   │       │   ├── bitflags feature "default" (*)
│       │       │   │       │   ├── log feature "default" (*)
│       │       │   │       │   ├── block feature "default" (*)
│       │       │   │       │   ├── foreign-types feature "default"
│       │       │   │       │   │   ├── foreign-types v0.5.0
│       │       │   │       │   │   │   ├── foreign-types-macros feature "default"
│       │       │   │       │   │   │   │   └── foreign-types-macros v0.2.4 (proc-macro)
│       │       │   │       │   │   │   │       ├── proc-macro2 feature "default" (*)
│       │       │   │       │   │   │   │       ├── quote feature "default" (*)
│       │       │   │       │   │   │   │       ├── syn feature "default" (*)
│       │       │   │       │   │   │   │       └── syn feature "full" (*)
│       │       │   │       │   │   │   └── foreign-types-shared feature "default"
│       │       │   │       │   │   │       └── foreign-types-shared v0.3.1
│       │       │   │       │   │   └── foreign-types feature "std"
│       │       │   │       │   │       ├── foreign-types v0.5.0 (*)
│       │       │   │       │   │       └── foreign-types-macros feature "std"
│       │       │   │       │   │           └── foreign-types-macros v0.2.4 (proc-macro) (*)
│       │       │   │       │   ├── objc feature "default"
│       │       │   │       │   │   └── objc v0.2.7
│       │       │   │       │   │       └── malloc_buf feature "default"
│       │       │   │       │   │           └── malloc_buf v0.0.6
│       │       │   │       │   │               └── libc feature "default" (*)
│       │       │   │       │   └── paste feature "default"
│       │       │   │       │       └── paste v1.0.15 (proc-macro)
│       │       │   │       └── metal feature "link"
│       │       │   │           ├── metal v0.33.0 (*)
│       │       │   │           └── core-graphics-types feature "link"
│       │       │   │               ├── core-graphics-types v0.2.0 (*)
│       │       │   │               └── core-foundation feature "link"
│       │       │   │                   ├── core-foundation v0.10.0 (*)
│       │       │   │                   └── core-foundation-sys feature "link" (*)
│       │       │   ├── core-video feature "display-link"
│       │       │   │   └── core-video v0.5.2 (*)
│       │       │   └── core-video feature "link"
│       │       │       ├── core-video v0.5.2 (*)
│       │       │       ├── core-foundation feature "link" (*)
│       │       │       └── core-graphics2 feature "link"
│       │       │           ├── core-graphics2 v0.5.2 (*)
│       │       │           └── core-foundation feature "link" (*)
│       │       ├── core-video feature "metal"
│       │       │   └── core-video v0.5.2 (*)
│       │       ├── ctor feature "default"
│       │       │   ├── ctor v1.0.13
│       │       │   │   ├── link-section v0.19.3
│       │       │   │   ├── linktime-proc-macro feature "ctor"
│       │       │   │   │   └── linktime-proc-macro v0.2.3 (proc-macro)
│       │       │   │   └── linktime-proc-macro feature "default"
│       │       │   │       └── linktime-proc-macro v0.2.3 (proc-macro)
│       │       │   ├── ctor feature "priority"
│       │       │   │   └── ctor v1.0.13 (*)
│       │       │   ├── ctor feature "proc_macro"
│       │       │   │   └── ctor v1.0.13 (*)
│       │       │   └── ctor feature "std"
│       │       │       └── ctor v1.0.13 (*)
│       │       ├── derive_more feature "add"
│       │       │   ├── derive_more v2.1.1
│       │       │   │   └── derive_more-impl feature "default"
│       │       │   │       └── derive_more-impl v2.1.1 (proc-macro)
│       │       │   │           ├── proc-macro2 feature "default" (*)
│       │       │   │           ├── quote feature "default" (*)
│       │       │   │           ├── syn feature "default" (*)
│       │       │   │           ├── convert_case feature "default"
│       │       │   │           │   └── convert_case v0.10.0
│       │       │   │           │       └── unicode-segmentation feature "default"
│       │       │   │           │           └── unicode-segmentation v1.13.3
│       │       │   │           └── unicode-xid feature "default"
│       │       │   │               └── unicode-xid v0.2.6
│       │       │   │           [build-dependencies]
│       │       │   │           └── rustc_version feature "default"
│       │       │   │               └── rustc_version v0.4.1
│       │       │   │                   └── semver feature "default"
│       │       │   │                       ├── semver v1.0.28
│       │       │   │                       └── semver feature "std"
│       │       │   │                           └── semver v1.0.28
│       │       │   └── derive_more-impl feature "add"
│       │       │       ├── derive_more-impl v2.1.1 (proc-macro) (*)
│       │       │       ├── syn feature "extra-traits"
│       │       │       │   └── syn v2.0.119 (*)
│       │       │       └── syn feature "visit"
│       │       │           └── syn v2.0.119 (*)
│       │       ├── derive_more feature "add_assign"
│       │       │   ├── derive_more v2.1.1 (*)
│       │       │   └── derive_more-impl feature "add_assign"
│       │       │       ├── derive_more-impl v2.1.1 (proc-macro) (*)
│       │       │       ├── syn feature "extra-traits" (*)
│       │       │       └── syn feature "visit" (*)
│       │       ├── derive_more feature "default"
│       │       │   ├── derive_more v2.1.1 (*)
│       │       │   └── derive_more feature "std"
│       │       │       └── derive_more v2.1.1 (*)
│       │       ├── derive_more feature "deref"
│       │       │   ├── derive_more v2.1.1 (*)
│       │       │   └── derive_more-impl feature "deref"
│       │       │       └── derive_more-impl v2.1.1 (proc-macro) (*)
│       │       ├── derive_more feature "deref_mut"
│       │       │   ├── derive_more v2.1.1 (*)
│       │       │   └── derive_more-impl feature "deref_mut"
│       │       │       └── derive_more-impl v2.1.1 (proc-macro) (*)
│       │       ├── derive_more feature "display"
│       │       │   ├── derive_more v2.1.1 (*)
│       │       │   └── derive_more-impl feature "display"
│       │       │       ├── derive_more-impl v2.1.1 (proc-macro) (*)
│       │       │       └── syn feature "extra-traits" (*)
│       │       ├── derive_more feature "from"
│       │       │   ├── derive_more v2.1.1 (*)
│       │       │   └── derive_more-impl feature "from"
│       │       │       ├── derive_more-impl v2.1.1 (proc-macro) (*)
│       │       │       └── syn feature "extra-traits" (*)
│       │       ├── derive_more feature "from_str"
│       │       │   ├── derive_more v2.1.1 (*)
│       │       │   └── derive_more-impl feature "from_str"
│       │       │       ├── derive_more-impl v2.1.1 (proc-macro) (*)
│       │       │       ├── syn feature "full"
│       │       │       │   └── syn v2.0.119 (*)
│       │       │       └── syn feature "visit" (*)
│       │       ├── derive_more feature "mul"
│       │       │   ├── derive_more v2.1.1 (*)
│       │       │   └── derive_more-impl feature "mul"
│       │       │       ├── derive_more-impl v2.1.1 (proc-macro) (*)
│       │       │       ├── syn feature "extra-traits" (*)
│       │       │       └── syn feature "visit" (*)
│       │       ├── derive_more feature "mul_assign"
│       │       │   ├── derive_more v2.1.1 (*)
│       │       │   └── derive_more-impl feature "mul_assign"
│       │       │       ├── derive_more-impl v2.1.1 (proc-macro) (*)
│       │       │       ├── syn feature "extra-traits" (*)
│       │       │       └── syn feature "visit" (*)
│       │       ├── derive_more feature "not"
│       │       │   ├── derive_more v2.1.1 (*)
│       │       │   └── derive_more-impl feature "not"
│       │       │       ├── derive_more-impl v2.1.1 (proc-macro) (*)
│       │       │       └── syn feature "extra-traits" (*)
│       │       ├── etagere feature "default"
│       │       │   └── etagere v0.2.15
│       │       │       ├── euclid feature "default"
│       │       │       │   ├── euclid v0.22.14
│       │       │       │   │   └── num-traits v0.2.19 (*)
│       │       │       │   └── euclid feature "std"
│       │       │       │       ├── euclid v0.22.14 (*)
│       │       │       │       └── num-traits feature "std"
│       │       │       │           └── num-traits v0.2.19 (*)
│       │       │       └── svg_fmt feature "default"
│       │       │           └── svg_fmt v0.4.5
│       │       ├── futures feature "default"
│       │       │   ├── futures v0.3.34
│       │       │   │   ├── futures-core v0.3.34
│       │       │   │   ├── futures-executor v0.3.34
│       │       │   │   │   ├── futures-core v0.3.34
│       │       │   │   │   ├── futures-task v0.3.34
│       │       │   │   │   └── futures-util v0.3.34
│       │       │   │   │       ├── futures-core v0.3.34
│       │       │   │   │       ├── futures-macro v0.3.34 (proc-macro)
│       │       │   │   │       │   ├── proc-macro2 feature "default" (*)
│       │       │   │   │       │   ├── quote feature "default" (*)
│       │       │   │   │       │   ├── syn feature "default" (*)
│       │       │   │   │       │   └── syn feature "full" (*)
│       │       │   │   │       ├── futures-sink v0.3.34
│       │       │   │   │       ├── futures-task v0.3.34
│       │       │   │   │       ├── slab v0.4.12
│       │       │   │   │       ├── pin-project-lite feature "default" (*)
│       │       │   │   │       ├── futures-channel feature "std"
│       │       │   │   │       │   ├── futures-channel v0.3.34
│       │       │   │   │       │   │   ├── futures-core v0.3.34
│       │       │   │   │       │   │   └── futures-sink v0.3.34
│       │       │   │   │       │   ├── futures-core feature "std"
│       │       │   │   │       │   │   ├── futures-core v0.3.34
│       │       │   │   │       │   │   └── futures-core feature "alloc"
│       │       │   │   │       │   │       └── futures-core v0.3.34
│       │       │   │   │       │   └── futures-channel feature "alloc"
│       │       │   │   │       │       ├── futures-channel v0.3.34 (*)
│       │       │   │   │       │       └── futures-core feature "alloc" (*)
│       │       │   │   │       ├── futures-io feature "std"
│       │       │   │   │       │   └── futures-io v0.3.34
│       │       │   │   │       └── memchr feature "default"
│       │       │   │   │           ├── memchr v2.8.3
│       │       │   │   │           └── memchr feature "std" (*)
│       │       │   │   ├── futures-io v0.3.34
│       │       │   │   ├── futures-sink v0.3.34
│       │       │   │   ├── futures-task v0.3.34
│       │       │   │   ├── futures-channel feature "sink"
│       │       │   │   │   ├── futures-channel v0.3.34 (*)
│       │       │   │   │   └── futures-channel feature "futures-sink"
│       │       │   │   │       └── futures-channel v0.3.34 (*)
│       │       │   │   └── futures-util feature "sink"
│       │       │   │       ├── futures-util v0.3.34 (*)
│       │       │   │       └── futures-util feature "futures-sink"
│       │       │   │           └── futures-util v0.3.34 (*)
│       │       │   ├── futures feature "async-await"
│       │       │   │   ├── futures v0.3.34 (*)
│       │       │   │   ├── futures-util feature "async-await"
│       │       │   │   │   └── futures-util v0.3.34 (*)
│       │       │   │   └── futures-util feature "async-await-macro"
│       │       │   │       ├── futures-util v0.3.34 (*)
│       │       │   │       ├── futures-util feature "async-await" (*)
│       │       │   │       └── futures-util feature "futures-macro"
│       │       │   │           └── futures-util v0.3.34 (*)
│       │       │   ├── futures feature "executor"
│       │       │   │   ├── futures v0.3.34 (*)
│       │       │   │   ├── futures feature "futures-executor"
│       │       │   │   │   └── futures v0.3.34 (*)
│       │       │   │   ├── futures feature "std"
│       │       │   │   │   ├── futures v0.3.34 (*)
│       │       │   │   │   ├── futures-core feature "std" (*)
│       │       │   │   │   ├── futures feature "alloc"
│       │       │   │   │   │   ├── futures v0.3.34 (*)
│       │       │   │   │   │   ├── futures-core feature "alloc" (*)
│       │       │   │   │   │   ├── futures-channel feature "alloc" (*)
│       │       │   │   │   │   ├── futures-sink feature "alloc"
│       │       │   │   │   │   │   └── futures-sink v0.3.34
│       │       │   │   │   │   ├── futures-task feature "alloc"
│       │       │   │   │   │   │   └── futures-task v0.3.34
│       │       │   │   │   │   └── futures-util feature "alloc"
│       │       │   │   │   │       ├── futures-util v0.3.34 (*)
│       │       │   │   │   │       ├── futures-core feature "alloc" (*)
│       │       │   │   │   │       ├── futures-task feature "alloc" (*)
│       │       │   │   │   │       └── futures-util feature "slab"
│       │       │   │   │   │           └── futures-util v0.3.34 (*)
│       │       │   │   │   ├── futures-sink feature "std"
│       │       │   │   │   │   ├── futures-sink v0.3.34
│       │       │   │   │   │   └── futures-sink feature "alloc" (*)
│       │       │   │   │   ├── futures-task feature "std"
│       │       │   │   │   │   ├── futures-task v0.3.34
│       │       │   │   │   │   └── futures-task feature "alloc" (*)
│       │       │   │   │   ├── futures-util feature "channel"
│       │       │   │   │   │   ├── futures-util v0.3.34 (*)
│       │       │   │   │   │   ├── futures-util feature "futures-channel"
│       │       │   │   │   │   │   └── futures-util v0.3.34 (*)
│       │       │   │   │   │   └── futures-util feature "std"
│       │       │   │   │   │       ├── futures-util v0.3.34 (*)
│       │       │   │   │   │       ├── futures-core feature "std" (*)
│       │       │   │   │   │       ├── futures-task feature "std" (*)
│       │       │   │   │   │       ├── futures-util feature "alloc" (*)
│       │       │   │   │   │       ├── futures-util feature "slab" (*)
│       │       │   │   │   │       └── slab feature "std"
│       │       │   │   │   │           └── slab v0.4.12
│       │       │   │   │   ├── futures-util feature "io"
│       │       │   │   │   │   ├── futures-util v0.3.34 (*)
│       │       │   │   │   │   ├── futures-util feature "futures-io"
│       │       │   │   │   │   │   └── futures-util v0.3.34 (*)
│       │       │   │   │   │   ├── futures-util feature "memchr"
│       │       │   │   │   │   │   └── futures-util v0.3.34 (*)
│       │       │   │   │   │   └── futures-util feature "std" (*)
│       │       │   │   │   ├── futures-util feature "std" (*)
│       │       │   │   │   └── futures-io feature "std" (*)
│       │       │   │   └── futures-executor feature "std"
│       │       │   │       ├── futures-executor v0.3.34 (*)
│       │       │   │       ├── futures-core feature "std" (*)
│       │       │   │       ├── futures-task feature "std" (*)
│       │       │   │       └── futures-util feature "std" (*)
│       │       │   └── futures feature "std" (*)
│       │       ├── futures-concurrency feature "default"
│       │       │   ├── futures-concurrency v7.7.1
│       │       │   │   ├── fixedbitset v0.5.7
│       │       │   │   ├── futures-core v0.3.34
│       │       │   │   ├── futures-lite v2.6.1
│       │       │   │   │   ├── fastrand v2.5.0
│       │       │   │   │   ├── futures-core v0.3.34
│       │       │   │   │   ├── parking feature "default" (*)
│       │       │   │   │   ├── pin-project-lite feature "default" (*)
│       │       │   │   │   └── futures-io feature "default"
│       │       │   │   │       ├── futures-io v0.3.34
│       │       │   │   │       └── futures-io feature "std" (*)
│       │       │   │   ├── pin-project feature "default"
│       │       │   │   │   └── pin-project v1.1.13
│       │       │   │   │       └── pin-project-internal feature "default"
│       │       │   │   │           └── pin-project-internal v1.1.13 (proc-macro)
│       │       │   │   │               ├── proc-macro2 feature "default" (*)
│       │       │   │   │               ├── quote feature "default" (*)
│       │       │   │   │               ├── syn feature "clone-impls" (*)
│       │       │   │   │               ├── syn feature "full" (*)
│       │       │   │   │               ├── syn feature "parsing" (*)
│       │       │   │   │               ├── syn feature "printing" (*)
│       │       │   │   │               ├── syn feature "proc-macro" (*)
│       │       │   │   │               └── syn feature "visit-mut"
│       │       │   │   │                   └── syn v2.0.119 (*)
│       │       │   │   └── smallvec feature "default" (*)
│       │       │   └── futures-concurrency feature "std"
│       │       │       ├── futures-concurrency v7.7.1 (*)
│       │       │       ├── futures-concurrency feature "alloc"
│       │       │       │   ├── futures-concurrency v7.7.1 (*)
│       │       │       │   └── futures-lite feature "alloc"
│       │       │       │       └── futures-lite v2.6.1 (*)
│       │       │       └── futures-lite feature "std"
│       │       │           ├── futures-lite v2.6.1 (*)
│       │       │           ├── futures-lite feature "alloc" (*)
│       │       │           ├── futures-lite feature "fastrand"
│       │       │           │   └── futures-lite v2.6.1 (*)
│       │       │           ├── futures-lite feature "futures-io"
│       │       │           │   └── futures-lite v2.6.1 (*)
│       │       │           ├── futures-lite feature "parking"
│       │       │           │   └── futures-lite v2.6.1 (*)
│       │       │           └── fastrand feature "std"
│       │       │               ├── fastrand v2.5.0
│       │       │               └── fastrand feature "alloc"
│       │       │                   └── fastrand v2.5.0
│       │       ├── pin-project feature "default" (*)
│       │       ├── smallvec feature "const_new" (*)
│       │       ├── smallvec feature "default" (*)
│       │       ├── smallvec feature "union"
│       │       │   └── smallvec v1.15.2 (*)
│       │       ├── gpui-pre-collections feature "default"
│       │       │   └── gpui-pre-collections v0.3.7
│       │       │       ├── rustc-hash feature "default"
│       │       │       │   ├── rustc-hash v2.1.3
│       │       │       │   └── rustc-hash feature "std"
│       │       │       │       └── rustc-hash v2.1.3
│       │       │       ├── gpui-pre-util feature "default"
│       │       │       │   └── gpui-pre-util v0.3.7
│       │       │       │       ├── anyhow feature "default" (*)
│       │       │       │       ├── log feature "default" (*)
│       │       │       │       ├── log feature "kv_unstable_serde" (*)
│       │       │       │       └── log feature "serde" (*)
│       │       │       ├── indexmap feature "default"
│       │       │       │   ├── indexmap v2.14.0
│       │       │       │   │   ├── equivalent v1.0.2
│       │       │       │   │   ├── hashbrown v0.17.1
│       │       │       │   │   └── serde_core v1.0.229
│       │       │       │   └── indexmap feature "std"
│       │       │       │       └── indexmap v2.14.0 (*)
│       │       │       └── indexmap feature "serde"
│       │       │           └── indexmap v2.14.0 (*)
│       │       ├── gpui-pre-util feature "default" (*)
│       │       ├── gpui-pre-http-client feature "default"
│       │       │   └── gpui-pre-http-client v0.3.7
│       │       │       ├── anyhow feature "default" (*)
│       │       │       ├── log feature "default" (*)
│       │       │       ├── log feature "kv_unstable_serde" (*)
│       │       │       ├── log feature "serde" (*)
│       │       │       ├── serde feature "default" (*)
│       │       │       ├── serde feature "derive" (*)
│       │       │       ├── serde feature "rc" (*)
│       │       │       ├── derive_more feature "add" (*)
│       │       │       ├── derive_more feature "add_assign" (*)
│       │       │       ├── derive_more feature "default" (*)
│       │       │       ├── derive_more feature "deref" (*)
│       │       │       ├── derive_more feature "deref_mut" (*)
│       │       │       ├── derive_more feature "display" (*)
│       │       │       ├── derive_more feature "from" (*)
│       │       │       ├── derive_more feature "from_str" (*)
│       │       │       ├── derive_more feature "mul" (*)
│       │       │       ├── derive_more feature "mul_assign" (*)
│       │       │       ├── derive_more feature "not" (*)
│       │       │       ├── futures feature "default" (*)
│       │       │       ├── async-compression feature "bzip2"
│       │       │       │   ├── async-compression v0.4.43
│       │       │       │   │   ├── pin-project-lite feature "default" (*)
│       │       │       │   │   ├── futures-io feature "std" (*)
│       │       │       │   │   ├── compression-codecs feature "default"
│       │       │       │   │   │   └── compression-codecs v0.4.38
│       │       │       │   │   │       ├── memchr feature "default" (*)
│       │       │       │   │   │       ├── bzip2 feature "default"
│       │       │       │   │   │       │   └── bzip2 v0.6.1
│       │       │       │   │   │       │       └── libbz2-rs-sys feature "rust-allocator"
│       │       │       │   │   │       │           └── libbz2-rs-sys v0.2.5
│       │       │       │   │   │       ├── compression-core feature "default"
│       │       │       │   │   │       │   └── compression-core v0.4.32
│       │       │       │   │   │       └── flate2 feature "default" (*)
│       │       │       │   │   └── compression-core feature "default" (*)
│       │       │       │   └── compression-codecs feature "bzip2"
│       │       │       │       └── compression-codecs v0.4.38 (*)
│       │       │       ├── async-compression feature "default"
│       │       │       │   └── async-compression v0.4.43 (*)
│       │       │       ├── async-compression feature "futures-io"
│       │       │       │   └── async-compression v0.4.43 (*)
│       │       │       ├── async-compression feature "gzip"
│       │       │       │   ├── async-compression v0.4.43 (*)
│       │       │       │   └── compression-codecs feature "gzip"
│       │       │       │       ├── compression-codecs v0.4.38 (*)
│       │       │       │       ├── compression-codecs feature "flate2"
│       │       │       │       │   └── compression-codecs v0.4.38 (*)
│       │       │       │       └── compression-codecs feature "memchr"
│       │       │       │           └── compression-codecs v0.4.38 (*)
│       │       │       ├── bytes feature "default"
│       │       │       │   ├── bytes v1.12.1
│       │       │       │   └── bytes feature "std"
│       │       │       │       └── bytes v1.12.1
│       │       │       ├── http feature "default"
│       │       │       │   ├── http v1.5.0
│       │       │       │   │   ├── bytes feature "default" (*)
│       │       │       │   │   └── itoa feature "default"
│       │       │       │   │       └── itoa v1.0.18
│       │       │       │   └── http feature "std"
│       │       │       │       └── http v1.5.0 (*)
│       │       │       ├── http-body feature "default"
│       │       │       │   └── http-body v1.1.0
│       │       │       │       ├── bytes feature "default" (*)
│       │       │       │       └── http feature "default" (*)
│       │       │       ├── parking_lot feature "default"
│       │       │       │   └── parking_lot v0.12.5
│       │       │       │       ├── lock_api feature "default"
│       │       │       │       │   ├── lock_api v0.4.14
│       │       │       │       │   │   └── scopeguard v1.2.0
│       │       │       │       │   └── lock_api feature "atomic_usize"
│       │       │       │       │       └── lock_api v0.4.14 (*)
│       │       │       │       └── parking_lot_core feature "default"
│       │       │       │           └── parking_lot_core v0.9.12
│       │       │       │               ├── cfg-if feature "default" (*)
│       │       │       │               ├── libc feature "default" (*)
│       │       │       │               └── smallvec feature "default" (*)
│       │       │       ├── serde_json feature "default"
│       │       │       │   ├── serde_json v1.0.151
│       │       │       │   │   ├── memchr v2.8.3
│       │       │       │   │   ├── serde_core v1.0.229
│       │       │       │   │   ├── indexmap feature "default" (*)
│       │       │       │   │   ├── itoa feature "default" (*)
│       │       │       │   │   └── zmij feature "default"
│       │       │       │   │       └── zmij v1.0.23
│       │       │       │   └── serde_json feature "std"
│       │       │       │       ├── serde_json v1.0.151 (*)
│       │       │       │       ├── serde_core feature "std" (*)
│       │       │       │       └── memchr feature "std" (*)
│       │       │       ├── serde_json feature "preserve_order"
│       │       │       │   ├── serde_json v1.0.151 (*)
│       │       │       │   ├── serde_json feature "indexmap"
│       │       │       │   │   └── serde_json v1.0.151 (*)
│       │       │       │   └── serde_json feature "std" (*)
│       │       │       ├── serde_json feature "raw_value"
│       │       │       │   └── serde_json v1.0.151 (*)
│       │       │       ├── serde_urlencoded feature "default"
│       │       │       │   └── serde_urlencoded v0.7.1
│       │       │       │       ├── serde feature "default" (*)
│       │       │       │       ├── itoa feature "default" (*)
│       │       │       │       ├── form_urlencoded feature "default"
│       │       │       │       │   ├── form_urlencoded v1.2.2
│       │       │       │       │   │   └── percent-encoding v2.3.2
│       │       │       │       │   └── form_urlencoded feature "std"
│       │       │       │       │       ├── form_urlencoded v1.2.2 (*)
│       │       │       │       │       ├── form_urlencoded feature "alloc"
│       │       │       │       │       │   ├── form_urlencoded v1.2.2 (*)
│       │       │       │       │       │   └── percent-encoding feature "alloc"
│       │       │       │       │       │       └── percent-encoding v2.3.2
│       │       │       │       │       └── percent-encoding feature "std"
│       │       │       │       │           ├── percent-encoding v2.3.2
│       │       │       │       │           └── percent-encoding feature "alloc" (*)
│       │       │       │       └── ryu feature "default"
│       │       │       │           └── ryu v1.0.23
│       │       │       └── url feature "default"
│       │       │           ├── url v2.5.8
│       │       │           │   ├── form_urlencoded feature "alloc" (*)
│       │       │           │   ├── percent-encoding feature "alloc" (*)
│       │       │           │   ├── idna feature "alloc"
│       │       │           │   │   └── idna v1.1.0
│       │       │           │   │       ├── smallvec feature "const_generics" (*)
│       │       │           │   │       ├── smallvec feature "default" (*)
│       │       │           │   │       ├── idna_adapter feature "default"
│       │       │           │   │       │   └── idna_adapter v1.2.2
│       │       │           │   │       │       ├── icu_normalizer v2.3.0
│       │       │           │   │       │       │   ├── icu_collections v2.3.0
│       │       │           │   │       │       │   │   ├── displaydoc v0.2.7 (proc-macro)
│       │       │           │   │       │       │   │   │   ├── proc-macro2 feature "default" (*)
│       │       │           │   │       │       │   │   │   ├── quote feature "default" (*)
│       │       │           │   │       │       │   │   │   └── syn feature "default" (*)
│       │       │           │   │       │       │   │   ├── utf8_iter v1.0.4
│       │       │           │   │       │       │   │   ├── potential_utf feature "zerovec"
│       │       │           │   │       │       │   │   │   └── potential_utf v0.1.6
│       │       │           │   │       │       │   │   │       └── zerovec v0.11.8
│       │       │           │   │       │       │   │   │           ├── yoke v0.8.3
│       │       │           │   │       │       │   │   │           │   ├── stable_deref_trait v1.2.1
│       │       │           │   │       │       │   │   │           │   ├── yoke-derive v0.8.2 (proc-macro)
│       │       │           │   │       │       │   │   │           │   │   ├── proc-macro2 feature "default" (*)
│       │       │           │   │       │       │   │   │           │   │   ├── quote feature "default" (*)
│       │       │           │   │       │       │   │   │           │   │   ├── syn feature "default" (*)
│       │       │           │   │       │       │   │   │           │   │   ├── syn feature "fold"
│       │       │           │   │       │       │   │   │           │   │   │   └── syn v2.0.119 (*)
│       │       │           │   │       │       │   │   │           │   │   └── synstructure feature "default"
│       │       │           │   │       │       │   │   │           │   │       ├── synstructure v0.13.2
│       │       │           │   │       │       │   │   │           │   │       │   ├── proc-macro2 v1.0.107 (*)
│       │       │           │   │       │       │   │   │           │   │       │   ├── quote v1.0.47 (*)
│       │       │           │   │       │       │   │   │           │   │       │   ├── syn feature "clone-impls" (*)
│       │       │           │   │       │       │   │   │           │   │       │   ├── syn feature "derive" (*)
│       │       │           │   │       │       │   │   │           │   │       │   ├── syn feature "extra-traits" (*)
│       │       │           │   │       │       │   │   │           │   │       │   ├── syn feature "parsing" (*)
│       │       │           │   │       │       │   │   │           │   │       │   ├── syn feature "printing" (*)
│       │       │           │   │       │       │   │   │           │   │       │   └── syn feature "visit" (*)
│       │       │           │   │       │       │   │   │           │   │       └── synstructure feature "proc-macro"
│       │       │           │   │       │       │   │   │           │   │           ├── synstructure v0.13.2 (*)
│       │       │           │   │       │       │   │   │           │   │           ├── proc-macro2 feature "proc-macro" (*)
│       │       │           │   │       │       │   │   │           │   │           ├── quote feature "proc-macro" (*)
│       │       │           │   │       │       │   │   │           │   │           └── syn feature "proc-macro" (*)
│       │       │           │   │       │       │   │   │           │   └── zerofrom v0.1.8
│       │       │           │   │       │       │   │   │           │       └── zerofrom-derive v0.1.7 (proc-macro)
│       │       │           │   │       │       │   │   │           │           ├── proc-macro2 feature "default" (*)
│       │       │           │   │       │       │   │   │           │           ├── quote feature "default" (*)
│       │       │           │   │       │       │   │   │           │           ├── syn feature "default" (*)
│       │       │           │   │       │       │   │   │           │           ├── syn feature "fold" (*)
│       │       │           │   │       │       │   │   │           │           └── synstructure feature "default" (*)
│       │       │           │   │       │       │   │   │           ├── zerofrom v0.1.8 (*)
│       │       │           │   │       │       │   │   │           └── zerovec-derive v0.11.6 (proc-macro)
│       │       │           │   │       │       │   │   │               ├── proc-macro2 feature "default" (*)
│       │       │           │   │       │       │   │   │               ├── quote feature "default" (*)
│       │       │           │   │       │       │   │   │               ├── syn feature "default" (*)
│       │       │           │   │       │       │   │   │               └── syn feature "extra-traits"
│       │       │           │   │       │       │   │   │                   └── syn v3.0.4 (*)
│       │       │           │   │       │       │   │   ├── zerovec feature "derive"
│       │       │           │   │       │       │   │   │   └── zerovec v0.11.8 (*)
│       │       │           │   │       │       │   │   ├── zerovec feature "yoke"
│       │       │           │   │       │       │   │   │   └── zerovec v0.11.8 (*)
│       │       │           │   │       │       │   │   ├── yoke feature "derive"
│       │       │           │   │       │       │   │   │   ├── yoke v0.8.3 (*)
│       │       │           │   │       │       │   │   │   ├── yoke feature "zerofrom"
│       │       │           │   │       │       │   │   │   │   └── yoke v0.8.3 (*)
│       │       │           │   │       │       │   │   │   └── zerofrom feature "derive"
│       │       │           │   │       │       │   │   │       └── zerofrom v0.1.8 (*)
│       │       │           │   │       │       │   │   └── zerofrom feature "derive" (*)
│       │       │           │   │       │       │   ├── icu_normalizer_data v2.3.0
│       │       │           │   │       │       │   ├── icu_provider v2.3.1
│       │       │           │   │       │       │   │   ├── displaydoc v0.2.7 (proc-macro) (*)
│       │       │           │   │       │       │   │   ├── icu_locale_core v2.3.0
│       │       │           │   │       │       │   │   │   ├── displaydoc v0.2.7 (proc-macro) (*)
│       │       │           │   │       │       │   │   │   ├── litemap v0.8.3
│       │       │           │   │       │       │   │   │   ├── tinystr v0.8.4
│       │       │           │   │       │       │   │   │   │   ├── displaydoc v0.2.7 (proc-macro) (*)
│       │       │           │   │       │       │   │   │   │   └── zerovec v0.11.8 (*)
│       │       │           │   │       │       │   │   │   ├── writeable v0.6.4
│       │       │           │   │       │       │   │   │   └── zerovec v0.11.8 (*)
│       │       │           │   │       │       │   │   ├── writeable v0.6.4
│       │       │           │   │       │       │   │   ├── zerotrie v0.2.5
│       │       │           │   │       │       │   │   │   ├── displaydoc v0.2.7 (proc-macro) (*)
│       │       │           │   │       │       │   │   │   ├── zerofrom v0.1.8 (*)
│       │       │           │   │       │       │   │   │   └── yoke feature "derive" (*)
│       │       │           │   │       │       │   │   ├── zerovec feature "derive" (*)
│       │       │           │   │       │       │   │   ├── yoke feature "derive" (*)
│       │       │           │   │       │       │   │   └── zerofrom feature "derive" (*)
│       │       │           │   │       │       │   ├── smallvec v1.15.2 (*)
│       │       │           │   │       │       │   └── zerovec v0.11.8 (*)
│       │       │           │   │       │       └── icu_properties v2.3.0
│       │       │           │   │       │           ├── displaydoc v0.2.7 (proc-macro) (*)
│       │       │           │   │       │           ├── icu_collections v2.3.0 (*)
│       │       │           │   │       │           ├── icu_properties_data v2.3.0
│       │       │           │   │       │           ├── icu_provider v2.3.1 (*)
│       │       │           │   │       │           ├── zerovec feature "derive" (*)
│       │       │           │   │       │           ├── zerovec feature "yoke" (*)
│       │       │           │   │       │           ├── icu_locale_core feature "zerovec"
│       │       │           │   │       │           │   ├── icu_locale_core v2.3.0 (*)
│       │       │           │   │       │           │   └── tinystr feature "zerovec"
│       │       │           │   │       │           │       └── tinystr v0.8.4 (*)
│       │       │           │   │       │           ├── zerotrie feature "yoke"
│       │       │           │   │       │           │   └── zerotrie v0.2.5 (*)
│       │       │           │   │       │           └── zerotrie feature "zerofrom"
│       │       │           │   │       │               └── zerotrie v0.2.5 (*)
│       │       │           │   │       └── utf8_iter feature "default"
│       │       │           │   │           └── utf8_iter v1.0.4
│       │       │           │   └── idna feature "compiled_data"
│       │       │           │       ├── idna v1.1.0 (*)
│       │       │           │       └── idna_adapter feature "compiled_data"
│       │       │           │           ├── idna_adapter v1.2.2 (*)
│       │       │           │           ├── icu_normalizer feature "compiled_data"
│       │       │           │           │   ├── icu_normalizer v2.3.0 (*)
│       │       │           │           │   └── icu_provider feature "baked"
│       │       │           │           │       └── icu_provider v2.3.1 (*)
│       │       │           │           └── icu_properties feature "compiled_data"
│       │       │           │               ├── icu_properties v2.3.0 (*)
│       │       │           │               └── icu_provider feature "baked" (*)
│       │       │           └── url feature "std"
│       │       │               ├── url v2.5.8 (*)
│       │       │               ├── form_urlencoded feature "std" (*)
│       │       │               ├── percent-encoding feature "std" (*)
│       │       │               └── idna feature "std"
│       │       │                   ├── idna v1.1.0 (*)
│       │       │                   └── idna feature "alloc" (*)
│       │       ├── parking_lot feature "default" (*)
│       │       ├── serde_json feature "default" (*)
│       │       ├── serde_json feature "preserve_order" (*)
│       │       ├── serde_json feature "raw_value" (*)
│       │       ├── url feature "default" (*)
│       │       ├── gpui-pre-macros feature "default"
│       │       │   └── gpui-pre-macros v0.3.7 (proc-macro)
│       │       │       ├── heck feature "default" (*)
│       │       │       ├── proc-macro2 feature "default" (*)
│       │       │       ├── quote feature "default" (*)
│       │       │       ├── syn feature "default" (*)
│       │       │       ├── syn feature "extra-traits" (*)
│       │       │       ├── syn feature "full" (*)
│       │       │       ├── syn feature "visit-mut" (*)
│       │       │       └── proc-macro-crate feature "default"
│       │       │           └── proc-macro-crate v3.5.0
│       │       │               └── toml_edit feature "parse"
│       │       │                   └── toml_edit v0.25.13+spec-1.1.0
│       │       │                       ├── indexmap feature "default" (*)
│       │       │                       ├── indexmap feature "std" (*)
│       │       │                       ├── toml_datetime feature "default"
│       │       │                       │   ├── toml_datetime v1.1.1+spec-1.1.0
│       │       │                       │   └── toml_datetime feature "std"
│       │       │                       │       ├── toml_datetime v1.1.1+spec-1.1.0
│       │       │                       │       └── toml_datetime feature "alloc"
│       │       │                       │           └── toml_datetime v1.1.1+spec-1.1.0
│       │       │                       ├── toml_parser feature "default"
│       │       │                       │   ├── toml_parser v1.1.3+spec-1.1.0
│       │       │                       │   │   └── winnow v1.0.4
│       │       │                       │   └── toml_parser feature "std"
│       │       │                       │       ├── toml_parser v1.1.3+spec-1.1.0 (*)
│       │       │                       │       └── toml_parser feature "alloc"
│       │       │                       │           └── toml_parser v1.1.3+spec-1.1.0 (*)
│       │       │                       └── winnow feature "default"
│       │       │                           ├── winnow v1.0.4
│       │       │                           ├── winnow feature "ascii"
│       │       │                           │   ├── winnow v1.0.4
│       │       │                           │   └── winnow feature "parser"
│       │       │                           │       └── winnow v1.0.4
│       │       │                           ├── winnow feature "binary"
│       │       │                           │   ├── winnow v1.0.4
│       │       │                           │   └── winnow feature "parser" (*)
│       │       │                           └── winnow feature "std"
│       │       │                               ├── winnow v1.0.4
│       │       │                               └── winnow feature "alloc"
│       │       │                                   └── winnow v1.0.4
│       │       ├── gpui-pre-refineable feature "default"
│       │       │   └── gpui-pre-refineable v0.3.7
│       │       │       └── gpui-pre-derive-refineable feature "default"
│       │       │           └── gpui-pre-derive-refineable v0.3.7 (proc-macro)
│       │       │               ├── proc-macro2 feature "default" (*)
│       │       │               ├── quote feature "default" (*)
│       │       │               ├── syn feature "default" (*)
│       │       │               ├── syn feature "extra-traits" (*)
│       │       │               ├── syn feature "full" (*)
│       │       │               └── syn feature "visit-mut" (*)
│       │       ├── gpui-pre-scheduler feature "default"
│       │       │   └── gpui-pre-scheduler v0.3.7
│       │       │       ├── async-task feature "default" (*)
│       │       │       ├── chrono feature "default" (*)
│       │       │       ├── chrono feature "serde" (*)
│       │       │       ├── futures feature "default" (*)
│       │       │       ├── parking_lot feature "default" (*)
│       │       │       ├── backtrace feature "default"
│       │       │       │   ├── backtrace v0.3.76
│       │       │       │   │   ├── addr2line v0.25.1
│       │       │       │   │   │   └── gimli feature "read"
│       │       │       │   │   │       ├── gimli v0.32.3
│       │       │       │   │   │       └── gimli feature "read-core"
│       │       │       │   │   │           └── gimli v0.32.3
│       │       │       │   │   ├── libc v0.2.189
│       │       │       │   │   ├── miniz_oxide v0.8.9 (*)
│       │       │       │   │   ├── cfg-if feature "default" (*)
│       │       │       │   │   ├── object feature "archive"
│       │       │       │   │   │   └── object v0.37.3
│       │       │       │   │   │       └── memchr v2.8.3
│       │       │       │   │   ├── object feature "elf"
│       │       │       │   │   │   └── object v0.37.3 (*)
│       │       │       │   │   ├── object feature "macho"
│       │       │       │   │   │   └── object v0.37.3 (*)
│       │       │       │   │   ├── object feature "pe"
│       │       │       │   │   │   ├── object v0.37.3 (*)
│       │       │       │   │   │   └── object feature "coff"
│       │       │       │   │   │       └── object v0.37.3 (*)
│       │       │       │   │   ├── object feature "read_core"
│       │       │       │   │   │   └── object v0.37.3 (*)
│       │       │       │   │   ├── object feature "unaligned"
│       │       │       │   │   │   └── object v0.37.3 (*)
│       │       │       │   │   ├── object feature "xcoff"
│       │       │       │   │   │   └── object v0.37.3 (*)
│       │       │       │   │   └── rustc-demangle feature "default"
│       │       │       │   │       └── rustc-demangle v0.1.28
│       │       │       │   └── backtrace feature "std"
│       │       │       │       └── backtrace v0.3.76 (*)
│       │       │       ├── flume feature "default"
│       │       │       │   ├── flume v0.12.0
│       │       │       │   │   ├── futures-core v0.3.34
│       │       │       │   │   ├── futures-sink v0.3.34
│       │       │       │   │   ├── fastrand feature "default"
│       │       │       │   │   │   ├── fastrand v2.5.0
│       │       │       │   │   │   └── fastrand feature "std" (*)
│       │       │       │   │   ├── fastrand feature "js"
│       │       │       │   │   │   ├── fastrand v2.5.0
│       │       │       │   │   │   ├── fastrand feature "getrandom"
│       │       │       │   │   │   │   └── fastrand v2.5.0
│       │       │       │   │   │   └── fastrand feature "std" (*)
│       │       │       │   │   ├── fastrand feature "std" (*)
│       │       │       │   │   ├── spin feature "default"
│       │       │       │   │   │   ├── spin v0.9.9
│       │       │       │   │   │   │   └── lock_api feature "default" (*)
│       │       │       │   │   │   ├── spin feature "barrier"
│       │       │       │   │   │   │   ├── spin v0.9.9 (*)
│       │       │       │   │   │   │   └── spin feature "mutex"
│       │       │       │   │   │   │       └── spin v0.9.9 (*)
│       │       │       │   │   │   ├── spin feature "lazy"
│       │       │       │   │   │   │   ├── spin v0.9.9 (*)
│       │       │       │   │   │   │   └── spin feature "once"
│       │       │       │   │   │   │       └── spin v0.9.9 (*)
│       │       │       │   │   │   ├── spin feature "lock_api"
│       │       │       │   │   │   │   ├── spin v0.9.9 (*)
│       │       │       │   │   │   │   └── spin feature "lock_api_crate"
│       │       │       │   │   │   │       └── spin v0.9.9 (*)
│       │       │       │   │   │   ├── spin feature "mutex" (*)
│       │       │       │   │   │   ├── spin feature "once" (*)
│       │       │       │   │   │   ├── spin feature "rwlock"
│       │       │       │   │   │   │   └── spin v0.9.9 (*)
│       │       │       │   │   │   └── spin feature "spin_mutex"
│       │       │       │   │   │       ├── spin v0.9.9 (*)
│       │       │       │   │   │       └── spin feature "mutex" (*)
│       │       │       │   │   └── spin feature "mutex" (*)
│       │       │       │   ├── flume feature "async"
│       │       │       │   │   ├── flume v0.12.0 (*)
│       │       │       │   │   ├── flume feature "futures-core"
│       │       │       │   │   │   └── flume v0.12.0 (*)
│       │       │       │   │   └── flume feature "futures-sink"
│       │       │       │   │       └── flume v0.12.0 (*)
│       │       │       │   ├── flume feature "eventual-fairness"
│       │       │       │   │   ├── flume v0.12.0 (*)
│       │       │       │   │   ├── flume feature "fastrand"
│       │       │       │   │   │   └── flume v0.12.0 (*)
│       │       │       │   │   └── flume feature "select"
│       │       │       │   │       └── flume v0.12.0 (*)
│       │       │       │   └── flume feature "select" (*)
│       │       │       ├── rand feature "default"
│       │       │       │   ├── rand v0.9.5
│       │       │       │   │   ├── rand_chacha v0.9.0
│       │       │       │   │   │   ├── ppv-lite86 feature "simd"
│       │       │       │   │   │   │   └── ppv-lite86 v0.2.21
│       │       │       │   │   │   │       ├── zerocopy feature "default"
│       │       │       │   │   │   │       │   └── zerocopy v0.8.56
│       │       │       │   │   │   │       │       └── zerocopy-derive feature "default"
│       │       │       │   │   │   │       │           └── zerocopy-derive v0.8.56 (proc-macro)
│       │       │       │   │   │   │       │               ├── proc-macro2 feature "default" (*)
│       │       │       │   │   │   │       │               ├── quote feature "default" (*)
│       │       │       │   │   │   │       │               ├── syn feature "default" (*)
│       │       │       │   │   │   │       │               └── syn feature "full" (*)
│       │       │       │   │   │   │       └── zerocopy feature "simd"
│       │       │       │   │   │   │           └── zerocopy v0.8.56 (*)
│       │       │       │   │   │   └── rand_core feature "default"
│       │       │       │   │   │       └── rand_core v0.9.5
│       │       │       │   │   │           └── getrandom feature "default"
│       │       │       │   │   │               └── getrandom v0.3.4
│       │       │       │   │   │                   ├── libc v0.2.189
│       │       │       │   │   │                   └── cfg-if feature "default" (*)
│       │       │       │   │   └── rand_core v0.9.5 (*)
│       │       │       │   ├── rand feature "os_rng"
│       │       │       │   │   ├── rand v0.9.5 (*)
│       │       │       │   │   └── rand_core feature "os_rng"
│       │       │       │   │       └── rand_core v0.9.5 (*)
│       │       │       │   ├── rand feature "small_rng"
│       │       │       │   │   └── rand v0.9.5 (*)
│       │       │       │   ├── rand feature "std"
│       │       │       │   │   ├── rand v0.9.5 (*)
│       │       │       │   │   ├── rand feature "alloc"
│       │       │       │   │   │   └── rand v0.9.5 (*)
│       │       │       │   │   ├── rand_chacha feature "std"
│       │       │       │   │   │   ├── rand_chacha v0.9.0 (*)
│       │       │       │   │   │   ├── ppv-lite86 feature "std"
│       │       │       │   │   │   │   └── ppv-lite86 v0.2.21 (*)
│       │       │       │   │   │   └── rand_core feature "std"
│       │       │       │   │   │       ├── rand_core v0.9.5 (*)
│       │       │       │   │   │       └── getrandom feature "std"
│       │       │       │   │   │           └── getrandom v0.3.4 (*)
│       │       │       │   │   └── rand_core feature "std" (*)
│       │       │       │   ├── rand feature "std_rng"
│       │       │       │   │   └── rand v0.9.5 (*)
│       │       │       │   └── rand feature "thread_rng"
│       │       │       │       ├── rand v0.9.5 (*)
│       │       │       │       ├── rand feature "os_rng" (*)
│       │       │       │       ├── rand feature "std" (*)
│       │       │       │       └── rand feature "std_rng" (*)
│       │       │       └── web-time feature "default"
│       │       │           └── web-time v1.1.0
│       │       ├── rand feature "default" (*)
│       │       ├── web-time feature "default" (*)
│       │       ├── gpui-pre-shared-string feature "default"
│       │       │   └── gpui-pre-shared-string v0.3.7
│       │       │       ├── serde feature "default" (*)
│       │       │       ├── serde feature "derive" (*)
│       │       │       ├── serde feature "rc" (*)
│       │       │       ├── schemars feature "default"
│       │       │       │   ├── schemars v1.2.2
│       │       │       │   │   ├── indexmap v2.14.0 (*)
│       │       │       │   │   ├── serde feature "alloc"
│       │       │       │   │   │   ├── serde v1.0.229 (*)
│       │       │       │   │   │   └── serde_core feature "alloc" (*)
│       │       │       │   │   ├── serde_json feature "alloc"
│       │       │       │   │   │   ├── serde_json v1.0.151 (*)
│       │       │       │   │   │   └── serde_core feature "alloc" (*)
│       │       │       │   │   ├── dyn-clone feature "default"
│       │       │       │   │   │   └── dyn-clone v1.0.20
│       │       │       │   │   ├── ref-cast feature "default"
│       │       │       │   │   │   └── ref-cast v1.0.27
│       │       │       │   │   │       └── ref-cast-impl feature "default"
│       │       │       │   │   │           └── ref-cast-impl v1.0.27 (proc-macro)
│       │       │       │   │   │               ├── proc-macro2 feature "default" (*)
│       │       │       │   │   │               ├── quote feature "default" (*)
│       │       │       │   │   │               └── syn feature "default" (*)
│       │       │       │   │   └── schemars_derive feature "default"
│       │       │       │   │       └── schemars_derive v1.2.2 (proc-macro)
│       │       │       │   │           ├── proc-macro2 feature "default" (*)
│       │       │       │   │           ├── quote feature "default" (*)
│       │       │       │   │           ├── syn feature "default" (*)
│       │       │       │   │           └── serde_derive_internals feature "default"
│       │       │       │   │               └── serde_derive_internals v0.30.0
│       │       │       │   │                   ├── proc-macro2 v1.0.107 (*)
│       │       │       │   │                   ├── quote v1.0.47 (*)
│       │       │       │   │                   ├── syn feature "clone-impls" (*)
│       │       │       │   │                   ├── syn feature "derive" (*)
│       │       │       │   │                   ├── syn feature "parsing" (*)
│       │       │       │   │                   └── syn feature "printing" (*)
│       │       │       │   ├── schemars feature "derive"
│       │       │       │   │   ├── schemars v1.2.2 (*)
│       │       │       │   │   └── schemars feature "schemars_derive"
│       │       │       │   │       └── schemars v1.2.2 (*)
│       │       │       │   └── schemars feature "std"
│       │       │       │       └── schemars v1.2.2 (*)
│       │       │       ├── schemars feature "indexmap2"
│       │       │       │   └── schemars v1.2.2 (*)
│       │       │       └── smol_str feature "default"
│       │       │           ├── smol_str v0.3.6
│       │       │           └── smol_str feature "std"
│       │       │               └── smol_str v0.3.6
│       │       ├── schemars feature "default" (*)
│       │       ├── schemars feature "indexmap2" (*)
│       │       ├── gpui-pre-sum-tree feature "default"
│       │       │   └── gpui-pre-sum-tree v0.3.7
│       │       │       ├── log feature "default" (*)
│       │       │       ├── log feature "kv_unstable_serde" (*)
│       │       │       ├── log feature "serde" (*)
│       │       │       ├── gpui-pre-ztracing feature "default"
│       │       │       │   └── gpui-pre-ztracing v0.3.7
│       │       │       │       ├── gpui-pre-zlog feature "default"
│       │       │       │       │   └── gpui-pre-zlog v0.3.7
│       │       │       │       │       ├── anyhow feature "default" (*)
│       │       │       │       │       ├── log feature "default" (*)
│       │       │       │       │       ├── log feature "kv_unstable_serde" (*)
│       │       │       │       │       ├── log feature "serde" (*)
│       │       │       │       │       ├── chrono feature "default" (*)
│       │       │       │       │       ├── chrono feature "serde" (*)
│       │       │       │       │       └── gpui-pre-collections feature "default" (*)
│       │       │       │       ├── gpui-pre-ztracing-macro feature "default"
│       │       │       │       │   └── gpui-pre-ztracing-macro v0.3.7 (proc-macro)
│       │       │       │       ├── tracing feature "default"
│       │       │       │       │   ├── tracing v0.1.44
│       │       │       │       │   │   ├── tracing-core v0.1.36
│       │       │       │       │   │   │   └── once_cell feature "default"
│       │       │       │       │   │   │       ├── once_cell v1.21.4
│       │       │       │       │   │   │       │   └── portable-atomic v1.15.0
│       │       │       │       │   │   │       └── once_cell feature "std"
│       │       │       │       │   │   │           ├── once_cell v1.21.4 (*)
│       │       │       │       │   │   │           └── once_cell feature "alloc"
│       │       │       │       │   │   │               ├── once_cell v1.21.4 (*)
│       │       │       │       │   │   │               └── once_cell feature "race"
│       │       │       │       │   │   │                   └── once_cell v1.21.4 (*)
│       │       │       │       │   │   ├── pin-project-lite feature "default" (*)
│       │       │       │       │   │   └── tracing-attributes feature "default"
│       │       │       │       │   │       └── tracing-attributes v0.1.31 (proc-macro)
│       │       │       │       │   │           ├── proc-macro2 feature "default" (*)
│       │       │       │       │   │           ├── quote feature "default" (*)
│       │       │       │       │   │           ├── syn feature "clone-impls" (*)
│       │       │       │       │   │           ├── syn feature "extra-traits" (*)
│       │       │       │       │   │           ├── syn feature "full" (*)
│       │       │       │       │   │           ├── syn feature "parsing" (*)
│       │       │       │       │   │           ├── syn feature "printing" (*)
│       │       │       │       │   │           ├── syn feature "proc-macro" (*)
│       │       │       │       │   │           └── syn feature "visit-mut" (*)
│       │       │       │       │   ├── tracing feature "attributes"
│       │       │       │       │   │   ├── tracing v0.1.44 (*)
│       │       │       │       │   │   └── tracing feature "tracing-attributes"
│       │       │       │       │   │       └── tracing v0.1.44 (*)
│       │       │       │       │   └── tracing feature "std"
│       │       │       │       │       ├── tracing v0.1.44 (*)
│       │       │       │       │       └── tracing-core feature "std"
│       │       │       │       │           ├── tracing-core v0.1.36 (*)
│       │       │       │       │           └── tracing-core feature "once_cell"
│       │       │       │       │               └── tracing-core v0.1.36 (*)
│       │       │       │       └── tracing-subscriber feature "default"
│       │       │       │           ├── tracing-subscriber v0.3.23
│       │       │       │           │   ├── tracing-core v0.1.36 (*)
│       │       │       │           │   ├── smallvec feature "default" (*)
│       │       │       │           │   ├── nu-ansi-term feature "default"
│       │       │       │           │   │   ├── nu-ansi-term v0.50.3
│       │       │       │           │   │   └── nu-ansi-term feature "std"
│       │       │       │           │   │       └── nu-ansi-term v0.50.3
│       │       │       │           │   ├── sharded-slab feature "default"
│       │       │       │           │   │   └── sharded-slab v0.1.7
│       │       │       │           │   │       └── lazy_static feature "default"
│       │       │       │           │   │           └── lazy_static v1.5.0
│       │       │       │           │   ├── thread_local feature "default"
│       │       │       │           │   │   └── thread_local v1.1.10
│       │       │       │           │   │       └── cfg-if feature "default" (*)
│       │       │       │           │   ├── tracing-log feature "log-tracer"
│       │       │       │           │   │   └── tracing-log v0.2.0
│       │       │       │           │   │       ├── log feature "default" (*)
│       │       │       │           │   │       ├── tracing-core feature "default"
│       │       │       │           │   │       │   ├── tracing-core v0.1.36 (*)
│       │       │       │           │   │       │   └── tracing-core feature "std" (*)
│       │       │       │           │   │       └── once_cell feature "default" (*)
│       │       │       │           │   └── tracing-log feature "std"
│       │       │       │           │       ├── tracing-log v0.2.0 (*)
│       │       │       │           │       └── log feature "std" (*)
│       │       │       │           ├── tracing-subscriber feature "ansi"
│       │       │       │           │   ├── tracing-subscriber v0.3.23 (*)
│       │       │       │           │   ├── tracing-subscriber feature "fmt"
│       │       │       │           │   │   ├── tracing-subscriber v0.3.23 (*)
│       │       │       │           │   │   ├── tracing-subscriber feature "registry"
│       │       │       │           │   │   │   ├── tracing-subscriber v0.3.23 (*)
│       │       │       │           │   │   │   ├── tracing-subscriber feature "sharded-slab"
│       │       │       │           │   │   │   │   └── tracing-subscriber v0.3.23 (*)
│       │       │       │           │   │   │   ├── tracing-subscriber feature "std"
│       │       │       │           │   │   │   │   ├── tracing-subscriber v0.3.23 (*)
│       │       │       │           │   │   │   │   ├── tracing-core feature "std" (*)
│       │       │       │           │   │   │   │   └── tracing-subscriber feature "alloc"
│       │       │       │           │   │   │   │       └── tracing-subscriber v0.3.23 (*)
│       │       │       │           │   │   │   └── tracing-subscriber feature "thread_local"
│       │       │       │           │   │   │       └── tracing-subscriber v0.3.23 (*)
│       │       │       │           │   │   └── tracing-subscriber feature "std" (*)
│       │       │       │           │   └── tracing-subscriber feature "nu-ansi-term"
│       │       │       │           │       └── tracing-subscriber v0.3.23 (*)
│       │       │       │           ├── tracing-subscriber feature "fmt" (*)
│       │       │       │           ├── tracing-subscriber feature "smallvec"
│       │       │       │           │   └── tracing-subscriber v0.3.23 (*)
│       │       │       │           ├── tracing-subscriber feature "std" (*)
│       │       │       │           └── tracing-subscriber feature "tracing-log"
│       │       │       │               └── tracing-subscriber v0.3.23 (*)
│       │       │       ├── tracing feature "default" (*)
│       │       │       ├── heapless feature "default"
│       │       │       │   └── heapless v0.9.3
│       │       │       │       ├── stable_deref_trait v1.2.1
│       │       │       │       └── hash32 feature "default"
│       │       │       │           └── hash32 v0.3.1
│       │       │       │               └── byteorder v1.5.0
│       │       │       └── rayon feature "default"
│       │       │           └── rayon v1.12.0
│       │       │               ├── either v1.18.0
│       │       │               └── rayon-core feature "default"
│       │       │                   └── rayon-core v1.13.0
│       │       │                       ├── crossbeam-utils feature "default"
│       │       │                       │   ├── crossbeam-utils v0.8.22
│       │       │                       │   └── crossbeam-utils feature "std"
│       │       │                       │       └── crossbeam-utils v0.8.22
│       │       │                       └── crossbeam-deque feature "default"
│       │       │                           ├── crossbeam-deque v0.8.7
│       │       │                           │   ├── crossbeam-epoch v0.9.20
│       │       │                           │   │   └── crossbeam-utils v0.8.22
│       │       │                           │   └── crossbeam-utils v0.8.22
│       │       │                           └── crossbeam-deque feature "std"
│       │       │                               ├── crossbeam-deque v0.8.7 (*)
│       │       │                               ├── crossbeam-utils feature "std" (*)
│       │       │                               └── crossbeam-epoch feature "std"
│       │       │                                   ├── crossbeam-epoch v0.9.20 (*)
│       │       │                                   ├── crossbeam-utils feature "std" (*)
│       │       │                                   └── crossbeam-epoch feature "alloc"
│       │       │                                       └── crossbeam-epoch v0.9.20 (*)
│       │       ├── heapless feature "default" (*)
│       │       ├── gpui-pre-util-macros feature "default"
│       │       │   └── gpui-pre-util-macros v0.3.7 (proc-macro)
│       │       │       ├── quote feature "default" (*)
│       │       │       ├── syn feature "default" (*)
│       │       │       ├── syn feature "extra-traits" (*)
│       │       │       ├── syn feature "full" (*)
│       │       │       ├── syn feature "visit-mut" (*)
│       │       │       └── gpui-pre-perf feature "default"
│       │       │           └── gpui-pre-perf v0.3.7
│       │       │               ├── gpui-pre-collections feature "default" (*)
│       │       │               ├── serde feature "default"
│       │       │               │   ├── serde v1.0.229
│       │       │               │   │   ├── serde_core feature "result" (*)
│       │       │               │   │   └── serde_derive feature "default" (*)
│       │       │               │   └── serde feature "std"
│       │       │               │       ├── serde v1.0.229 (*)
│       │       │               │       └── serde_core feature "std" (*)
│       │       │               ├── serde feature "derive"
│       │       │               │   ├── serde v1.0.229 (*)
│       │       │               │   └── serde feature "serde_derive"
│       │       │               │       └── serde v1.0.229 (*)
│       │       │               ├── serde feature "rc"
│       │       │               │   ├── serde v1.0.229 (*)
│       │       │               │   └── serde_core feature "rc" (*)
│       │       │               ├── serde_json feature "default"
│       │       │               │   ├── serde_json v1.0.151
│       │       │               │   │   ├── memchr v2.8.3
│       │       │               │   │   ├── serde_core v1.0.229
│       │       │               │   │   ├── indexmap feature "default" (*)
│       │       │               │   │   ├── itoa feature "default" (*)
│       │       │               │   │   └── zmij feature "default" (*)
│       │       │               │   └── serde_json feature "std"
│       │       │               │       ├── serde_json v1.0.151 (*)
│       │       │               │       ├── serde_core feature "std" (*)
│       │       │               │       └── memchr feature "std"
│       │       │               │           ├── memchr v2.8.3
│       │       │               │           └── memchr feature "alloc"
│       │       │               │               └── memchr v2.8.3
│       │       │               ├── serde_json feature "preserve_order"
│       │       │               │   ├── serde_json v1.0.151 (*)
│       │       │               │   ├── serde_json feature "indexmap"
│       │       │               │   │   └── serde_json v1.0.151 (*)
│       │       │               │   └── serde_json feature "std" (*)
│       │       │               └── serde_json feature "raw_value"
│       │       │                   └── serde_json v1.0.151 (*)
│       │       ├── image feature "bmp"
│       │       │   └── image v0.25.10
│       │       │       ├── exr v1.74.2
│       │       │       │   ├── smallvec feature "default" (*)
│       │       │       │   ├── miniz_oxide feature "default" (*)
│       │       │       │   ├── rayon-core feature "default" (*)
│       │       │       │   ├── bit_field feature "default"
│       │       │       │   │   └── bit_field v0.10.3
│       │       │       │   ├── half feature "default"
│       │       │       │   │   ├── half v2.7.1
│       │       │       │   │   │   ├── cfg-if feature "default" (*)
│       │       │       │   │   │   ├── zerocopy feature "derive"
│       │       │       │   │   │   │   ├── zerocopy v0.8.56 (*)
│       │       │       │   │   │   │   └── zerocopy feature "zerocopy-derive"
│       │       │       │   │   │   │       └── zerocopy v0.8.56 (*)
│       │       │       │   │   │   └── zerocopy feature "simd" (*)
│       │       │       │   │   └── half feature "std"
│       │       │       │   │       ├── half v2.7.1 (*)
│       │       │       │   │       └── half feature "alloc"
│       │       │       │   │           └── half v2.7.1 (*)
│       │       │       │   ├── lebe feature "default"
│       │       │       │   │   └── lebe v0.5.3
│       │       │       │   ├── num-complex feature "default"
│       │       │       │   │   ├── num-complex v0.4.6
│       │       │       │   │   │   ├── num-traits feature "i128"
│       │       │       │   │   │   │   └── num-traits v0.2.19 (*)
│       │       │       │   │   │   └── bytemuck feature "default" (*)
│       │       │       │   │   └── num-complex feature "std"
│       │       │       │   │       ├── num-complex v0.4.6 (*)
│       │       │       │   │       └── num-traits feature "std" (*)
│       │       │       │   ├── pulp feature "default"
│       │       │       │   │   ├── pulp v0.22.3
│       │       │       │   │   │   ├── libm v0.2.16
│       │       │       │   │   │   ├── pulp-wasm-simd-flag v0.1.1
│       │       │       │   │   │   ├── cfg-if feature "default" (*)
│       │       │       │   │   │   ├── paste feature "default" (*)
│       │       │       │   │   │   ├── bytemuck feature "aarch64_simd" (*)
│       │       │       │   │   │   ├── bytemuck feature "default" (*)
│       │       │       │   │   │   ├── bytemuck feature "wasm_simd"
│       │       │       │   │   │   │   └── bytemuck v1.25.2
│       │       │       │   │   │   ├── num-complex feature "bytemuck"
│       │       │       │   │   │   │   └── num-complex v0.4.6 (*)
│       │       │       │   │   │   └── reborrow feature "default"
│       │       │       │   │   │       └── reborrow v0.5.5
│       │       │       │   │   │   [build-dependencies]
│       │       │       │   │   │   └── version_check feature "default" (*)
│       │       │       │   │   ├── pulp feature "relaxed-simd"
│       │       │       │   │   │   ├── pulp v0.22.3 (*)
│       │       │       │   │   │   └── pulp-wasm-simd-flag feature "relaxed-simd"
│       │       │       │   │   │       └── pulp-wasm-simd-flag v0.1.1
│       │       │       │   │   ├── pulp feature "std"
│       │       │       │   │   │   └── pulp v0.22.3 (*)
│       │       │       │   │   └── pulp feature "x86-v3"
│       │       │       │   │       └── pulp v0.22.3 (*)
│       │       │       │   └── zune-inflate feature "zlib"
│       │       │       │       ├── zune-inflate v0.2.54
│       │       │       │       │   └── simd-adler32 v0.3.10
│       │       │       │       └── zune-inflate feature "simd-adler32"
│       │       │       │           └── zune-inflate v0.2.54 (*)
│       │       │       ├── zune-core v0.5.3
│       │       │       ├── num-traits feature "default"
│       │       │       │   ├── num-traits v0.2.19 (*)
│       │       │       │   └── num-traits feature "std" (*)
│       │       │       ├── rayon feature "default" (*)
│       │       │       ├── bytemuck feature "default" (*)
│       │       │       ├── bytemuck feature "extern_crate_alloc" (*)
│       │       │       ├── byteorder-lite feature "default"
│       │       │       │   ├── byteorder-lite v0.1.0
│       │       │       │   └── byteorder-lite feature "std"
│       │       │       │       └── byteorder-lite v0.1.0
│       │       │       ├── color_quant feature "default"
│       │       │       │   └── color_quant v1.1.0
│       │       │       ├── gif feature "default"
│       │       │       │   ├── gif v0.14.2
│       │       │       │   │   ├── color_quant feature "default" (*)
│       │       │       │   │   └── weezl feature "default"
│       │       │       │   │       ├── weezl v0.1.12
│       │       │       │   │       └── weezl feature "std"
│       │       │       │   │           ├── weezl v0.1.12
│       │       │       │   │           └── weezl feature "alloc"
│       │       │       │   │               └── weezl v0.1.12
│       │       │       │   ├── gif feature "color_quant"
│       │       │       │   │   └── gif v0.14.2 (*)
│       │       │       │   ├── gif feature "raii_no_panic"
│       │       │       │   │   └── gif v0.14.2 (*)
│       │       │       │   └── gif feature "std"
│       │       │       │       └── gif v0.14.2 (*)
│       │       │       ├── image-webp feature "default"
│       │       │       │   └── image-webp v0.2.4
│       │       │       │       ├── byteorder-lite feature "default" (*)
│       │       │       │       └── quick-error feature "default"
│       │       │       │           └── quick-error v2.0.1
│       │       │       ├── moxcms feature "default"
│       │       │       │   ├── moxcms v0.8.1
│       │       │       │   │   ├── num-traits feature "default" (*)
│       │       │       │   │   └── pxfm feature "default"
│       │       │       │   │       └── pxfm v0.1.30
│       │       │       │   ├── moxcms feature "avx_luts"
│       │       │       │   │   ├── moxcms v0.8.1 (*)
│       │       │       │   │   ├── moxcms feature "avx"
│       │       │       │   │   │   └── moxcms v0.8.1 (*)
│       │       │       │   │   └── moxcms feature "lut"
│       │       │       │   │       └── moxcms v0.8.1 (*)
│       │       │       │   ├── moxcms feature "avx_shaper_fixed_point_paths"
│       │       │       │   │   ├── moxcms v0.8.1 (*)
│       │       │       │   │   └── moxcms feature "avx" (*)
│       │       │       │   ├── moxcms feature "avx_shaper_paths"
│       │       │       │   │   ├── moxcms v0.8.1 (*)
│       │       │       │   │   └── moxcms feature "avx" (*)
│       │       │       │   ├── moxcms feature "lut" (*)
│       │       │       │   ├── moxcms feature "neon_luts"
│       │       │       │   │   ├── moxcms v0.8.1 (*)
│       │       │       │   │   ├── moxcms feature "lut" (*)
│       │       │       │   │   └── moxcms feature "neon"
│       │       │       │   │       └── moxcms v0.8.1 (*)
│       │       │       │   ├── moxcms feature "neon_shaper_fixed_point_paths"
│       │       │       │   │   ├── moxcms v0.8.1 (*)
│       │       │       │   │   └── moxcms feature "neon" (*)
│       │       │       │   ├── moxcms feature "neon_shaper_paths"
│       │       │       │   │   ├── moxcms v0.8.1 (*)
│       │       │       │   │   └── moxcms feature "neon" (*)
│       │       │       │   ├── moxcms feature "sse_luts"
│       │       │       │   │   ├── moxcms v0.8.1 (*)
│       │       │       │   │   ├── moxcms feature "lut" (*)
│       │       │       │   │   └── moxcms feature "sse"
│       │       │       │   │       └── moxcms v0.8.1 (*)
│       │       │       │   ├── moxcms feature "sse_shaper_fixed_point_paths"
│       │       │       │   │   ├── moxcms v0.8.1 (*)
│       │       │       │   │   └── moxcms feature "sse" (*)
│       │       │       │   └── moxcms feature "sse_shaper_paths"
│       │       │       │       ├── moxcms v0.8.1 (*)
│       │       │       │       └── moxcms feature "sse" (*)
│       │       │       ├── png feature "default"
│       │       │       │   └── png v0.18.1
│       │       │       │       ├── bitflags feature "default" (*)
│       │       │       │       ├── flate2 feature "default" (*)
│       │       │       │       ├── crc32fast feature "default" (*)
│       │       │       │       ├── miniz_oxide feature "default" (*)
│       │       │       │       ├── miniz_oxide feature "simd" (*)
│       │       │       │       └── fdeflate feature "default" (*)
│       │       │       ├── qoi feature "default"
│       │       │       │   ├── qoi v0.4.1
│       │       │       │   │   └── bytemuck feature "default" (*)
│       │       │       │   └── qoi feature "std"
│       │       │       │       └── qoi v0.4.1 (*)
│       │       │       ├── tiff feature "default"
│       │       │       │   ├── tiff v0.11.3
│       │       │       │   │   ├── flate2 feature "default" (*)
│       │       │       │   │   ├── half feature "default" (*)
│       │       │       │   │   ├── weezl feature "default" (*)
│       │       │       │   │   ├── quick-error feature "default" (*)
│       │       │       │   │   ├── fax feature "default"
│       │       │       │   │   │   └── fax v0.2.7
│       │       │       │   │   └── zune-jpeg feature "default"
│       │       │       │   │       ├── zune-jpeg v0.5.15
│       │       │       │   │       │   └── zune-core feature "default"
│       │       │       │   │       │       └── zune-core v0.5.3
│       │       │       │   │       ├── zune-jpeg feature "neon"
│       │       │       │   │       │   └── zune-jpeg v0.5.15 (*)
│       │       │       │   │       ├── zune-jpeg feature "std"
│       │       │       │   │       │   ├── zune-jpeg v0.5.15 (*)
│       │       │       │   │       │   └── zune-core feature "std"
│       │       │       │   │       │       └── zune-core v0.5.3
│       │       │       │   │       └── zune-jpeg feature "x86"
│       │       │       │   │           └── zune-jpeg v0.5.15 (*)
│       │       │       │   ├── tiff feature "deflate"
│       │       │       │   │   └── tiff v0.11.3 (*)
│       │       │       │   ├── tiff feature "fax"
│       │       │       │   │   └── tiff v0.11.3 (*)
│       │       │       │   ├── tiff feature "jpeg"
│       │       │       │   │   └── tiff v0.11.3 (*)
│       │       │       │   └── tiff feature "lzw"
│       │       │       │       └── tiff v0.11.3 (*)
│       │       │       └── zune-jpeg feature "default" (*)
│       │       ├── image feature "dds"
│       │       │   └── image v0.25.10 (*)
│       │       ├── image feature "exr"
│       │       │   └── image v0.25.10 (*)
│       │       ├── image feature "ff"
│       │       │   └── image v0.25.10 (*)
│       │       ├── image feature "gif"
│       │       │   └── image v0.25.10 (*)
│       │       ├── image feature "hdr"
│       │       │   └── image v0.25.10 (*)
│       │       ├── image feature "ico"
│       │       │   ├── image v0.25.10 (*)
│       │       │   ├── image feature "bmp" (*)
│       │       │   └── image feature "png"
│       │       │       └── image v0.25.10 (*)
│       │       ├── image feature "jpeg"
│       │       │   └── image v0.25.10 (*)
│       │       ├── image feature "png" (*)
│       │       ├── image feature "pnm"
│       │       │   └── image v0.25.10 (*)
│       │       ├── image feature "qoi"
│       │       │   └── image v0.25.10 (*)
│       │       ├── image feature "rayon"
│       │       │   ├── image v0.25.10 (*)
│       │       │   └── exr feature "rayon"
│       │       │       └── exr v1.74.2 (*)
│       │       ├── image feature "tga"
│       │       │   └── image v0.25.10 (*)
│       │       ├── image feature "tiff"
│       │       │   └── image v0.25.10 (*)
│       │       ├── image feature "webp"
│       │       │   └── image v0.25.10 (*)
│       │       ├── inventory feature "default"
│       │       │   └── inventory v0.3.24
│       │       ├── itertools feature "default"
│       │       │   ├── itertools v0.14.0
│       │       │   │   └── either v1.18.0
│       │       │   └── itertools feature "use_std"
│       │       │       ├── itertools v0.14.0 (*)
│       │       │       ├── either feature "use_std"
│       │       │       │   ├── either v1.18.0
│       │       │       │   └── either feature "std"
│       │       │       │       └── either v1.18.0
│       │       │       └── itertools feature "use_alloc"
│       │       │           └── itertools v0.14.0 (*)
│       │       ├── lyon feature "default"
│       │       │   └── lyon v1.0.19
│       │       │       ├── lyon_algorithms feature "default"
│       │       │       │   ├── lyon_algorithms v1.0.20
│       │       │       │   │   ├── lyon_path v1.0.19
│       │       │       │   │   │   ├── lyon_geom v1.0.19
│       │       │       │   │   │   │   ├── arrayvec v0.7.8
│       │       │       │   │   │   │   ├── euclid v0.22.14 (*)
│       │       │       │   │   │   │   └── num-traits feature "libm"
│       │       │       │   │   │   │       └── num-traits v0.2.19 (*)
│       │       │       │   │   │   └── num-traits feature "libm" (*)
│       │       │       │   │   └── num-traits feature "libm" (*)
│       │       │       │   └── lyon_algorithms feature "std"
│       │       │       │       ├── lyon_algorithms v1.0.20 (*)
│       │       │       │       ├── num-traits feature "std" (*)
│       │       │       │       └── lyon_path feature "std"
│       │       │       │           ├── lyon_path v1.0.19 (*)
│       │       │       │           ├── num-traits feature "std" (*)
│       │       │       │           └── lyon_geom feature "std"
│       │       │       │               ├── lyon_geom v1.0.19 (*)
│       │       │       │               ├── num-traits feature "std" (*)
│       │       │       │               ├── euclid feature "std" (*)
│       │       │       │               └── arrayvec feature "std"
│       │       │       │                   └── arrayvec v0.7.8
│       │       │       └── lyon_tessellation feature "default"
│       │       │           ├── lyon_tessellation v1.0.20
│       │       │           │   ├── lyon_path v1.0.19 (*)
│       │       │           │   ├── num-traits feature "libm" (*)
│       │       │           │   └── float_next_after feature "default"
│       │       │           │       └── float_next_after v1.0.0
│       │       │           └── lyon_tessellation feature "std"
│       │       │               ├── lyon_tessellation v1.0.20 (*)
│       │       │               ├── num-traits feature "std" (*)
│       │       │               └── lyon_path feature "std" (*)
│       │       ├── num_cpus feature "default"
│       │       │   └── num_cpus v1.17.0
│       │       │       └── libc feature "default" (*)
│       │       ├── objc2-core-video feature "CVBuffer"
│       │       │   ├── objc2-core-video v0.3.2
│       │       │   │   ├── objc2-core-foundation v0.3.2 (*)
│       │       │   │   ├── bitflags feature "std" (*)
│       │       │   │   └── objc2 feature "std" (*)
│       │       │   └── objc2-core-foundation feature "CFDictionary"
│       │       │       └── objc2-core-foundation v0.3.2 (*)
│       │       ├── objc2-core-video feature "CVImageBuffer"
│       │       │   ├── objc2-core-video v0.3.2 (*)
│       │       │   ├── objc2-core-foundation feature "CFCGTypes"
│       │       │   │   └── objc2-core-foundation v0.3.2 (*)
│       │       │   └── objc2-core-foundation feature "CFDictionary" (*)
│       │       ├── pollster feature "default"
│       │       │   └── pollster v0.4.0
│       │       ├── postage feature "default"
│       │       │   ├── postage v0.5.0
│       │       │   │   ├── futures v0.3.34 (*)
│       │       │   │   ├── log feature "default" (*)
│       │       │   │   ├── pin-project feature "default" (*)
│       │       │   │   ├── parking_lot feature "default" (*)
│       │       │   │   ├── atomic feature "default"
│       │       │   │   │   ├── atomic v0.5.3
│       │       │   │   │   └── atomic feature "fallback"
│       │       │   │   │       └── atomic v0.5.3
│       │       │   │   ├── crossbeam-queue feature "default"
│       │       │   │   │   ├── crossbeam-queue v0.3.13
│       │       │   │   │   │   └── crossbeam-utils v0.8.22
│       │       │   │   │   └── crossbeam-queue feature "std"
│       │       │   │   │       ├── crossbeam-queue v0.3.13 (*)
│       │       │   │   │       ├── crossbeam-utils feature "std" (*)
│       │       │   │   │       └── crossbeam-queue feature "alloc"
│       │       │   │   │           └── crossbeam-queue v0.3.13 (*)
│       │       │   │   ├── pollster feature "default"
│       │       │   │   │   └── pollster v0.2.5
│       │       │   │   ├── static_assertions feature "default"
│       │       │   │   │   └── static_assertions v1.1.0
│       │       │   │   └── thiserror feature "default"
│       │       │   │       └── thiserror v1.0.69
│       │       │   │           └── thiserror-impl feature "default"
│       │       │   │               └── thiserror-impl v1.0.69 (proc-macro)
│       │       │   │                   ├── proc-macro2 feature "default" (*)
│       │       │   │                   ├── quote feature "default" (*)
│       │       │   │                   └── syn feature "default" (*)
│       │       │   ├── postage feature "blocking"
│       │       │   │   ├── postage v0.5.0 (*)
│       │       │   │   └── postage feature "pollster"
│       │       │   │       └── postage v0.5.0 (*)
│       │       │   └── postage feature "logging"
│       │       │       ├── postage v0.5.0 (*)
│       │       │       └── postage feature "log"
│       │       │           └── postage v0.5.0 (*)
│       │       ├── postage feature "futures-traits"
│       │       │   ├── postage v0.5.0 (*)
│       │       │   └── postage feature "futures"
│       │       │       └── postage v0.5.0 (*)
│       │       ├── profiling feature "default"
│       │       │   ├── profiling v1.0.18
│       │       │   │   └── profiling-procmacros feature "default"
│       │       │   │       └── profiling-procmacros v1.0.18 (proc-macro)
│       │       │   │           ├── quote v1.0.47 (*)
│       │       │   │           ├── syn feature "default" (*)
│       │       │   │           └── syn feature "full" (*)
│       │       │   └── profiling feature "procmacros"
│       │       │       ├── profiling v1.0.18 (*)
│       │       │       └── profiling feature "profiling-procmacros"
│       │       │           └── profiling v1.0.18 (*)
│       │       ├── raw-window-handle feature "default"
│       │       │   └── raw-window-handle v0.6.2
│       │       ├── regex feature "default"
│       │       │   ├── regex v1.13.1
│       │       │   │   ├── aho-corasick v1.1.5
│       │       │   │   │   └── memchr v2.8.3
│       │       │   │   ├── memchr v2.8.3
│       │       │   │   ├── regex-syntax v0.8.11
│       │       │   │   ├── regex-automata feature "alloc"
│       │       │   │   │   └── regex-automata v0.4.18
│       │       │   │   │       ├── aho-corasick v1.1.5 (*)
│       │       │   │   │       ├── memchr v2.8.3
│       │       │   │   │       └── regex-syntax v0.8.11
│       │       │   │   ├── regex-automata feature "meta"
│       │       │   │   │   ├── regex-automata v0.4.18 (*)
│       │       │   │   │   ├── regex-automata feature "nfa-pikevm"
│       │       │   │   │   │   ├── regex-automata v0.4.18 (*)
│       │       │   │   │   │   └── regex-automata feature "nfa-thompson"
│       │       │   │   │   │       ├── regex-automata v0.4.18 (*)
│       │       │   │   │   │       └── regex-automata feature "alloc" (*)
│       │       │   │   │   └── regex-automata feature "syntax"
│       │       │   │   │       ├── regex-automata v0.4.18 (*)
│       │       │   │   │       └── regex-automata feature "alloc" (*)
│       │       │   │   ├── regex-automata feature "nfa-pikevm" (*)
│       │       │   │   └── regex-automata feature "syntax" (*)
│       │       │   ├── regex feature "perf"
│       │       │   │   ├── regex v1.13.1 (*)
│       │       │   │   ├── regex feature "perf-backtrack"
│       │       │   │   │   ├── regex v1.13.1 (*)
│       │       │   │   │   └── regex-automata feature "nfa-backtrack"
│       │       │   │   │       ├── regex-automata v0.4.18 (*)
│       │       │   │   │       └── regex-automata feature "nfa-thompson" (*)
│       │       │   │   ├── regex feature "perf-cache"
│       │       │   │   │   └── regex v1.13.1 (*)
│       │       │   │   ├── regex feature "perf-dfa"
│       │       │   │   │   ├── regex v1.13.1 (*)
│       │       │   │   │   └── regex-automata feature "hybrid"
│       │       │   │   │       ├── regex-automata v0.4.18 (*)
│       │       │   │   │       ├── regex-automata feature "alloc" (*)
│       │       │   │   │       └── regex-automata feature "nfa-thompson" (*)
│       │       │   │   ├── regex feature "perf-inline"
│       │       │   │   │   ├── regex v1.13.1 (*)
│       │       │   │   │   └── regex-automata feature "perf-inline"
│       │       │   │   │       └── regex-automata v0.4.18 (*)
│       │       │   │   ├── regex feature "perf-literal"
│       │       │   │   │   ├── regex v1.13.1 (*)
│       │       │   │   │   └── regex-automata feature "perf-literal"
│       │       │   │   │       ├── regex-automata v0.4.18 (*)
│       │       │   │   │       ├── regex-automata feature "perf-literal-multisubstring"
│       │       │   │   │       │   └── regex-automata v0.4.18 (*)
│       │       │   │   │       └── regex-automata feature "perf-literal-substring"
│       │       │   │   │           ├── regex-automata v0.4.18 (*)
│       │       │   │   │           └── aho-corasick feature "perf-literal"
│       │       │   │   │               └── aho-corasick v1.1.5 (*)
│       │       │   │   └── regex feature "perf-onepass"
│       │       │   │       ├── regex v1.13.1 (*)
│       │       │   │       └── regex-automata feature "dfa-onepass"
│       │       │   │           ├── regex-automata v0.4.18 (*)
│       │       │   │           └── regex-automata feature "nfa-thompson" (*)
│       │       │   ├── regex feature "std"
│       │       │   │   ├── regex v1.13.1 (*)
│       │       │   │   ├── memchr feature "std" (*)
│       │       │   │   ├── aho-corasick feature "std"
│       │       │   │   │   ├── aho-corasick v1.1.5 (*)
│       │       │   │   │   └── memchr feature "std" (*)
│       │       │   │   ├── regex-automata feature "std"
│       │       │   │   │   ├── regex-automata v0.4.18 (*)
│       │       │   │   │   ├── memchr feature "std" (*)
│       │       │   │   │   ├── aho-corasick feature "std" (*)
│       │       │   │   │   ├── regex-automata feature "alloc" (*)
│       │       │   │   │   └── regex-syntax feature "std"
│       │       │   │   │       └── regex-syntax v0.8.11
│       │       │   │   └── regex-syntax feature "std" (*)
│       │       │   ├── regex feature "unicode"
│       │       │   │   ├── regex v1.13.1 (*)
│       │       │   │   ├── regex feature "unicode-age"
│       │       │   │   │   ├── regex v1.13.1 (*)
│       │       │   │   │   ├── regex-automata feature "unicode-age"
│       │       │   │   │   │   ├── regex-automata v0.4.18 (*)
│       │       │   │   │   │   └── regex-syntax feature "unicode-age"
│       │       │   │   │   │       └── regex-syntax v0.8.11
│       │       │   │   │   └── regex-syntax feature "unicode-age" (*)
│       │       │   │   ├── regex feature "unicode-bool"
│       │       │   │   │   ├── regex v1.13.1 (*)
│       │       │   │   │   ├── regex-automata feature "unicode-bool"
│       │       │   │   │   │   ├── regex-automata v0.4.18 (*)
│       │       │   │   │   │   └── regex-syntax feature "unicode-bool"
│       │       │   │   │   │       └── regex-syntax v0.8.11
│       │       │   │   │   └── regex-syntax feature "unicode-bool" (*)
│       │       │   │   ├── regex feature "unicode-case"
│       │       │   │   │   ├── regex v1.13.1 (*)
│       │       │   │   │   ├── regex-automata feature "unicode-case"
│       │       │   │   │   │   ├── regex-automata v0.4.18 (*)
│       │       │   │   │   │   └── regex-syntax feature "unicode-case"
│       │       │   │   │   │       └── regex-syntax v0.8.11
│       │       │   │   │   └── regex-syntax feature "unicode-case" (*)
│       │       │   │   ├── regex feature "unicode-gencat"
│       │       │   │   │   ├── regex v1.13.1 (*)
│       │       │   │   │   ├── regex-automata feature "unicode-gencat"
│       │       │   │   │   │   ├── regex-automata v0.4.18 (*)
│       │       │   │   │   │   └── regex-syntax feature "unicode-gencat"
│       │       │   │   │   │       └── regex-syntax v0.8.11
│       │       │   │   │   └── regex-syntax feature "unicode-gencat" (*)
│       │       │   │   ├── regex feature "unicode-perl"
│       │       │   │   │   ├── regex v1.13.1 (*)
│       │       │   │   │   ├── regex-automata feature "unicode-perl"
│       │       │   │   │   │   ├── regex-automata v0.4.18 (*)
│       │       │   │   │   │   └── regex-syntax feature "unicode-perl"
│       │       │   │   │   │       └── regex-syntax v0.8.11
│       │       │   │   │   ├── regex-automata feature "unicode-word-boundary"
│       │       │   │   │   │   └── regex-automata v0.4.18 (*)
│       │       │   │   │   └── regex-syntax feature "unicode-perl" (*)
│       │       │   │   ├── regex feature "unicode-script"
│       │       │   │   │   ├── regex v1.13.1 (*)
│       │       │   │   │   ├── regex-automata feature "unicode-script"
│       │       │   │   │   │   ├── regex-automata v0.4.18 (*)
│       │       │   │   │   │   └── regex-syntax feature "unicode-script"
│       │       │   │   │   │       └── regex-syntax v0.8.11
│       │       │   │   │   └── regex-syntax feature "unicode-script" (*)
│       │       │   │   ├── regex feature "unicode-segment"
│       │       │   │   │   ├── regex v1.13.1 (*)
│       │       │   │   │   ├── regex-automata feature "unicode-segment"
│       │       │   │   │   │   ├── regex-automata v0.4.18 (*)
│       │       │   │   │   │   └── regex-syntax feature "unicode-segment"
│       │       │   │   │   │       └── regex-syntax v0.8.11
│       │       │   │   │   └── regex-syntax feature "unicode-segment" (*)
│       │       │   │   ├── regex-automata feature "unicode"
│       │       │   │   │   ├── regex-automata v0.4.18 (*)
│       │       │   │   │   ├── regex-automata feature "unicode-age" (*)
│       │       │   │   │   ├── regex-automata feature "unicode-bool" (*)
│       │       │   │   │   ├── regex-automata feature "unicode-case" (*)
│       │       │   │   │   ├── regex-automata feature "unicode-gencat" (*)
│       │       │   │   │   ├── regex-automata feature "unicode-perl" (*)
│       │       │   │   │   ├── regex-automata feature "unicode-script" (*)
│       │       │   │   │   ├── regex-automata feature "unicode-segment" (*)
│       │       │   │   │   ├── regex-automata feature "unicode-word-boundary" (*)
│       │       │   │   │   └── regex-syntax feature "unicode"
│       │       │   │   │       ├── regex-syntax v0.8.11
│       │       │   │   │       ├── regex-syntax feature "unicode-age" (*)
│       │       │   │   │       ├── regex-syntax feature "unicode-bool" (*)
│       │       │   │   │       ├── regex-syntax feature "unicode-case" (*)
│       │       │   │   │       ├── regex-syntax feature "unicode-gencat" (*)
│       │       │   │   │       ├── regex-syntax feature "unicode-perl" (*)
│       │       │   │   │       ├── regex-syntax feature "unicode-script" (*)
│       │       │   │   │       └── regex-syntax feature "unicode-segment" (*)
│       │       │   │   └── regex-syntax feature "unicode" (*)
│       │       │   └── regex-syntax feature "default"
│       │       │       ├── regex-syntax v0.8.11
│       │       │       ├── regex-syntax feature "std" (*)
│       │       │       └── regex-syntax feature "unicode" (*)
│       │       ├── resvg feature "memmap-fonts"
│       │       │   ├── resvg v0.46.0
│       │       │   │   ├── usvg v0.46.0 (*)
│       │       │   │   ├── log feature "default" (*)
│       │       │   │   ├── gif feature "default" (*)
│       │       │   │   ├── image-webp feature "default" (*)
│       │       │   │   ├── zune-jpeg feature "default" (*)
│       │       │   │   ├── pico-args feature "default" (*)
│       │       │   │   ├── pico-args feature "eq-separator" (*)
│       │       │   │   ├── rgb feature "default" (*)
│       │       │   │   ├── svgtypes feature "default" (*)
│       │       │   │   └── tiny-skia feature "default" (*)
│       │       │   └── usvg feature "memmap-fonts"
│       │       │       ├── usvg v0.46.0 (*)
│       │       │       ├── usvg feature "fontdb"
│       │       │       │   └── usvg v0.46.0 (*)
│       │       │       └── fontdb feature "memmap"
│       │       │           ├── fontdb v0.23.0 (*)
│       │       │           ├── fontdb feature "fs"
│       │       │           │   ├── fontdb v0.23.0 (*)
│       │       │           │   └── fontdb feature "std"
│       │       │           │       ├── fontdb v0.23.0 (*)
│       │       │           │       └── ttf-parser feature "std" (*)
│       │       │           └── fontdb feature "memmap2"
│       │       │               └── fontdb v0.23.0 (*)
│       │       ├── resvg feature "raster-images"
│       │       │   ├── resvg v0.46.0 (*)
│       │       │   ├── resvg feature "gif"
│       │       │   │   └── resvg v0.46.0 (*)
│       │       │   └── resvg feature "image-webp"
│       │       │       └── resvg v0.46.0 (*)
│       │       ├── resvg feature "system-fonts"
│       │       │   ├── resvg v0.46.0 (*)
│       │       │   └── usvg feature "system-fonts"
│       │       │       ├── usvg v0.46.0 (*)
│       │       │       ├── usvg feature "fontdb" (*)
│       │       │       ├── fontdb feature "fontconfig"
│       │       │       │   ├── fontdb v0.23.0 (*)
│       │       │       │   ├── fontdb feature "fontconfig-parser"
│       │       │       │   │   └── fontdb v0.23.0 (*)
│       │       │       │   └── fontdb feature "fs" (*)
│       │       │       └── fontdb feature "fs" (*)
│       │       ├── resvg feature "text"
│       │       │   ├── resvg v0.46.0 (*)
│       │       │   └── usvg feature "text"
│       │       │       ├── usvg v0.46.0 (*)
│       │       │       ├── usvg feature "fontdb" (*)
│       │       │       ├── usvg feature "rustybuzz"
│       │       │       │   └── usvg v0.46.0 (*)
│       │       │       ├── usvg feature "unicode-bidi"
│       │       │       │   └── usvg v0.46.0 (*)
│       │       │       ├── usvg feature "unicode-script"
│       │       │       │   └── usvg v0.46.0 (*)
│       │       │       └── usvg feature "unicode-vo"
│       │       │           └── usvg v0.46.0 (*)
│       │       ├── slotmap feature "default"
│       │       │   ├── slotmap v1.1.1 (*)
│       │       │   └── slotmap feature "std"
│       │       │       └── slotmap v1.1.1 (*)
│       │       ├── ttf-parser feature "default"
│       │       │   ├── ttf-parser v0.25.1 (*)
│       │       │   ├── ttf-parser feature "apple-layout" (*)
│       │       │   ├── ttf-parser feature "glyph-names" (*)
│       │       │   ├── ttf-parser feature "opentype-layout" (*)
│       │       │   ├── ttf-parser feature "std" (*)
│       │       │   └── ttf-parser feature "variable-fonts" (*)
│       │       ├── seahash feature "default"
│       │       │   └── seahash v4.1.0
│       │       ├── spin feature "default"
│       │       │   ├── spin v0.10.1
│       │       │   │   └── lock_api feature "default" (*)
│       │       │   ├── spin feature "barrier"
│       │       │   │   ├── spin v0.10.1 (*)
│       │       │   │   └── spin feature "mutex"
│       │       │   │       └── spin v0.10.1 (*)
│       │       │   ├── spin feature "lazy"
│       │       │   │   ├── spin v0.10.1 (*)
│       │       │   │   └── spin feature "once"
│       │       │   │       └── spin v0.10.1 (*)
│       │       │   ├── spin feature "lock_api"
│       │       │   │   └── spin v0.10.1 (*)
│       │       │   ├── spin feature "mutex" (*)
│       │       │   ├── spin feature "once" (*)
│       │       │   ├── spin feature "rwlock"
│       │       │   │   └── spin v0.10.1 (*)
│       │       │   └── spin feature "spin_mutex"
│       │       │       ├── spin v0.10.1 (*)
│       │       │       └── spin feature "mutex" (*)
│       │       ├── strum feature "default"
│       │       │   ├── strum v0.28.0
│       │       │   │   └── strum_macros feature "default"
│       │       │   │       └── strum_macros v0.28.0 (proc-macro)
│       │       │   │           ├── heck feature "default" (*)
│       │       │   │           ├── proc-macro2 feature "default" (*)
│       │       │   │           ├── quote feature "default" (*)
│       │       │   │           ├── syn feature "default" (*)
│       │       │   │           └── syn feature "parsing" (*)
│       │       │   └── strum feature "std"
│       │       │       └── strum v0.28.0 (*)
│       │       ├── strum feature "derive"
│       │       │   ├── strum v0.28.0 (*)
│       │       │   └── strum feature "strum_macros"
│       │       │       └── strum v0.28.0 (*)
│       │       ├── taffy feature "default"
│       │       │   ├── taffy v0.13.0
│       │       │   │   ├── arrayvec v0.7.8
│       │       │   │   ├── slotmap v1.1.1 (*)
│       │       │   │   └── smallvec v1.15.2 (*)
│       │       │   ├── taffy feature "block_layout"
│       │       │   │   └── taffy v0.13.0 (*)
│       │       │   ├── taffy feature "calc"
│       │       │   │   └── taffy v0.13.0 (*)
│       │       │   ├── taffy feature "content_size"
│       │       │   │   └── taffy v0.13.0 (*)
│       │       │   ├── taffy feature "detailed_layout_info"
│       │       │   │   └── taffy v0.13.0 (*)
│       │       │   ├── taffy feature "flexbox"
│       │       │   │   └── taffy v0.13.0 (*)
│       │       │   ├── taffy feature "float_layout"
│       │       │   │   └── taffy v0.13.0 (*)
│       │       │   ├── taffy feature "grid"
│       │       │   │   ├── taffy v0.13.0 (*)
│       │       │   │   └── taffy feature "alloc"
│       │       │   │       └── taffy v0.13.0 (*)
│       │       │   ├── taffy feature "std"
│       │       │   │   ├── taffy v0.13.0 (*)
│       │       │   │   └── slotmap feature "std" (*)
│       │       │   └── taffy feature "taffy_tree"
│       │       │       └── taffy v0.13.0 (*)
│       │       ├── thiserror feature "default"
│       │       │   ├── thiserror v2.0.20
│       │       │   │   └── thiserror-impl feature "default"
│       │       │   │       └── thiserror-impl v2.0.20 (proc-macro)
│       │       │   │           ├── proc-macro2 feature "default" (*)
│       │       │   │           ├── quote feature "default" (*)
│       │       │   │           └── syn feature "default" (*)
│       │       │   └── thiserror feature "std"
│       │       │       └── thiserror v2.0.20 (*)
│       │       ├── waker-fn feature "default"
│       │       │   └── waker-fn v1.2.0
│       │       └── zed-font-kit feature "default"
│       │           ├── zed-font-kit v0.14.1-zed
│       │           │   ├── libc feature "default" (*)
│       │           │   ├── bitflags feature "default" (*)
│       │           │   ├── log feature "default" (*)
│       │           │   ├── core-foundation feature "default"
│       │           │   │   ├── core-foundation v0.10.0 (*)
│       │           │   │   └── core-foundation feature "link" (*)
│       │           │   ├── lazy_static feature "default" (*)
│       │           │   ├── byteorder feature "default"
│       │           │   │   ├── byteorder v1.5.0
│       │           │   │   └── byteorder feature "std"
│       │           │   │       └── byteorder v1.5.0
│       │           │   ├── core-graphics feature "default"
│       │           │   │   ├── core-graphics v0.24.0
│       │           │   │   │   ├── core-foundation v0.10.0 (*)
│       │           │   │   │   ├── core-graphics-types v0.2.0 (*)
│       │           │   │   │   ├── libc feature "default" (*)
│       │           │   │   │   ├── bitflags feature "default" (*)
│       │           │   │   │   └── foreign-types feature "default" (*)
│       │           │   │   └── core-graphics feature "link"
│       │           │   │       ├── core-graphics v0.24.0 (*)
│       │           │   │       ├── core-foundation feature "link" (*)
│       │           │   │       └── core-graphics-types feature "link" (*)
│       │           │   ├── core-text feature "default"
│       │           │   │   ├── core-text v21.0.0
│       │           │   │   │   ├── core-foundation v0.10.0 (*)
│       │           │   │   │   ├── core-graphics v0.24.0 (*)
│       │           │   │   │   ├── libc feature "default" (*)
│       │           │   │   │   └── foreign-types feature "default" (*)
│       │           │   │   ├── core-text feature "link"
│       │           │   │   │   ├── core-text v21.0.0 (*)
│       │           │   │   │   ├── core-foundation feature "link" (*)
│       │           │   │   │   └── core-graphics feature "link" (*)
│       │           │   │   └── core-text feature "mountainlion"
│       │           │   │       └── core-text v21.0.0 (*)
│       │           │   ├── dirs feature "default"
│       │           │   │   └── dirs v5.0.1
│       │           │   │       └── dirs-sys feature "default"
│       │           │   │           └── dirs-sys v0.4.1
│       │           │   │               ├── libc feature "default" (*)
│       │           │   │               └── option-ext feature "default"
│       │           │   │                   └── option-ext v0.2.0
│       │           │   ├── float-ord feature "default"
│       │           │   │   └── float-ord v0.3.2
│       │           │   ├── pathfinder_geometry feature "default"
│       │           │   │   └── pathfinder_geometry v0.5.1
│       │           │   │       ├── log feature "default" (*)
│       │           │   │       └── pathfinder_simd feature "default"
│       │           │   │           └── pathfinder_simd v0.5.6
│       │           │   │               [build-dependencies]
│       │           │   │               └── rustc_version feature "default" (*)
│       │           │   ├── pathfinder_simd feature "default" (*)
│       │           │   └── walkdir feature "default"
│       │           │       └── walkdir v2.5.0
│       │           │           └── same-file feature "default"
│       │           │               └── same-file v1.0.6
│       │           └── zed-font-kit feature "source"
│       │               └── zed-font-kit v0.14.1-zed (*)
│       │       [build-dependencies]
│       │       └── bindgen feature "default"
│       │           ├── bindgen v0.72.1
│       │           │   ├── itertools v0.13.0
│       │           │   │   └── either v1.18.0
│       │           │   ├── quote v1.0.47 (*)
│       │           │   ├── proc-macro2 feature "default" (*)
│       │           │   ├── syn feature "default" (*)
│       │           │   ├── syn feature "extra-traits" (*)
│       │           │   ├── syn feature "full" (*)
│       │           │   ├── syn feature "visit-mut" (*)
│       │           │   ├── bitflags feature "default" (*)
│       │           │   ├── cexpr feature "default"
│       │           │   │   └── cexpr v0.6.0
│       │           │   │       └── nom feature "std"
│       │           │   │           ├── nom v7.1.3
│       │           │   │           │   ├── memchr v2.8.3
│       │           │   │           │   └── minimal-lexical v0.2.1
│       │           │   │           ├── nom feature "alloc"
│       │           │   │           │   └── nom v7.1.3 (*)
│       │           │   │           ├── memchr feature "std" (*)
│       │           │   │           └── minimal-lexical feature "std"
│       │           │   │               └── minimal-lexical v0.2.1
│       │           │   ├── clang-sys feature "clang_11_0"
│       │           │   │   ├── clang-sys v1.9.1
│       │           │   │   │   ├── libc v0.2.189
│       │           │   │   │   ├── glob feature "default"
│       │           │   │   │   │   └── glob v0.3.4
│       │           │   │   │   └── libloading feature "default"
│       │           │   │   │       └── libloading v0.8.9
│       │           │   │   │           └── cfg-if feature "default" (*)
│       │           │   │   │   [build-dependencies]
│       │           │   │   │   └── glob feature "default" (*)
│       │           │   │   └── clang-sys feature "clang_10_0"
│       │           │   │       ├── clang-sys v1.9.1 (*)
│       │           │   │       └── clang-sys feature "clang_9_0"
│       │           │   │           ├── clang-sys v1.9.1 (*)
│       │           │   │           └── clang-sys feature "clang_8_0"
│       │           │   │               ├── clang-sys v1.9.1 (*)
│       │           │   │               └── clang-sys feature "clang_7_0"
│       │           │   │                   ├── clang-sys v1.9.1 (*)
│       │           │   │                   └── clang-sys feature "clang_6_0"
│       │           │   │                       ├── clang-sys v1.9.1 (*)
│       │           │   │                       └── clang-sys feature "clang_5_0"
│       │           │   │                           ├── clang-sys v1.9.1 (*)
│       │           │   │                           └── clang-sys feature "clang_4_0"
│       │           │   │                               ├── clang-sys v1.9.1 (*)
│       │           │   │                               └── clang-sys feature "clang_3_9"
│       │           │   │                                   ├── clang-sys v1.9.1 (*)
│       │           │   │                                   └── clang-sys feature "clang_3_8"
│       │           │   │                                       ├── clang-sys v1.9.1 (*)
│       │           │   │                                       └── clang-sys feature "clang_3_7"
│       │           │   │                                           ├── clang-sys v1.9.1 (*)
│       │           │   │                                           └── clang-sys feature "clang_3_6"
│       │           │   │                                               ├── clang-sys v1.9.1 (*)
│       │           │   │                                               └── clang-sys feature "clang_3_5"
│       │           │   │                                                   └── clang-sys v1.9.1 (*)
│       │           │   ├── clang-sys feature "default"
│       │           │   │   └── clang-sys v1.9.1 (*)
│       │           │   ├── log feature "default" (*)
│       │           │   ├── prettyplease feature "default"
│       │           │   │   └── prettyplease v0.2.37
│       │           │   │       ├── proc-macro2 v1.0.107 (*)
│       │           │   │       └── syn feature "full" (*)
│       │           │   ├── prettyplease feature "verbatim"
│       │           │   │   ├── prettyplease v0.2.37 (*)
│       │           │   │   └── syn feature "parsing" (*)
│       │           │   ├── regex feature "std"
│       │           │   │   ├── regex v1.13.1
│       │           │   │   │   ├── regex-syntax v0.8.11
│       │           │   │   │   ├── regex-automata feature "alloc"
│       │           │   │   │   │   └── regex-automata v0.4.18
│       │           │   │   │   │       └── regex-syntax v0.8.11
│       │           │   │   │   ├── regex-automata feature "meta"
│       │           │   │   │   │   ├── regex-automata v0.4.18 (*)
│       │           │   │   │   │   ├── regex-automata feature "nfa-pikevm"
│       │           │   │   │   │   │   ├── regex-automata v0.4.18 (*)
│       │           │   │   │   │   │   └── regex-automata feature "nfa-thompson"
│       │           │   │   │   │   │       ├── regex-automata v0.4.18 (*)
│       │           │   │   │   │   │       └── regex-automata feature "alloc" (*)
│       │           │   │   │   │   └── regex-automata feature "syntax"
│       │           │   │   │   │       ├── regex-automata v0.4.18 (*)
│       │           │   │   │   │       └── regex-automata feature "alloc" (*)
│       │           │   │   │   ├── regex-automata feature "nfa-pikevm" (*)
│       │           │   │   │   └── regex-automata feature "syntax" (*)
│       │           │   │   ├── regex-automata feature "std"
│       │           │   │   │   ├── regex-automata v0.4.18 (*)
│       │           │   │   │   ├── regex-automata feature "alloc" (*)
│       │           │   │   │   └── regex-syntax feature "std"
│       │           │   │   │       └── regex-syntax v0.8.11
│       │           │   │   └── regex-syntax feature "std" (*)
│       │           │   ├── regex feature "unicode-perl"
│       │           │   │   ├── regex v1.13.1 (*)
│       │           │   │   ├── regex-automata feature "unicode-perl"
│       │           │   │   │   ├── regex-automata v0.4.18 (*)
│       │           │   │   │   └── regex-syntax feature "unicode-perl"
│       │           │   │   │       └── regex-syntax v0.8.11
│       │           │   │   ├── regex-automata feature "unicode-word-boundary"
│       │           │   │   │   └── regex-automata v0.4.18 (*)
│       │           │   │   └── regex-syntax feature "unicode-perl" (*)
│       │           │   ├── rustc-hash feature "default" (*)
│       │           │   └── shlex feature "default"
│       │           │       ├── shlex v1.3.0
│       │           │       └── shlex feature "std"
│       │           │           └── shlex v1.3.0
│       │           ├── bindgen feature "logging"
│       │           │   └── bindgen v0.72.1 (*)
│       │           ├── bindgen feature "prettyplease"
│       │           │   └── bindgen v0.72.1 (*)
│       │           └── bindgen feature "runtime"
│       │               ├── bindgen v0.72.1 (*)
│       │               └── clang-sys feature "runtime"
│       │                   ├── clang-sys v1.9.1 (*)
│       │                   └── clang-sys feature "libloading"
│       │                       └── clang-sys v1.9.1 (*)
│       ├── serde feature "default" (*)
│       ├── serde feature "derive" (*)
│       ├── unicode-segmentation feature "default" (*)
│       ├── serde_json feature "default" (*)
│       ├── image feature "bmp" (*)
│       ├── image feature "gif" (*)
│       ├── image feature "jpeg" (*)
│       ├── image feature "png" (*)
│       ├── image feature "tiff" (*)
│       ├── image feature "webp" (*)
│       ├── regex feature "default" (*)
│       ├── thiserror feature "default" (*)
│       ├── gpui-pre-platform feature "font-kit"
│       │   ├── gpui-pre-platform v0.3.7
│       │   │   ├── gpui-pre v0.3.7 (*)
│       │   │   ├── gpui-pre-macos v0.3.7
│       │   │   │   ├── gpui-pre v0.3.7 (*)
│       │   │   │   ├── accesskit feature "default" (*)
│       │   │   │   ├── accesskit feature "enumn" (*)
│       │   │   │   ├── uuid feature "default" (*)
│       │   │   │   ├── uuid feature "serde" (*)
│       │   │   │   ├── uuid feature "v4" (*)
│       │   │   │   ├── uuid feature "v5" (*)
│       │   │   │   ├── uuid feature "v7" (*)
│       │   │   │   ├── libc feature "default" (*)
│       │   │   │   ├── anyhow feature "default" (*)
│       │   │   │   ├── async-task feature "default" (*)
│       │   │   │   ├── log feature "default" (*)
│       │   │   │   ├── log feature "kv_unstable_serde" (*)
│       │   │   │   ├── log feature "serde" (*)
│       │   │   │   ├── core-foundation-sys feature "default" (*)
│       │   │   │   ├── core-foundation feature "default" (*)
│       │   │   │   ├── foreign-types feature "default" (*)
│       │   │   │   ├── objc feature "default" (*)
│       │   │   │   ├── ctor feature "default" (*)
│       │   │   │   ├── futures feature "default" (*)
│       │   │   │   ├── smallvec feature "const_new" (*)
│       │   │   │   ├── smallvec feature "default" (*)
│       │   │   │   ├── smallvec feature "union" (*)
│       │   │   │   ├── gpui-pre-collections feature "default" (*)
│       │   │   │   ├── gpui-pre-util feature "default" (*)
│       │   │   │   ├── parking_lot feature "default" (*)
│       │   │   │   ├── image feature "bmp" (*)
│       │   │   │   ├── image feature "dds" (*)
│       │   │   │   ├── image feature "exr" (*)
│       │   │   │   ├── image feature "ff" (*)
│       │   │   │   ├── image feature "gif" (*)
│       │   │   │   ├── image feature "hdr" (*)
│       │   │   │   ├── image feature "ico" (*)
│       │   │   │   ├── image feature "jpeg" (*)
│       │   │   │   ├── image feature "png" (*)
│       │   │   │   ├── image feature "pnm" (*)
│       │   │   │   ├── image feature "qoi" (*)
│       │   │   │   ├── image feature "rayon" (*)
│       │   │   │   ├── image feature "tga" (*)
│       │   │   │   ├── image feature "tiff" (*)
│       │   │   │   ├── image feature "webp" (*)
│       │   │   │   ├── itertools feature "default" (*)
│       │   │   │   ├── objc2 feature "default"
│       │   │   │   │   ├── objc2 v0.6.4 (*)
│       │   │   │   │   └── objc2 feature "std" (*)
│       │   │   │   ├── raw-window-handle feature "default" (*)
│       │   │   │   ├── strum feature "default" (*)
│       │   │   │   ├── strum feature "derive" (*)
│       │   │   │   ├── zed-font-kit feature "default" (*)
│       │   │   │   ├── core-graphics feature "default" (*)
│       │   │   │   ├── core-text feature "default" (*)
│       │   │   │   ├── pathfinder_geometry feature "default" (*)
│       │   │   │   ├── accesskit_macos feature "default"
│       │   │   │   │   └── accesskit_macos v0.26.3
│       │   │   │   │       ├── accesskit feature "default" (*)
│       │   │   │   │       ├── accesskit_consumer feature "default"
│       │   │   │   │       │   └── accesskit_consumer v0.38.0
│       │   │   │   │       │       ├── accesskit feature "default" (*)
│       │   │   │   │       │       └── hashbrown feature "default-hasher"
│       │   │   │   │       │           └── hashbrown v0.16.1
│       │   │   │   │       │               └── foldhash v0.2.0
│       │   │   │   │       ├── hashbrown feature "default-hasher" (*)
│       │   │   │   │       ├── objc2 feature "default"
│       │   │   │   │       │   ├── objc2 v0.5.2
│       │   │   │   │       │   │   ├── objc-sys v0.3.5
│       │   │   │   │       │   │   └── objc2-encode v4.1.0
│       │   │   │   │       │   └── objc2 feature "std"
│       │   │   │   │       │       ├── objc2 v0.5.2 (*)
│       │   │   │   │       │       ├── objc2-encode feature "std" (*)
│       │   │   │   │       │       ├── objc2 feature "alloc"
│       │   │   │   │       │       │   ├── objc2 v0.5.2 (*)
│       │   │   │   │       │       │   ├── objc2-encode feature "alloc" (*)
│       │   │   │   │       │       │   └── objc-sys feature "alloc"
│       │   │   │   │       │       │       └── objc-sys v0.3.5
│       │   │   │   │       │       └── objc-sys feature "std"
│       │   │   │   │       │           ├── objc-sys v0.3.5
│       │   │   │   │       │           └── objc-sys feature "alloc" (*)
│       │   │   │   │       ├── objc2-app-kit feature "NSAccessibility"
│       │   │   │   │       │   ├── objc2-app-kit v0.2.2
│       │   │   │   │       │   │   ├── bitflags v2.13.1
│       │   │   │   │       │   │   ├── objc2 v0.5.2 (*)
│       │   │   │   │       │   │   └── objc2-foundation v0.2.2
│       │   │   │   │       │   │       ├── bitflags v2.13.1
│       │   │   │   │       │   │       └── objc2 v0.5.2 (*)
│       │   │   │   │       │   ├── objc2-foundation feature "NSArray"
│       │   │   │   │       │   │   ├── objc2-foundation v0.2.2 (*)
│       │   │   │   │       │   │   └── objc2-foundation feature "bitflags"
│       │   │   │   │       │   │       └── objc2-foundation v0.2.2 (*)
│       │   │   │   │       │   ├── objc2-foundation feature "NSGeometry"
│       │   │   │   │       │   │   ├── objc2-foundation v0.2.2 (*)
│       │   │   │   │       │   │   └── objc2-foundation feature "bitflags" (*)
│       │   │   │   │       │   ├── objc2-foundation feature "NSNotification"
│       │   │   │   │       │   │   └── objc2-foundation v0.2.2 (*)
│       │   │   │   │       │   └── objc2-foundation feature "NSString"
│       │   │   │   │       │       ├── objc2-foundation v0.2.2 (*)
│       │   │   │   │       │       └── objc2-foundation feature "bitflags" (*)
│       │   │   │   │       ├── objc2-app-kit feature "NSAccessibilityConstants"
│       │   │   │   │       │   ├── objc2-app-kit v0.2.2 (*)
│       │   │   │   │       │   ├── objc2-foundation feature "NSAttributedString"
│       │   │   │   │       │   │   ├── objc2-foundation v0.2.2 (*)
│       │   │   │   │       │   │   └── objc2-foundation feature "bitflags" (*)
│       │   │   │   │       │   ├── objc2-foundation feature "NSDictionary"
│       │   │   │   │       │   │   └── objc2-foundation v0.2.2 (*)
│       │   │   │   │       │   ├── objc2-foundation feature "NSObject"
│       │   │   │   │       │   │   └── objc2-foundation v0.2.2 (*)
│       │   │   │   │       │   └── objc2-foundation feature "NSString" (*)
│       │   │   │   │       ├── objc2-app-kit feature "NSAccessibilityElement"
│       │   │   │   │       │   ├── objc2-app-kit v0.2.2 (*)
│       │   │   │   │       │   ├── objc2-foundation feature "NSGeometry" (*)
│       │   │   │   │       │   └── objc2-foundation feature "NSString" (*)
│       │   │   │   │       ├── objc2-app-kit feature "NSAccessibilityProtocols"
│       │   │   │   │       │   ├── objc2-app-kit v0.2.2 (*)
│       │   │   │   │       │   ├── objc2-foundation feature "NSArray" (*)
│       │   │   │   │       │   ├── objc2-foundation feature "NSAttributedString" (*)
│       │   │   │   │       │   ├── objc2-foundation feature "NSData"
│       │   │   │   │       │   │   ├── objc2-foundation v0.2.2 (*)
│       │   │   │   │       │   │   └── objc2-foundation feature "bitflags" (*)
│       │   │   │   │       │   ├── objc2-foundation feature "NSGeometry" (*)
│       │   │   │   │       │   ├── objc2-foundation feature "NSObject" (*)
│       │   │   │   │       │   ├── objc2-foundation feature "NSRange"
│       │   │   │   │       │   │   └── objc2-foundation v0.2.2 (*)
│       │   │   │   │       │   ├── objc2-foundation feature "NSString" (*)
│       │   │   │   │       │   ├── objc2-foundation feature "NSURL"
│       │   │   │   │       │   │   ├── objc2-foundation v0.2.2 (*)
│       │   │   │   │       │   │   └── objc2-foundation feature "bitflags" (*)
│       │   │   │   │       │   └── objc2-foundation feature "NSValue"
│       │   │   │   │       │       └── objc2-foundation v0.2.2 (*)
│       │   │   │   │       ├── objc2-app-kit feature "NSColor"
│       │   │   │   │       │   ├── objc2-app-kit v0.2.2 (*)
│       │   │   │   │       │   ├── objc2-foundation feature "NSArray" (*)
│       │   │   │   │       │   ├── objc2-foundation feature "NSBundle"
│       │   │   │   │       │   │   └── objc2-foundation v0.2.2 (*)
│       │   │   │   │       │   ├── objc2-foundation feature "NSCoder"
│       │   │   │   │       │   │   └── objc2-foundation v0.2.2 (*)
│       │   │   │   │       │   ├── objc2-foundation feature "NSDictionary" (*)
│       │   │   │   │       │   ├── objc2-foundation feature "NSGeometry" (*)
│       │   │   │   │       │   ├── objc2-foundation feature "NSNotification" (*)
│       │   │   │   │       │   ├── objc2-foundation feature "NSObject" (*)
│       │   │   │   │       │   └── objc2-foundation feature "NSString" (*)
│       │   │   │   │       ├── objc2-app-kit feature "NSResponder"
│       │   │   │   │       │   ├── objc2-app-kit v0.2.2 (*)
│       │   │   │   │       │   ├── objc2-foundation feature "NSArray" (*)
│       │   │   │   │       │   ├── objc2-foundation feature "NSCoder" (*)
│       │   │   │   │       │   ├── objc2-foundation feature "NSError"
│       │   │   │   │       │   │   └── objc2-foundation v0.2.2 (*)
│       │   │   │   │       │   ├── objc2-foundation feature "NSObject" (*)
│       │   │   │   │       │   ├── objc2-foundation feature "NSString" (*)
│       │   │   │   │       │   └── objc2-foundation feature "NSUndoManager"
│       │   │   │   │       │       └── objc2-foundation v0.2.2 (*)
│       │   │   │   │       ├── objc2-app-kit feature "NSText"
│       │   │   │   │       │   ├── objc2-app-kit v0.2.2 (*)
│       │   │   │   │       │   ├── objc2-foundation feature "NSCoder" (*)
│       │   │   │   │       │   ├── objc2-foundation feature "NSData" (*)
│       │   │   │   │       │   ├── objc2-foundation feature "NSGeometry" (*)
│       │   │   │   │       │   ├── objc2-foundation feature "NSNotification" (*)
│       │   │   │   │       │   ├── objc2-foundation feature "NSObject" (*)
│       │   │   │   │       │   ├── objc2-foundation feature "NSRange" (*)
│       │   │   │   │       │   └── objc2-foundation feature "NSString" (*)
│       │   │   │   │       ├── objc2-app-kit feature "NSView"
│       │   │   │   │       │   ├── objc2-app-kit v0.2.2 (*)
│       │   │   │   │       │   ├── objc2-app-kit feature "bitflags"
│       │   │   │   │       │   │   ├── objc2-app-kit v0.2.2 (*)
│       │   │   │   │       │   │   └── objc2-foundation feature "bitflags" (*)
│       │   │   │   │       │   ├── objc2-foundation feature "NSArray" (*)
│       │   │   │   │       │   ├── objc2-foundation feature "NSAttributedString" (*)
│       │   │   │   │       │   ├── objc2-foundation feature "NSCoder" (*)
│       │   │   │   │       │   ├── objc2-foundation feature "NSData" (*)
│       │   │   │   │       │   ├── objc2-foundation feature "NSDictionary" (*)
│       │   │   │   │       │   ├── objc2-foundation feature "NSGeometry" (*)
│       │   │   │   │       │   ├── objc2-foundation feature "NSNotification" (*)
│       │   │   │   │       │   ├── objc2-foundation feature "NSObjCRuntime"
│       │   │   │   │       │   │   ├── objc2-foundation v0.2.2 (*)
│       │   │   │   │       │   │   └── objc2-foundation feature "bitflags" (*)
│       │   │   │   │       │   ├── objc2-foundation feature "NSObject" (*)
│       │   │   │   │       │   ├── objc2-foundation feature "NSRange" (*)
│       │   │   │   │       │   └── objc2-foundation feature "NSString" (*)
│       │   │   │   │       ├── objc2-app-kit feature "NSWindow"
│       │   │   │   │       │   ├── objc2-app-kit v0.2.2 (*)
│       │   │   │   │       │   ├── objc2-app-kit feature "bitflags" (*)
│       │   │   │   │       │   ├── objc2-foundation feature "NSArray" (*)
│       │   │   │   │       │   ├── objc2-foundation feature "NSCoder" (*)
│       │   │   │   │       │   ├── objc2-foundation feature "NSData" (*)
│       │   │   │   │       │   ├── objc2-foundation feature "NSDate"
│       │   │   │   │       │   │   └── objc2-foundation v0.2.2 (*)
│       │   │   │   │       │   ├── objc2-foundation feature "NSDictionary" (*)
│       │   │   │   │       │   ├── objc2-foundation feature "NSError" (*)
│       │   │   │   │       │   ├── objc2-foundation feature "NSGeometry" (*)
│       │   │   │   │       │   ├── objc2-foundation feature "NSNotification" (*)
│       │   │   │   │       │   ├── objc2-foundation feature "NSObjCRuntime" (*)
│       │   │   │   │       │   ├── objc2-foundation feature "NSObject" (*)
│       │   │   │   │       │   ├── objc2-foundation feature "NSString" (*)
│       │   │   │   │       │   ├── objc2-foundation feature "NSURL" (*)
│       │   │   │   │       │   ├── objc2-foundation feature "NSUndoManager" (*)
│       │   │   │   │       │   └── objc2-foundation feature "NSValue" (*)
│       │   │   │   │       ├── objc2-app-kit feature "default"
│       │   │   │   │       │   ├── objc2-app-kit v0.2.2 (*)
│       │   │   │   │       │   └── objc2-app-kit feature "std"
│       │   │   │   │       │       ├── objc2-app-kit v0.2.2 (*)
│       │   │   │   │       │       ├── bitflags feature "std" (*)
│       │   │   │   │       │       ├── objc2 feature "std" (*)
│       │   │   │   │       │       ├── objc2-app-kit feature "alloc"
│       │   │   │   │       │       │   ├── objc2-app-kit v0.2.2 (*)
│       │   │   │   │       │       │   ├── objc2 feature "alloc" (*)
│       │   │   │   │       │       │   └── objc2-foundation feature "alloc"
│       │   │   │   │       │       │       ├── objc2-foundation v0.2.2 (*)
│       │   │   │   │       │       │       └── objc2 feature "alloc" (*)
│       │   │   │   │       │       └── objc2-foundation feature "std"
│       │   │   │   │       │           ├── objc2-foundation v0.2.2 (*)
│       │   │   │   │       │           ├── bitflags feature "std" (*)
│       │   │   │   │       │           ├── objc2 feature "std" (*)
│       │   │   │   │       │           └── objc2-foundation feature "alloc" (*)
│       │   │   │   │       ├── objc2-foundation feature "NSArray" (*)
│       │   │   │   │       ├── objc2-foundation feature "NSDictionary" (*)
│       │   │   │   │       ├── objc2-foundation feature "NSThread"
│       │   │   │   │       │   └── objc2-foundation v0.2.2 (*)
│       │   │   │   │       ├── objc2-foundation feature "NSValue" (*)
│       │   │   │   │       └── objc2-foundation feature "default"
│       │   │   │   │           ├── objc2-foundation v0.2.2 (*)
│       │   │   │   │           └── objc2-foundation feature "std" (*)
│       │   │   │   ├── block2 feature "default"
│       │   │   │   │   ├── block2 v0.6.2
│       │   │   │   │   │   └── objc2 feature "std" (*)
│       │   │   │   │   └── block2 feature "std"
│       │   │   │   │       ├── block2 v0.6.2 (*)
│       │   │   │   │       └── block2 feature "alloc"
│       │   │   │   │           └── block2 v0.6.2 (*)
│       │   │   │   ├── cocoa feature "default"
│       │   │   │   │   ├── cocoa v0.26.0
│       │   │   │   │   │   ├── cocoa-foundation v0.2.0
│       │   │   │   │   │   │   ├── core-foundation v0.10.0 (*)
│       │   │   │   │   │   │   ├── core-graphics-types v0.2.0 (*)
│       │   │   │   │   │   │   ├── libc feature "default" (*)
│       │   │   │   │   │   │   ├── bitflags feature "default" (*)
│       │   │   │   │   │   │   ├── block feature "default" (*)
│       │   │   │   │   │   │   └── objc feature "default" (*)
│       │   │   │   │   │   ├── core-foundation v0.10.0 (*)
│       │   │   │   │   │   ├── core-graphics v0.24.0 (*)
│       │   │   │   │   │   ├── libc feature "default" (*)
│       │   │   │   │   │   ├── bitflags feature "default" (*)
│       │   │   │   │   │   ├── block feature "default" (*)
│       │   │   │   │   │   ├── foreign-types feature "default" (*)
│       │   │   │   │   │   └── objc feature "default" (*)
│       │   │   │   │   └── cocoa feature "link"
│       │   │   │   │       ├── cocoa v0.26.0 (*)
│       │   │   │   │       ├── core-foundation feature "link" (*)
│       │   │   │   │       ├── core-graphics feature "link" (*)
│       │   │   │   │       └── cocoa-foundation feature "link"
│       │   │   │   │           ├── cocoa-foundation v0.2.0 (*)
│       │   │   │   │           ├── core-foundation feature "link" (*)
│       │   │   │   │           └── core-graphics-types feature "link" (*)
│       │   │   │   ├── dispatch2 feature "default"
│       │   │   │   │   ├── dispatch2 v0.3.1
│       │   │   │   │   │   ├── libc v0.2.189
│       │   │   │   │   │   ├── bitflags feature "std" (*)
│       │   │   │   │   │   ├── objc2 feature "std" (*)
│       │   │   │   │   │   └── block2 feature "alloc" (*)
│       │   │   │   │   ├── dispatch2 feature "block2"
│       │   │   │   │   │   └── dispatch2 v0.3.1 (*)
│       │   │   │   │   ├── dispatch2 feature "libc"
│       │   │   │   │   │   └── dispatch2 v0.3.1 (*)
│       │   │   │   │   ├── dispatch2 feature "objc2"
│       │   │   │   │   │   └── dispatch2 v0.3.1 (*)
│       │   │   │   │   └── dispatch2 feature "std"
│       │   │   │   │       ├── dispatch2 v0.3.1 (*)
│       │   │   │   │       └── dispatch2 feature "alloc"
│       │   │   │   │           └── dispatch2 v0.3.1 (*)
│       │   │   │   ├── gpui-pre-apple feature "default"
│       │   │   │   │   └── gpui-pre-apple v0.3.7
│       │   │   │   │       ├── gpui-pre v0.3.7 (*)
│       │   │   │   │       ├── anyhow feature "default" (*)
│       │   │   │   │       ├── log feature "default" (*)
│       │   │   │   │       ├── log feature "kv_unstable_serde" (*)
│       │   │   │   │       ├── log feature "serde" (*)
│       │   │   │   │       ├── core-video feature "default" (*)
│       │   │   │   │       ├── core-video feature "metal" (*)
│       │   │   │   │       ├── core-foundation feature "default" (*)
│       │   │   │   │       ├── metal feature "default" (*)
│       │   │   │   │       ├── foreign-types feature "default" (*)
│       │   │   │   │       ├── objc feature "default" (*)
│       │   │   │   │       ├── derive_more feature "add" (*)
│       │   │   │   │       ├── derive_more feature "add_assign" (*)
│       │   │   │   │       ├── derive_more feature "default" (*)
│       │   │   │   │       ├── derive_more feature "deref" (*)
│       │   │   │   │       ├── derive_more feature "deref_mut" (*)
│       │   │   │   │       ├── derive_more feature "display" (*)
│       │   │   │   │       ├── derive_more feature "from" (*)
│       │   │   │   │       ├── derive_more feature "from_str" (*)
│       │   │   │   │       ├── derive_more feature "mul" (*)
│       │   │   │   │       ├── derive_more feature "mul_assign" (*)
│       │   │   │   │       ├── derive_more feature "not" (*)
│       │   │   │   │       ├── etagere feature "default" (*)
│       │   │   │   │       ├── parking_lot feature "default" (*)
│       │   │   │   │       ├── image feature "bmp" (*)
│       │   │   │   │       ├── image feature "dds" (*)
│       │   │   │   │       ├── image feature "exr" (*)
│       │   │   │   │       ├── image feature "ff" (*)
│       │   │   │   │       ├── image feature "gif" (*)
│       │   │   │   │       ├── image feature "hdr" (*)
│       │   │   │   │       ├── image feature "ico" (*)
│       │   │   │   │       ├── image feature "jpeg" (*)
│       │   │   │   │       ├── image feature "png" (*)
│       │   │   │   │       ├── image feature "pnm" (*)
│       │   │   │   │       ├── image feature "qoi" (*)
│       │   │   │   │       ├── image feature "rayon" (*)
│       │   │   │   │       ├── image feature "tga" (*)
│       │   │   │   │       ├── image feature "tiff" (*)
│       │   │   │   │       ├── image feature "webp" (*)
│       │   │   │   │       ├── objc2 feature "default" (*)
│       │   │   │   │       ├── block2 feature "default" (*)
│       │   │   │   │       └── cocoa feature "default" (*)
│       │   │   │   │       [build-dependencies]
│       │   │   │   │       └── cbindgen v0.28.0
│       │   │   │   │           ├── proc-macro2 feature "default" (*)
│       │   │   │   │           ├── quote feature "default" (*)
│       │   │   │   │           ├── syn feature "clone-impls" (*)
│       │   │   │   │           ├── syn feature "extra-traits" (*)
│       │   │   │   │           ├── syn feature "fold" (*)
│       │   │   │   │           ├── syn feature "full" (*)
│       │   │   │   │           ├── syn feature "parsing" (*)
│       │   │   │   │           ├── syn feature "printing" (*)
│       │   │   │   │           ├── log feature "default" (*)
│       │   │   │   │           ├── indexmap feature "default" (*)
│       │   │   │   │           ├── serde feature "derive" (*)
│       │   │   │   │           ├── serde_json feature "default" (*)
│       │   │   │   │           ├── heck feature "default"
│       │   │   │   │           │   └── heck v0.4.1
│       │   │   │   │           ├── tempfile feature "default"
│       │   │   │   │           │   ├── tempfile v3.27.0
│       │   │   │   │           │   │   ├── getrandom v0.4.3 (*)
│       │   │   │   │           │   │   ├── fastrand feature "default"
│       │   │   │   │           │   │   │   ├── fastrand v2.5.0
│       │   │   │   │           │   │   │   └── fastrand feature "std"
│       │   │   │   │           │   │   │       ├── fastrand v2.5.0
│       │   │   │   │           │   │   │       └── fastrand feature "alloc"
│       │   │   │   │           │   │   │           └── fastrand v2.5.0
│       │   │   │   │           │   │   ├── once_cell feature "std"
│       │   │   │   │           │   │   │   ├── once_cell v1.21.4
│       │   │   │   │           │   │   │   └── once_cell feature "alloc"
│       │   │   │   │           │   │   │       ├── once_cell v1.21.4
│       │   │   │   │           │   │   │       └── once_cell feature "race"
│       │   │   │   │           │   │   │           └── once_cell v1.21.4
│       │   │   │   │           │   │   ├── rustix feature "default"
│       │   │   │   │           │   │   │   ├── rustix v1.1.4
│       │   │   │   │           │   │   │   │   ├── bitflags v2.13.1
│       │   │   │   │           │   │   │   │   ├── errno v0.3.14
│       │   │   │   │           │   │   │   │   │   └── libc v0.2.189
│       │   │   │   │           │   │   │   │   └── libc v0.2.189
│       │   │   │   │           │   │   │   └── rustix feature "std"
│       │   │   │   │           │   │   │       ├── rustix v1.1.4 (*)
│       │   │   │   │           │   │   │       ├── bitflags feature "std" (*)
│       │   │   │   │           │   │   │       ├── libc feature "std"
│       │   │   │   │           │   │   │       │   └── libc v0.2.189
│       │   │   │   │           │   │   │       ├── rustix feature "alloc"
│       │   │   │   │           │   │   │       │   └── rustix v1.1.4 (*)
│       │   │   │   │           │   │   │       └── errno feature "std"
│       │   │   │   │           │   │   │           ├── errno v0.3.14 (*)
│       │   │   │   │           │   │   │           └── libc feature "std" (*)
│       │   │   │   │           │   │   └── rustix feature "fs"
│       │   │   │   │           │   │       └── rustix v1.1.4 (*)
│       │   │   │   │           │   └── tempfile feature "getrandom"
│       │   │   │   │           │       └── tempfile v3.27.0 (*)
│       │   │   │   │           └── toml feature "default"
│       │   │   │   │               ├── toml v0.8.23
│       │   │   │   │               │   ├── serde feature "default" (*)
│       │   │   │   │               │   ├── serde_spanned feature "default"
│       │   │   │   │               │   │   └── serde_spanned v0.6.9
│       │   │   │   │               │   │       └── serde feature "default" (*)
│       │   │   │   │               │   ├── serde_spanned feature "serde"
│       │   │   │   │               │   │   └── serde_spanned v0.6.9 (*)
│       │   │   │   │               │   ├── toml_datetime feature "default"
│       │   │   │   │               │   │   └── toml_datetime v0.6.11
│       │   │   │   │               │   │       └── serde feature "default" (*)
│       │   │   │   │               │   ├── toml_datetime feature "serde"
│       │   │   │   │               │   │   └── toml_datetime v0.6.11 (*)
│       │   │   │   │               │   └── toml_edit feature "serde"
│       │   │   │   │               │       ├── toml_edit v0.22.27
│       │   │   │   │               │       │   ├── indexmap feature "default" (*)
│       │   │   │   │               │       │   ├── indexmap feature "std" (*)
│       │   │   │   │               │       │   ├── serde feature "default" (*)
│       │   │   │   │               │       │   ├── serde_spanned feature "default" (*)
│       │   │   │   │               │       │   ├── serde_spanned feature "serde" (*)
│       │   │   │   │               │       │   ├── toml_datetime feature "default" (*)
│       │   │   │   │               │       │   ├── toml_write feature "default"
│       │   │   │   │               │       │   │   ├── toml_write v0.1.2
│       │   │   │   │               │       │   │   └── toml_write feature "std"
│       │   │   │   │               │       │   │       ├── toml_write v0.1.2
│       │   │   │   │               │       │   │       └── toml_write feature "alloc"
│       │   │   │   │               │       │   │           └── toml_write v0.1.2
│       │   │   │   │               │       │   └── winnow feature "default"
│       │   │   │   │               │       │       ├── winnow v0.7.15
│       │   │   │   │               │       │       └── winnow feature "std"
│       │   │   │   │               │       │           ├── winnow v0.7.15
│       │   │   │   │               │       │           └── winnow feature "alloc"
│       │   │   │   │               │       │               └── winnow v0.7.15
│       │   │   │   │               │       └── toml_datetime feature "serde" (*)
│       │   │   │   │               ├── toml feature "display"
│       │   │   │   │               │   ├── toml v0.8.23 (*)
│       │   │   │   │               │   └── toml_edit feature "display"
│       │   │   │   │               │       └── toml_edit v0.22.27 (*)
│       │   │   │   │               └── toml feature "parse"
│       │   │   │   │                   ├── toml v0.8.23 (*)
│       │   │   │   │                   └── toml_edit feature "parse"
│       │   │   │   │                       └── toml_edit v0.22.27 (*)
│       │   │   │   ├── mach2 feature "default"
│       │   │   │   │   └── mach2 v0.5.0
│       │   │   │   │       └── libc v0.2.189
│       │   │   │   ├── objc2-app-kit feature "NSAlert"
│       │   │   │   │   ├── objc2-app-kit v0.3.2
│       │   │   │   │   │   ├── bitflags feature "std" (*)
│       │   │   │   │   │   ├── objc2-core-foundation feature "CFCGTypes" (*)
│       │   │   │   │   │   ├── objc2-core-foundation feature "CFDate"
│       │   │   │   │   │   │   ├── objc2-core-foundation v0.3.2 (*)
│       │   │   │   │   │   │   └── objc2-core-foundation feature "bitflags"
│       │   │   │   │   │   │       └── objc2-core-foundation v0.3.2 (*)
│       │   │   │   │   │   ├── objc2-core-foundation feature "objc2"
│       │   │   │   │   │   │   └── objc2-core-foundation v0.3.2 (*)
│       │   │   │   │   │   ├── objc2 feature "std" (*)
│       │   │   │   │   │   ├── block2 feature "alloc" (*)
│       │   │   │   │   │   └── objc2-foundation feature "alloc"
│       │   │   │   │   │       └── objc2-foundation v0.3.2
│       │   │   │   │   │           ├── bitflags feature "std" (*)
│       │   │   │   │   │           ├── objc2-core-foundation feature "CFArray"
│       │   │   │   │   │           │   └── objc2-core-foundation v0.3.2 (*)
│       │   │   │   │   │           ├── objc2-core-foundation feature "CFAttributedString"
│       │   │   │   │   │           │   └── objc2-core-foundation v0.3.2 (*)
│       │   │   │   │   │           ├── objc2-core-foundation feature "CFCGTypes" (*)
│       │   │   │   │   │           ├── objc2-core-foundation feature "CFCalendar"
│       │   │   │   │   │           │   ├── objc2-core-foundation v0.3.2 (*)
│       │   │   │   │   │           │   └── objc2-core-foundation feature "bitflags" (*)
│       │   │   │   │   │           ├── objc2-core-foundation feature "CFCharacterSet"
│       │   │   │   │   │           │   └── objc2-core-foundation v0.3.2 (*)
│       │   │   │   │   │           ├── objc2-core-foundation feature "CFData"
│       │   │   │   │   │           │   ├── objc2-core-foundation v0.3.2 (*)
│       │   │   │   │   │           │   └── objc2-core-foundation feature "bitflags" (*)
│       │   │   │   │   │           ├── objc2-core-foundation feature "CFDate" (*)
│       │   │   │   │   │           ├── objc2-core-foundation feature "CFDictionary" (*)
│       │   │   │   │   │           ├── objc2-core-foundation feature "CFError"
│       │   │   │   │   │           │   └── objc2-core-foundation v0.3.2 (*)
│       │   │   │   │   │           ├── objc2-core-foundation feature "CFFileSecurity"
│       │   │   │   │   │           │   ├── objc2-core-foundation v0.3.2 (*)
│       │   │   │   │   │           │   └── objc2-core-foundation feature "bitflags" (*)
│       │   │   │   │   │           ├── objc2-core-foundation feature "CFLocale"
│       │   │   │   │   │           │   └── objc2-core-foundation v0.3.2 (*)
│       │   │   │   │   │           ├── objc2-core-foundation feature "CFMachPort"
│       │   │   │   │   │           │   └── objc2-core-foundation v0.3.2 (*)
│       │   │   │   │   │           ├── objc2-core-foundation feature "CFMessagePort"
│       │   │   │   │   │           │   └── objc2-core-foundation v0.3.2 (*)
│       │   │   │   │   │           ├── objc2-core-foundation feature "CFRunLoop"
│       │   │   │   │   │           │   ├── objc2-core-foundation v0.3.2 (*)
│       │   │   │   │   │           │   └── objc2-core-foundation feature "bitflags" (*)
│       │   │   │   │   │           ├── objc2-core-foundation feature "CFSet"
│       │   │   │   │   │           │   └── objc2-core-foundation v0.3.2 (*)
│       │   │   │   │   │           ├── objc2-core-foundation feature "CFStream"
│       │   │   │   │   │           │   ├── objc2-core-foundation v0.3.2 (*)
│       │   │   │   │   │           │   └── objc2-core-foundation feature "bitflags" (*)
│       │   │   │   │   │           ├── objc2-core-foundation feature "CFURL"
│       │   │   │   │   │           │   ├── objc2-core-foundation v0.3.2 (*)
│       │   │   │   │   │           │   └── objc2-core-foundation feature "bitflags" (*)
│       │   │   │   │   │           ├── objc2-core-foundation feature "objc2" (*)
│       │   │   │   │   │           └── objc2 feature "std" (*)
│       │   │   │   │   ├── objc2-foundation feature "NSArray"
│       │   │   │   │   │   ├── objc2-foundation v0.3.2 (*)
│       │   │   │   │   │   └── objc2-foundation feature "bitflags"
│       │   │   │   │   │       └── objc2-foundation v0.3.2 (*)
│       │   │   │   │   ├── objc2-foundation feature "NSError"
│       │   │   │   │   │   └── objc2-foundation v0.3.2 (*)
│       │   │   │   │   └── objc2-foundation feature "NSString"
│       │   │   │   │       ├── objc2-foundation v0.3.2 (*)
│       │   │   │   │       └── objc2-foundation feature "bitflags" (*)
│       │   │   │   ├── objc2-app-kit feature "NSApplication"
│       │   │   │   │   ├── objc2-app-kit v0.3.2 (*)
│       │   │   │   │   ├── objc2-app-kit feature "bitflags"
│       │   │   │   │   │   └── objc2-app-kit v0.3.2 (*)
│       │   │   │   │   ├── objc2-foundation feature "NSArray" (*)
│       │   │   │   │   ├── objc2-foundation feature "NSCoder"
│       │   │   │   │   │   └── objc2-foundation v0.3.2 (*)
│       │   │   │   │   ├── objc2-foundation feature "NSData"
│       │   │   │   │   │   ├── objc2-foundation v0.3.2 (*)
│       │   │   │   │   │   └── objc2-foundation feature "bitflags" (*)
│       │   │   │   │   ├── objc2-foundation feature "NSDate"
│       │   │   │   │   │   └── objc2-foundation v0.3.2 (*)
│       │   │   │   │   ├── objc2-foundation feature "NSDictionary"
│       │   │   │   │   │   └── objc2-foundation v0.3.2 (*)
│       │   │   │   │   ├── objc2-foundation feature "NSError" (*)
│       │   │   │   │   ├── objc2-foundation feature "NSException"
│       │   │   │   │   │   └── objc2-foundation v0.3.2 (*)
│       │   │   │   │   ├── objc2-foundation feature "NSNotification"
│       │   │   │   │   │   └── objc2-foundation v0.3.2 (*)
│       │   │   │   │   ├── objc2-foundation feature "NSObjCRuntime"
│       │   │   │   │   │   ├── objc2-foundation v0.3.2 (*)
│       │   │   │   │   │   └── objc2-foundation feature "bitflags" (*)
│       │   │   │   │   ├── objc2-foundation feature "NSObject"
│       │   │   │   │   │   └── objc2-foundation v0.3.2 (*)
│       │   │   │   │   ├── objc2-foundation feature "NSString" (*)
│       │   │   │   │   ├── objc2-foundation feature "NSURL"
│       │   │   │   │   │   ├── objc2-foundation v0.3.2 (*)
│       │   │   │   │   │   └── objc2-foundation feature "bitflags" (*)
│       │   │   │   │   └── objc2-foundation feature "NSUserActivity"
│       │   │   │   │       └── objc2-foundation v0.3.2 (*)
│       │   │   │   ├── objc2-app-kit feature "NSButton"
│       │   │   │   │   ├── objc2-app-kit v0.3.2 (*)
│       │   │   │   │   ├── objc2-foundation feature "NSArray" (*)
│       │   │   │   │   ├── objc2-foundation feature "NSAttributedString"
│       │   │   │   │   │   ├── objc2-foundation v0.3.2 (*)
│       │   │   │   │   │   └── objc2-foundation feature "bitflags" (*)
│       │   │   │   │   ├── objc2-foundation feature "NSCoder" (*)
│       │   │   │   │   ├── objc2-foundation feature "NSGeometry"
│       │   │   │   │   │   ├── objc2-foundation v0.3.2 (*)
│       │   │   │   │   │   └── objc2-foundation feature "bitflags" (*)
│       │   │   │   │   ├── objc2-foundation feature "NSObject" (*)
│       │   │   │   │   ├── objc2-foundation feature "NSString" (*)
│       │   │   │   │   └── objc2-foundation feature "objc2-core-foundation"
│       │   │   │   │       └── objc2-foundation v0.3.2 (*)
│       │   │   │   ├── objc2-app-kit feature "NSControl"
│       │   │   │   │   ├── objc2-app-kit v0.3.2 (*)
│       │   │   │   │   ├── objc2-foundation feature "NSArray" (*)
│       │   │   │   │   ├── objc2-foundation feature "NSAttributedString" (*)
│       │   │   │   │   ├── objc2-foundation feature "NSCoder" (*)
│       │   │   │   │   ├── objc2-foundation feature "NSFormatter"
│       │   │   │   │   │   └── objc2-foundation v0.3.2 (*)
│       │   │   │   │   ├── objc2-foundation feature "NSGeometry" (*)
│       │   │   │   │   ├── objc2-foundation feature "NSNotification" (*)
│       │   │   │   │   ├── objc2-foundation feature "NSObject" (*)
│       │   │   │   │   ├── objc2-foundation feature "NSRange"
│       │   │   │   │   │   └── objc2-foundation v0.3.2 (*)
│       │   │   │   │   ├── objc2-foundation feature "NSString" (*)
│       │   │   │   │   └── objc2-foundation feature "objc2-core-foundation" (*)
│       │   │   │   ├── objc2-app-kit feature "NSDraggingItem"
│       │   │   │   │   ├── objc2-app-kit v0.3.2 (*)
│       │   │   │   │   ├── objc2-foundation feature "NSArray" (*)
│       │   │   │   │   ├── objc2-foundation feature "NSGeometry" (*)
│       │   │   │   │   ├── objc2-foundation feature "NSString" (*)
│       │   │   │   │   └── objc2-foundation feature "objc2-core-foundation" (*)
│       │   │   │   ├── objc2-app-kit feature "NSGraphics"
│       │   │   │   │   ├── objc2-app-kit v0.3.2 (*)
│       │   │   │   │   ├── objc2-foundation feature "NSGeometry" (*)
│       │   │   │   │   ├── objc2-foundation feature "NSString" (*)
│       │   │   │   │   └── objc2-foundation feature "objc2-core-foundation" (*)
│       │   │   │   ├── objc2-app-kit feature "NSImage"
│       │   │   │   │   ├── objc2-app-kit v0.3.2 (*)
│       │   │   │   │   ├── objc2-foundation feature "NSArray" (*)
│       │   │   │   │   ├── objc2-foundation feature "NSBundle"
│       │   │   │   │   │   └── objc2-foundation v0.3.2 (*)
│       │   │   │   │   ├── objc2-foundation feature "NSCoder" (*)
│       │   │   │   │   ├── objc2-foundation feature "NSData" (*)
│       │   │   │   │   ├── objc2-foundation feature "NSDictionary" (*)
│       │   │   │   │   ├── objc2-foundation feature "NSGeometry" (*)
│       │   │   │   │   ├── objc2-foundation feature "NSItemProvider"
│       │   │   │   │   │   ├── objc2-foundation v0.3.2 (*)
│       │   │   │   │   │   └── objc2-foundation feature "bitflags" (*)
│       │   │   │   │   ├── objc2-foundation feature "NSLocale"
│       │   │   │   │   │   └── objc2-foundation v0.3.2 (*)
│       │   │   │   │   ├── objc2-foundation feature "NSObject" (*)
│       │   │   │   │   ├── objc2-foundation feature "NSString" (*)
│       │   │   │   │   ├── objc2-foundation feature "NSURL" (*)
│       │   │   │   │   └── objc2-foundation feature "objc2-core-foundation" (*)
│       │   │   │   ├── objc2-app-kit feature "NSOpenPanel"
│       │   │   │   │   ├── objc2-app-kit v0.3.2 (*)
│       │   │   │   │   ├── objc2-foundation feature "NSArray" (*)
│       │   │   │   │   ├── objc2-foundation feature "NSCoder" (*)
│       │   │   │   │   ├── objc2-foundation feature "NSGeometry" (*)
│       │   │   │   │   ├── objc2-foundation feature "NSObject" (*)
│       │   │   │   │   ├── objc2-foundation feature "NSString" (*)
│       │   │   │   │   ├── objc2-foundation feature "NSURL" (*)
│       │   │   │   │   └── objc2-foundation feature "objc2-core-foundation" (*)
│       │   │   │   ├── objc2-app-kit feature "NSPanel"
│       │   │   │   │   ├── objc2-app-kit v0.3.2 (*)
│       │   │   │   │   ├── objc2-foundation feature "NSCoder" (*)
│       │   │   │   │   ├── objc2-foundation feature "NSGeometry" (*)
│       │   │   │   │   ├── objc2-foundation feature "NSObject" (*)
│       │   │   │   │   └── objc2-foundation feature "objc2-core-foundation" (*)
│       │   │   │   ├── objc2-app-kit feature "NSPasteboard"
│       │   │   │   │   ├── objc2-app-kit v0.3.2 (*)
│       │   │   │   │   ├── objc2-app-kit feature "bitflags" (*)
│       │   │   │   │   ├── objc2-foundation feature "NSArray" (*)
│       │   │   │   │   ├── objc2-foundation feature "NSData" (*)
│       │   │   │   │   ├── objc2-foundation feature "NSDictionary" (*)
│       │   │   │   │   ├── objc2-foundation feature "NSError" (*)
│       │   │   │   │   ├── objc2-foundation feature "NSFileWrapper"
│       │   │   │   │   │   ├── objc2-foundation v0.3.2 (*)
│       │   │   │   │   │   └── objc2-foundation feature "bitflags" (*)
│       │   │   │   │   ├── objc2-foundation feature "NSSet"
│       │   │   │   │   │   └── objc2-foundation v0.3.2 (*)
│       │   │   │   │   ├── objc2-foundation feature "NSString" (*)
│       │   │   │   │   └── objc2-foundation feature "NSURL" (*)
│       │   │   │   ├── objc2-app-kit feature "NSResponder"
│       │   │   │   │   ├── objc2-app-kit v0.3.2 (*)
│       │   │   │   │   ├── objc2-foundation feature "NSArray" (*)
│       │   │   │   │   ├── objc2-foundation feature "NSCoder" (*)
│       │   │   │   │   ├── objc2-foundation feature "NSError" (*)
│       │   │   │   │   ├── objc2-foundation feature "NSObject" (*)
│       │   │   │   │   ├── objc2-foundation feature "NSString" (*)
│       │   │   │   │   └── objc2-foundation feature "NSUndoManager"
│       │   │   │   │       └── objc2-foundation v0.3.2 (*)
│       │   │   │   ├── objc2-app-kit feature "NSSavePanel"
│       │   │   │   │   ├── objc2-app-kit v0.3.2 (*)
│       │   │   │   │   ├── objc2-foundation feature "NSArray" (*)
│       │   │   │   │   ├── objc2-foundation feature "NSCoder" (*)
│       │   │   │   │   ├── objc2-foundation feature "NSError" (*)
│       │   │   │   │   ├── objc2-foundation feature "NSGeometry" (*)
│       │   │   │   │   ├── objc2-foundation feature "NSObject" (*)
│       │   │   │   │   ├── objc2-foundation feature "NSString" (*)
│       │   │   │   │   ├── objc2-foundation feature "NSURL" (*)
│       │   │   │   │   └── objc2-foundation feature "objc2-core-foundation" (*)
│       │   │   │   ├── objc2-app-kit feature "NSScreen"
│       │   │   │   │   ├── objc2-app-kit v0.3.2 (*)
│       │   │   │   │   ├── objc2-foundation feature "NSArray" (*)
│       │   │   │   │   ├── objc2-foundation feature "NSDate" (*)
│       │   │   │   │   ├── objc2-foundation feature "NSDictionary" (*)
│       │   │   │   │   ├── objc2-foundation feature "NSGeometry" (*)
│       │   │   │   │   ├── objc2-foundation feature "NSNotification" (*)
│       │   │   │   │   ├── objc2-foundation feature "NSString" (*)
│       │   │   │   │   └── objc2-foundation feature "objc2-core-foundation" (*)
│       │   │   │   ├── objc2-app-kit feature "NSTrackingArea"
│       │   │   │   │   ├── objc2-app-kit v0.3.2 (*)
│       │   │   │   │   ├── objc2-app-kit feature "bitflags" (*)
│       │   │   │   │   ├── objc2-foundation feature "NSDictionary" (*)
│       │   │   │   │   ├── objc2-foundation feature "NSGeometry" (*)
│       │   │   │   │   ├── objc2-foundation feature "NSObject" (*)
│       │   │   │   │   └── objc2-foundation feature "objc2-core-foundation" (*)
│       │   │   │   ├── objc2-app-kit feature "NSView"
│       │   │   │   │   ├── objc2-app-kit v0.3.2 (*)
│       │   │   │   │   ├── objc2-app-kit feature "bitflags" (*)
│       │   │   │   │   ├── objc2-foundation feature "NSArray" (*)
│       │   │   │   │   ├── objc2-foundation feature "NSAttributedString" (*)
│       │   │   │   │   ├── objc2-foundation feature "NSCoder" (*)
│       │   │   │   │   ├── objc2-foundation feature "NSData" (*)
│       │   │   │   │   ├── objc2-foundation feature "NSDictionary" (*)
│       │   │   │   │   ├── objc2-foundation feature "NSGeometry" (*)
│       │   │   │   │   ├── objc2-foundation feature "NSNotification" (*)
│       │   │   │   │   ├── objc2-foundation feature "NSObjCRuntime" (*)
│       │   │   │   │   ├── objc2-foundation feature "NSObject" (*)
│       │   │   │   │   ├── objc2-foundation feature "NSRange" (*)
│       │   │   │   │   ├── objc2-foundation feature "NSString" (*)
│       │   │   │   │   └── objc2-foundation feature "objc2-core-foundation" (*)
│       │   │   │   ├── objc2-app-kit feature "NSWindow"
│       │   │   │   │   ├── objc2-app-kit v0.3.2 (*)
│       │   │   │   │   ├── objc2-app-kit feature "bitflags" (*)
│       │   │   │   │   ├── objc2-foundation feature "NSArray" (*)
│       │   │   │   │   ├── objc2-foundation feature "NSCoder" (*)
│       │   │   │   │   ├── objc2-foundation feature "NSData" (*)
│       │   │   │   │   ├── objc2-foundation feature "NSDate" (*)
│       │   │   │   │   ├── objc2-foundation feature "NSDictionary" (*)
│       │   │   │   │   ├── objc2-foundation feature "NSError" (*)
│       │   │   │   │   ├── objc2-foundation feature "NSGeometry" (*)
│       │   │   │   │   ├── objc2-foundation feature "NSNotification" (*)
│       │   │   │   │   ├── objc2-foundation feature "NSObjCRuntime" (*)
│       │   │   │   │   ├── objc2-foundation feature "NSObject" (*)
│       │   │   │   │   ├── objc2-foundation feature "NSString" (*)
│       │   │   │   │   ├── objc2-foundation feature "NSURL" (*)
│       │   │   │   │   ├── objc2-foundation feature "NSUndoManager" (*)
│       │   │   │   │   ├── objc2-foundation feature "NSValue"
│       │   │   │   │   │   └── objc2-foundation v0.3.2 (*)
│       │   │   │   │   └── objc2-foundation feature "objc2-core-foundation" (*)
│       │   │   │   ├── objc2-app-kit feature "NSWorkspace"
│       │   │   │   │   ├── objc2-app-kit v0.3.2 (*)
│       │   │   │   │   ├── objc2-app-kit feature "bitflags" (*)
│       │   │   │   │   ├── objc2-foundation feature "NSAppleEventDescriptor"
│       │   │   │   │   │   ├── objc2-foundation v0.3.2 (*)
│       │   │   │   │   │   └── objc2-foundation feature "bitflags" (*)
│       │   │   │   │   ├── objc2-foundation feature "NSArray" (*)
│       │   │   │   │   ├── objc2-foundation feature "NSDictionary" (*)
│       │   │   │   │   ├── objc2-foundation feature "NSError" (*)
│       │   │   │   │   ├── objc2-foundation feature "NSFileManager"
│       │   │   │   │   │   ├── objc2-foundation v0.3.2 (*)
│       │   │   │   │   │   └── objc2-foundation feature "bitflags" (*)
│       │   │   │   │   ├── objc2-foundation feature "NSGeometry" (*)
│       │   │   │   │   ├── objc2-foundation feature "NSNotification" (*)
│       │   │   │   │   ├── objc2-foundation feature "NSObject" (*)
│       │   │   │   │   ├── objc2-foundation feature "NSString" (*)
│       │   │   │   │   ├── objc2-foundation feature "NSURL" (*)
│       │   │   │   │   ├── objc2-foundation feature "NSValue" (*)
│       │   │   │   │   └── objc2-foundation feature "objc2-core-foundation" (*)
│       │   │   │   ├── objc2-app-kit feature "block2"
│       │   │   │   │   └── objc2-app-kit v0.3.2 (*)
│       │   │   │   ├── objc2-app-kit feature "objc2-core-foundation"
│       │   │   │   │   └── objc2-app-kit v0.3.2 (*)
│       │   │   │   ├── objc2-foundation feature "NSArray" (*)
│       │   │   │   ├── objc2-foundation feature "NSAttributedString" (*)
│       │   │   │   ├── objc2-foundation feature "NSBundle" (*)
│       │   │   │   ├── objc2-foundation feature "NSCoder" (*)
│       │   │   │   ├── objc2-foundation feature "NSData" (*)
│       │   │   │   ├── objc2-foundation feature "NSDate" (*)
│       │   │   │   ├── objc2-foundation feature "NSDictionary" (*)
│       │   │   │   ├── objc2-foundation feature "NSEnumerator"
│       │   │   │   │   └── objc2-foundation v0.3.2 (*)
│       │   │   │   ├── objc2-foundation feature "NSError" (*)
│       │   │   │   ├── objc2-foundation feature "NSGeometry" (*)
│       │   │   │   ├── objc2-foundation feature "NSNotification" (*)
│       │   │   │   ├── objc2-foundation feature "NSNull"
│       │   │   │   │   └── objc2-foundation v0.3.2 (*)
│       │   │   │   ├── objc2-foundation feature "NSObjCRuntime" (*)
│       │   │   │   ├── objc2-foundation feature "NSObject" (*)
│       │   │   │   ├── objc2-foundation feature "NSProcessInfo"
│       │   │   │   │   ├── objc2-foundation v0.3.2 (*)
│       │   │   │   │   └── objc2-foundation feature "bitflags" (*)
│       │   │   │   ├── objc2-foundation feature "NSRange" (*)
│       │   │   │   ├── objc2-foundation feature "NSRunLoop"
│       │   │   │   │   └── objc2-foundation v0.3.2 (*)
│       │   │   │   ├── objc2-foundation feature "NSSet" (*)
│       │   │   │   ├── objc2-foundation feature "NSString" (*)
│       │   │   │   ├── objc2-foundation feature "NSURL" (*)
│       │   │   │   ├── objc2-foundation feature "NSUndoManager" (*)
│       │   │   │   ├── objc2-foundation feature "NSValue" (*)
│       │   │   │   ├── objc2-foundation feature "objc2-core-foundation" (*)
│       │   │   │   ├── objc2-foundation feature "std"
│       │   │   │   │   ├── objc2-foundation v0.3.2 (*)
│       │   │   │   │   └── objc2-foundation feature "alloc" (*)
│       │   │   │   ├── objc2-core-graphics feature "CGDirectDisplay"
│       │   │   │   │   ├── objc2-core-graphics v0.3.2
│       │   │   │   │   │   ├── objc2-core-foundation v0.3.2 (*)
│       │   │   │   │   │   ├── bitflags feature "std" (*)
│       │   │   │   │   │   └── objc2 feature "std" (*)
│       │   │   │   │   ├── objc2-core-foundation feature "CFArray" (*)
│       │   │   │   │   ├── objc2-core-foundation feature "CFCGTypes" (*)
│       │   │   │   │   ├── objc2-core-foundation feature "CFDictionary" (*)
│       │   │   │   │   └── objc2-core-graphics feature "bitflags"
│       │   │   │   │       └── objc2-core-graphics v0.3.2 (*)
│       │   │   │   ├── objc2-core-media feature "CMSampleBuffer"
│       │   │   │   │   ├── objc2-core-media v0.3.2
│       │   │   │   │   │   ├── objc2-core-foundation v0.3.2 (*)
│       │   │   │   │   │   ├── bitflags feature "std" (*)
│       │   │   │   │   │   ├── objc2 feature "std" (*)
│       │   │   │   │   │   ├── objc2-core-video feature "CVBuffer" (*)
│       │   │   │   │   │   ├── objc2-core-video feature "CVImageBuffer" (*)
│       │   │   │   │   │   └── objc2-core-video feature "CVPixelBuffer"
│       │   │   │   │   │       ├── objc2-core-video v0.3.2 (*)
│       │   │   │   │   │       ├── objc2-core-foundation feature "CFArray" (*)
│       │   │   │   │   │       ├── objc2-core-foundation feature "CFDictionary" (*)
│       │   │   │   │   │       └── objc2-core-video feature "bitflags"
│       │   │   │   │   │           └── objc2-core-video v0.3.2 (*)
│       │   │   │   │   └── objc2-core-foundation feature "CFArray" (*)
│       │   │   │   ├── objc2-core-media feature "objc2-core-video"
│       │   │   │   │   └── objc2-core-media v0.3.2 (*)
│       │   │   │   ├── objc2-screen-capture-kit feature "SCShareableContent"
│       │   │   │   │   ├── objc2-screen-capture-kit v0.3.2
│       │   │   │   │   │   ├── objc2 feature "std" (*)
│       │   │   │   │   │   ├── block2 feature "alloc" (*)
│       │   │   │   │   │   ├── dispatch2 feature "alloc" (*)
│       │   │   │   │   │   ├── dispatch2 feature "objc2" (*)
│       │   │   │   │   │   ├── objc2-foundation feature "alloc" (*)
│       │   │   │   │   │   ├── objc2-core-graphics feature "CGColor"
│       │   │   │   │   │   │   ├── objc2-core-graphics v0.3.2 (*)
│       │   │   │   │   │   │   ├── objc2-core-foundation feature "CFCGTypes" (*)
│       │   │   │   │   │   │   └── objc2-core-foundation feature "CFDictionary" (*)
│       │   │   │   │   │   ├── objc2-core-graphics feature "CGDirectDisplay" (*)
│       │   │   │   │   │   ├── objc2-core-graphics feature "CGImage"
│       │   │   │   │   │   │   ├── objc2-core-graphics v0.3.2 (*)
│       │   │   │   │   │   │   ├── objc2-core-foundation feature "CFCGTypes" (*)
│       │   │   │   │   │   │   └── objc2-core-graphics feature "bitflags" (*)
│       │   │   │   │   │   ├── objc2-core-graphics feature "CGWindow"
│       │   │   │   │   │   │   ├── objc2-core-graphics v0.3.2 (*)
│       │   │   │   │   │   │   ├── objc2-core-foundation feature "CFArray" (*)
│       │   │   │   │   │   │   ├── objc2-core-foundation feature "CFCGTypes" (*)
│       │   │   │   │   │   │   └── objc2-core-graphics feature "bitflags" (*)
│       │   │   │   │   │   ├── objc2-core-graphics feature "objc2"
│       │   │   │   │   │   │   ├── objc2-core-graphics v0.3.2 (*)
│       │   │   │   │   │   │   └── objc2-core-foundation feature "objc2" (*)
│       │   │   │   │   │   ├── objc2-core-media feature "CMSampleBuffer" (*)
│       │   │   │   │   │   ├── objc2-core-media feature "CMSync"
│       │   │   │   │   │   │   ├── objc2-core-media v0.3.2 (*)
│       │   │   │   │   │   │   └── objc2-core-foundation feature "CFRunLoop" (*)
│       │   │   │   │   │   ├── objc2-core-media feature "CMTime"
│       │   │   │   │   │   │   ├── objc2-core-media v0.3.2 (*)
│       │   │   │   │   │   │   ├── objc2-core-foundation feature "CFDictionary" (*)
│       │   │   │   │   │   │   └── objc2-core-media feature "bitflags"
│       │   │   │   │   │   │       └── objc2-core-media v0.3.2 (*)
│       │   │   │   │   │   └── objc2-core-media feature "objc2"
│       │   │   │   │   │       ├── objc2-core-media v0.3.2 (*)
│       │   │   │   │   │       ├── objc2-core-foundation feature "objc2" (*)
│       │   │   │   │   │       └── objc2-core-video feature "objc2"
│       │   │   │   │   │           ├── objc2-core-video v0.3.2 (*)
│       │   │   │   │   │           └── objc2-core-foundation feature "objc2" (*)
│       │   │   │   │   ├── objc2-foundation feature "NSArray" (*)
│       │   │   │   │   ├── objc2-foundation feature "NSError" (*)
│       │   │   │   │   └── objc2-foundation feature "NSString" (*)
│       │   │   │   ├── objc2-screen-capture-kit feature "SCStream"
│       │   │   │   │   ├── objc2-screen-capture-kit v0.3.2 (*)
│       │   │   │   │   ├── objc2-foundation feature "NSArray" (*)
│       │   │   │   │   ├── objc2-foundation feature "NSError" (*)
│       │   │   │   │   └── objc2-foundation feature "NSString" (*)
│       │   │   │   ├── objc2-screen-capture-kit feature "block2"
│       │   │   │   │   └── objc2-screen-capture-kit v0.3.2 (*)
│       │   │   │   ├── objc2-screen-capture-kit feature "dispatch2"
│       │   │   │   │   └── objc2-screen-capture-kit v0.3.2 (*)
│       │   │   │   ├── objc2-screen-capture-kit feature "objc2-core-graphics"
│       │   │   │   │   └── objc2-screen-capture-kit v0.3.2 (*)
│       │   │   │   ├── objc2-screen-capture-kit feature "objc2-core-media"
│       │   │   │   │   └── objc2-screen-capture-kit v0.3.2 (*)
│       │   │   │   ├── objc2-screen-capture-kit feature "std"
│       │   │   │   │   ├── objc2-screen-capture-kit v0.3.2 (*)
│       │   │   │   │   └── objc2-screen-capture-kit feature "alloc"
│       │   │   │   │       └── objc2-screen-capture-kit v0.3.2 (*)
│       │   │   │   ├── objc2-user-notifications feature "default"
│       │   │   │   │   ├── objc2-user-notifications v0.3.2
│       │   │   │   │   │   ├── bitflags feature "std" (*)
│       │   │   │   │   │   ├── objc2 feature "std" (*)
│       │   │   │   │   │   ├── block2 feature "alloc" (*)
│       │   │   │   │   │   ├── objc2-foundation feature "alloc" (*)
│       │   │   │   │   │   └── objc2-core-location feature "CLRegion"
│       │   │   │   │   │       ├── objc2-core-location v0.3.2
│       │   │   │   │   │       │   ├── objc2 feature "std" (*)
│       │   │   │   │   │       │   └── objc2-foundation feature "alloc" (*)
│       │   │   │   │   │       ├── objc2-foundation feature "NSObject" (*)
│       │   │   │   │   │       └── objc2-foundation feature "NSString" (*)
│       │   │   │   │   ├── objc2-user-notifications feature "NSString_UserNotifications"
│       │   │   │   │   │   ├── objc2-user-notifications v0.3.2 (*)
│       │   │   │   │   │   ├── objc2-foundation feature "NSArray" (*)
│       │   │   │   │   │   └── objc2-foundation feature "NSString" (*)
│       │   │   │   │   ├── objc2-user-notifications feature "UNError"
│       │   │   │   │   │   ├── objc2-user-notifications v0.3.2 (*)
│       │   │   │   │   │   └── objc2-foundation feature "NSString" (*)
│       │   │   │   │   ├── objc2-user-notifications feature "UNNotification"
│       │   │   │   │   │   ├── objc2-user-notifications v0.3.2 (*)
│       │   │   │   │   │   ├── objc2-foundation feature "NSDate" (*)
│       │   │   │   │   │   └── objc2-foundation feature "NSObject" (*)
│       │   │   │   │   ├── objc2-user-notifications feature "UNNotificationAction"
│       │   │   │   │   │   ├── objc2-user-notifications v0.3.2 (*)
│       │   │   │   │   │   ├── objc2-foundation feature "NSObject" (*)
│       │   │   │   │   │   ├── objc2-foundation feature "NSString" (*)
│       │   │   │   │   │   └── objc2-user-notifications feature "bitflags"
│       │   │   │   │   │       └── objc2-user-notifications v0.3.2 (*)
│       │   │   │   │   ├── objc2-user-notifications feature "UNNotificationActionIcon"
│       │   │   │   │   │   ├── objc2-user-notifications v0.3.2 (*)
│       │   │   │   │   │   ├── objc2-foundation feature "NSObject" (*)
│       │   │   │   │   │   └── objc2-foundation feature "NSString" (*)
│       │   │   │   │   ├── objc2-user-notifications feature "UNNotificationAttachment"
│       │   │   │   │   │   ├── objc2-user-notifications v0.3.2 (*)
│       │   │   │   │   │   ├── objc2-foundation feature "NSDictionary" (*)
│       │   │   │   │   │   ├── objc2-foundation feature "NSError" (*)
│       │   │   │   │   │   ├── objc2-foundation feature "NSObject" (*)
│       │   │   │   │   │   ├── objc2-foundation feature "NSString" (*)
│       │   │   │   │   │   └── objc2-foundation feature "NSURL" (*)
│       │   │   │   │   ├── objc2-user-notifications feature "UNNotificationAttributedMessageContext"
│       │   │   │   │   │   └── objc2-user-notifications v0.3.2 (*)
│       │   │   │   │   ├── objc2-user-notifications feature "UNNotificationCategory"
│       │   │   │   │   │   ├── objc2-user-notifications v0.3.2 (*)
│       │   │   │   │   │   ├── objc2-foundation feature "NSArray" (*)
│       │   │   │   │   │   ├── objc2-foundation feature "NSObject" (*)
│       │   │   │   │   │   ├── objc2-foundation feature "NSString" (*)
│       │   │   │   │   │   └── objc2-user-notifications feature "bitflags" (*)
│       │   │   │   │   ├── objc2-user-notifications feature "UNNotificationContent"
│       │   │   │   │   │   ├── objc2-user-notifications v0.3.2 (*)
│       │   │   │   │   │   ├── objc2-foundation feature "NSArray" (*)
│       │   │   │   │   │   ├── objc2-foundation feature "NSDictionary" (*)
│       │   │   │   │   │   ├── objc2-foundation feature "NSError" (*)
│       │   │   │   │   │   ├── objc2-foundation feature "NSObject" (*)
│       │   │   │   │   │   ├── objc2-foundation feature "NSString" (*)
│       │   │   │   │   │   └── objc2-foundation feature "NSValue" (*)
│       │   │   │   │   ├── objc2-user-notifications feature "UNNotificationRequest"
│       │   │   │   │   │   ├── objc2-user-notifications v0.3.2 (*)
│       │   │   │   │   │   ├── objc2-foundation feature "NSObject" (*)
│       │   │   │   │   │   └── objc2-foundation feature "NSString" (*)
│       │   │   │   │   ├── objc2-user-notifications feature "UNNotificationResponse"
│       │   │   │   │   │   ├── objc2-user-notifications v0.3.2 (*)
│       │   │   │   │   │   ├── objc2-foundation feature "NSObject" (*)
│       │   │   │   │   │   └── objc2-foundation feature "NSString" (*)
│       │   │   │   │   ├── objc2-user-notifications feature "UNNotificationServiceExtension"
│       │   │   │   │   │   └── objc2-user-notifications v0.3.2 (*)
│       │   │   │   │   ├── objc2-user-notifications feature "UNNotificationSettings"
│       │   │   │   │   │   ├── objc2-user-notifications v0.3.2 (*)
│       │   │   │   │   │   └── objc2-foundation feature "NSObject" (*)
│       │   │   │   │   ├── objc2-user-notifications feature "UNNotificationSound"
│       │   │   │   │   │   ├── objc2-user-notifications v0.3.2 (*)
│       │   │   │   │   │   ├── objc2-foundation feature "NSObject" (*)
│       │   │   │   │   │   └── objc2-foundation feature "NSString" (*)
│       │   │   │   │   ├── objc2-user-notifications feature "UNNotificationTrigger"
│       │   │   │   │   │   ├── objc2-user-notifications v0.3.2 (*)
│       │   │   │   │   │   ├── objc2-foundation feature "NSCalendar"
│       │   │   │   │   │   │   ├── objc2-foundation v0.3.2 (*)
│       │   │   │   │   │   │   └── objc2-foundation feature "bitflags" (*)
│       │   │   │   │   │   ├── objc2-foundation feature "NSDate" (*)
│       │   │   │   │   │   └── objc2-foundation feature "NSObject" (*)
│       │   │   │   │   ├── objc2-user-notifications feature "UNUserNotificationCenter"
│       │   │   │   │   │   ├── objc2-user-notifications v0.3.2 (*)
│       │   │   │   │   │   ├── objc2-foundation feature "NSArray" (*)
│       │   │   │   │   │   ├── objc2-foundation feature "NSError" (*)
│       │   │   │   │   │   ├── objc2-foundation feature "NSSet" (*)
│       │   │   │   │   │   ├── objc2-foundation feature "NSString" (*)
│       │   │   │   │   │   └── objc2-user-notifications feature "bitflags" (*)
│       │   │   │   │   ├── objc2-user-notifications feature "bitflags" (*)
│       │   │   │   │   ├── objc2-user-notifications feature "block2"
│       │   │   │   │   │   └── objc2-user-notifications v0.3.2 (*)
│       │   │   │   │   ├── objc2-user-notifications feature "objc2-core-location"
│       │   │   │   │   │   └── objc2-user-notifications v0.3.2 (*)
│       │   │   │   │   └── objc2-user-notifications feature "std"
│       │   │   │   │       ├── objc2-user-notifications v0.3.2 (*)
│       │   │   │   │       └── objc2-user-notifications feature "alloc"
│       │   │   │   │           └── objc2-user-notifications v0.3.2 (*)
│       │   │   │   ├── semver feature "default"
│       │   │   │   │   ├── semver v1.0.28
│       │   │   │   │   │   └── serde_core v1.0.229
│       │   │   │   │   └── semver feature "std"
│       │   │   │   │       └── semver v1.0.28 (*)
│       │   │   │   └── semver feature "serde"
│       │   │   │       └── semver v1.0.28 (*)
│       │   │   └── anyhow feature "default" (*)
│       │   └── gpui-pre-macos feature "font-kit"
│       │       └── gpui-pre-macos v0.3.7 (*)
│       ├── gpui-pre-platform feature "runtime_shaders"
│       │   ├── gpui-pre-platform v0.3.7 (*)
│       │   └── gpui-pre-macos feature "runtime_shaders"
│       │       ├── gpui-pre-macos v0.3.7 (*)
│       │       └── gpui-pre-apple feature "runtime_shaders"
│       │           └── gpui-pre-apple v0.3.7 (*)
│       ├── gpui-pre-platform feature "wayland"
│       │   └── gpui-pre-platform v0.3.7 (*)
│       ├── gpui-pre-platform feature "x11"
│       │   └── gpui-pre-platform v0.3.7 (*)
│       ├── toml feature "default" (*)
│       ├── semver feature "default" (*)
│       ├── semver feature "serde" (*)
│       ├── jiff feature "std"
│       │   ├── jiff v0.2.35
│       │   │   └── jiff-core v0.1.0
│       │   ├── jiff feature "alloc"
│       │   │   ├── jiff v0.2.35 (*)
│       │   │   └── jiff-core feature "alloc"
│       │   │       └── jiff-core v0.1.0
│       │   └── jiff-core feature "std"
│       │       ├── jiff-core v0.1.0
│       │       └── jiff-core feature "alloc" (*)
│       ├── jiff feature "tz-system"
│       │   ├── jiff v0.2.35 (*)
│       │   └── jiff feature "std" (*)
│       ├── jiff feature "tzdb-zoneinfo"
│       │   ├── jiff v0.2.35 (*)
│       │   └── jiff feature "std" (*)
│       ├── usvg feature "text"
│       │   ├── usvg v0.45.1 (*)
│       │   ├── usvg feature "fontdb"
│       │   │   └── usvg v0.45.1 (*)
│       │   ├── usvg feature "rustybuzz"
│       │   │   └── usvg v0.45.1 (*)
│       │   ├── usvg feature "unicode-bidi"
│       │   │   └── usvg v0.45.1 (*)
│       │   ├── usvg feature "unicode-script"
│       │   │   └── usvg v0.45.1 (*)
│       │   └── usvg feature "unicode-vo"
│       │       └── usvg v0.45.1 (*)
│       ├── roxmltree feature "default" (*)
│       ├── rhai feature "default"
│       │   ├── rhai v1.26.0
│       │   │   ├── bitflags v2.13.1
│       │   │   ├── num-traits v0.2.19 (*)
│       │   │   ├── smartstring v1.0.1
│       │   │   │   └── static_assertions feature "default" (*)
│       │   │   │   [build-dependencies]
│       │   │   │   ├── autocfg feature "default" (*)
│       │   │   │   └── version_check feature "default" (*)
│       │   │   ├── thin-vec v0.2.19
│       │   │   ├── serde feature "alloc" (*)
│       │   │   ├── serde feature "derive" (*)
│       │   │   ├── smallvec feature "const_generics" (*)
│       │   │   ├── smallvec feature "const_new" (*)
│       │   │   ├── smallvec feature "union" (*)
│       │   │   ├── serde_json feature "alloc" (*)
│       │   │   ├── once_cell feature "alloc" (*)
│       │   │   ├── once_cell feature "portable-atomic"
│       │   │   │   └── once_cell v1.21.4 (*)
│       │   │   ├── once_cell feature "race" (*)
│       │   │   ├── ahash feature "compile-time-rng"
│       │   │   │   ├── ahash v0.8.12
│       │   │   │   │   ├── cfg-if feature "default" (*)
│       │   │   │   │   ├── zerocopy feature "simd" (*)
│       │   │   │   │   ├── getrandom feature "default" (*)
│       │   │   │   │   ├── once_cell feature "alloc" (*)
│       │   │   │   │   └── const-random feature "default"
│       │   │   │   │       └── const-random v0.1.18
│       │   │   │   │           └── const-random-macro feature "default"
│       │   │   │   │               └── const-random-macro v0.1.16 (proc-macro)
│       │   │   │   │                   ├── once_cell feature "alloc" (*)
│       │   │   │   │                   ├── once_cell feature "race" (*)
│       │   │   │   │                   ├── getrandom feature "default"
│       │   │   │   │                   │   └── getrandom v0.2.17
│       │   │   │   │                   │       ├── libc v0.2.189
│       │   │   │   │                   │       └── cfg-if feature "default" (*)
│       │   │   │   │                   ├── tiny-keccak feature "default"
│       │   │   │   │                   │   └── tiny-keccak v2.0.2
│       │   │   │   │                   │       └── crunchy feature "default"
│       │   │   │   │                   │           ├── crunchy v0.2.4
│       │   │   │   │                   │           └── crunchy feature "limit_128"
│       │   │   │   │                   │               └── crunchy v0.2.4
│       │   │   │   │                   └── tiny-keccak feature "shake"
│       │   │   │   │                       └── tiny-keccak v2.0.2 (*)
│       │   │   │   │   [build-dependencies]
│       │   │   │   │   └── version_check feature "default" (*)
│       │   │   │   └── ahash feature "const-random"
│       │   │   │       └── ahash v0.8.12 (*)
│       │   │   └── rhai_codegen feature "default"
│       │   │       └── rhai_codegen v3.2.0 (proc-macro)
│       │   │           ├── proc-macro2 feature "default" (*)
│       │   │           ├── quote feature "default" (*)
│       │   │           ├── syn feature "default" (*)
│       │   │           ├── syn feature "extra-traits" (*)
│       │   │           ├── syn feature "full" (*)
│       │   │           ├── syn feature "parsing" (*)
│       │   │           ├── syn feature "printing" (*)
│       │   │           └── syn feature "proc-macro" (*)
│       │   ├── rhai feature "std"
│       │   │   ├── rhai v1.26.0 (*)
│       │   │   ├── num-traits feature "std" (*)
│       │   │   ├── once_cell feature "std" (*)
│       │   │   ├── ahash feature "std"
│       │   │   │   └── ahash v0.8.12 (*)
│       │   │   └── smartstring feature "std"
│       │   │       └── smartstring v1.0.1 (*)
│       │   └── ahash feature "runtime-rng"
│       │       ├── ahash v0.8.12 (*)
│       │       └── ahash feature "getrandom"
│       │           └── ahash v0.8.12 (*)
│       ├── rhai feature "internals"
│       │   └── rhai v1.26.0 (*)
│       ├── rhai feature "metadata"
│       │   ├── rhai v1.26.0 (*)
│       │   ├── rhai feature "serde"
│       │   │   ├── rhai v1.26.0 (*)
│       │   │   └── smallvec feature "serde"
│       │   │       └── smallvec v1.15.2 (*)
│       │   ├── rhai feature "serde_json"
│       │   │   └── rhai v1.26.0 (*)
│       │   └── rhai_codegen feature "metadata"
│       │       └── rhai_codegen v3.2.0 (proc-macro) (*)
│       ├── rhai feature "serde" (*)
│       ├── similar feature "default"
│       │   ├── similar v3.2.0
│       │   │   └── unicode-segmentation feature "default" (*)
│       │   ├── similar feature "std"
│       │   │   └── similar v3.2.0 (*)
│       │   └── similar feature "text"
│       │       └── similar v3.2.0 (*)
│       ├── similar feature "inline"
│       │   ├── similar v3.2.0 (*)
│       │   └── similar feature "text" (*)
│       ├── similar feature "unicode"
│       │   ├── similar v3.2.0 (*)
│       │   ├── similar feature "text" (*)
│       │   └── similar feature "unicode-segmentation"
│       │       └── similar v3.2.0 (*)
│       ├── syntect feature "default-syntaxes"
│       │   ├── syntect v5.3.0
│       │   │   ├── serde feature "default" (*)
│       │   │   ├── serde_derive feature "default" (*)
│       │   │   ├── flate2 feature "default" (*)
│       │   │   ├── once_cell feature "default" (*)
│       │   │   ├── regex-syntax feature "default" (*)
│       │   │   ├── thiserror feature "default" (*)
│       │   │   ├── walkdir feature "default" (*)
│       │   │   ├── bincode feature "default"
│       │   │   │   └── bincode v1.3.3
│       │   │   │       └── serde feature "default" (*)
│       │   │   ├── fancy-regex feature "default"
│       │   │   │   ├── fancy-regex v0.16.2
│       │   │   │   │   ├── bit-set v0.8.0
│       │   │   │   │   │   └── bit-vec v0.8.0
│       │   │   │   │   ├── regex-syntax v0.8.11
│       │   │   │   │   ├── regex-automata feature "alloc" (*)
│       │   │   │   │   ├── regex-automata feature "dfa"
│       │   │   │   │   │   ├── regex-automata v0.4.18 (*)
│       │   │   │   │   │   ├── regex-automata feature "dfa-build"
│       │   │   │   │   │   │   ├── regex-automata v0.4.18 (*)
│       │   │   │   │   │   │   ├── regex-automata feature "dfa-search"
│       │   │   │   │   │   │   │   └── regex-automata v0.4.18 (*)
│       │   │   │   │   │   │   └── regex-automata feature "nfa-thompson" (*)
│       │   │   │   │   │   ├── regex-automata feature "dfa-onepass" (*)
│       │   │   │   │   │   └── regex-automata feature "dfa-search" (*)
│       │   │   │   │   ├── regex-automata feature "hybrid" (*)
│       │   │   │   │   ├── regex-automata feature "meta" (*)
│       │   │   │   │   ├── regex-automata feature "nfa"
│       │   │   │   │   │   ├── regex-automata v0.4.18 (*)
│       │   │   │   │   │   ├── regex-automata feature "nfa-backtrack" (*)
│       │   │   │   │   │   ├── regex-automata feature "nfa-pikevm" (*)
│       │   │   │   │   │   └── regex-automata feature "nfa-thompson" (*)
│       │   │   │   │   └── regex-automata feature "syntax" (*)
│       │   │   │   ├── fancy-regex feature "perf"
│       │   │   │   │   ├── fancy-regex v0.16.2 (*)
│       │   │   │   │   └── regex-automata feature "perf"
│       │   │   │   │       ├── regex-automata v0.4.18 (*)
│       │   │   │   │       ├── regex-automata feature "perf-inline" (*)
│       │   │   │   │       └── regex-automata feature "perf-literal" (*)
│       │   │   │   ├── fancy-regex feature "std"
│       │   │   │   │   ├── fancy-regex v0.16.2 (*)
│       │   │   │   │   ├── regex-automata feature "std" (*)
│       │   │   │   │   ├── regex-syntax feature "std" (*)
│       │   │   │   │   └── bit-set feature "std"
│       │   │   │   │       ├── bit-set v0.8.0 (*)
│       │   │   │   │       └── bit-vec feature "std"
│       │   │   │   │           └── bit-vec v0.8.0
│       │   │   │   └── fancy-regex feature "unicode"
│       │   │   │       ├── fancy-regex v0.16.2 (*)
│       │   │   │       ├── regex-automata feature "unicode" (*)
│       │   │   │       └── regex-syntax feature "unicode" (*)
│       │   │   ├── fnv feature "default"
│       │   │   │   ├── fnv v1.0.7
│       │   │   │   └── fnv feature "std"
│       │   │   │       └── fnv v1.0.7
│       │   │   └── yaml-rust feature "default"
│       │   │       └── yaml-rust v0.4.5
│       │   │           └── linked-hash-map feature "default"
│       │   │               └── linked-hash-map v0.5.6
│       │   ├── syntect feature "dump-load"
│       │   │   ├── syntect v5.3.0 (*)
│       │   │   ├── syntect feature "bincode"
│       │   │   │   └── syntect v5.3.0 (*)
│       │   │   └── syntect feature "flate2"
│       │   │       └── syntect v5.3.0 (*)
│       │   └── syntect feature "parsing"
│       │       ├── syntect v5.3.0 (*)
│       │       ├── syntect feature "dump-create"
│       │       │   ├── syntect v5.3.0 (*)
│       │       │   ├── syntect feature "bincode" (*)
│       │       │   └── syntect feature "flate2" (*)
│       │       ├── syntect feature "dump-load" (*)
│       │       ├── syntect feature "fnv"
│       │       │   └── syntect v5.3.0 (*)
│       │       └── syntect feature "regex-syntax"
│       │           └── syntect v5.3.0 (*)
│       ├── syntect feature "regex-fancy"
│       │   ├── syntect v5.3.0 (*)
│       │   └── syntect feature "fancy-regex"
│       │       └── syntect v5.3.0 (*)
│       └── syntect feature "yaml-load"
│           ├── syntect v5.3.0 (*)
│           ├── syntect feature "parsing" (*)
│           └── syntect feature "yaml-rust"
│               └── syntect v5.3.0 (*)
├── gpui-rhai feature "default"
│   └── gpui-rhai v0.1.8 (/Users/eddix/Codes/github.com/eddix/gpui-rhai/crates/gpui-rhai) (*)
├── serde feature "default" (*)
├── serde feature "derive" (*)
├── serde_json feature "default" (*)
├── thiserror feature "default" (*)
├── toml feature "default" (*)
├── semver feature "default" (*)
├── semver feature "serde" (*)
├── gpui-rhai-registry feature "default"
│   └── gpui-rhai-registry v0.1.8 (/Users/eddix/Codes/github.com/eddix/gpui-rhai/registry)
└── toml_edit feature "default"
    ├── toml_edit v0.22.27
    │   ├── serde feature "default" (*)
    │   ├── indexmap feature "default" (*)
    │   ├── indexmap feature "std" (*)
    │   ├── serde_spanned feature "default" (*)
    │   ├── serde_spanned feature "serde" (*)
    │   ├── toml_datetime feature "default" (*)
    │   ├── toml_write feature "default" (*)
    │   └── winnow feature "default" (*)
    ├── toml_edit feature "display"
    │   └── toml_edit v0.22.27 (*)
    └── toml_edit feature "parse"
        └── toml_edit v0.22.27 (*)
