portable	Performance structure tests	﻿2026-09-08T07:57:21.6419985Z ##[group]Run cargo test --manifest-path tests/performance/Cargo.toml --locked
portable	Performance structure tests	2026-09-08T07:57:21.6420438Z ^[[36;1mcargo test --manifest-path tests/performance/Cargo.toml --locked^[[0m
portable	Performance structure tests	2026-09-08T07:57:21.6443251Z shell: /usr/bin/bash -e {0}
portable	Performance structure tests	2026-09-08T07:57:21.6443563Z env:
portable	Performance structure tests	2026-09-08T07:57:21.6443753Z   CARGO_HOME: /home/runner/.cargo
portable	Performance structure tests	2026-09-08T07:57:21.6443991Z   CARGO_INCREMENTAL: 0
portable	Performance structure tests	2026-09-08T07:57:21.6444184Z   CARGO_TERM_COLOR: always
portable	Performance structure tests	2026-09-08T07:57:21.6444379Z ##[endgroup]
portable	Performance structure tests	2026-09-08T07:57:21.7083135Z ^[[1m^[[92m    Updating^[[0m crates.io index
portable	Performance structure tests	2026-09-08T07:57:22.1089440Z ^[[1m^[[92m Downloading^[[0m crates ...
portable	Performance structure tests	2026-09-08T07:57:22.2239045Z ^[[1m^[[92m  Downloaded^[[0m addr2line v0.25.1
portable	Performance structure tests	2026-09-08T07:57:22.2252271Z ^[[1m^[[92m  Downloaded^[[0m blade-macros v0.3.0
portable	Performance structure tests	2026-09-08T07:57:22.2268193Z ^[[1m^[[92m  Downloaded^[[0m as-raw-xcb-connection v1.0.1
portable	Performance structure tests	2026-09-08T07:57:22.2322116Z ^[[1m^[[92m  Downloaded^[[0m gpu-alloc-types v0.3.1
portable	Performance structure tests	2026-09-08T07:57:22.2327662Z ^[[1m^[[92m  Downloaded^[[0m blade-util v0.3.0
portable	Performance structure tests	2026-09-08T07:57:22.2417019Z ^[[1m^[[92m  Downloaded^[[0m unicode-bidi-mirroring v0.2.0
portable	Performance structure tests	2026-09-08T07:57:22.2423116Z ^[[1m^[[92m  Downloaded^[[0m bytemuck_derive v1.12.0
portable	Performance structure tests	2026-09-08T07:57:22.2431679Z ^[[1m^[[92m  Downloaded^[[0m ash-window v0.13.0
portable	Performance structure tests	2026-09-08T07:57:22.2495413Z ^[[1m^[[92m  Downloaded^[[0m is-wsl v0.4.0
portable	Performance structure tests	2026-09-08T07:57:22.2501763Z ^[[1m^[[92m  Downloaded^[[0m calloop-wayland-source v0.3.0
portable	Performance structure tests	2026-09-08T07:57:22.2509441Z ^[[1m^[[92m  Downloaded^[[0m sval_dynamic v2.22.0
portable	Performance structure tests	2026-09-08T07:57:22.2518256Z ^[[1m^[[92m  Downloaded^[[0m hidden-trait v0.1.2
portable	Performance structure tests	2026-09-08T07:57:22.2524617Z ^[[1m^[[92m  Downloaded^[[0m is-docker v0.2.0
portable	Performance structure tests	2026-09-08T07:57:22.2530061Z ^[[1m^[[92m  Downloaded^[[0m gpu-alloc-ash v0.7.1
portable	Performance structure tests	2026-09-08T07:57:22.2561998Z ^[[1m^[[92m  Downloaded^[[0m scoped-tls v1.0.1
portable	Performance structure tests	2026-09-08T07:57:22.2585212Z ^[[1m^[[92m  Downloaded^[[0m sval_json v2.22.0
portable	Performance structure tests	2026-09-08T07:57:22.2594259Z ^[[1m^[[92m  Downloaded^[[0m filedescriptor v0.8.3
portable	Performance structure tests	2026-09-08T07:57:22.2600416Z ^[[1m^[[92m  Downloaded^[[0m downcast-rs v1.2.1
portable	Performance structure tests	2026-09-08T07:57:22.2607973Z ^[[1m^[[92m  Downloaded^[[0m sys-locale v0.3.2
portable	Performance structure tests	2026-09-08T07:57:22.2642325Z ^[[1m^[[92m  Downloaded^[[0m xcursor v0.3.11
portable	Performance structure tests	2026-09-08T07:57:22.2666504Z ^[[1m^[[92m  Downloaded^[[0m cpufeatures v0.3.1
portable	Performance structure tests	2026-09-08T07:57:22.2676034Z ^[[1m^[[92m  Downloaded^[[0m xim-ctext v0.3.0
portable	Performance structure tests	2026-09-08T07:57:22.2681159Z ^[[1m^[[92m  Downloaded^[[0m sval_serde v2.22.0
portable	Performance structure tests	2026-09-08T07:57:22.2687502Z ^[[1m^[[92m  Downloaded^[[0m sval_ref v2.22.0
portable	Performance structure tests	2026-09-08T07:57:22.2692592Z ^[[1m^[[92m  Downloaded^[[0m smol_str v0.2.2
portable	Performance structure tests	2026-09-08T07:57:22.2700669Z ^[[1m^[[92m  Downloaded^[[0m x11-clipboard v0.9.3
portable	Performance structure tests	2026-09-08T07:57:22.2708505Z ^[[1m^[[92m  Downloaded^[[0m value-bag-serde1 v1.14.1
portable	Performance structure tests	2026-09-08T07:57:22.2713589Z ^[[1m^[[92m  Downloaded^[[0m unicode-linebreak v0.1.5
portable	Performance structure tests	2026-09-08T07:57:22.2719247Z ^[[1m^[[92m  Downloaded^[[0m wayland-cursor v0.31.14
portable	Performance structure tests	2026-09-08T07:57:22.2725358Z ^[[1m^[[92m  Downloaded^[[0m unicode-ccc v0.2.0
portable	Performance structure tests	2026-09-08T07:57:22.2730447Z ^[[1m^[[92m  Downloaded^[[0m value-bag-sval2 v1.14.1
portable	Performance structure tests	2026-09-08T07:57:22.2735743Z ^[[1m^[[92m  Downloaded^[[0m sval_fmt v2.22.0
portable	Performance structure tests	2026-09-08T07:57:22.2742321Z ^[[1m^[[92m  Downloaded^[[0m mint v0.5.9
portable	Performance structure tests	2026-09-08T07:57:22.2750123Z ^[[1m^[[92m  Downloaded^[[0m gethostname v1.1.0
portable	Performance structure tests	2026-09-08T07:57:22.2758041Z ^[[1m^[[92m  Downloaded^[[0m wayland-sys v0.31.11
portable	Performance structure tests	2026-09-08T07:57:22.2766960Z ^[[1m^[[92m  Downloaded^[[0m sval_nested v2.22.0
portable	Performance structure tests	2026-09-08T07:57:22.2775734Z ^[[1m^[[92m  Downloaded^[[0m self_cell v1.3.0
portable	Performance structure tests	2026-09-08T07:57:22.2782545Z ^[[1m^[[92m  Downloaded^[[0m gpu-alloc v0.6.2
portable	Performance structure tests	2026-09-08T07:57:22.2790716Z ^[[1m^[[92m  Downloaded^[[0m smallvec v1.16.0
portable	Performance structure tests	2026-09-08T07:57:22.2799491Z ^[[1m^[[92m  Downloaded^[[0m font-types v0.12.4
portable	Performance structure tests	2026-09-08T07:57:22.2835578Z ^[[1m^[[92m  Downloaded^[[0m rustc-demangle v0.1.28
portable	Performance structure tests	2026-09-08T07:57:22.2850909Z ^[[1m^[[92m  Downloaded^[[0m zed-xim v0.4.0-zed
portable	Performance structure tests	2026-09-08T07:57:22.2864684Z ^[[1m^[[92m  Downloaded^[[0m spirv v0.3.0+sdk-1.3.268.0
portable	Performance structure tests	2026-09-08T07:57:22.2873528Z ^[[1m^[[92m  Downloaded^[[0m yazi v0.2.1
portable	Performance structure tests	2026-09-08T07:57:22.2906415Z ^[[1m^[[92m  Downloaded^[[0m xim-parser v0.2.2
portable	Performance structure tests	2026-09-08T07:57:22.2914166Z ^[[1m^[[92m  Downloaded^[[0m lyon_algorithms v1.0.21
portable	Performance structure tests	2026-09-08T07:57:22.2927979Z ^[[1m^[[92m  Downloaded^[[0m wayland-scanner v0.31.11
portable	Performance structure tests	2026-09-08T07:57:22.2941211Z ^[[1m^[[92m  Downloaded^[[0m rangemap v1.8.0
portable	Performance structure tests	2026-09-08T07:57:22.2956076Z ^[[1m^[[92m  Downloaded^[[0m wayland-protocols-plasma v0.2.0
portable	Performance structure tests	2026-09-08T07:57:22.2976808Z ^[[1m^[[92m  Downloaded^[[0m zeno v0.3.3
portable	Performance structure tests	2026-09-08T07:57:22.2994891Z ^[[1m^[[92m  Downloaded^[[0m xkbcommon v0.8.0
portable	Performance structure tests	2026-09-08T07:57:22.3011915Z ^[[1m^[[92m  Downloaded^[[0m flate2 v1.1.10
portable	Performance structure tests	2026-09-08T07:57:22.3039793Z ^[[1m^[[92m  Downloaded^[[0m x11 v2.21.0
portable	Performance structure tests	2026-09-08T07:57:22.3064429Z ^[[1m^[[92m  Downloaded^[[0m xkeysym v0.2.1
portable	Performance structure tests	2026-09-08T07:57:22.3086775Z ^[[1m^[[92m  Downloaded^[[0m indexmap v2.14.1
portable	Performance structure tests	2026-09-08T07:57:22.3118709Z ^[[1m^[[92m  Downloaded^[[0m fontdb v0.16.2
portable	Performance structure tests	2026-09-08T07:57:22.3139177Z ^[[1m^[[92m  Downloaded^[[0m wayland-protocols v0.31.2
portable	Performance structure tests	2026-09-08T07:57:22.3187533Z ^[[1m^[[92m  Downloaded^[[0m wayland-protocols v0.32.13
portable	Performance structure tests	2026-09-08T07:57:22.3239548Z ^[[1m^[[92m  Downloaded^[[0m ttf-parser v0.21.1
portable	Performance structure tests	2026-09-08T07:57:22.3289483Z ^[[1m^[[92m  Downloaded^[[0m zlib-rs v0.6.7
portable	Performance structure tests	2026-09-08T07:57:22.3323710Z ^[[1m^[[92m  Downloaded^[[0m x11rb v0.13.2
portable	Performance structure tests	2026-09-08T07:57:22.3372955Z ^[[1m^[[92m  Downloaded^[[0m xcb v1.7.1
portable	Performance structure tests	2026-09-08T07:57:22.3424533Z ^[[1m^[[92m  Downloaded^[[0m vcpkg v0.2.15
portable	Performance structure tests	2026-09-08T07:57:22.3640092Z ^[[1m^[[92m  Downloaded^[[0m swash v0.2.10
portable	Performance structure tests	2026-09-08T07:57:22.3684114Z ^[[1m^[[92m  Downloaded^[[0m skrifa v0.44.0
portable	Performance structure tests	2026-09-08T07:57:22.3737576Z ^[[1m^[[92m  Downloaded^[[0m gimli v0.32.3
portable	Performance structure tests	2026-09-08T07:57:22.3781478Z ^[[1m^[[92m  Downloaded^[[0m syn v1.0.109
portable	Performance structure tests	2026-09-08T07:57:22.3832391Z ^[[1m^[[92m  Downloaded^[[0m object v0.37.3
portable	Performance structure tests	2026-09-08T07:57:22.3894028Z ^[[1m^[[92m  Downloaded^[[0m rustybuzz v0.14.1
portable	Performance structure tests	2026-09-08T07:57:22.3942769Z ^[[1m^[[92m  Downloaded^[[0m quick-xml v0.41.0
portable	Performance structure tests	2026-09-08T07:57:22.3985123Z ^[[1m^[[92m  Downloaded^[[0m git2 v0.20.4
portable	Performance structure tests	2026-09-08T07:57:22.4029932Z ^[[1m^[[92m  Downloaded^[[0m sysinfo v0.31.4
portable	Performance structure tests	2026-09-08T07:57:22.4081574Z ^[[1m^[[92m  Downloaded^[[0m ash v0.38.0+1.3.281
portable	Performance structure tests	2026-09-08T07:57:22.4170148Z ^[[1m^[[92m  Downloaded^[[0m lyon_tessellation v1.0.21
portable	Performance structure tests	2026-09-08T07:57:22.4197584Z ^[[1m^[[92m  Downloaded^[[0m ttf-parser v0.20.0
portable	Performance structure tests	2026-09-08T07:57:22.4244168Z ^[[1m^[[92m  Downloaded^[[0m x11rb-protocol v0.13.2
portable	Performance structure tests	2026-09-08T07:57:22.4324093Z ^[[1m^[[92m  Downloaded^[[0m hyper v1.11.1
portable	Performance structure tests	2026-09-08T07:57:22.4364591Z ^[[1m^[[92m  Downloaded^[[0m hashbrown v0.14.5
portable	Performance structure tests	2026-09-08T07:57:22.4392870Z ^[[1m^[[92m  Downloaded^[[0m read-fonts v0.41.0
portable	Performance structure tests	2026-09-08T07:57:22.4497121Z ^[[1m^[[92m  Downloaded^[[0m sval v2.22.0
portable	Performance structure tests	2026-09-08T07:57:22.4514105Z ^[[1m^[[92m  Downloaded^[[0m wayland-client v0.31.15
portable	Performance structure tests	2026-09-08T07:57:22.4527288Z ^[[1m^[[92m  Downloaded^[[0m wayland-backend v0.3.17
portable	Performance structure tests	2026-09-08T07:57:22.4548717Z ^[[1m^[[92m  Downloaded^[[0m sval_buffer v2.22.0
portable	Performance structure tests	2026-09-08T07:57:22.4560461Z ^[[1m^[[92m  Downloaded^[[0m miniz_oxide v0.9.1
portable	Performance structure tests	2026-09-08T07:57:22.4575509Z ^[[1m^[[92m  Downloaded^[[0m value-bag v1.14.1
portable	Performance structure tests	2026-09-08T07:57:22.4590491Z ^[[1m^[[92m  Downloaded^[[0m ashpd v0.11.1
portable	Performance structure tests	2026-09-08T07:57:22.4626836Z ^[[1m^[[92m  Downloaded^[[0m open v5.4.2
portable	Performance structure tests	2026-09-08T07:57:22.4637525Z ^[[1m^[[92m  Downloaded^[[0m backtrace v0.3.76
portable	Performance structure tests	2026-09-08T07:57:22.4667227Z ^[[1m^[[92m  Downloaded^[[0m libz-sys v1.1.29
portable	Performance structure tests	2026-09-08T07:57:22.4971180Z ^[[1m^[[92m  Downloaded^[[0m libgit2-sys v0.18.8+1.9.7
portable	Performance structure tests	2026-09-08T07:57:22.5303558Z ^[[1m^[[92m  Downloaded^[[0m cosmic-text v0.14.2
portable	Performance structure tests	2026-09-08T07:57:22.5462078Z ^[[1m^[[92m  Downloaded^[[0m blade-graphics v0.7.1
portable	Performance structure tests	2026-09-08T07:57:22.5604791Z ^[[1m^[[92m  Downloaded^[[0m zed-scap v0.0.8-zed
portable	Performance structure tests	2026-09-08T07:57:22.6775162Z ^[[1m^[[92m   Compiling^[[0m proc-macro2 v1.0.107
portable	Performance structure tests	2026-09-08T07:57:22.6775853Z ^[[1m^[[92m   Compiling^[[0m unicode-ident v1.0.24
portable	Performance structure tests	2026-09-08T07:57:22.6794693Z ^[[1m^[[92m   Compiling^[[0m quote v1.0.47
portable	Performance structure tests	2026-09-08T07:57:22.6795730Z ^[[1m^[[92m   Compiling^[[0m cfg-if v1.0.4
portable	Performance structure tests	2026-09-08T07:57:22.7156100Z ^[[1m^[[92m   Compiling^[[0m libc v0.2.189
portable	Performance structure tests	2026-09-08T07:57:22.7424813Z ^[[1m^[[92m   Compiling^[[0m serde_core v1.0.229
portable	Performance structure tests	2026-09-08T07:57:22.8361371Z ^[[1m^[[92m   Compiling^[[0m memchr v2.8.3
portable	Performance structure tests	2026-09-08T07:57:23.5024792Z ^[[1m^[[92m   Compiling^[[0m autocfg v1.5.1
portable	Performance structure tests	2026-09-08T07:57:23.6265234Z ^[[1m^[[92m   Compiling^[[0m syn v3.0.4
portable	Performance structure tests	2026-09-08T07:57:23.7448809Z ^[[1m^[[92m   Compiling^[[0m syn v2.0.119
portable	Performance structure tests	2026-09-08T07:57:24.0305557Z ^[[1m^[[92m   Compiling^[[0m bitflags v2.13.1
portable	Performance structure tests	2026-09-08T07:57:24.1825133Z ^[[1m^[[92m   Compiling^[[0m serde v1.0.229
portable	Performance structure tests	2026-09-08T07:57:24.6774896Z ^[[1m^[[92m   Compiling^[[0m typeid v1.0.3
portable	Performance structure tests	2026-09-08T07:57:24.8154922Z ^[[1m^[[92m   Compiling^[[0m erased-serde v0.4.10
portable	Performance structure tests	2026-09-08T07:57:24.9283239Z ^[[1m^[[92m   Compiling^[[0m portable-atomic v1.15.0
portable	Performance structure tests	2026-09-08T07:57:25.1865258Z ^[[1m^[[92m   Compiling^[[0m libm v0.2.16
portable	Performance structure tests	2026-09-08T07:57:25.7404901Z ^[[1m^[[92m   Compiling^[[0m serde_fmt v1.1.0
portable	Performance structure tests	2026-09-08T07:57:25.8274704Z ^[[1m^[[92m   Compiling^[[0m value-bag-serde1 v1.14.1
portable	Performance structure tests	2026-09-08T07:57:25.8564916Z ^[[1m^[[92m   Compiling^[[0m once_cell v1.21.4
portable	Performance structure tests	2026-09-08T07:57:25.9754896Z ^[[1m^[[92m   Compiling^[[0m pin-project-lite v0.2.17
portable	Performance structure tests	2026-09-08T07:57:26.0074551Z ^[[1m^[[92m   Compiling^[[0m value-bag v1.14.1
portable	Performance structure tests	2026-09-08T07:57:26.3264723Z ^[[1m^[[92m   Compiling^[[0m log v0.4.34
portable	Performance structure tests	2026-09-08T07:57:26.5944692Z ^[[1m^[[92m   Compiling^[[0m jobserver v0.1.35
portable	Performance structure tests	2026-09-08T07:57:26.6514535Z ^[[1m^[[92m   Compiling^[[0m find-msvc-tools v0.1.11
portable	Performance structure tests	2026-09-08T07:57:26.7924916Z ^[[1m^[[92m   Compiling^[[0m shlex v2.0.1
portable	Performance structure tests	2026-09-08T07:57:26.8204740Z ^[[1m^[[92m   Compiling^[[0m version_check v0.9.5
portable	Performance structure tests	2026-09-08T07:57:26.8894789Z ^[[1m^[[92m   Compiling^[[0m cc v1.4.4
portable	Performance structure tests	2026-09-08T07:57:26.9994544Z ^[[1m^[[92m   Compiling^[[0m futures-core v0.3.34
portable	Performance structure tests	2026-09-08T07:57:27.0714495Z ^[[1m^[[92m   Compiling^[[0m equivalent v1.0.2
portable	Performance structure tests	2026-09-08T07:57:27.1044417Z ^[[1m^[[92m   Compiling^[[0m hashbrown v0.17.1
portable	Performance structure tests	2026-09-08T07:57:27.5367089Z ^[[1m^[[92m   Compiling^[[0m serde_derive v1.0.229
portable	Performance structure tests	2026-09-08T07:57:27.6354976Z ^[[1m^[[92m   Compiling^[[0m crossbeam-utils v0.8.22
portable	Performance structure tests	2026-09-08T07:57:27.7174623Z ^[[1m^[[92m   Compiling^[[0m num-traits v0.2.19
portable	Performance structure tests	2026-09-08T07:57:27.8565142Z ^[[1m^[[92m   Compiling^[[0m futures-io v0.3.34
portable	Performance structure tests	2026-09-08T07:57:28.1184700Z ^[[1m^[[92m   Compiling^[[0m rustix v1.1.4
portable	Performance structure tests	2026-09-08T07:57:28.2034929Z ^[[1m^[[92m   Compiling^[[0m slab v0.4.12
portable	Performance structure tests	2026-09-08T07:57:28.2891563Z ^[[1m^[[92m   Compiling^[[0m stable_deref_trait v1.2.1
portable	Performance structure tests	2026-09-08T07:57:28.3154912Z ^[[1m^[[92m   Compiling^[[0m linux-raw-sys v0.12.1
portable	Performance structure tests	2026-09-08T07:57:28.4349016Z ^[[1m^[[92m   Compiling^[[0m pkg-config v0.3.34
portable	Performance structure tests	2026-09-08T07:57:28.5094569Z ^[[1m^[[92m   Compiling^[[0m zerocopy v0.8.56
portable	Performance structure tests	2026-09-08T07:57:28.8364788Z ^[[1m^[[92m   Compiling^[[0m zerocopy-derive v0.8.56
portable	Performance structure tests	2026-09-08T07:57:29.9624736Z ^[[1m^[[92m   Compiling^[[0m synstructure v0.13.2
portable	Performance structure tests	2026-09-08T07:57:30.3216809Z ^[[1m^[[92m   Compiling^[[0m smallvec v1.16.0
portable	Performance structure tests	2026-09-08T07:57:30.3668040Z ^[[1m^[[92m   Compiling^[[0m typenum v1.20.1
portable	Performance structure tests	2026-09-08T07:57:30.4739816Z ^[[1m^[[92m   Compiling^[[0m parking v2.2.1
portable	Performance structure tests	2026-09-08T07:57:30.5625042Z ^[[1m^[[92m   Compiling^[[0m zerofrom-derive v0.1.7
portable	Performance structure tests	2026-09-08T07:57:30.9814774Z ^[[1m^[[92m   Compiling^[[0m getrandom v0.2.17
portable	Performance structure tests	2026-09-08T07:57:31.2254791Z ^[[1m^[[92m   Compiling^[[0m yoke-derive v0.8.2
portable	Performance structure tests	2026-09-08T07:57:31.3745030Z ^[[1m^[[92m   Compiling^[[0m zerofrom v0.1.8
portable	Performance structure tests	2026-09-08T07:57:31.4364867Z ^[[1m^[[92m   Compiling^[[0m bytemuck_derive v1.12.0
portable	Performance structure tests	2026-09-08T07:57:31.9675833Z ^[[1m^[[92m   Compiling^[[0m yoke v0.8.3
portable	Performance structure tests	2026-09-08T07:57:32.0804575Z ^[[1m^[[92m   Compiling^[[0m indexmap v2.14.1
portable	Performance structure tests	2026-09-08T07:57:32.2714901Z ^[[1m^[[92m   Compiling^[[0m bytemuck v1.25.2
portable	Performance structure tests	2026-09-08T07:57:32.4355139Z ^[[1m^[[92m   Compiling^[[0m zerovec-derive v0.11.6
portable	Performance structure tests	2026-09-08T07:57:32.5877820Z ^[[1m^[[92m   Compiling^[[0m fastrand v2.5.0
portable	Performance structure tests	2026-09-08T07:57:32.7197564Z ^[[1m^[[92m   Compiling^[[0m arrayvec v0.7.8
portable	Performance structure tests	2026-09-08T07:57:32.8504576Z ^[[1m^[[92m   Compiling^[[0m displaydoc v0.2.7
portable	Performance structure tests	2026-09-08T07:57:32.9974156Z ^[[1m^[[92m   Compiling^[[0m simd-adler32 v0.3.10
portable	Performance structure tests	2026-09-08T07:57:33.1304629Z ^[[1m^[[92m   Compiling^[[0m concurrent-queue v2.5.0
portable	Performance structure tests	2026-09-08T07:57:33.1824544Z ^[[1m^[[92m   Compiling^[[0m zerovec v0.11.8
portable	Performance structure tests	2026-09-08T07:57:33.2985234Z ^[[1m^[[92m   Compiling^[[0m futures-sink v0.3.34
portable	Performance structure tests	2026-09-08T07:57:33.3284931Z ^[[1m^[[92m   Compiling^[[0m cfg_aliases v0.2.2
portable	Performance structure tests	2026-09-08T07:57:33.3443745Z ^[[1m^[[92m   Compiling^[[0m atomic-waker v1.1.2
portable	Performance structure tests	2026-09-08T07:57:33.3587615Z ^[[1m^[[92m   Compiling^[[0m futures-lite v2.6.1
portable	Performance structure tests	2026-09-08T07:57:33.3981139Z ^[[1m^[[92m   Compiling^[[0m event-listener v5.4.2
portable	Performance structure tests	2026-09-08T07:57:33.4135050Z ^[[1m^[[92m   Compiling^[[0m itoa v1.0.18
portable	Performance structure tests	2026-09-08T07:57:33.5234304Z ^[[1m^[[92m   Compiling^[[0m adler2 v2.0.1
portable	Performance structure tests	2026-09-08T07:57:33.5438167Z ^[[1m^[[92m   Compiling^[[0m event-listener-strategy v0.5.4
portable	Performance structure tests	2026-09-08T07:57:33.6076074Z ^[[1m^[[92m   Compiling^[[0m tinystr v0.8.4
portable	Performance structure tests	2026-09-08T07:57:33.7134806Z ^[[1m^[[92m   Compiling^[[0m generic-array v0.14.7
portable	Performance structure tests	2026-09-08T07:57:33.7834781Z ^[[1m^[[92m   Compiling^[[0m libloading v0.8.9
portable	Performance structure tests	2026-09-08T07:57:33.8974611Z ^[[1m^[[92m   Compiling^[[0m writeable v0.6.4
portable	Performance structure tests	2026-09-08T07:57:33.9803349Z ^[[1m^[[92m   Compiling^[[0m litemap v0.8.3
portable	Performance structure tests	2026-09-08T07:57:34.0054298Z ^[[1m^[[92m   Compiling^[[0m potential_utf v0.1.6
portable	Performance structure tests	2026-09-08T07:57:34.0504303Z ^[[1m^[[92m   Compiling^[[0m zerotrie v0.2.5
portable	Performance structure tests	2026-09-08T07:57:34.0854366Z ^[[1m^[[92m   Compiling^[[0m polling v3.11.0
portable	Performance structure tests	2026-09-08T07:57:34.1034175Z ^[[1m^[[92m   Compiling^[[0m icu_locale_core v2.3.0
portable	Performance structure tests	2026-09-08T07:57:34.1554780Z ^[[1m^[[92m   Compiling^[[0m thiserror-impl v2.0.20
portable	Performance structure tests	2026-09-08T07:57:34.2434615Z ^[[1m^[[92m   Compiling^[[0m icu_properties_data v2.3.0
portable	Performance structure tests	2026-09-08T07:57:34.2598533Z ^[[1m^[[92m   Compiling^[[0m utf8_iter v1.0.4
portable	Performance structure tests	2026-09-08T07:57:34.3138002Z ^[[1m^[[92m   Compiling^[[0m icu_normalizer_data v2.3.0
portable	Performance structure tests	2026-09-08T07:57:34.3293950Z ^[[1m^[[92m   Compiling^[[0m crc32fast v1.5.1
portable	Performance structure tests	2026-09-08T07:57:34.3994435Z ^[[1m^[[92m   Compiling^[[0m icu_collections v2.3.0
portable	Performance structure tests	2026-09-08T07:57:34.8064784Z ^[[1m^[[92m   Compiling^[[0m icu_provider v2.3.1
portable	Performance structure tests	2026-09-08T07:57:34.8555042Z ^[[1m^[[92m   Compiling^[[0m futures-channel v0.3.34
portable	Performance structure tests	2026-09-08T07:57:34.9926090Z ^[[1m^[[92m   Compiling^[[0m rand_core v0.6.4
portable	Performance structure tests	2026-09-08T07:57:35.0244145Z ^[[1m^[[92m   Compiling^[[0m zeroize_derive v1.5.0
portable	Performance structure tests	2026-09-08T07:57:35.0680689Z ^[[1m^[[92m   Compiling^[[0m async-io v2.6.0
portable	Performance structure tests	2026-09-08T07:57:35.1134385Z ^[[1m^[[92m   Compiling^[[0m async-task v4.7.1
portable	Performance structure tests	2026-09-08T07:57:35.1206155Z ^[[1m^[[92m   Compiling^[[0m winnow v1.0.4
portable	Performance structure tests	2026-09-08T07:57:35.3479589Z ^[[1m^[[92m   Compiling^[[0m async-channel v2.5.0
portable	Performance structure tests	2026-09-08T07:57:35.3596060Z ^[[1m^[[92m   Compiling^[[0m zeroize v1.9.0
portable	Performance structure tests	2026-09-08T07:57:35.3744935Z ^[[1m^[[92m   Compiling^[[0m miniz_oxide v0.9.1
portable	Performance structure tests	2026-09-08T07:57:35.4531981Z ^[[1m^[[92m   Compiling^[[0m futures-macro v0.3.34
portable	Performance structure tests	2026-09-08T07:57:35.4654493Z ^[[1m^[[92m   Compiling^[[0m bytes v1.12.1
portable	Performance structure tests	2026-09-08T07:57:35.9326685Z ^[[1m^[[92m   Compiling^[[0m futures-task v0.3.34
portable	Performance structure tests	2026-09-08T07:57:35.9664509Z ^[[1m^[[92m   Compiling^[[0m flate2 v1.1.10
portable	Performance structure tests	2026-09-08T07:57:35.9785863Z ^[[1m^[[92m   Compiling^[[0m icu_properties v2.3.0
portable	Performance structure tests	2026-09-08T07:57:36.0424667Z ^[[1m^[[92m   Compiling^[[0m futures-util v0.3.34
portable	Performance structure tests	2026-09-08T07:57:36.0959983Z ^[[1m^[[92m   Compiling^[[0m icu_normalizer v2.3.0
portable	Performance structure tests	2026-09-08T07:57:36.5704737Z ^[[1m^[[92m   Compiling^[[0m piper v0.2.5
portable	Performance structure tests	2026-09-08T07:57:36.7085787Z ^[[1m^[[92m   Compiling^[[0m aho-corasick v1.1.5
portable	Performance structure tests	2026-09-08T07:57:36.9334912Z ^[[1m^[[92m   Compiling^[[0m thiserror v2.0.20
portable	Performance structure tests	2026-09-08T07:57:37.0306063Z ^[[1m^[[92m   Compiling^[[0m getrandom v0.3.4
portable	Performance structure tests	2026-09-08T07:57:37.1054593Z ^[[1m^[[92m   Compiling^[[0m percent-encoding v2.3.2
portable	Performance structure tests	2026-09-08T07:57:37.1905080Z ^[[1m^[[92m   Compiling^[[0m either v1.18.0
portable	Performance structure tests	2026-09-08T07:57:37.2248664Z ^[[1m^[[92m   Compiling^[[0m form_urlencoded v1.2.2
portable	Performance structure tests	2026-09-08T07:57:37.3524649Z ^[[1m^[[92m   Compiling^[[0m idna_adapter v1.2.2
portable	Performance structure tests	2026-09-08T07:57:37.4024438Z ^[[1m^[[92m   Compiling^[[0m blocking v1.7.0
portable	Performance structure tests	2026-09-08T07:57:37.4284304Z ^[[1m^[[92m   Compiling^[[0m toml_parser v1.1.3+spec-1.1.0
portable	Performance structure tests	2026-09-08T07:57:37.6024360Z ^[[1m^[[92m   Compiling^[[0m async-lock v3.4.2
portable	Performance structure tests	2026-09-08T07:57:37.8934663Z ^[[1m^[[92m   Compiling^[[0m errno v0.3.14
portable	Performance structure tests	2026-09-08T07:57:37.9735090Z ^[[1m^[[92m   Compiling^[[0m toml_datetime v1.1.1+spec-1.1.0
portable	Performance structure tests	2026-09-08T07:57:38.0344480Z ^[[1m^[[92m   Compiling^[[0m subtle v2.6.1
portable	Performance structure tests	2026-09-08T07:57:38.1124788Z ^[[1m^[[92m   Compiling^[[0m crossbeam-epoch v0.9.20
portable	Performance structure tests	2026-09-08T07:57:38.1226120Z ^[[1m^[[92m   Compiling^[[0m toml_edit v0.25.13+spec-1.1.0
portable	Performance structure tests	2026-09-08T07:57:38.1987422Z ^[[1m^[[92m   Compiling^[[0m signal-hook-registry v1.4.8
portable	Performance structure tests	2026-09-08T07:57:38.2124982Z ^[[1m^[[92m   Compiling^[[0m idna v1.1.0
portable	Performance structure tests	2026-09-08T07:57:38.5845040Z ^[[1m^[[92m   Compiling^[[0m crypto-common v0.1.7
portable	Performance structure tests	2026-09-08T07:57:38.6414553Z ^[[1m^[[92m   Compiling^[[0m dlib v0.5.3
portable	Performance structure tests	2026-09-08T07:57:38.6514873Z ^[[1m^[[92m   Compiling^[[0m num-integer v0.1.47
portable	Performance structure tests	2026-09-08T07:57:38.6874373Z ^[[1m^[[92m   Compiling^[[0m tracing-attributes v0.1.31
portable	Performance structure tests	2026-09-08T07:57:38.8624462Z ^[[1m^[[92m   Compiling^[[0m enumflags2_derive v0.7.12
portable	Performance structure tests	2026-09-08T07:57:38.8874436Z ^[[1m^[[92m   Compiling^[[0m tracing-core v0.1.36
portable	Performance structure tests	2026-09-08T07:57:38.9284233Z ^[[1m^[[92m   Compiling^[[0m socket2 v0.6.5
portable	Performance structure tests	2026-09-08T07:57:39.1899408Z ^[[1m^[[92m   Compiling^[[0m mio v1.2.2
portable	Performance structure tests	2026-09-08T07:57:39.3419955Z ^[[1m^[[92m   Compiling^[[0m unicase v2.9.0
portable	Performance structure tests	2026-09-08T07:57:39.3474847Z ^[[1m^[[92m   Compiling^[[0m crossbeam-deque v0.8.7
portable	Performance structure tests	2026-09-08T07:57:39.4445581Z ^[[1m^[[92m   Compiling^[[0m heck v0.5.0
portable	Performance structure tests	2026-09-08T07:57:39.4625036Z ^[[1m^[[92m   Compiling^[[0m thiserror v1.0.69
portable	Performance structure tests	2026-09-08T07:57:39.5864625Z ^[[1m^[[92m   Compiling^[[0m tokio v1.53.1
portable	Performance structure tests	2026-09-08T07:57:39.5918429Z ^[[1m^[[92m   Compiling^[[0m tracing v0.1.44
portable	Performance structure tests	2026-09-08T07:57:39.5987341Z ^[[1m^[[92m   Compiling^[[0m proc-macro-crate v3.5.0
portable	Performance structure tests	2026-09-08T07:57:39.6284300Z ^[[1m^[[92m   Compiling^[[0m url v2.5.8
portable	Performance structure tests	2026-09-08T07:57:39.8575048Z ^[[1m^[[92m   Compiling^[[0m async-signal v0.2.14
portable	Performance structure tests	2026-09-08T07:57:39.9949449Z ^[[1m^[[92m   Compiling^[[0m zvariant_utils v4.2.0
portable	Performance structure tests	2026-09-08T07:57:40.2795314Z ^[[1m^[[92m   Compiling^[[0m async-executor v1.14.0
portable	Performance structure tests	2026-09-08T07:57:40.3024927Z ^[[1m^[[92m   Compiling^[[0m ppv-lite86 v0.2.21
portable	Performance structure tests	2026-09-08T07:57:40.5485197Z ^[[1m^[[92m   Compiling^[[0m hybrid-array v0.4.14
portable	Performance structure tests	2026-09-08T07:57:40.6304673Z ^[[1m^[[92m   Compiling^[[0m wayland-sys v0.31.11
portable	Performance structure tests	2026-09-08T07:57:40.7094718Z ^[[1m^[[92m   Compiling^[[0m thiserror-impl v1.0.69
portable	Performance structure tests	2026-09-08T07:57:40.9654860Z ^[[1m^[[92m   Compiling^[[0m scopeguard v1.2.0
portable	Performance structure tests	2026-09-08T07:57:41.0004982Z ^[[1m^[[92m   Compiling^[[0m rustversion v1.0.23
portable	Performance structure tests	2026-09-08T07:57:41.1187019Z ^[[1m^[[92m   Compiling^[[0m rayon-core v1.13.0
portable	Performance structure tests	2026-09-08T07:57:41.1564906Z ^[[1m^[[92m   Compiling^[[0m anyhow v1.0.104
portable	Performance structure tests	2026-09-08T07:57:41.1909080Z ^[[1m^[[92m   Compiling^[[0m zmij v1.0.23
portable	Performance structure tests	2026-09-08T07:57:41.2910915Z ^[[1m^[[92m   Compiling^[[0m getrandom v0.4.3
portable	Performance structure tests	2026-09-08T07:57:41.3817048Z ^[[1m^[[92m   Compiling^[[0m zvariant_derive v5.15.0
portable	Performance structure tests	2026-09-08T07:57:41.3904512Z ^[[1m^[[92m   Compiling^[[0m lock_api v0.4.14
portable	Performance structure tests	2026-09-08T07:57:41.5994783Z ^[[1m^[[92m   Compiling^[[0m async-process v2.5.0
portable	Performance structure tests	2026-09-08T07:57:41.6526358Z ^[[1m^[[92m   Compiling^[[0m wayland-backend v0.3.17
portable	Performance structure tests	2026-09-08T07:57:41.6744558Z ^[[1m^[[92m   Compiling^[[0m ring v0.17.14
portable	Performance structure tests	2026-09-08T07:57:41.8434630Z ^[[1m^[[92m   Compiling^[[0m endi v1.1.1
portable	Performance structure tests	2026-09-08T07:57:41.9144735Z ^[[1m^[[92m   Compiling^[[0m same-file v1.0.6
portable	Performance structure tests	2026-09-08T07:57:41.9964800Z ^[[1m^[[92m   Compiling^[[0m regex-syntax v0.8.11
portable	Performance structure tests	2026-09-08T07:57:42.0054840Z ^[[1m^[[92m   Compiling^[[0m tinyvec_macros v0.1.1
portable	Performance structure tests	2026-09-08T07:57:42.0314320Z ^[[1m^[[92m   Compiling^[[0m tinyvec v1.12.0
portable	Performance structure tests	2026-09-08T07:57:42.2994857Z ^[[1m^[[92m   Compiling^[[0m walkdir v2.5.0
portable	Performance structure tests	2026-09-08T07:57:43.2804942Z ^[[1m^[[92m   Compiling^[[0m regex-automata v0.4.18
portable	Performance structure tests	2026-09-08T07:57:44.4272898Z ^[[1m^[[92m   Compiling^[[0m crypto-common v0.2.2
portable	Performance structure tests	2026-09-08T07:57:44.4975466Z ^[[1m^[[92m   Compiling^[[0m block-buffer v0.12.1
portable	Performance structure tests	2026-09-08T07:57:44.5705760Z ^[[1m^[[92m   Compiling^[[0m num-bigint v0.4.8
portable	Performance structure tests	2026-09-08T07:57:45.0758396Z ^[[1m^[[92m   Compiling^[[0m http v1.5.0
portable	Performance structure tests	2026-09-08T07:57:45.7015037Z ^[[1m^[[92m   Compiling^[[0m rustls-pki-types v1.15.1
portable	Performance structure tests	2026-09-08T07:57:45.7185498Z ^[[1m^[[92m   Compiling^[[0m block-buffer v0.10.4
portable	Performance structure tests	2026-09-08T07:57:45.7643767Z ^[[1m^[[92m   Compiling^[[0m equator-macro v0.4.2
portable	Performance structure tests	2026-09-08T07:57:46.0615208Z ^[[1m^[[92m   Compiling^[[0m slotmap v1.1.1
portable	Performance structure tests	2026-09-08T07:57:46.0778744Z ^[[1m^[[92m   Compiling^[[0m quick-xml v0.41.0
portable	Performance structure tests	2026-09-08T07:57:46.1264718Z ^[[1m^[[92m   Compiling^[[0m bstr v1.13.1
portable	Performance structure tests	2026-09-08T07:57:46.4295200Z ^[[1m^[[92m   Compiling^[[0m scoped-tls v1.0.1
portable	Performance structure tests	2026-09-08T07:57:46.4714541Z ^[[1m^[[92m   Compiling^[[0m termcolor v1.4.1
portable	Performance structure tests	2026-09-08T07:57:46.4995906Z ^[[1m^[[92m   Compiling^[[0m downcast-rs v1.2.1
portable	Performance structure tests	2026-09-08T07:57:46.5286539Z ^[[1m^[[92m   Compiling^[[0m crunchy v0.2.4
portable	Performance structure tests	2026-09-08T07:57:46.7050276Z ^[[1m^[[92m   Compiling^[[0m const-oid v0.10.2
portable	Performance structure tests	2026-09-08T07:57:46.7213607Z ^[[1m^[[92m   Compiling^[[0m unicode-width v0.2.2
portable	Performance structure tests	2026-09-08T07:57:46.7994482Z ^[[1m^[[92m   Compiling^[[0m object v0.39.1
portable	Performance structure tests	2026-09-08T07:57:46.8224421Z ^[[1m^[[92m   Compiling^[[0m wayland-client v0.31.15
portable	Performance structure tests	2026-09-08T07:57:46.8644756Z ^[[1m^[[92m   Compiling^[[0m vcpkg v0.2.15
portable	Performance structure tests	2026-09-08T07:57:46.8977142Z ^[[1m^[[92m   Compiling^[[0m wayland-scanner v0.31.11
portable	Performance structure tests	2026-09-08T07:57:46.9187983Z ^[[1m^[[92m   Compiling^[[0m digest v0.11.3
portable	Performance structure tests	2026-09-08T07:57:47.3614823Z ^[[1m^[[92m   Compiling^[[0m libz-sys v1.1.29
portable	Performance structure tests	2026-09-08T07:57:47.5514915Z ^[[1m^[[92m   Compiling^[[0m equator v0.4.2
portable	Performance structure tests	2026-09-08T07:57:47.6865186Z ^[[1m^[[92m   Compiling^[[0m digest v0.10.7
portable	Performance structure tests	2026-09-08T07:57:47.7504592Z ^[[1m^[[92m   Compiling^[[0m num-rational v0.4.2
portable	Performance structure tests	2026-09-08T07:57:47.8120211Z ^[[1m^[[92m   Compiling^[[0m strum_macros v0.26.4
portable	Performance structure tests	2026-09-08T07:57:48.0395208Z ^[[1m^[[92m   Compiling^[[0m enumflags2 v0.7.12
portable	Performance structure tests	2026-09-08T07:57:48.1524362Z ^[[1m^[[92m   Compiling^[[0m rand_core v0.9.5
portable	Performance structure tests	2026-09-08T07:57:48.1772008Z ^[[1m^[[92m   Compiling^[[0m zcheapstr v1.1.0
portable	Performance structure tests	2026-09-08T07:57:48.2744480Z ^[[1m^[[92m   Compiling^[[0m miniz_oxide v0.8.9
portable	Performance structure tests	2026-09-08T07:57:48.2863303Z ^[[1m^[[92m   Compiling^[[0m rustix v0.38.44
portable	Performance structure tests	2026-09-08T07:57:48.4569335Z ^[[1m^[[92m   Compiling^[[0m untrusted v0.9.0
portable	Performance structure tests	2026-09-08T07:57:48.5105948Z ^[[1m^[[92m   Compiling^[[0m httparse v1.10.1
portable	Performance structure tests	2026-09-08T07:57:48.6694850Z ^[[1m^[[92m   Compiling^[[0m cpufeatures v0.3.1
portable	Performance structure tests	2026-09-08T07:57:48.6984267Z ^[[1m^[[92m   Compiling^[[0m mime v0.3.17
portable	Performance structure tests	2026-09-08T07:57:48.8393908Z ^[[1m^[[92m   Compiling^[[0m foldhash v0.1.5
portable	Performance structure tests	2026-09-08T07:57:48.8694548Z ^[[1m^[[92m   Compiling^[[0m tiny-keccak v2.0.2
portable	Performance structure tests	2026-09-08T07:57:48.9384295Z ^[[1m^[[92m   Compiling^[[0m fnv v1.0.7
portable	Performance structure tests	2026-09-08T07:57:48.9684390Z ^[[1m^[[92m   Compiling^[[0m rustc-hash v1.1.0
portable	Performance structure tests	2026-09-08T07:57:48.9994455Z ^[[1m^[[92m   Compiling^[[0m paste v1.0.15
portable	Performance structure tests	2026-09-08T07:57:49.1074532Z ^[[1m^[[92m   Compiling^[[0m strum v0.26.3
portable	Performance structure tests	2026-09-08T07:57:49.1374963Z ^[[1m^[[92m   Compiling^[[0m hashbrown v0.15.5
portable	Performance structure tests	2026-09-08T07:57:49.1521427Z ^[[1m^[[92m   Compiling^[[0m sha2 v0.11.0
portable	Performance structure tests	2026-09-08T07:57:50.3045273Z ^[[1m^[[92m   Compiling^[[0m rand_chacha v0.9.0
portable	Performance structure tests	2026-09-08T07:57:51.4750512Z ^[[1m^[[92m   Compiling^[[0m zvariant v5.15.0
portable	Performance structure tests	2026-09-08T07:57:52.1681046Z ^[[1m^[[92m   Compiling^[[0m aligned-vec v0.6.4
portable	Performance structure tests	2026-09-08T07:57:52.7386128Z ^[[1m^[[92m   Compiling^[[0m http-body v1.1.0
portable	Performance structure tests	2026-09-08T07:57:52.8124792Z ^[[1m^[[92m   Compiling^[[0m rayon v1.12.0
portable	Performance structure tests	2026-09-08T07:57:53.2805173Z ^[[1m^[[92m   Compiling^[[0m tokio-util v0.7.19
portable	Performance structure tests	2026-09-08T07:57:53.6375144Z ^[[1m^[[92m   Compiling^[[0m mime_guess v2.0.5
portable	Performance structure tests	2026-09-08T07:57:53.9092880Z ^[[1m^[[92m   Compiling^[[0m async-fs v2.2.0
portable	Performance structure tests	2026-09-08T07:57:53.9284945Z ^[[1m^[[92m   Compiling^[[0m async-net v2.0.0
portable	Performance structure tests	2026-09-08T07:57:54.3304975Z ^[[1m^[[92m   Compiling^[[0m half v2.7.1
portable	Performance structure tests	2026-09-08T07:57:54.4551138Z ^[[1m^[[92m   Compiling^[[0m euclid v0.22.14
portable	Performance structure tests	2026-09-08T07:57:54.4674669Z ^[[1m^[[92m   Compiling^[[0m pin-project-internal v1.1.13
portable	Performance structure tests	2026-09-08T07:57:54.6760155Z ^[[1m^[[92m   Compiling^[[0m memmap2 v0.9.11
portable	Performance structure tests	2026-09-08T07:57:54.9655075Z ^[[1m^[[92m   Compiling^[[0m serde_json v1.0.151
portable	Performance structure tests	2026-09-08T07:57:55.1464750Z ^[[1m^[[92m   Compiling^[[0m hexf-parse v0.2.1
portable	Performance structure tests	2026-09-08T07:57:55.2164965Z ^[[1m^[[92m   Compiling^[[0m bit-vec v0.8.0
portable	Performance structure tests	2026-09-08T07:57:55.2873249Z ^[[1m^[[92m   Compiling^[[0m roxmltree v0.20.0
portable	Performance structure tests	2026-09-08T07:57:55.2991858Z ^[[1m^[[92m   Compiling^[[0m semver v1.0.28
portable	Performance structure tests	2026-09-08T07:57:55.3366381Z ^[[1m^[[92m   Compiling^[[0m linux-raw-sys v0.4.15
portable	Performance structure tests	2026-09-08T07:57:55.3654229Z ^[[1m^[[92m   Compiling^[[0m rustls v0.23.43
portable	Performance structure tests	2026-09-08T07:57:55.4304388Z ^[[1m^[[92m   Compiling^[[0m try-lock v0.2.5
portable	Performance structure tests	2026-09-08T07:57:55.4725985Z ^[[1m^[[92m   Compiling^[[0m ash v0.38.0+1.3.281
portable	Performance structure tests	2026-09-08T07:57:55.5364225Z ^[[1m^[[92m   Compiling^[[0m rustc-hash v2.1.3
portable	Performance structure tests	2026-09-08T07:57:55.5699176Z ^[[1m^[[92m   Compiling^[[0m rustc_version v0.4.1
portable	Performance structure tests	2026-09-08T07:57:55.5843560Z ^[[1m^[[92m   Compiling^[[0m want v0.3.1
portable	Performance structure tests	2026-09-08T07:57:55.6444919Z ^[[1m^[[92m   Compiling^[[0m fontconfig-parser v0.5.8
portable	Performance structure tests	2026-09-08T07:57:55.7224636Z ^[[1m^[[92m   Compiling^[[0m bit-set v0.8.0
portable	Performance structure tests	2026-09-08T07:57:55.7986648Z ^[[1m^[[92m   Compiling^[[0m pin-project v1.1.13
portable	Performance structure tests	2026-09-08T07:57:55.8337748Z ^[[1m^[[92m   Compiling^[[0m ar_archive_writer v0.5.3
portable	Performance structure tests	2026-09-08T07:57:56.2349400Z ^[[1m^[[92m   Compiling^[[0m h2 v0.4.19
portable	Performance structure tests	2026-09-08T07:57:56.5784942Z ^[[1m^[[92m   Compiling^[[0m zbus_names v4.3.4
portable	Performance structure tests	2026-09-08T07:57:57.4545305Z ^[[1m^[[92m   Compiling^[[0m v_frame v0.3.9
portable	Performance structure tests	2026-09-08T07:57:57.7104792Z ^[[1m^[[92m   Compiling^[[0m globset v0.4.20
portable	Performance structure tests	2026-09-08T07:57:57.9274809Z ^[[1m^[[92m   Compiling^[[0m rustls-webpki v0.103.15
portable	Performance structure tests	2026-09-08T07:57:58.1927429Z ^[[1m^[[92m   Compiling^[[0m rand v0.9.5
portable	Performance structure tests	2026-09-08T07:57:58.8105047Z ^[[1m^[[92m   Compiling^[[0m spin v0.9.9
portable	Performance structure tests	2026-09-08T07:57:58.9325154Z ^[[1m^[[92m   Compiling^[[0m itertools v0.14.0
portable	Performance structure tests	2026-09-08T07:57:58.9394517Z ^[[1m^[[92m   Compiling^[[0m block-padding v0.3.3
portable	Performance structure tests	2026-09-08T07:57:58.9933901Z ^[[1m^[[92m   Compiling^[[0m nix v0.31.3
portable	Performance structure tests	2026-09-08T07:57:59.0188601Z ^[[1m^[[92m   Compiling^[[0m fdeflate v0.3.7
portable	Performance structure tests	2026-09-08T07:57:59.0670575Z ^[[1m^[[92m   Compiling^[[0m num-complex v0.4.6
portable	Performance structure tests	2026-09-08T07:57:59.1542020Z ^[[1m^[[92m   Compiling^[[0m libgit2-sys v0.18.8+1.9.7
portable	Performance structure tests	2026-09-08T07:57:59.3143220Z ^[[1m^[[92m   Compiling^[[0m as-slice v0.2.1
portable	Performance structure tests	2026-09-08T07:57:59.3260131Z ^[[1m^[[92m   Compiling^[[0m profiling-procmacros v1.0.18
portable	Performance structure tests	2026-09-08T07:57:59.3467465Z ^[[1m^[[92m   Compiling^[[0m core_maths v0.1.1
portable	Performance structure tests	2026-09-08T07:57:59.3978462Z ^[[1m^[[92m   Compiling^[[0m sha1_smol v1.0.1
portable	Performance structure tests	2026-09-08T07:57:59.4645406Z ^[[1m^[[92m   Compiling^[[0m built v0.8.1
portable	Performance structure tests	2026-09-08T07:57:59.4844208Z ^[[1m^[[92m   Compiling^[[0m unicode-script v0.5.8
portable	Performance structure tests	2026-09-08T07:57:59.6755577Z ^[[1m^[[92m   Compiling^[[0m deflate64 v0.1.12
portable	Performance structure tests	2026-09-08T07:57:59.7103035Z ^[[1m^[[92m   Compiling^[[0m syn v1.0.109
portable	Performance structure tests	2026-09-08T07:57:59.7981579Z ^[[1m^[[92m   Compiling^[[0m ryu v1.0.23
portable	Performance structure tests	2026-09-08T07:57:59.8675755Z ^[[1m^[[92m   Compiling^[[0m av-scenechange v0.14.1
portable	Performance structure tests	2026-09-08T07:57:59.9884801Z ^[[1m^[[92m   Compiling^[[0m parking_lot_core v0.9.12
portable	Performance structure tests	2026-09-08T07:58:00.0015652Z ^[[1m^[[92m   Compiling^[[0m ref-cast v1.0.27
portable	Performance structure tests	2026-09-08T07:58:00.0220432Z ^[[1m^[[92m   Compiling^[[0m tower-service v0.3.3
portable	Performance structure tests	2026-09-08T07:58:00.0724595Z ^[[1m^[[92m   Compiling^[[0m compression-core v0.4.32
portable	Performance structure tests	2026-09-08T07:58:00.1288891Z ^[[1m^[[92m   Compiling^[[0m unicode-properties v0.1.4
portable	Performance structure tests	2026-09-08T07:58:00.1337155Z ^[[1m^[[92m   Compiling^[[0m float-cmp v0.9.0
portable	Performance structure tests	2026-09-08T07:58:00.1587646Z ^[[1m^[[92m   Compiling^[[0m compression-codecs v0.4.38
portable	Performance structure tests	2026-09-08T07:58:00.1987014Z ^[[1m^[[92m   Compiling^[[0m strict-num v0.1.1
portable	Performance structure tests	2026-09-08T07:58:00.2655482Z ^[[1m^[[92m   Compiling^[[0m rav1e v0.8.1
portable	Performance structure tests	2026-09-08T07:58:00.3195596Z ^[[1m^[[92m   Compiling^[[0m uuid v1.26.0
portable	Performance structure tests	2026-09-08T07:58:00.3551862Z ^[[1m^[[92m   Compiling^[[0m profiling v1.0.18
portable	Performance structure tests	2026-09-08T07:58:00.3770299Z ^[[1m^[[92m   Compiling^[[0m const-random-macro v0.1.16
portable	Performance structure tests	2026-09-08T07:58:00.3914435Z ^[[1m^[[92m   Compiling^[[0m ttf-parser v0.25.1
portable	Performance structure tests	2026-09-08T07:58:00.5270501Z ^[[1m^[[92m   Compiling^[[0m aligned v0.4.3
portable	Performance structure tests	2026-09-08T07:58:00.5798831Z ^[[1m^[[92m   Compiling^[[0m inout v0.1.4
portable	Performance structure tests	2026-09-08T07:58:00.6994056Z ^[[1m^[[92m   Compiling^[[0m hyper v1.11.1
portable	Performance structure tests	2026-09-08T07:58:01.7932547Z ^[[1m^[[92m   Compiling^[[0m rust-embed-utils v8.12.0
portable	Performance structure tests	2026-09-08T07:58:02.3395226Z ^[[1m^[[92m   Compiling^[[0m zbus_macros v5.19.0
portable	Performance structure tests	2026-09-08T07:58:02.7858984Z ^[[1m^[[92m   Compiling^[[0m psm v0.1.32
portable	Performance structure tests	2026-09-08T07:58:04.6595111Z ^[[1m^[[92m   Compiling^[[0m pathfinder_simd v0.5.6
portable	Performance structure tests	2026-09-08T07:58:04.7330972Z ^[[1m^[[92m   Compiling^[[0m gpui_collections v0.2.2
portable	Performance structure tests	2026-09-08T07:58:05.1483997Z ^[[1m^[[92m   Compiling^[[0m lyon_geom v1.0.19
portable	Performance structure tests	2026-09-08T07:58:05.7740813Z ^[[1m^[[92m   Compiling^[[0m futures-executor v0.3.34
portable	Performance structure tests	2026-09-08T07:58:05.9095509Z ^[[1m^[[92m   Compiling^[[0m async-broadcast v0.7.2
portable	Performance structure tests	2026-09-08T07:58:06.0421215Z ^[[1m^[[92m   Compiling^[[0m naga v25.0.1
portable	Performance structure tests	2026-09-08T07:58:06.1571921Z ^[[1m^[[92m   Compiling^[[0m nix v0.29.0
portable	Performance structure tests	2026-09-08T07:58:06.2684807Z ^[[1m^[[92m   Compiling^[[0m font-types v0.12.4
portable	Performance structure tests	2026-09-08T07:58:06.3364856Z ^[[1m^[[92m   Compiling^[[0m freetype-sys v0.20.1
portable	Performance structure tests	2026-09-08T07:58:06.4374937Z ^[[1m^[[92m   Compiling^[[0m yeslogic-fontconfig-sys v6.0.1
portable	Performance structure tests	2026-09-08T07:58:06.5103345Z ^[[1m^[[92m   Compiling^[[0m async-recursion v1.1.1
portable	Performance structure tests	2026-09-08T07:58:06.5414600Z ^[[1m^[[92m   Compiling^[[0m arg_enum_proc_macro v0.3.4
portable	Performance structure tests	2026-09-08T07:58:06.8006941Z ^[[1m^[[92m   Compiling^[[0m ref-cast-impl v1.0.27
portable	Performance structure tests	2026-09-08T07:58:06.8174493Z ^[[1m^[[92m   Compiling^[[0m serde_repr v0.1.21
portable	Performance structure tests	2026-09-08T07:58:07.0570698Z ^[[1m^[[92m   Compiling^[[0m async-trait v0.1.92
portable	Performance structure tests	2026-09-08T07:58:07.0659062Z ^[[1m^[[92m   Compiling^[[0m ordered-stream v0.2.0
portable	Performance structure tests	2026-09-08T07:58:07.2734690Z ^[[1m^[[92m   Compiling^[[0m pulp v0.22.3
portable	Performance structure tests	2026-09-08T07:58:07.4184943Z ^[[1m^[[92m   Compiling^[[0m ahash v0.8.12
portable	Performance structure tests	2026-09-08T07:58:07.4828920Z ^[[1m^[[92m   Compiling^[[0m serde_derive_internals v0.30.0
portable	Performance structure tests	2026-09-08T07:58:07.5906527Z ^[[1m^[[92m   Compiling^[[0m gpu-alloc-types v0.3.1
portable	Performance structure tests	2026-09-08T07:58:07.7334550Z ^[[1m^[[92m   Compiling^[[0m nom v8.0.0
portable	Performance structure tests	2026-09-08T07:58:08.1429474Z ^[[1m^[[92m   Compiling^[[0m no_std_io2 v0.9.4
portable	Performance structure tests	2026-09-08T07:58:08.1754592Z ^[[1m^[[92m   Compiling^[[0m encoding_rs v0.8.35
portable	Performance structure tests	2026-09-08T07:58:09.6130623Z ^[[1m^[[92m   Compiling^[[0m arrayref v0.3.9
portable	Performance structure tests	2026-09-08T07:58:09.7754723Z ^[[1m^[[92m   Compiling^[[0m hex v0.4.3
portable	Performance structure tests	2026-09-08T07:58:09.8387857Z ^[[1m^[[92m   Compiling^[[0m event-listener v2.5.3
portable	Performance structure tests	2026-09-08T07:58:09.9157515Z ^[[1m^[[92m   Compiling^[[0m openssl-probe v0.2.1
portable	Performance structure tests	2026-09-08T07:58:09.9344907Z ^[[1m^[[92m   Compiling^[[0m pastey v0.1.1
portable	Performance structure tests	2026-09-08T07:58:10.0057325Z ^[[1m^[[92m   Compiling^[[0m quick-error v2.0.1
portable	Performance structure tests	2026-09-08T07:58:10.0415130Z ^[[1m^[[92m   Compiling^[[0m serde_json_lenient v0.2.4
portable	Performance structure tests	2026-09-08T07:58:10.1105169Z ^[[1m^[[92m   Compiling^[[0m y4m v0.8.0
portable	Performance structure tests	2026-09-08T07:58:10.2154344Z ^[[1m^[[92m   Compiling^[[0m base64 v0.22.1
portable	Performance structure tests	2026-09-08T07:58:10.2353043Z ^[[1m^[[92m   Compiling^[[0m as-raw-xcb-connection v1.0.1
portable	Performance structure tests	2026-09-08T07:58:10.2624171Z ^[[1m^[[92m   Compiling^[[0m xcursor v0.3.11
portable	Performance structure tests	2026-09-08T07:58:10.4374405Z ^[[1m^[[92m   Compiling^[[0m cpufeatures v0.2.17
portable	Performance structure tests	2026-09-08T07:58:10.5624339Z ^[[1m^[[92m   Compiling^[[0m rustls-native-certs v0.8.4
portable	Performance structure tests	2026-09-08T07:58:10.7567450Z ^[[1m^[[92m   Compiling^[[0m zbus v5.19.0
portable	Performance structure tests	2026-09-08T07:58:11.0084997Z ^[[1m^[[92m   Compiling^[[0m async-channel v1.9.0
portable	Performance structure tests	2026-09-08T07:58:11.0982237Z ^[[1m^[[92m   Compiling^[[0m av1-grain v0.2.5
portable	Performance structure tests	2026-09-08T07:58:12.0265760Z ^[[1m^[[92m   Compiling^[[0m tiny-skia-path v0.11.4
portable	Performance structure tests	2026-09-08T07:58:12.5724818Z ^[[1m^[[92m   Compiling^[[0m bitstream-io v4.10.0
portable	Performance structure tests	2026-09-08T07:58:13.0315186Z ^[[1m^[[92m   Compiling^[[0m schemars_derive v1.2.2
portable	Performance structure tests	2026-09-08T07:58:13.9395440Z ^[[1m^[[92m   Compiling^[[0m read-fonts v0.41.0
portable	Performance structure tests	2026-09-08T07:58:19.1794636Z ^[[1m^[[92m   Compiling^[[0m futures v0.3.34
portable	Performance structure tests	2026-09-08T07:58:19.3332934Z ^[[1m^[[92m   Compiling^[[0m lyon_path v1.0.19
portable	Performance structure tests	2026-09-08T07:58:19.6484931Z ^[[1m^[[92m   Compiling^[[0m gpui_perf v0.2.2
portable	Performance structure tests	2026-09-08T07:58:20.0934695Z ^[[1m^[[92m   Compiling^[[0m rust-embed-impl v8.12.0
portable	Performance structure tests	2026-09-08T07:58:20.5092139Z ^[[1m^[[92m   Compiling^[[0m tokio-rustls v0.26.4
portable	Performance structure tests	2026-09-08T07:58:20.6644736Z ^[[1m^[[92m   Compiling^[[0m hyper-util v0.1.20
portable	Performance structure tests	2026-09-08T07:58:20.7417315Z ^[[1m^[[92m   Compiling^[[0m cipher v0.4.4
portable	Performance structure tests	2026-09-08T07:58:21.5188329Z ^[[1m^[[92m   Compiling^[[0m const-random v0.1.18
portable	Performance structure tests	2026-09-08T07:58:21.5650157Z ^[[1m^[[92m   Compiling^[[0m async-compression v0.4.43
portable	Performance structure tests	2026-09-08T07:58:21.9809998Z ^[[1m^[[92m   Compiling^[[0m lazy_static v1.5.0
portable	Performance structure tests	2026-09-08T07:58:22.0011798Z ^[[1m^[[92m   Compiling^[[0m maybe-rayon v0.1.1
portable	Performance structure tests	2026-09-08T07:58:22.0189030Z ^[[1m^[[92m   Compiling^[[0m hmac v0.12.1
portable	Performance structure tests	2026-09-08T07:58:22.0579886Z ^[[1m^[[92m   Compiling^[[0m codespan-reporting v0.12.0
portable	Performance structure tests	2026-09-08T07:58:22.7276030Z ^[[1m^[[92m   Compiling^[[0m rand_chacha v0.3.1
portable	Performance structure tests	2026-09-08T07:58:23.0185025Z ^[[1m^[[92m   Compiling^[[0m async-global-executor v2.4.1
portable	Performance structure tests	2026-09-08T07:58:23.4011972Z ^[[1m^[[92m   Compiling^[[0m num-iter v0.1.46
portable	Performance structure tests	2026-09-08T07:58:23.4497789Z ^[[1m^[[92m   Compiling^[[0m kurbo v0.11.3
portable	Performance structure tests	2026-09-08T07:58:23.9704876Z ^[[1m^[[92m   Compiling^[[0m rgb v0.8.53
portable	Performance structure tests	2026-09-08T07:58:24.1373994Z ^[[1m^[[92m   Compiling^[[0m gethostname v1.1.0
portable	Performance structure tests	2026-09-08T07:58:24.1786742Z ^[[1m^[[92m   Compiling^[[0m stacker v0.1.25
portable	Performance structure tests	2026-09-08T07:58:24.2455260Z ^[[1m^[[92m   Compiling^[[0m num-derive v0.4.2
portable	Performance structure tests	2026-09-08T07:58:24.4544968Z ^[[1m^[[92m   Compiling^[[0m sync_wrapper v1.0.2
portable	Performance structure tests	2026-09-08T07:58:24.5085052Z ^[[1m^[[92m   Compiling^[[0m kv-log-macro v1.0.7
portable	Performance structure tests	2026-09-08T07:58:24.5573096Z ^[[1m^[[92m   Compiling^[[0m spirv v0.3.0+sdk-1.3.268.0
portable	Performance structure tests	2026-09-08T07:58:24.7104786Z ^[[1m^[[92m   Compiling^[[0m raw-cpuid v11.6.0
portable	Performance structure tests	2026-09-08T07:58:25.2480475Z ^[[1m^[[92m   Compiling^[[0m dirs-sys v0.3.7
portable	Performance structure tests	2026-09-08T07:58:25.4385146Z ^[[1m^[[92m   Compiling^[[0m simd_helpers v0.1.0
portable	Performance structure tests	2026-09-08T07:58:25.5824930Z ^[[1m^[[92m   Compiling^[[0m proc-macro-error-attr2 v2.0.0
portable	Performance structure tests	2026-09-08T07:58:25.6185950Z ^[[1m^[[92m   Compiling^[[0m bitflags v1.3.2
portable	Performance structure tests	2026-09-08T07:58:25.6422712Z ^[[1m^[[92m   Compiling^[[0m num-bigint-dig v0.8.6
portable	Performance structure tests	2026-09-08T07:58:25.6954681Z ^[[1m^[[92m   Compiling^[[0m fastrand v1.9.0
portable	Performance structure tests	2026-09-08T07:58:25.7684712Z ^[[1m^[[92m   Compiling^[[0m home v0.5.12
portable	Performance structure tests	2026-09-08T07:58:25.8078312Z ^[[1m^[[92m   Compiling^[[0m reborrow v0.5.5
portable	Performance structure tests	2026-09-08T07:58:25.8434949Z ^[[1m^[[92m   Compiling^[[0m unicode-ccc v0.4.0
portable	Performance structure tests	2026-09-08T07:58:25.8464346Z ^[[1m^[[92m   Compiling^[[0m imgref v1.12.3
portable	Performance structure tests	2026-09-08T07:58:25.9680428Z ^[[1m^[[92m   Compiling^[[0m static_assertions v1.1.0
portable	Performance structure tests	2026-09-08T07:58:25.9734434Z ^[[1m^[[92m   Compiling^[[0m xim-parser v0.2.2
portable	Performance structure tests	2026-09-08T07:58:25.9979518Z ^[[1m^[[92m   Compiling^[[0m siphasher v1.0.3
portable	Performance structure tests	2026-09-08T07:58:26.0315880Z ^[[1m^[[92m   Compiling^[[0m noop_proc_macro v0.3.0
portable	Performance structure tests	2026-09-08T07:58:26.0963772Z ^[[1m^[[92m   Compiling^[[0m unicode-bidi-mirroring v0.4.0
portable	Performance structure tests	2026-09-08T07:58:26.1299387Z ^[[1m^[[92m   Compiling^[[0m raw-window-handle v0.6.2
portable	Performance structure tests	2026-09-08T07:58:26.1327825Z ^[[1m^[[92m   Compiling^[[0m zune-core v0.5.3
portable	Performance structure tests	2026-09-08T07:58:26.2484987Z ^[[1m^[[92m   Compiling^[[0m weezl v0.1.12
portable	Performance structure tests	2026-09-08T07:58:26.2664035Z ^[[1m^[[92m   Compiling^[[0m waker-fn v1.2.0
portable	Performance structure tests	2026-09-08T07:58:26.2927401Z ^[[1m^[[92m   Compiling^[[0m new_debug_unreachable v1.0.6
portable	Performance structure tests	2026-09-08T07:58:26.3019412Z ^[[1m^[[92m   Compiling^[[0m pin-utils v0.1.0
portable	Performance structure tests	2026-09-08T07:58:26.3114694Z ^[[1m^[[92m   Compiling^[[0m pulp-wasm-simd-flag v0.1.1
portable	Performance structure tests	2026-09-08T07:58:26.3260881Z ^[[1m^[[92m   Compiling^[[0m x11rb-protocol v0.13.2
portable	Performance structure tests	2026-09-08T07:58:26.3312850Z ^[[1m^[[92m   Compiling^[[0m tower-layer v0.3.3
portable	Performance structure tests	2026-09-08T07:58:26.4244570Z ^[[1m^[[92m   Compiling^[[0m object v0.37.3
portable	Performance structure tests	2026-09-08T07:58:26.5765409Z ^[[1m^[[92m   Compiling^[[0m dyn-clone v1.0.20
portable	Performance structure tests	2026-09-08T07:58:26.6094510Z ^[[1m^[[92m   Compiling^[[0m unicode-bidi v0.3.18
portable	Performance structure tests	2026-09-08T07:58:26.6389208Z ^[[1m^[[92m   Compiling^[[0m option-ext v0.2.0
portable	Performance structure tests	2026-09-08T07:58:26.6581532Z ^[[1m^[[92m   Compiling^[[0m dirs-sys v0.4.1
portable	Performance structure tests	2026-09-08T07:58:26.8248679Z ^[[1m^[[92m   Compiling^[[0m schemars v1.2.2
portable	Performance structure tests	2026-09-08T07:58:27.9574685Z ^[[1m^[[92m   Compiling^[[0m tower v0.5.3
portable	Performance structure tests	2026-09-08T07:58:30.6595579Z ^[[1m^[[92m   Compiling^[[0m async-std v1.13.2
portable	Performance structure tests	2026-09-08T07:58:33.5028055Z ^[[1m^[[92m   Compiling^[[0m x11rb v0.13.2
portable	Performance structure tests	2026-09-08T07:58:35.1394589Z ^[[1m^[[92m   Compiling^[[0m futures-lite v1.13.0
portable	Performance structure tests	2026-09-08T07:58:35.6437105Z ^[[1m^[[92m   Compiling^[[0m zune-jpeg v0.5.15
portable	Performance structure tests	2026-09-08T07:58:36.1997657Z ^[[1m^[[92m   Compiling^[[0m ash-window v0.13.0
portable	Performance structure tests	2026-09-08T07:58:36.2595942Z ^[[1m^[[92m   Compiling^[[0m rustybuzz v0.20.1
portable	Performance structure tests	2026-09-08T07:58:37.9204752Z ^[[1m^[[92m   Compiling^[[0m svgtypes v0.15.3
portable	Performance structure tests	2026-09-08T07:58:38.3644889Z ^[[1m^[[92m   Compiling^[[0m loop9 v0.1.5
portable	Performance structure tests	2026-09-08T07:58:38.3788758Z ^[[1m^[[92m   Compiling^[[0m which v6.0.3
portable	Performance structure tests	2026-09-08T07:58:38.4105803Z ^[[1m^[[92m   Compiling^[[0m proc-macro-error2 v2.0.1
portable	Performance structure tests	2026-09-08T07:58:38.5448608Z ^[[1m^[[92m   Compiling^[[0m png v0.17.16
portable	Performance structure tests	2026-09-08T07:58:38.5534309Z ^[[1m^[[92m   Compiling^[[0m dirs v4.0.0
portable	Performance structure tests	2026-09-08T07:58:38.6001173Z ^[[1m^[[92m   Compiling^[[0m hidden-trait v0.1.2
portable	Performance structure tests	2026-09-08T07:58:38.7494593Z ^[[1m^[[92m   Compiling^[[0m rand v0.8.8
portable	Performance structure tests	2026-09-08T07:58:39.2425694Z ^[[1m^[[92m   Compiling^[[0m parking_lot v0.12.5
portable	Performance structure tests	2026-09-08T07:58:39.3564605Z ^[[1m^[[92m   Compiling^[[0m async_zip v0.0.17
portable	Performance structure tests	2026-09-08T07:58:39.9035010Z ^[[1m^[[92m   Compiling^[[0m command-fds v0.3.3
portable	Performance structure tests	2026-09-08T07:58:39.9896671Z ^[[1m^[[92m   Compiling^[[0m hyper-rustls v0.27.9
portable	Performance structure tests	2026-09-08T07:58:40.1674917Z ^[[1m^[[92m   Compiling^[[0m rust-embed v8.12.0
portable	Performance structure tests	2026-09-08T07:58:40.3164693Z ^[[1m^[[92m   Compiling^[[0m git2 v0.20.4
portable	Performance structure tests	2026-09-08T07:58:40.3244407Z ^[[1m^[[92m   Compiling^[[0m gpui_util_macros v0.2.2
portable	Performance structure tests	2026-09-08T07:58:40.6794768Z ^[[1m^[[92m   Compiling^[[0m skrifa v0.44.0
portable	Performance structure tests	2026-09-08T07:58:40.9404889Z ^[[1m^[[92m   Compiling^[[0m gpu-alloc-ash v0.7.1
portable	Performance structure tests	2026-09-08T07:58:42.2684751Z ^[[1m^[[92m   Compiling^[[0m sha2 v0.10.9
portable	Performance structure tests	2026-09-08T07:58:42.5534700Z ^[[1m^[[92m   Compiling^[[0m gpu-alloc v0.6.2
portable	Performance structure tests	2026-09-08T07:58:42.8704629Z ^[[1m^[[92m   Compiling^[[0m fontdb v0.23.0
portable	Performance structure tests	2026-09-08T07:58:43.3464787Z ^[[1m^[[92m   Compiling^[[0m serde_urlencoded v0.7.1
portable	Performance structure tests	2026-09-08T07:58:43.5335117Z ^[[1m^[[92m   Compiling^[[0m smol v2.0.2
portable	Performance structure tests	2026-09-08T07:58:43.7244878Z ^[[1m^[[92m   Compiling^[[0m http-body-util v0.1.5
portable	Performance structure tests	2026-09-08T07:58:43.7684694Z ^[[1m^[[92m   Compiling^[[0m rustls-pemfile v2.2.0
portable	Performance structure tests	2026-09-08T07:58:43.8766977Z ^[[1m^[[92m   Compiling^[[0m regex v1.13.1
portable	Performance structure tests	2026-09-08T07:58:43.8949387Z ^[[1m^[[92m   Compiling^[[0m tempfile v3.27.0
portable	Performance structure tests	2026-09-08T07:58:44.2248829Z ^[[1m^[[92m   Compiling^[[0m tokio-socks v0.5.3
portable	Performance structure tests	2026-09-08T07:58:44.2304602Z ^[[1m^[[92m   Compiling^[[0m zune-inflate v0.2.54
portable	Performance structure tests	2026-09-08T07:58:44.4375015Z ^[[1m^[[92m   Compiling^[[0m avif-serialize v0.8.9
portable	Performance structure tests	2026-09-08T07:58:44.5344756Z ^[[1m^[[92m   Compiling^[[0m smartstring v1.0.1
portable	Performance structure tests	2026-09-08T07:58:44.6104617Z ^[[1m^[[92m   Compiling^[[0m simplecss v0.2.2
portable	Performance structure tests	2026-09-08T07:58:44.8184795Z ^[[1m^[[92m   Compiling^[[0m is-docker v0.2.0
portable	Performance structure tests	2026-09-08T07:58:44.9132564Z ^[[1m^[[92m   Compiling^[[0m filetime v0.2.29
portable	Performance structure tests	2026-09-08T07:58:44.9184557Z ^[[1m^[[92m   Compiling^[[0m xattr v0.2.3
portable	Performance structure tests	2026-09-08T07:58:44.9952292Z ^[[1m^[[92m   Compiling^[[0m unicode-vo v0.1.0
portable	Performance structure tests	2026-09-08T07:58:45.0244393Z ^[[1m^[[92m   Compiling^[[0m yazi v0.2.1
portable	Performance structure tests	2026-09-08T07:58:45.0404247Z ^[[1m^[[92m   Compiling^[[0m data-url v0.3.2
portable	Performance structure tests	2026-09-08T07:58:45.1074242Z ^[[1m^[[92m   Compiling^[[0m ttf-parser v0.21.1
portable	Performance structure tests	2026-09-08T07:58:45.2714842Z ^[[1m^[[92m   Compiling^[[0m xmlwriter v0.1.0
portable	Performance structure tests	2026-09-08T07:58:45.4184603Z ^[[1m^[[92m   Compiling^[[0m dunce v1.0.5
portable	Performance structure tests	2026-09-08T07:58:45.4284351Z ^[[1m^[[92m   Compiling^[[0m ttf-parser v0.20.0
portable	Performance structure tests	2026-09-08T07:58:45.4526727Z ^[[1m^[[92m   Compiling^[[0m unicode-ccc v0.2.0
portable	Performance structure tests	2026-09-08T07:58:45.5014159Z ^[[1m^[[92m   Compiling^[[0m imagesize v0.13.0
portable	Performance structure tests	2026-09-08T07:58:46.0064707Z ^[[1m^[[92m   Compiling^[[0m shlex v1.3.0
portable	Performance structure tests	2026-09-08T07:58:46.1374654Z ^[[1m^[[92m   Compiling^[[0m float_next_after v1.0.0
portable	Performance structure tests	2026-09-08T07:58:46.1808487Z ^[[1m^[[92m   Compiling^[[0m lebe v0.5.3
portable	Performance structure tests	2026-09-08T07:58:46.2954595Z ^[[1m^[[92m   Compiling^[[0m zed-font-kit v0.14.1-zed
portable	Performance structure tests	2026-09-08T07:58:46.3804557Z ^[[1m^[[92m   Compiling^[[0m dtor-proc-macro v0.0.5
portable	Performance structure tests	2026-09-08T07:58:46.5204692Z ^[[1m^[[92m   Compiling^[[0m ipnet v2.12.1
portable	Performance structure tests	2026-09-08T07:58:46.9169030Z ^[[1m^[[92m   Compiling^[[0m byteorder-lite v0.1.0
portable	Performance structure tests	2026-09-08T07:58:47.0864550Z ^[[1m^[[92m   Compiling^[[0m pico-args v0.5.0
portable	Performance structure tests	2026-09-08T07:58:47.2118182Z ^[[1m^[[92m   Compiling^[[0m unicode-segmentation v1.13.3
portable	Performance structure tests	2026-09-08T07:58:47.3097982Z ^[[1m^[[92m   Compiling^[[0m convert_case v0.4.0
portable	Performance structure tests	2026-09-08T07:58:47.3686789Z ^[[1m^[[92m   Compiling^[[0m bit_field v0.10.3
portable	Performance structure tests	2026-09-08T07:58:47.4524410Z ^[[1m^[[92m   Compiling^[[0m fax v0.2.7
portable	Performance structure tests	2026-09-08T07:58:47.5154264Z ^[[1m^[[92m   Compiling^[[0m take-until v0.2.0
portable	Performance structure tests	2026-09-08T07:58:47.5264864Z ^[[1m^[[92m   Compiling^[[0m unicode-bidi-mirroring v0.2.0
portable	Performance structure tests	2026-09-08T07:58:47.5524280Z ^[[1m^[[92m   Compiling^[[0m gimli v0.32.3
portable	Performance structure tests	2026-09-08T07:58:47.5742912Z ^[[1m^[[92m   Compiling^[[0m zeno v0.3.3
portable	Performance structure tests	2026-09-08T07:58:47.6394237Z ^[[1m^[[92m   Compiling^[[0m pxfm v0.1.30
portable	Performance structure tests	2026-09-08T07:58:48.0234868Z ^[[1m^[[92m   Compiling^[[0m color_quant v1.1.0
portable	Performance structure tests	2026-09-08T07:58:48.1313562Z ^[[1m^[[92m   Compiling^[[0m mint v0.5.9
portable	Performance structure tests	2026-09-08T07:58:48.3644611Z ^[[1m^[[92m   Compiling^[[0m blade-graphics v0.7.1
portable	Performance structure tests	2026-09-08T07:58:49.3194686Z ^[[1m^[[92m   Compiling^[[0m addr2line v0.25.1
portable	Performance structure tests	2026-09-08T07:58:49.5734737Z ^[[1m^[[92m   Compiling^[[0m moxcms v0.8.1
portable	Performance structure tests	2026-09-08T07:58:50.2718007Z ^[[1m^[[92m   Compiling^[[0m gif v0.14.2
portable	Performance structure tests	2026-09-08T07:58:50.3452111Z ^[[1m^[[92m   Compiling^[[0m swash v0.2.10
portable	Performance structure tests	2026-09-08T07:58:50.7565506Z ^[[1m^[[92m   Compiling^[[0m tiff v0.11.3
portable	Performance structure tests	2026-09-08T07:58:50.9325472Z ^[[1m^[[92m   Compiling^[[0m rustybuzz v0.14.1
portable	Performance structure tests	2026-09-08T07:58:52.2164745Z ^[[1m^[[92m   Compiling^[[0m gpui_util v0.2.2
portable	Performance structure tests	2026-09-08T07:58:53.4115249Z ^[[1m^[[92m   Compiling^[[0m derive_more v0.99.20
portable	Performance structure tests	2026-09-08T07:58:53.6814897Z ^[[1m^[[92m   Compiling^[[0m exr v1.74.2
portable	Performance structure tests	2026-09-08T07:58:54.0020062Z ^[[1m^[[92m   Compiling^[[0m usvg v0.45.1
portable	Performance structure tests	2026-09-08T07:58:54.9503168Z ^[[1m^[[92m   Compiling^[[0m image-webp v0.2.4
portable	Performance structure tests	2026-09-08T07:58:56.2794748Z ^[[1m^[[92m   Compiling^[[0m zed-reqwest v0.12.15-zed
portable	Performance structure tests	2026-09-08T07:58:56.6094820Z ^[[1m^[[92m   Compiling^[[0m fontdb v0.16.2
portable	Performance structure tests	2026-09-08T07:58:57.0894757Z ^[[1m^[[92m   Compiling^[[0m dtor v0.0.6
portable	Performance structure tests	2026-09-08T07:58:57.1506083Z ^[[1m^[[92m   Compiling^[[0m lyon_tessellation v1.0.21
portable	Performance structure tests	2026-09-08T07:58:57.1537856Z ^[[1m^[[92m   Compiling^[[0m zed-async-tar v0.5.0-zed
portable	Performance structure tests	2026-09-08T07:58:57.8444696Z ^[[1m^[[92m   Compiling^[[0m is-wsl v0.4.0
portable	Performance structure tests	2026-09-08T07:58:57.9131082Z ^[[1m^[[92m   Compiling^[[0m ravif v0.13.0
portable	Performance structure tests	2026-09-08T07:58:58.0274736Z ^[[1m^[[92m   Compiling^[[0m pathfinder_geometry v0.5.1
portable	Performance structure tests	2026-09-08T07:58:58.1598418Z ^[[1m^[[92m   Compiling^[[0m tiny-skia v0.11.4
portable	Performance structure tests	2026-09-08T07:58:59.0935137Z ^[[1m^[[92m   Compiling^[[0m stacksafe-macro v0.1.4
portable	Performance structure tests	2026-09-08T07:58:59.9224709Z ^[[1m^[[92m   Compiling^[[0m gpui v0.2.2
portable	Performance structure tests	2026-09-08T07:59:00.1301487Z ^[[1m^[[92m   Compiling^[[0m dirs v5.0.1
portable	Performance structure tests	2026-09-08T07:59:00.1784500Z ^[[1m^[[92m   Compiling^[[0m num v0.4.3
portable	Performance structure tests	2026-09-08T07:59:00.2030910Z ^[[1m^[[92m   Compiling^[[0m pbkdf2 v0.12.2
portable	Performance structure tests	2026-09-08T07:59:00.2484392Z ^[[1m^[[92m   Compiling^[[0m hkdf v0.12.4
portable	Performance structure tests	2026-09-08T07:59:00.3104487Z ^[[1m^[[92m   Compiling^[[0m aes v0.8.4
portable	Performance structure tests	2026-09-08T07:59:00.3184275Z ^[[1m^[[92m   Compiling^[[0m cbc v0.1.2
portable	Performance structure tests	2026-09-08T07:59:00.3732979Z ^[[1m^[[92m   Compiling^[[0m lyon_algorithms v1.0.21
portable	Performance structure tests	2026-09-08T07:59:00.7395523Z ^[[1m^[[92m   Compiling^[[0m ashpd v0.12.3
portable	Performance structure tests	2026-09-08T07:59:01.9925193Z ^[[1m^[[92m   Compiling^[[0m xim-ctext v0.3.0
portable	Performance structure tests	2026-09-08T07:59:02.0654633Z ^[[1m^[[92m   Compiling^[[0m png v0.18.1
portable	Performance structure tests	2026-09-08T07:59:02.5595596Z ^[[1m^[[92m   Compiling^[[0m calloop v0.13.0
portable	Performance structure tests	2026-09-08T07:59:03.3865891Z ^[[1m^[[92m   Compiling^[[0m wayland-protocols v0.32.13
portable	Performance structure tests	2026-09-08T07:59:04.1037977Z ^[[1m^[[92m   Compiling^[[0m wayland-protocols v0.31.2
portable	Performance structure tests	2026-09-08T07:59:04.9914600Z ^[[1m^[[92m   Compiling^[[0m md-5 v0.10.6
portable	Performance structure tests	2026-09-08T07:59:05.0999246Z ^[[1m^[[92m   Compiling^[[0m strum_macros v0.27.2
portable	Performance structure tests	2026-09-08T07:59:05.3632024Z ^[[1m^[[92m   Compiling^[[0m qoi v0.4.1
portable	Performance structure tests	2026-09-08T07:59:05.5014547Z ^[[1m^[[92m   Compiling^[[0m nanorand v0.7.0
portable	Performance structure tests	2026-09-08T07:59:05.6765155Z ^[[1m^[[92m   Compiling^[[0m serde_spanned v0.6.9
portable	Performance structure tests	2026-09-08T07:59:05.7344422Z ^[[1m^[[92m   Compiling^[[0m toml_datetime v0.6.11
portable	Performance structure tests	2026-09-08T07:59:05.8944478Z ^[[1m^[[92m   Compiling^[[0m crossbeam-queue v0.3.13
portable	Performance structure tests	2026-09-08T07:59:05.9724490Z ^[[1m^[[92m   Compiling^[[0m gpui_derive_refineable v0.2.2
portable	Performance structure tests	2026-09-08T07:59:06.3714730Z ^[[1m^[[92m   Compiling^[[0m smol_str v0.2.2
portable	Performance structure tests	2026-09-08T07:59:06.5174830Z ^[[1m^[[92m   Compiling^[[0m xkeysym v0.2.1
portable	Performance structure tests	2026-09-08T07:59:06.7234505Z ^[[1m^[[92m   Compiling^[[0m rangemap v1.8.0
portable	Performance structure tests	2026-09-08T07:59:06.9185029Z ^[[1m^[[92m   Compiling^[[0m winnow v0.7.15
portable	Performance structure tests	2026-09-08T07:59:07.0214950Z ^[[1m^[[92m   Compiling^[[0m atomic v0.5.3
portable	Performance structure tests	2026-09-08T07:59:07.1124719Z ^[[1m^[[92m   Compiling^[[0m pollster v0.2.5
portable	Performance structure tests	2026-09-08T07:59:07.1744446Z ^[[1m^[[92m   Compiling^[[0m unicode-linebreak v0.1.5
portable	Performance structure tests	2026-09-08T07:59:07.3169292Z ^[[1m^[[92m   Compiling^[[0m hashbrown v0.14.5
portable	Performance structure tests	2026-09-08T07:59:07.7184487Z ^[[1m^[[92m   Compiling^[[0m self_cell v1.3.0
portable	Performance structure tests	2026-09-08T07:59:07.7664538Z ^[[1m^[[92m   Compiling^[[0m ctor-proc-macro v0.0.6
portable	Performance structure tests	2026-09-08T07:59:07.8929852Z ^[[1m^[[92m   Compiling^[[0m svg_fmt v0.4.5
portable	Performance structure tests	2026-09-08T07:59:08.0434449Z ^[[1m^[[92m   Compiling^[[0m float-ord v0.3.2
portable	Performance structure tests	2026-09-08T07:59:08.0844657Z ^[[1m^[[92m   Compiling^[[0m byteorder v1.5.0
portable	Performance structure tests	2026-09-08T07:59:08.1219046Z ^[[1m^[[92m   Compiling^[[0m rustc-demangle v0.1.28
portable	Performance structure tests	2026-09-08T07:59:08.2284540Z ^[[1m^[[92m   Compiling^[[0m toml_write v0.1.2
portable	Performance structure tests	2026-09-08T07:59:08.2814291Z ^[[1m^[[92m   Compiling^[[0m grid v0.18.0
portable	Performance structure tests	2026-09-08T07:59:08.3344236Z ^[[1m^[[92m   Compiling^[[0m sys-locale v0.3.2
portable	Performance structure tests	2026-09-08T07:59:08.4034188Z ^[[1m^[[92m   Compiling^[[0m linked-hash-map v0.5.6
portable	Performance structure tests	2026-09-08T07:59:08.4154133Z ^[[1m^[[92m   Compiling^[[0m taffy v0.9.0
portable	Performance structure tests	2026-09-08T07:59:08.4660253Z ^[[1m^[[92m   Compiling^[[0m cosmic-text v0.14.2
portable	Performance structure tests	2026-09-08T07:59:08.4866496Z ^[[1m^[[92m   Compiling^[[0m yaml-rust v0.4.5
portable	Performance structure tests	2026-09-08T07:59:09.1055185Z ^[[1m^[[92m   Compiling^[[0m toml_edit v0.22.27
portable	Performance structure tests	2026-09-08T07:59:09.4195216Z ^[[1m^[[92m   Compiling^[[0m backtrace v0.3.76
portable	Performance structure tests	2026-09-08T07:59:10.5854758Z ^[[1m^[[92m   Compiling^[[0m etagere v0.2.15
portable	Performance structure tests	2026-09-08T07:59:10.5951400Z ^[[1m^[[92m   Compiling^[[0m ctor v0.4.3
portable	Performance structure tests	2026-09-08T07:59:10.6374592Z ^[[1m^[[92m   Compiling^[[0m zed-xim v0.4.0-zed
portable	Performance structure tests	2026-09-08T07:59:10.7984776Z ^[[1m^[[92m   Compiling^[[0m postage v0.5.0
portable	Performance structure tests	2026-09-08T07:59:10.8064647Z ^[[1m^[[92m   Compiling^[[0m ashpd v0.11.1
portable	Performance structure tests	2026-09-08T07:59:10.9930238Z ^[[1m^[[92m   Compiling^[[0m xkbcommon v0.8.0
portable	Performance structure tests	2026-09-08T07:59:11.1607561Z ^[[1m^[[92m   Compiling^[[0m strum v0.27.2
portable	Performance structure tests	2026-09-08T07:59:11.2047465Z ^[[1m^[[92m   Compiling^[[0m wayland-protocols-plasma v0.2.0
portable	Performance structure tests	2026-09-08T07:59:11.5795041Z ^[[1m^[[92m   Compiling^[[0m gpui_refineable v0.2.2
portable	Performance structure tests	2026-09-08T07:59:11.6285219Z ^[[1m^[[92m   Compiling^[[0m flume v0.11.1
portable	Performance structure tests	2026-09-08T07:59:11.8354777Z ^[[1m^[[92m   Compiling^[[0m image v0.25.10
portable	Performance structure tests	2026-09-08T07:59:12.0802674Z ^[[1m^[[92m   Compiling^[[0m oo7 v0.5.0
portable	Performance structure tests	2026-09-08T07:59:13.4929975Z ^[[1m^[[92m   Compiling^[[0m calloop-wayland-source v0.3.0
portable	Performance structure tests	2026-09-08T07:59:13.5594367Z ^[[1m^[[92m   Compiling^[[0m lyon v1.0.19
portable	Performance structure tests	2026-09-08T07:59:13.6260153Z ^[[1m^[[92m   Compiling^[[0m stacksafe v0.1.4
portable	Performance structure tests	2026-09-08T07:59:13.6964398Z ^[[1m^[[92m   Compiling^[[0m resvg v0.45.1
portable	Performance structure tests	2026-09-08T07:59:14.4755180Z ^[[1m^[[92m   Compiling^[[0m open v5.4.2
portable	Performance structure tests	2026-09-08T07:59:14.6345115Z ^[[1m^[[92m   Compiling^[[0m gpui_http_client v0.2.2
portable	Performance structure tests	2026-09-08T07:59:14.6394635Z ^[[1m^[[92m   Compiling^[[0m blade-util v0.3.0
portable	Performance structure tests	2026-09-08T07:59:14.7624478Z ^[[1m^[[92m   Compiling^[[0m x11-clipboard v0.9.3
portable	Performance structure tests	2026-09-08T07:59:15.3604729Z ^[[1m^[[92m   Compiling^[[0m wayland-cursor v0.31.14
portable	Performance structure tests	2026-09-08T07:59:15.5444828Z ^[[1m^[[92m   Compiling^[[0m fancy-regex v0.16.2
portable	Performance structure tests	2026-09-08T07:59:16.0417966Z ^[[1m^[[92m   Compiling^[[0m gpui_sum_tree v0.2.2
portable	Performance structure tests	2026-09-08T07:59:16.2718714Z ^[[1m^[[92m   Compiling^[[0m gpui_semantic_version v0.2.2
portable	Performance structure tests	2026-09-08T07:59:16.3343220Z ^[[1m^[[92m   Compiling^[[0m filedescriptor v0.8.3
portable	Performance structure tests	2026-09-08T07:59:16.4406173Z ^[[1m^[[92m   Compiling^[[0m gpui-macros v0.2.2
portable	Performance structure tests	2026-09-08T07:59:16.9995005Z ^[[1m^[[92m   Compiling^[[0m bincode v1.3.3
portable	Performance structure tests	2026-09-08T07:59:17.1987742Z ^[[1m^[[92m   Compiling^[[0m rhai_codegen v3.2.0
portable	Performance structure tests	2026-09-08T07:59:17.4910557Z ^[[1m^[[92m   Compiling^[[0m blade-macros v0.3.0
portable	Performance structure tests	2026-09-08T07:59:17.5674769Z ^[[1m^[[92m   Compiling^[[0m num_cpus v1.17.0
portable	Performance structure tests	2026-09-08T07:59:17.7765591Z ^[[1m^[[92m   Compiling^[[0m inventory v0.3.24
portable	Performance structure tests	2026-09-08T07:59:17.8147003Z ^[[1m^[[92m   Compiling^[[0m jiff-core v0.1.0
portable	Performance structure tests	2026-09-08T07:59:17.8532268Z ^[[1m^[[92m   Compiling^[[0m seahash v4.1.0
portable	Performance structure tests	2026-09-08T07:59:17.9145352Z ^[[1m^[[92m   Compiling^[[0m thin-vec v0.2.19
portable	Performance structure tests	2026-09-08T07:59:18.0634546Z ^[[1m^[[92m   Compiling^[[0m rhai v1.26.0
portable	Performance structure tests	2026-09-08T07:59:18.8464825Z ^[[1m^[[92m   Compiling^[[0m jiff v0.2.35
portable	Performance structure tests	2026-09-08T07:59:19.6764685Z ^[[1m^[[92m   Compiling^[[0m syntect v5.3.0
portable	Performance structure tests	2026-09-08T07:59:22.5822104Z ^[[1m^[[92m   Compiling^[[0m toml v0.8.23
portable	Performance structure tests	2026-09-08T07:59:23.1174825Z ^[[1m^[[92m   Compiling^[[0m similar v3.2.0
portable	Performance structure tests	2026-09-08T07:59:30.7072644Z ^[[1m^[[92m   Compiling^[[0m gpui-rhai v0.1.1 (/home/runner/work/gpui-rhai/gpui-rhai/crates/gpui-rhai)
portable	Performance structure tests	2026-09-08T07:59:52.2043958Z ^[[1m^[[92m   Compiling^[[0m gpui-rhai-performance-tests v0.0.0 (/home/runner/work/gpui-rhai/gpui-rhai/tests/performance)
portable	Performance structure tests	2026-09-08T07:59:54.1665051Z ^[[1m^[[91merror^[[0m^[[1m: linking with `cc` failed: exit status: 1^[[0m
portable	Performance structure tests	2026-09-08T07:59:54.1665945Z   ^[[1m^[[94m|^[[0m
portable	Performance structure tests	2026-09-08T07:59:54.1744236Z   ^[[1m^[[94m= ^[[0m^[[1mnote^[[0m:  "cc" "-m64" "/home/runner/work/gpui-rhai/gpui-rhai/tests/performance/target/debug/deps/rustcnK4W7K/symbols.o" "<17 object files omitted>" "-Wl,--as-needed" "-Wl,-Bstatic" "<sysroot>/lib/rustlib/x86_64-unknown-linux-gnu/lib/{libtest-*,libgetopts-*,librustc_std_workspace_std-*}.rlib" "/home/runner/work/gpui-rhai/gpui-rhai/tests/performance/target/debug/deps/{libgpui_rhai-a894ad2c0319cc9f,libtoml-615ece25adff26c3,libtoml_edit-117efa1b873fdc6a,libserde_spanned-a900f26cbcc6122a,libwinnow-dedbf3c90340b4d6,libtoml_write-3143b448dbd81d9b,libtoml_datetime-8b2a1c823c5eb7ad,libjiff-85734c97b45a5efd,libjiff_core-6d3cfbc59bc76f89,libsyntect-adc529e86997daf2,libfancy_regex-73e8d79537e9ef9d,libyaml_rust-9670199098df1cbd,liblinked_hash_map-f1627195d6e47fff,libbincode-bd86f801212fbec8,libsimilar-ee53872c91b406c8,libsemver-0fbc87ef021571a0,librhai-897bf8db1b0b498b,libsmartstring-c151ef3b0926f350,libthin_vec-81631e791ca0e57a,libgpui-bdd7dfe25479d07a,libzed_font_kit-cb2b8864535e8c22,libfloat_ord-6571588d33bdb747,libdirs-1b9ec6a2ceda644c,libdirs_sys-6b7750c8448c4ad5,liboption_ext-c01d79f424fb8ad1,libfontconfig_sys-bff2915b571bea17,libfreetype_sys-5e7c08841a92ddd5,libbyteorder-5c4bdcbcb75cdfb8,liblazy_static-4c8357f12d847f3d,libopen-1e25a47f1bb0dedf,libis_wsl-25d0c09b7d2fb410,libis_docker-31e020c0a94c9fb1,liboo7-7a513d0804cc5d4d,libpbkdf2-7df39d47c3fd8ba9,libaes-fef2f033046d4f44,libcbc-2690c5fc6d7e2858,libashpd-28109d8d9c4912dd,libnum_bigint_dig-84c55ad6c9dce906,librand-5019d2e790d64026,librand_chacha-8caf44c66e827a1c,libnum-ea9f7f40404d2f2b,libnum_iter-2ca61ad07085a908,libmd5-f4a61859aabe7cca,libhkdf-653e3d3b48197cc5,libhmac-ea2fc4c74888ef0b,libcipher-fd6c20d1666487c0,libinout-3e694d74969ca873,libblock_padding-65aea41103686c68,libflume-a1592c1592f6c781,libnanorand-6d08d42199bd4818,libspin-4f688aff8b766249,libctor-2f8da145436f4bb3,libdtor-1ad76ecc5e9a62f9,libinventory-10c5d7a58822eec2,libresvg-2a3780fb81f6ee87,libusvg-370d2f51536a1406,libunicode_vo-0a30e0f7188934f9,libimagesize-30ce3e8cf400855e,libdata_url-b8224dad4c086bcd,libxmlwriter-c48f0df65fa69982,librustybuzz-2107f0cbdafbc612,libunicode_bidi_mirroring-39cd4b69c267d9a2,libunicode_ccc-e360d1821c4adf08,libsimplecss-d7d5d828a439c663,libsvgtypes-01e1df6513f587dc,libkurbo-fe51e9ff8afccaed,libsiphasher-5315ee8efa297428,libfontdb-407f3b22daa29f64,libttf_parser-0cfbd82fb552cbb0,libtiny_skia-2111b33752296a4d,libpng-f14433b2042feb0a,libbitflags-a99b84e5a0249f85,libtiny_skia_path-51622b714b9e206e,libstrict_num-433a477112b85eb0,libfloat_cmp-ed2a60ce8baa0409,libarrayref-c1e5f2b15e54719d,libgpui_semantic_version-1c0b5cadc9b145f9,libseahash-a1b31e749d906b95,libbacktrace-cf3c9e7cadda7522,libobject-a325618148911f42,libaddr2line-fbce6ce74ee84849,libgimli-a3368461c7b51a77,librustc_demangle-a2deb7441e3ef81a,libblade_util-1b4ff4ef12fca08f,libzed_xim-a7ec0269601c0c22,libahash-689cd369c92b8ed0,libhashbrown-dedc91e47ae6b87b,libxim_ctext-b9f68db36729058d,libxim_parser-662ddee75042dff1,libx11rb-32437614ebf3221b,libgethostname-a76f7769091bd4dd,libx11rb_protocol-5b14eb887353e825,libblade_graphics-d7c187648fcd6e54,libash_window-aeda092e38152158,libraw_window_handle-0a5509d726917b48,libgpu_alloc-2337d26d32be6207,libmint-2c9bd7ccb32c8245,libgpu_alloc_ash-a6760e689495d9b7,libgpu_alloc_types-4f64693f2654db75,libash-db0dff3982498733,libnaga-867ade65fed1cd86,libhexf_parse-d6d3f2b9fa35bb83,libbit_set-ca7ea3bfd7420dc1,libbit_vec-a7682bbe0ab1e92c,libstrum-d795055d8825067e,libcodespan_reporting-509be305c007bda9,libunicode_width-29cdc68c7ecd1aab,libtermcolor-15ae553e3cd64f95,libhashbrown-c5c6867f2ab0cbe0,libfoldhash-0679206e217eef24,libspirv-bdb93c7788227593,libwayland_cursor-396da6fccb880792,libxcursor-b018407d55f73b53,libstrum-b735e7006f88bb73,libwayland_protocols_plasma-c5e871f2d212d559,libwayland_protocols-9411b4d22748cd92,libfiledescriptor-0aaf060ec0e6d53a,libcalloop_wayland_source-acb05cc59c653c2a,libashpd-26eb02f5f59546bc,libwayland_protocols-548528febd940f30,libwayland_client-8003b46816c54583,libwayland_backend-b672fe6cf66e1f6d,libdowncast_rs-e9c2be3af2593f91,libscoped_tls-1f853b154235c4e6,libwayland_sys-de30c30456bf835a,libdlib-3bebe2fc222be099,liblibloading-d95d37cab8b53df0,libzbus-db2a9e1166241957,libhex-a08e3650e8671746,libuuid-142923398c6d8d8e,libsha1_smol-b41fa2db7cf75d78,libordered_stream-f9d8a99a2bbefc49,libasync_broadcast-0d4bfd6209a3e1fb,libzbus_names-05ec0bf62f0aec6b,libzvariant-a8f7bf56e5e17856,libenumflags2-b8cdc88fe9355203,libendi-d4c8b11f4801381a,libzcheapstr-3b75afcf555ff562,libzvariant_utils-03dd7d13871f0847,libwinnow-177a65448957c429,libsyn-2ef0c7ef73525f57,libquote-c348f2f8ff4d7f9f,libproc_macro2-fc7e05a2381e26cd,libunicode_ident-9e9ea2ce1d4d219a}.rlib" "<sysroot>/lib/rustlib/x86_64-unknown-linux-gnu/lib/{libproc_macro-*,librustc_literal_escaper-*}.rlib" "/home/runner/work/gpui-rhai/gpui-rhai/tests/performance/target/debug/deps/{libpathfinder_geometry-469ebe63affe0ac4,libpathfinder_simd-d6501d3a372f405c,libcosmic_text-ef2f0480f58487f4,librustc_hash-9967769131f6d72e,libunicode_linebreak-5cc3fc9369eb675a,libsys_locale-d6c51a69e4cd4a9f,libswash-79effcd119e6600f,libyazi-513d947337de9a55,libskrifa-1bac906bcd62bca5,libread_fonts-7aa4b8685c76b142,libfont_types-566b876447b4775b,libzeno-ffa47b31fe3941af,libself_cell-bb0ba19fd298d864,librustybuzz-64cea4e07e8bb85a,libunicode_bidi_mirroring-6283da16b9eb0ff1,libunicode_script-7653fb6a3039384d,libunicode_ccc-ad5a7f1414ae22c6,libunicode_properties-3942461d5aa543dd,libttf_parser-23ef8c9f8100f003,libunicode_segmentation-cbd5d2f7177e05e8,libunicode_bidi-a6b4420e1e4c0deb,libfontdb-4fd4ad9ad3c51996,libfontconfig_parser-8362e597b3475538,libroxmltree-d952f42007f02450,libtinyvec-24e06cf9cfdda489,libtinyvec_macros-56031e0c8496bf34,libttf_parser-90d141bafb1d0af1,libsmol_str-c6e9f10aabd7fe20,librangemap-24c30bb25a50c302,libxkbcommon-69219503df4f7242,libxkeysym-f1ab08f7fa7f0512,libas_raw_xcb_connection-876041bbe47b69b4,libmemmap2-fb5d530d461f0a56,libcalloop-b8b6018806385b20,liblyon-9c7cca9a010456b6,liblyon_tessellation-1918df516307fa84,libfloat_next_after-3ccbfd5c2099bdee,liblyon_algorithms-1e7f2a049db41b52,liblyon_path-10f65955e11ed285,liblyon_geom-23e1f9313fc7b137,libetagere-e94de4215582d4f6,libsvg_fmt-4ab2c91d5068c079,libeuclid-05716e255182c470,libtaffy-015f4df2a9259c7c,libgrid-d9a7b14a99aac015,libgpui_sum_tree-5d0be7b8c7d9c571,libstacksafe-289427178b272b7b,libstacker-7b5cb30d98f7afd0,libpsm-cddcf0024c96de64,libgpui_refineable-cab50c12ec45dc70,libimage-60afeecc4631992c,libqoi-fedd8d1fb8ff1339,libmoxcms-0334ecb449e8aa43,libpxfm-fa378e979cb039b4,libimage_webp-5ce5a0586e77a38a,libtiff-43eb68c7f1d5591d,libfax-d02b150d100af87c,libpng-1eb837c8bace091d,libfdeflate-6cde64f546df99e3,libexr-ad9ef23853eea9c9,libminiz_oxide-dd1a56bb6b2c6614,libzune_inflate-f0e850a627d70244,libbit_field-d3c6cb6da96ee809,libpulp-bf2b16d7ec36bffe,libnum_complex-ccb5dfeeee14dd36,liblebe-793e6bccfc0b88ca,libhalf-a463f946fcf0fa26,libzune_jpeg-fa93be2392eccbd6,libzune_core-1d16d6e543fbc92d,libgif-90c5f213f736313f,libcolor_quant-3a0a9aaa70083b8d,libweezl-b72cadb958b0124e,libbyteorder_lite-183f96be3f1b28b3,libravif-e9c7a9aa07a323af,libloop9-c3252e884c361d9e,libavif_serialize-84145f0cc24d28d0,libquick_error-ceeefafb1db72601,librgb-f6d8367fb9cb8599,librav1e-474e5b37c4d53a2c,libprofiling-0594fc2967844c2c,libav_scenechange-0310b32b6a2cb0ed,liby4m-b75b2e332199b3c5,libaligned-d747294592ef6d63,libas_slice-33809fedb7bd7517,libav1_grain-580261877063ec46,libnom-88f8da2127ea33d8,libnum_rational-d8dc0ddcbab41f95,libnum_bigint-65effb6dffc03530,libnum_integer-3991aa90682c96fc,libmaybe_rayon-ab2fb502fc2eb5e4,librayon-1980d04e6c99ba56,librayon_core-e81c7aa68023d328,libcrossbeam_deque-712c16d5f96b2310,libcrossbeam_epoch-5948ca4b0d705390,libv_frame-9b9e81311a1ca4da,libarrayvec-45428248f2eb7752,libaligned_vec-52bc416147df75d2,libequator-11eb8c899cfe7777,libbitstream_io-4d8340cfa7c4287f,libimgref-9185ec69df4fad87,libbytemuck-59efe8919ca4d027,libnum_traits-a8896e0856d5323e,libpostage-dc62e7468c30b65e,libpollster-026b05f1067b0294,libcrossbeam_queue-b60d661db1abc968,libstatic_assertions-a6e862edae787477,libatomic-41a29b84905bb6ca,libgpui_http_client-bdb54874d6b4a633,libzed_async_tar-129aead708d80fde,libxattr-67d79940deb19318,libfiletime-62547d4ed6f2481a,libasync_std-141e291e2a9c4ab9,libasync_global_executor-e62a7c7fcd155314,libasync_channel-b0ec0b363ca1e54b,libevent_listener-16e4a3bc1e181f3a,libpin_utils-830eeaf0ac4b2d44,libkv_log_macro-2dd7380a58b41ea6,libgpui_util-56fc7721216f45af,librust_embed-2939ac739c5a6650,librust_embed_utils-bd482d1e9ea8f8e5,libwalkdir-591393a352827b54,libsame_file-f302c3e72de507d3,libsha2-f01744fc4fa0d956,libcpufeatures-2dd61d3f1bcfb303,libdigest-47ec8294dda1d805,libconst_oid-a778d1a866956c20,libcrypto_common-266bae287dce19b6,libblock_buffer-b995f8457ef8794f,libhybrid_array-9a9a1616a54ad03d,libserde_json_lenient-adc82b17c0446cdf,libnix-5b431b209bc4d800,libwhich-7aab8b3f23dc936e,libhome-011148206977b914,librustix-4ef99ab7cabbc667,liblinux_raw_sys-ccafca312a679250,libshlex-6e488a3e30919c4d,libdirs-fea8fa48acb2711d,libdirs_sys-8c6d762aa9fd22a3,libsmol-f21959ac9c1b517f,libasync_process-480f6c66cad4eeeb,libasync_signal-da756f3585586084,libsignal_hook_registry-06f839c1995d07a1,liberrno-eaafb67e6118eb29,libasync_net-dc4cd6548218dc74,libasync_io-005ecb705c7b1031,libpolling-1f90288d69e4d885,libasync_executor-03f980ef6ef4973b,librand-7040fe25906cb710,librand_chacha-62ff71aefdeb088d,libppv_lite86-490aac16f24f71f0,libzerocopy-eccfa19625862c21,librand_core-d4667c1a69bbc6a5,libgetrandom-1281e4005088524c,libtake_until-fba2c1b6eca567d2,libgit2-db9659283aeeef85,liblibgit2_sys-cf5918b42a13ce47,liblibz_sys-9c67f7468209bb7f,libcommand_fds-20805d34594cfebb,libthiserror-913a9d52fc5e7533,libnix-8bfeaba5651fb854,libschemars-0cbe9656c0b5e133,libdyn_clone-d5787d84bd6020f2,libref_cast-f0fddc754e63c490,libregex-aa48455c82416e9b,libglobset-f6cd30d9f69288b9,libregex_automata-0dc737559b12bcf7,libregex_syntax-71ff523a2ff45829,libbstr-92c6612bae05f62b,libaho_corasick-3b4965e330151885,libfutures_lite-f19baa7ca362fd11,libfastrand-d593e30087acaa06,libwaker_fn-18a0a4a0c5904a11,libasync_zip-38e8a97148a47a68,libpin_project-da4bb76a2d5a071c,libtempfile-c5a9bf76a7f9b4ce,libgetrandom-260500c0facc3f3b,librustix-4a6d42cc3d2d5e9c,libbitflags-be1a0e12ec45c359,liblinux_raw_sys-12f7cb961a26734e,libasync_fs-8bfc4d0f67b59759,libblocking-bf7631de0a1408ed,libpiper-1595d63e5309d2cf,libfutures_lite-40d251aeac74edec,libfastrand-fb8ababd87e80100,libasync_task-8f5325c382f81ce5,libasync_channel-fe16894442b6d9f0,libconcurrent_queue-b6f804c856138f51,libcrossbeam_utils-f6a42182d5c423ef,libasync_lock-62261dc78a28f7b9,libevent_listener_strategy-995d18a9196265ae,libevent_listener-e50937542fc37b59,libparking-83c45631fbca9d42,libzed_reqwest-b56045d6f58d3328,libserde_urlencoded-bde2f4c38be2641b,libryu-8ad791a528f6484b,libbase64-5ec41e4236db44dc,librustls_pemfile-a3c6f47f77f72efa,libipnet-6d7a9078ff0f7137,libtokio_socks-a1d6835121c36676,libthiserror-d60bc7ce76b13b26,libhyper_rustls-d70658e2477f76a0,librustls_native_certs-7ad700db67c6f964,libopenssl_probe-ade1a60c92b704d3,libtokio_rustls-36553f94e05a7055,librustls-fcf435c87e834aad,libwebpki-f2cc42fe0e955231,libring-99f6789b63b7d280,libuntrusted-abaddb3e9f1e50c5,librustls_pki_types-ce52c2b6438bfab1,libzeroize-1f70f27bfb779e52,libencoding_rs-82e025ed9e7449f2,libmime_guess-f3d11967eded27df,libunicase-0d0adb9419d62d92,libmime-1c95db8569ea6775,libtower-127868aadbd324ea,libsync_wrapper-189dad052b1d4960,libtower_layer-5799312bcbd3a3f1,libhyper_util-34195a762ed27ba2,libtower_service-7154d326c7b14509,libhyper-f520f1b32b920f89,libwant-aff7f516a7b7ffec,libtry_lock-9e71c33594445eba,libhttparse-40fdfcdb8060697c,libh2-a243f2c76d426b4a,libtracing-72d71ba8dded68c5,libtracing_core-86d98bf6c1cbe2bb,libonce_cell-9cbce27e79887228,libportable_atomic-d8512a6971144c0c,libfnv-1e77ae8f0484c8fd,libatomic_waker-60d48cad28c8a968,libtokio_util-61a9cad7205c8524,libtokio-c5d8c4c357a7d0ce,libsocket2-f83a39b4efbec96c,libmio-f483221dca18f1cd,libhttp_body_util-2cebc92c66479796,liblog-5de3f9b110b008d7,libvalue_bag-cbd1ee10a136d7f6,libvalue_bag_serde1-dd1b3322fc10f412,libserde_fmt-50019532549157ad,liberased_serde-c203cf8a3efeb570,libtypeid-afe86601fa96e9f4,libsha2-65bd38b7f17a7bc0,libcpufeatures-0682f7078379b6b3,libdigest-e48f59899beee9f7,libsubtle-406cb1307822e2be,libblock_buffer-d8e871f5b0673bd1,libcrypto_common-0b9159dcccc203dc,libgeneric_array-476ac6f115ced909,libtypenum-13875ddbe7cac86e,librand_core-818f5ae388ca8c98,libgetrandom-49cae597fdd3668a,libasync_compression-e81673f6ed2cc7b5,libcompression_codecs-489fa25ba727b123,libflate2-a1cedf938f4140f5,libminiz_oxide-04451f26b0dadfc5,libsimd_adler32-36f2cf05589ffdcc,libcrc32fast-32c95eb7188acae8,libdeflate64-fe0588581583e95c,libcompression_core-6f102be2f39e92fc,liburl-b352a240c2fdd9ac,libidna-18ec3ea3e752e44e,libidna_adapter-18f008e3d0b7f55d,libicu_properties-1d46962f6f2e14b1,libicu_properties_data-e43ce5854cbb658b,libicu_normalizer-8fe3b3547a2caa78,libicu_normalizer_data-7b4d4f4667f0a306,libicu_collections-04aeb4906bb32702,libutf8_iter-82bbc49cfe90c9de,libpotential_utf-e54b915c8261648a,libicu_provider-a4c36f1a53b64a69,libicu_locale_core-4c7a189ca5f3d1f2,libtinystr-4e6eaa2fdd918aff,liblitemap-5be3e71d545eac94,libwriteable-df7bbc6b18200884,libzerovec-6eaebf8359853592,libzerotrie-db91fbcdca458a6f,libyoke-109276f08d06737b,libstable_deref_trait-59dad3ac91d80cb5,libzerofrom-87bac4223b73edcf,libform_urlencoded-c4f6050961d1d3f4,libpercent_encoding-59af404988bd156b,libhttp_body-fe2dca214bb95c87,libhttp-44c5c4be27931f9b,libbytes-0dd37af4e4cb0f76,libslotmap-5f22c5b27829d93c,libparking_lot-721ae49fc74288ae,libparking_lot_core-f51b98b9cc079a92,liblibc-d3138494f35b91a9,libcfg_if-9d8e838b3d041728,libsmallvec-13b7c46c5b27cd77,libserde-2b7dd34dbac7b135,liblock_api-ff7515981521d845,libscopeguard-eb27cf17e2db02c5,libitertools-4e80983cc678cd61,libeither-dd5f5403b40e7a00,libfutures-7eacf2daa51bb896,libfutures_executor-bc08ffab3e43b76f,libfutures_util-f2874ad956fed5ec,libfutures_io-096fdad89367e0ff,libslab-bc5a6f8dc9a8ac87,libfutures_channel-de592003254d57b3,libpin_project_lite-3d1e25234effa67a,libfutures_sink-f73a8a11ef6650dc,libfutures_task-bebf474249b6c554,libfutures_core-667786128e1e7d24,libserde_json-6783a9e115d30a1e,libmemchr-2ce34bf94e566b35,libitoa-c718f49b83cc3644,libzmij-4a55e7ca005c265f,libgpui_collections-dd8d37e5ca7ddb31,librustc_hash-32e378c7b2f8f2e1,libindexmap-ab0d178948028e3a,libequivalent-e7ca67f7d85e4db3,libserde_core-ea164507617b5ca3,libhashbrown-51a43bf0680ff00d,libanyhow-65e3638b959fbb2d}.rlib" "<sysroot>/lib/rustlib/x86_64-unknown-linux-gnu/lib/{libstd-*,libpanic_unwind-*,libobject-*,libmemchr-*,libaddr2line-*,libgimli-*,libcfg_if-*,librustc_demangle-*,libstd_detect-*,libhashbrown-*,librustc_std_workspace_alloc-*,libminiz_oxide-*,libadler2-*,libunwind-*,liblibc-*,librustc_std_workspace_core-*,liballoc-*,libcore-*,libcompiler_builtins-*}.rlib" "-Wl,-Bdynamic" "-lstdc++" "-lxcb" "-ldl" "-lxkbcommon" "-lxkbcommon-x11" "-lz" "-lgcc_s" "-lutil" "-lrt" "-lpthread" "-lm" "-ldl" "-lc" "-L" "/home/runner/work/gpui-rhai/gpui-rhai/tests/performance/target/debug/deps/rustcnK4W7K/raw-dylibs" "-B<sysroot>/lib/rustlib/x86_64-unknown-linux-gnu/bin/gcc-ld" "-fuse-ld=lld" "-Wl,--eh-frame-hdr" "-Wl,-z,noexecstack" "-L" "/home/runner/work/gpui-rhai/gpui-rhai/tests/performance/target/debug/build/libgit2-sys-55f0970b51dc166f/out/build" "-L" "/home/runner/work/gpui-rhai/gpui-rhai/tests/performance/target/debug/build/ring-81587803e948fad3/out" "-L" "/home/runner/work/gpui-rhai/gpui-rhai/tests/performance/target/debug/build/psm-491150465642e0af/out" "-L" "/home/runner/work/gpui-rhai/gpui-rhai/tests/performance/target/debug/build/freetype-sys-b5eb47878fc44d70/out" "-L" "<sysroot>/lib/rustlib/x86_64-unknown-linux-gnu/lib" "-o" "/home/runner/work/gpui-rhai/gpui-rhai/tests/performance/target/debug/deps/e2e-88052299fd9c46fd" "-Wl,--gc-sections" "-pie" "-Wl,-z,relro,-z,now" "-nodefaultlibs"
portable	Performance structure tests	2026-09-08T07:59:54.1796481Z   ^[[1m^[[94m= ^[[0m^[[1mnote^[[0m: some arguments are omitted. use `--verbose` to show all linker arguments
portable	Performance structure tests	2026-09-08T07:59:54.1797038Z   ^[[1m^[[94m= ^[[0m^[[1mnote^[[0m: rust-lld: error: unable to find library -lxcb
portable	Performance structure tests	2026-09-08T07:59:54.1797376Z           rust-lld: error: unable to find library -lxkbcommon
portable	Performance structure tests	2026-09-08T07:59:54.1797686Z           rust-lld: error: unable to find library -lxkbcommon-x11
portable	Performance structure tests	2026-09-08T07:59:54.1797975Z           collect2: error: ld returned 1 exit status
portable	Performance structure tests	2026-09-08T07:59:54.1798209Z           
portable	Performance structure tests	2026-09-08T07:59:54.1798336Z 
portable	Performance structure tests	2026-09-08T07:59:54.1798518Z ^[[1m^[[91merror^[[0m^[[1m: linking with `cc` failed: exit status: 1^[[0m
portable	Performance structure tests	2026-09-08T07:59:54.1798804Z   ^[[1m^[[94m|^[[0m
portable	Performance structure tests	2026-09-08T07:59:54.1852220Z   ^[[1m^[[94m= ^[[0m^[[1mnote^[[0m:  "cc" "-m64" "/home/runner/work/gpui-rhai/gpui-rhai/tests/performance/target/debug/deps/rustcUqk0DB/symbols.o" "<3 object files omitted>" "-Wl,--as-needed" "-Wl,-Bstatic" "<sysroot>/lib/rustlib/x86_64-unknown-linux-gnu/lib/{libtest-*,libgetopts-*,librustc_std_workspace_std-*}.rlib" "/home/runner/work/gpui-rhai/gpui-rhai/tests/performance/target/debug/deps/{libgpui_rhai-a894ad2c0319cc9f,libtoml-615ece25adff26c3,libtoml_edit-117efa1b873fdc6a,libserde_spanned-a900f26cbcc6122a,libwinnow-dedbf3c90340b4d6,libtoml_write-3143b448dbd81d9b,libtoml_datetime-8b2a1c823c5eb7ad,libjiff-85734c97b45a5efd,libjiff_core-6d3cfbc59bc76f89,libgpui-bdd7dfe25479d07a,libzed_font_kit-cb2b8864535e8c22,libfloat_ord-6571588d33bdb747,libdirs-1b9ec6a2ceda644c,libdirs_sys-6b7750c8448c4ad5,liboption_ext-c01d79f424fb8ad1,libfontconfig_sys-bff2915b571bea17,libfreetype_sys-5e7c08841a92ddd5,libbyteorder-5c4bdcbcb75cdfb8,liblazy_static-4c8357f12d847f3d,libopen-1e25a47f1bb0dedf,libis_wsl-25d0c09b7d2fb410,libis_docker-31e020c0a94c9fb1,liboo7-7a513d0804cc5d4d,libpbkdf2-7df39d47c3fd8ba9,libaes-fef2f033046d4f44,libcbc-2690c5fc6d7e2858,libashpd-28109d8d9c4912dd,libnum_bigint_dig-84c55ad6c9dce906,librand-5019d2e790d64026,librand_chacha-8caf44c66e827a1c,libnum-ea9f7f40404d2f2b,libnum_iter-2ca61ad07085a908,libmd5-f4a61859aabe7cca,libhkdf-653e3d3b48197cc5,libhmac-ea2fc4c74888ef0b,libcipher-fd6c20d1666487c0,libinout-3e694d74969ca873,libblock_padding-65aea41103686c68,libflume-a1592c1592f6c781,libnanorand-6d08d42199bd4818,libspin-4f688aff8b766249,libctor-2f8da145436f4bb3,libdtor-1ad76ecc5e9a62f9,libinventory-10c5d7a58822eec2,libresvg-2a3780fb81f6ee87,libusvg-370d2f51536a1406,libunicode_vo-0a30e0f7188934f9,libimagesize-30ce3e8cf400855e,libdata_url-b8224dad4c086bcd,libxmlwriter-c48f0df65fa69982,librustybuzz-2107f0cbdafbc612,libunicode_bidi_mirroring-39cd4b69c267d9a2,libunicode_ccc-e360d1821c4adf08,libsimplecss-d7d5d828a439c663,libsvgtypes-01e1df6513f587dc,libkurbo-fe51e9ff8afccaed,libsiphasher-5315ee8efa297428,libfontdb-407f3b22daa29f64,libttf_parser-0cfbd82fb552cbb0,libtiny_skia-2111b33752296a4d,libpng-f14433b2042feb0a,libbitflags-a99b84e5a0249f85,libtiny_skia_path-51622b714b9e206e,libstrict_num-433a477112b85eb0,libfloat_cmp-ed2a60ce8baa0409,libarrayref-c1e5f2b15e54719d,libgpui_semantic_version-1c0b5cadc9b145f9,libseahash-a1b31e749d906b95,libbacktrace-cf3c9e7cadda7522,libobject-a325618148911f42,libaddr2line-fbce6ce74ee84849,libgimli-a3368461c7b51a77,librustc_demangle-a2deb7441e3ef81a,libblade_util-1b4ff4ef12fca08f,libzed_xim-a7ec0269601c0c22,libhashbrown-dedc91e47ae6b87b,libxim_ctext-b9f68db36729058d,libxim_parser-662ddee75042dff1,libx11rb-32437614ebf3221b,libgethostname-a76f7769091bd4dd,libx11rb_protocol-5b14eb887353e825,libblade_graphics-d7c187648fcd6e54,libash_window-aeda092e38152158,libraw_window_handle-0a5509d726917b48,libgpu_alloc-2337d26d32be6207,libmint-2c9bd7ccb32c8245,libgpu_alloc_ash-a6760e689495d9b7,libgpu_alloc_types-4f64693f2654db75,libash-db0dff3982498733,libnaga-867ade65fed1cd86,libhexf_parse-d6d3f2b9fa35bb83,libstrum-d795055d8825067e,libcodespan_reporting-509be305c007bda9,libunicode_width-29cdc68c7ecd1aab,libtermcolor-15ae553e3cd64f95,libhashbrown-c5c6867f2ab0cbe0,libfoldhash-0679206e217eef24,libspirv-bdb93c7788227593,libwayland_cursor-396da6fccb880792,libxcursor-b018407d55f73b53,libstrum-b735e7006f88bb73,libwayland_protocols_plasma-c5e871f2d212d559,libwayland_protocols-9411b4d22748cd92,libfiledescriptor-0aaf060ec0e6d53a,libcalloop_wayland_source-acb05cc59c653c2a,libashpd-26eb02f5f59546bc,libwayland_protocols-548528febd940f30,libwayland_client-8003b46816c54583,libwayland_backend-b672fe6cf66e1f6d,libdowncast_rs-e9c2be3af2593f91,libscoped_tls-1f853b154235c4e6,libwayland_sys-de30c30456bf835a,libdlib-3bebe2fc222be099,liblibloading-d95d37cab8b53df0,libzbus-db2a9e1166241957,libhex-a08e3650e8671746,libuuid-142923398c6d8d8e,libsha1_smol-b41fa2db7cf75d78,libordered_stream-f9d8a99a2bbefc49,libasync_broadcast-0d4bfd6209a3e1fb,libzbus_names-05ec0bf62f0aec6b,libzvariant-a8f7bf56e5e17856,libenumflags2-b8cdc88fe9355203,libendi-d4c8b11f4801381a,libzcheapstr-3b75afcf555ff562,libzvariant_utils-03dd7d13871f0847,libwinnow-177a65448957c429,libsyn-2ef0c7ef73525f57,libquote-c348f2f8ff4d7f9f,libproc_macro2-fc7e05a2381e26cd,libunicode_ident-9e9ea2ce1d4d219a}.rlib" "<sysroot>/lib/rustlib/x86_64-unknown-linux-gnu/lib/{libproc_macro-*,librustc_literal_escaper-*}.rlib" "/home/runner/work/gpui-rhai/gpui-rhai/tests/performance/target/debug/deps/{libpathfinder_geometry-469ebe63affe0ac4,libpathfinder_simd-d6501d3a372f405c,libcosmic_text-ef2f0480f58487f4,librustc_hash-9967769131f6d72e,libunicode_linebreak-5cc3fc9369eb675a,libsys_locale-d6c51a69e4cd4a9f,libswash-79effcd119e6600f,libyazi-513d947337de9a55,libskrifa-1bac906bcd62bca5,libread_fonts-7aa4b8685c76b142,libfont_types-566b876447b4775b,libzeno-ffa47b31fe3941af,libself_cell-bb0ba19fd298d864,librustybuzz-64cea4e07e8bb85a,libunicode_bidi_mirroring-6283da16b9eb0ff1,libunicode_script-7653fb6a3039384d,libunicode_ccc-ad5a7f1414ae22c6,libunicode_properties-3942461d5aa543dd,libttf_parser-23ef8c9f8100f003,libunicode_bidi-a6b4420e1e4c0deb,libfontdb-4fd4ad9ad3c51996,libfontconfig_parser-8362e597b3475538,libroxmltree-d952f42007f02450,libtinyvec-24e06cf9cfdda489,libtinyvec_macros-56031e0c8496bf34,libttf_parser-90d141bafb1d0af1,libsmol_str-c6e9f10aabd7fe20,librangemap-24c30bb25a50c302,libxkbcommon-69219503df4f7242,libxkeysym-f1ab08f7fa7f0512,libas_raw_xcb_connection-876041bbe47b69b4,libmemmap2-fb5d530d461f0a56,libcalloop-b8b6018806385b20,liblyon-9c7cca9a010456b6,liblyon_tessellation-1918df516307fa84,libfloat_next_after-3ccbfd5c2099bdee,liblyon_algorithms-1e7f2a049db41b52,liblyon_path-10f65955e11ed285,liblyon_geom-23e1f9313fc7b137,libetagere-e94de4215582d4f6,libsvg_fmt-4ab2c91d5068c079,libeuclid-05716e255182c470,libtaffy-015f4df2a9259c7c,libgrid-d9a7b14a99aac015,libgpui_sum_tree-5d0be7b8c7d9c571,libstacksafe-289427178b272b7b,libstacker-7b5cb30d98f7afd0,libpsm-cddcf0024c96de64,libgpui_refineable-cab50c12ec45dc70,libimage-60afeecc4631992c,libqoi-fedd8d1fb8ff1339,libmoxcms-0334ecb449e8aa43,libpxfm-fa378e979cb039b4,libimage_webp-5ce5a0586e77a38a,libtiff-43eb68c7f1d5591d,libfax-d02b150d100af87c,libpng-1eb837c8bace091d,libfdeflate-6cde64f546df99e3,libexr-ad9ef23853eea9c9,libminiz_oxide-dd1a56bb6b2c6614,libzune_inflate-f0e850a627d70244,libbit_field-d3c6cb6da96ee809,libpulp-bf2b16d7ec36bffe,libnum_complex-ccb5dfeeee14dd36,liblebe-793e6bccfc0b88ca,libhalf-a463f946fcf0fa26,libzune_jpeg-fa93be2392eccbd6,libzune_core-1d16d6e543fbc92d,libgif-90c5f213f736313f,libcolor_quant-3a0a9aaa70083b8d,libweezl-b72cadb958b0124e,libbyteorder_lite-183f96be3f1b28b3,libravif-e9c7a9aa07a323af,libloop9-c3252e884c361d9e,libavif_serialize-84145f0cc24d28d0,libquick_error-ceeefafb1db72601,librgb-f6d8367fb9cb8599,librav1e-474e5b37c4d53a2c,libprofiling-0594fc2967844c2c,libav_scenechange-0310b32b6a2cb0ed,liby4m-b75b2e332199b3c5,libaligned-d747294592ef6d63,libas_slice-33809fedb7bd7517,libav1_grain-580261877063ec46,libnom-88f8da2127ea33d8,libnum_rational-d8dc0ddcbab41f95,libnum_bigint-65effb6dffc03530,libnum_integer-3991aa90682c96fc,libmaybe_rayon-ab2fb502fc2eb5e4,librayon-1980d04e6c99ba56,librayon_core-e81c7aa68023d328,libcrossbeam_deque-712c16d5f96b2310,libcrossbeam_epoch-5948ca4b0d705390,libv_frame-9b9e81311a1ca4da,libarrayvec-45428248f2eb7752,libaligned_vec-52bc416147df75d2,libequator-11eb8c899cfe7777,libbitstream_io-4d8340cfa7c4287f,libimgref-9185ec69df4fad87,libbytemuck-59efe8919ca4d027,libpostage-dc62e7468c30b65e,libpollster-026b05f1067b0294,libcrossbeam_queue-b60d661db1abc968,libatomic-41a29b84905bb6ca,libgpui_http_client-bdb54874d6b4a633,libzed_async_tar-129aead708d80fde,libxattr-67d79940deb19318,libfiletime-62547d4ed6f2481a,libasync_std-141e291e2a9c4ab9,libasync_global_executor-e62a7c7fcd155314,libasync_channel-b0ec0b363ca1e54b,libevent_listener-16e4a3bc1e181f3a,libpin_utils-830eeaf0ac4b2d44,libkv_log_macro-2dd7380a58b41ea6,libgpui_util-56fc7721216f45af,librust_embed-2939ac739c5a6650,librust_embed_utils-bd482d1e9ea8f8e5,libsha2-f01744fc4fa0d956,libcpufeatures-2dd61d3f1bcfb303,libdigest-47ec8294dda1d805,libconst_oid-a778d1a866956c20,libcrypto_common-266bae287dce19b6,libblock_buffer-b995f8457ef8794f,libhybrid_array-9a9a1616a54ad03d,libserde_json_lenient-adc82b17c0446cdf,libnix-5b431b209bc4d800,libwhich-7aab8b3f23dc936e,libhome-011148206977b914,librustix-4ef99ab7cabbc667,liblinux_raw_sys-ccafca312a679250,libshlex-6e488a3e30919c4d,libdirs-fea8fa48acb2711d,libdirs_sys-8c6d762aa9fd22a3,libsmol-f21959ac9c1b517f,libasync_process-480f6c66cad4eeeb,libasync_signal-da756f3585586084,libsignal_hook_registry-06f839c1995d07a1,liberrno-eaafb67e6118eb29,libasync_net-dc4cd6548218dc74,libasync_io-005ecb705c7b1031,libpolling-1f90288d69e4d885,libasync_executor-03f980ef6ef4973b,librand-7040fe25906cb710,librand_chacha-62ff71aefdeb088d,libppv_lite86-490aac16f24f71f0,librand_core-d4667c1a69bbc6a5,libtake_until-fba2c1b6eca567d2,libgit2-db9659283aeeef85,liblibgit2_sys-cf5918b42a13ce47,liblibz_sys-9c67f7468209bb7f,libcommand_fds-20805d34594cfebb,libnix-8bfeaba5651fb854,libschemars-0cbe9656c0b5e133,libdyn_clone-d5787d84bd6020f2,libref_cast-f0fddc754e63c490,libregex-aa48455c82416e9b,libglobset-f6cd30d9f69288b9,libbstr-92c6612bae05f62b,libfutures_lite-f19baa7ca362fd11,libfastrand-d593e30087acaa06,libwaker_fn-18a0a4a0c5904a11,libasync_zip-38e8a97148a47a68,libpin_project-da4bb76a2d5a071c,libtempfile-c5a9bf76a7f9b4ce,libgetrandom-260500c0facc3f3b,librustix-4a6d42cc3d2d5e9c,liblinux_raw_sys-12f7cb961a26734e,libasync_fs-8bfc4d0f67b59759,libblocking-bf7631de0a1408ed,libpiper-1595d63e5309d2cf,libfutures_lite-40d251aeac74edec,libfastrand-fb8ababd87e80100,libasync_task-8f5325c382f81ce5,libasync_channel-fe16894442b6d9f0,libconcurrent_queue-b6f804c856138f51,libcrossbeam_utils-f6a42182d5c423ef,libasync_lock-62261dc78a28f7b9,libevent_listener_strategy-995d18a9196265ae,libevent_listener-e50937542fc37b59,libparking-83c45631fbca9d42,libzed_reqwest-b56045d6f58d3328,libserde_urlencoded-bde2f4c38be2641b,libryu-8ad791a528f6484b,libbase64-5ec41e4236db44dc,librustls_pemfile-a3c6f47f77f72efa,libipnet-6d7a9078ff0f7137,libtokio_socks-a1d6835121c36676,libthiserror-d60bc7ce76b13b26,libhyper_rustls-d70658e2477f76a0,librustls_native_certs-7ad700db67c6f964,libopenssl_probe-ade1a60c92b704d3,libtokio_rustls-36553f94e05a7055,librustls-fcf435c87e834aad,libwebpki-f2cc42fe0e955231,libring-99f6789b63b7d280,libuntrusted-abaddb3e9f1e50c5,librustls_pki_types-ce52c2b6438bfab1,libzeroize-1f70f27bfb779e52,libencoding_rs-82e025ed9e7449f2,libmime_guess-f3d11967eded27df,libunicase-0d0adb9419d62d92,libmime-1c95db8569ea6775,libtower-127868aadbd324ea,libsync_wrapper-189dad052b1d4960,libtower_layer-5799312bcbd3a3f1,libhyper_util-34195a762ed27ba2,libtower_service-7154d326c7b14509,libhyper-f520f1b32b920f89,libwant-aff7f516a7b7ffec,libtry_lock-9e71c33594445eba,libhttparse-40fdfcdb8060697c,libh2-a243f2c76d426b4a,libtracing-72d71ba8dded68c5,libtracing_core-86d98bf6c1cbe2bb,libatomic_waker-60d48cad28c8a968,libtokio_util-61a9cad7205c8524,libtokio-c5d8c4c357a7d0ce,libsocket2-f83a39b4efbec96c,libmio-f483221dca18f1cd,libhttp_body_util-2cebc92c66479796,liblog-5de3f9b110b008d7,libvalue_bag-cbd1ee10a136d7f6,libvalue_bag_serde1-dd1b3322fc10f412,libserde_fmt-50019532549157ad,liberased_serde-c203cf8a3efeb570,libtypeid-afe86601fa96e9f4,libsha2-65bd38b7f17a7bc0,libcpufeatures-0682f7078379b6b3,libdigest-e48f59899beee9f7,libsubtle-406cb1307822e2be,libblock_buffer-d8e871f5b0673bd1,libcrypto_common-0b9159dcccc203dc,libgeneric_array-476ac6f115ced909,libtypenum-13875ddbe7cac86e,librand_core-818f5ae388ca8c98,libgetrandom-49cae597fdd3668a,libasync_compression-e81673f6ed2cc7b5,libcompression_codecs-489fa25ba727b123,libdeflate64-fe0588581583e95c,libcompression_core-6f102be2f39e92fc,liburl-b352a240c2fdd9ac,libidna-18ec3ea3e752e44e,libidna_adapter-18f008e3d0b7f55d,libicu_properties-1d46962f6f2e14b1,libicu_properties_data-e43ce5854cbb658b,libicu_normalizer-8fe3b3547a2caa78,libicu_normalizer_data-7b4d4f4667f0a306,libicu_collections-04aeb4906bb32702,libutf8_iter-82bbc49cfe90c9de,libpotential_utf-e54b915c8261648a,libicu_provider-a4c36f1a53b64a69,libicu_locale_core-4c7a189ca5f3d1f2,libtinystr-4e6eaa2fdd918aff,liblitemap-5be3e71d545eac94,libwriteable-df7bbc6b18200884,libzerovec-6eaebf8359853592,libzerotrie-db91fbcdca458a6f,libyoke-109276f08d06737b,libstable_deref_trait-59dad3ac91d80cb5,libzerofrom-87bac4223b73edcf,libform_urlencoded-c4f6050961d1d3f4,libpercent_encoding-59af404988bd156b,libhttp_body-fe2dca214bb95c87,libhttp-44c5c4be27931f9b,libbytes-0dd37af4e4cb0f76,libslotmap-5f22c5b27829d93c,libparking_lot-721ae49fc74288ae,libparking_lot_core-f51b98b9cc079a92,liblock_api-ff7515981521d845,libscopeguard-eb27cf17e2db02c5,libitertools-4e80983cc678cd61,libeither-dd5f5403b40e7a00,libfutures-7eacf2daa51bb896,libfutures_executor-bc08ffab3e43b76f,libfutures_util-f2874ad956fed5ec,libfutures_io-096fdad89367e0ff,libslab-bc5a6f8dc9a8ac87,libfutures_channel-de592003254d57b3,libpin_project_lite-3d1e25234effa67a,libfutures_sink-f73a8a11ef6650dc,libfutures_task-bebf474249b6c554,libfutures_core-667786128e1e7d24,libgpui_collections-dd8d37e5ca7ddb31,librustc_hash-32e378c7b2f8f2e1,libanyhow-65e3638b959fbb2d,libsyntect-adc529e86997daf2,libfancy_regex-73e8d79537e9ef9d,libbit_set-ca7ea3bfd7420dc1,libbit_vec-a7682bbe0ab1e92c,libregex_automata-0dc737559b12bcf7,libaho_corasick-3b4965e330151885,libwalkdir-591393a352827b54,libsame_file-f302c3e72de507d3,libyaml_rust-9670199098df1cbd,liblinked_hash_map-f1627195d6e47fff,libregex_syntax-71ff523a2ff45829,libfnv-1e77ae8f0484c8fd,libflate2-a1cedf938f4140f5,libminiz_oxide-04451f26b0dadfc5,libsimd_adler32-36f2cf05589ffdcc,libcrc32fast-32c95eb7188acae8,libbincode-bd86f801212fbec8,libsimilar-ee53872c91b406c8,libunicode_segmentation-cbd5d2f7177e05e8,libthiserror-913a9d52fc5e7533,libsemver-0fbc87ef021571a0,librhai-897bf8db1b0b498b,libsmartstring-c151ef3b0926f350,libstatic_assertions-a6e862edae787477,libthin_vec-81631e791ca0e57a,libahash-689cd369c92b8ed0,libgetrandom-1281e4005088524c,liblibc-d3138494f35b91a9,libcfg_if-9d8e838b3d041728,libzerocopy-eccfa19625862c21,libserde_json-6783a9e115d30a1e,libmemchr-2ce34bf94e566b35,libitoa-c718f49b83cc3644,libzmij-4a55e7ca005c265f,libindexmap-ab0d178948028e3a,libequivalent-e7ca67f7d85e4db3,libhashbrown-51a43bf0680ff00d,libonce_cell-9cbce27e79887228,libportable_atomic-d8512a6971144c0c,libnum_traits-a8896e0856d5323e,libsmallvec-13b7c46c5b27cd77,libserde-2b7dd34dbac7b135,libserde_core-ea164507617b5ca3,libbitflags-be1a0e12ec45c359}.rlib" "<sysroot>/lib/rustlib/x86_64-unknown-linux-gnu/lib/{libstd-*,libpanic_unwind-*,libobject-*,libmemchr-*,libaddr2line-*,libgimli-*,libcfg_if-*,librustc_demangle-*,libstd_detect-*,libhashbrown-*,librustc_std_workspace_alloc-*,libminiz_oxide-*,libadler2-*,libunwind-*,liblibc-*,librustc_std_workspace_core-*,liballoc-*,libcore-*,libcompiler_builtins-*}.rlib" "-Wl,-Bdynamic" "-lstdc++" "-lxcb" "-ldl" "-lxkbcommon" "-lxkbcommon-x11" "-lz" "-lgcc_s" "-lutil" "-lrt" "-lpthread" "-lm" "-ldl" "-lc" "-L" "/home/runner/work/gpui-rhai/gpui-rhai/tests/performance/target/debug/deps/rustcUqk0DB/raw-dylibs" "-B<sysroot>/lib/rustlib/x86_64-unknown-linux-gnu/bin/gcc-ld" "-fuse-ld=lld" "-Wl,--eh-frame-hdr" "-Wl,-z,noexecstack" "-L" "/home/runner/work/gpui-rhai/gpui-rhai/tests/performance/target/debug/build/libgit2-sys-55f0970b51dc166f/out/build" "-L" "/home/runner/work/gpui-rhai/gpui-rhai/tests/performance/target/debug/build/ring-81587803e948fad3/out" "-L" "/home/runner/work/gpui-rhai/gpui-rhai/tests/performance/target/debug/build/psm-491150465642e0af/out" "-L" "/home/runner/work/gpui-rhai/gpui-rhai/tests/performance/target/debug/build/freetype-sys-b5eb47878fc44d70/out" "-L" "<sysroot>/lib/rustlib/x86_64-unknown-linux-gnu/lib" "-o" "/home/runner/work/gpui-rhai/gpui-rhai/tests/performance/target/debug/deps/state_structure-7f01862d35b51ea3" "-Wl,--gc-sections" "-pie" "-Wl,-z,relro,-z,now" "-nodefaultlibs"
portable	Performance structure tests	2026-09-08T07:59:54.1899449Z   ^[[1m^[[94m= ^[[0m^[[1mnote^[[0m: some arguments are omitted. use `--verbose` to show all linker arguments
portable	Performance structure tests	2026-09-08T07:59:54.1900113Z   ^[[1m^[[94m= ^[[0m^[[1mnote^[[0m: rust-lld: error: unable to find library -lxcb
portable	Performance structure tests	2026-09-08T07:59:54.1900445Z           rust-lld: error: unable to find library -lxkbcommon
portable	Performance structure tests	2026-09-08T07:59:54.1900757Z           rust-lld: error: unable to find library -lxkbcommon-x11
portable	Performance structure tests	2026-09-08T07:59:54.1901047Z           collect2: error: ld returned 1 exit status
portable	Performance structure tests	2026-09-08T07:59:54.1901274Z           
portable	Performance structure tests	2026-09-08T07:59:54.1901370Z 
portable	Performance structure tests	2026-09-08T07:59:54.1901705Z ^[[1m^[[91merror^[[0m: could not compile `gpui-rhai-performance-tests` (test "state_structure") due to 1 previous error
portable	Performance structure tests	2026-09-08T07:59:54.1902311Z ^[[1m^[[33mwarning^[[0m: build failed, waiting for other jobs to finish...
portable	Performance structure tests	2026-09-08T07:59:54.1902857Z ^[[1m^[[91merror^[[0m: could not compile `gpui-rhai-performance-tests` (test "e2e") due to 1 previous error
portable	Performance structure tests	2026-09-08T07:59:54.2190527Z ##[error]Process completed with exit code 101.
